"production_month","production_month_label","month_index","lot_id","die_id","die_label","die_index","lot_category","condition_id","temperature_c","vdd_applied","test_mode","test_id","parameter","measurement_value","unit","limit_type","current_dtl","current_engineering_range","candidate_min","candidate_max","candidate_step","candidate_catalog","limit_source","pass_fail_condition","shared_process_severity","tester_id","generation_seed","generator_version","dataset_version","actual_die_version","population_version"
"2026-03","March 2026",3,"DTL_NORM_001","DTL_NORM_001_D001","die_001",1,"NORMAL","COND_RT_NOM",25,1,"NOMINAL","T_CONTACT_R","CONTACT_RESISTANCE",5.849188118715835,"ohm","UPPER",5,"NOT_DEFINED",3.5,10,"NOT_UNIFORM","3.5,4.0,4.5,5.0,5.5,6.0,7.0,8.0,10.0","SYNTHETIC_ASSUMED","F",2.764986689543477,"TESTER_A",20260115,"temporal_parametric_v1.0.0","DTL_TEMPORAL_PARAMETRIC_V1","DTL_TEMPORAL_ACTUAL_DIE_V1","DTL_TEMPORAL_POPULATION_V1"
"2026-03","March 2026",3,"DTL_NORM_001","DTL_NORM_001_D001","die_001",1,"NORMAL","COND_RT_NOM",25,1,"NOMINAL","T_INTERCONNECT_R","INTERCONNECT_RESISTANCE",15.660675505180178,"ohm","UPPER",15,"NOT_DEFINED",11,25,"NOT_UNIFORM","11.0,12.0,13.0,14.0,15.0,16.0,18.0,20.0,25.0","SYNTHETIC_ASSUMED","F",2.764986689543477,"TESTER_A",20260115,"temporal_parametric_v1.0.0","DTL_TEMPORAL_PARAMETRIC_V1","DTL_TEMPORAL_ACTUAL_DIE_V1","DTL_TEMPORAL_POPULATION_V1"
"2026-03","March 2026",3,"DTL_NORM_001","DTL_NORM_001_D001","die_001",1,"NORMAL","COND_RT_NOM",25,1,"NOMINAL","T_ON_R","ON_RESISTANCE",26.41628885011168,"ohm","UPPER",25,"NOT_DEFINED",18,50,"NOT_UNIFORM","18.0,20.0,22.0,25.0,28.0,30.0,35.0,40.0,50.0","SYNTHETIC_ASSUMED","F",2.764986689543477,"TESTER_A",20260115,"temporal_parametric_v1.0.0","DTL_TEMPORAL_PARAMETRIC_V1","DTL_TEMPORAL_ACTUAL_DIE_V1","DTL_TEMPORAL_POPULATION_V1"
"2026-03","March 2026",3,"DTL_NORM_001","DTL_NORM_001_D001","die_001",1,"NORMAL","COND_RT_NOM",25,1,"NOMINAL","T_VMIN","VMIN",0.906774032121168,"V","UPPER",0.85,"NOT_DEFINED",0.75,1,"NOT_UNIFORM","0.75,0.78,0.8,0.82,0.85,0.88,0.9,0.92,0.95,1.0","SYNTHETIC_ASSUMED","F",2.764986689543477,"TESTER_A",20260115,"temporal_parametric_v1.0.0","DTL_TEMPORAL_PARAMETRIC_V1","DTL_TEMPORAL_ACTUAL_DIE_V1","DTL_TEMPORAL_POPULATION_V1"
"2026-03","March 2026",3,"DTL_NORM_001","DTL_NORM_001_D001","die_001",1,"NORMAL","COND_RT_NOM",25,1,"NOMINAL","T_VMAX","VMAX",1.0836336601371177,"V","LOWER",1.15,"NOT_DEFINED",1.05,1.25,"NOT_UNIFORM","1.05,1.08,1.1,1.12,1.15,1.18,1.2,1.22,1.25","SYNTHETIC_ASSUMED","F",2.764986689543477,"TESTER_A",20260115,"temporal_parametric_v1.0.0","DTL_TEMPORAL_PARAMETRIC_V1","DTL_TEMPORAL_ACTUAL_DIE_V1","DTL_TEMPORAL_POPULATION_V1"
"2026-03","March 2026",3,"DTL_NORM_001","DTL_NORM_001_D001","die_001",1,"NORMAL","COND_RT_NOM",25,1,"NOMINAL","T_IDDQ","IDDQ",61.84613121883663,"uA","UPPER",50,"NOT_DEFINED",30,100,"NOT_UNIFORM","30.0,35.0,40.0,45.0,50.0,55.0,60.0,70.0,80.0,100.0","SYNTHETIC_ASSUMED","F",2.764986689543477,"TESTER_A",20260115,"temporal_parametric_v1.0.0","DTL_TEMPORAL_PARAMETRIC_V1","DTL_TEMPORAL_ACTUAL_DIE_V1","DTL_TEMPORAL_POPULATION_V1"
"2026-03","March 2026",3,"DTL_NORM_001","DTL_NORM_001_D001","die_001",1,"NORMAL","COND_RT_NOM",25,1,"NOMINAL","T_SUPPLY_CURRENT","SUPPLY_CURRENT",117.98271714317848,"mA","UPPER",120,"NOT_DEFINED",90,200,"NOT_UNIFORM","90.0,100.0,110.0,120.0,130.0,140.0,150.0,170.0,200.0","SYNTHETIC_ASSUMED","P",2.764986689543477,"TESTER_A",20260115,"temporal_parametric_v1.0.0","DTL_TEMPORAL_PARAMETRIC_V1","DTL_TEMPORAL_ACTUAL_DIE_V1","DTL_TEMPORAL_POPULATION_V1"
"2026-03","March 2026",3,"DTL_NORM_001","DTL_NORM_001_D001","die_001",1,"NORMAL","COND_HOT_NOM",85,1,"HOT","T_CONTACT_R","CONTACT_RESISTANCE",6.332843672395124,"ohm","UPPER",5,"NOT_DEFINED",3.5,10,"NOT_UNIFORM","3.5,4.0,4.5,5.0,5.5,6.0,7.0,8.0,10.0","SYNTHETIC_ASSUMED","F",2.764986689543477,"TESTER_A",20260115,"temporal_parametric_v1.0.0","DTL_TEMPORAL_PARAMETRIC_V1","DTL_TEMPORAL_ACTUAL_DIE_V1","DTL_TEMPORAL_POPULATION_V1"
"2026-03","March 2026",3,"DTL_NORM_001","DTL_NORM_001_D001","die_001",1,"NORMAL","COND_HOT_NOM",85,1,"HOT","T_INTERCONNECT_R","INTERCONNECT_RESISTANCE",18.1104572670373,"ohm","UPPER",15,"NOT_DEFINED",11,25,"NOT_UNIFORM","11.0,12.0,13.0,14.0,15.0,16.0,18.0,20.0,25.0","SYNTHETIC_ASSUMED","F",2.764986689543477,"TESTER_A",20260115,"temporal_parametric_v1.0.0","DTL_TEMPORAL_PARAMETRIC_V1","DTL_TEMPORAL_ACTUAL_DIE_V1","DTL_TEMPORAL_POPULATION_V1"
"2026-03","March 2026",3,"DTL_NORM_001","DTL_NORM_001_D001","die_001",1,"NORMAL","COND_HOT_NOM",85,1,"HOT","T_ON_R","ON_RESISTANCE",25.95560954879666,"ohm","UPPER",25,"NOT_DEFINED",18,50,"NOT_UNIFORM","18.0,20.0,22.0,25.0,28.0,30.0,35.0,40.0,50.0","SYNTHETIC_ASSUMED","F",2.764986689543477,"TESTER_A",20260115,"temporal_parametric_v1.0.0","DTL_TEMPORAL_PARAMETRIC_V1","DTL_TEMPORAL_ACTUAL_DIE_V1","DTL_TEMPORAL_POPULATION_V1"
"2026-03","March 2026",3,"DTL_NORM_001","DTL_NORM_001_D001","die_001",1,"NORMAL","COND_HOT_NOM",85,1,"HOT","T_VMIN","VMIN",0.9506714843906716,"V","UPPER",0.85,"NOT_DEFINED",0.75,1,"NOT_UNIFORM","0.75,0.78,0.8,0.82,0.85,0.88,0.9,0.92,0.95,1.0","SYNTHETIC_ASSUMED","F",2.764986689543477,"TESTER_A",20260115,"temporal_parametric_v1.0.0","DTL_TEMPORAL_PARAMETRIC_V1","DTL_TEMPORAL_ACTUAL_DIE_V1","DTL_TEMPORAL_POPULATION_V1"
"2026-03","March 2026",3,"DTL_NORM_001","DTL_NORM_001_D001","die_001",1,"NORMAL","COND_HOT_NOM",85,1,"HOT","T_VMAX","VMAX",1.104103482785186,"V","LOWER",1.15,"NOT_DEFINED",1.05,1.25,"NOT_UNIFORM","1.05,1.08,1.1,1.12,1.15,1.18,1.2,1.22,1.25","SYNTHETIC_ASSUMED","F",2.764986689543477,"TESTER_A",20260115,"temporal_parametric_v1.0.0","DTL_TEMPORAL_PARAMETRIC_V1","DTL_TEMPORAL_ACTUAL_DIE_V1","DTL_TEMPORAL_POPULATION_V1"
"2026-03","March 2026",3,"DTL_NORM_001","DTL_NORM_001_D001","die_001",1,"NORMAL","COND_HOT_NOM",85,1,"HOT","T_IDDQ","IDDQ",71.1527466783344,"uA","UPPER",50,"NOT_DEFINED",30,100,"NOT_UNIFORM","30.0,35.0,40.0,45.0,50.0,55.0,60.0,70.0,80.0,100.0","SYNTHETIC_ASSUMED","F",2.764986689543477,"TESTER_A",20260115,"temporal_parametric_v1.0.0","DTL_TEMPORAL_PARAMETRIC_V1","DTL_TEMPORAL_ACTUAL_DIE_V1","DTL_TEMPORAL_POPULATION_V1"
"2026-03","March 2026",3,"DTL_NORM_001","DTL_NORM_001_D001","die_001",1,"NORMAL","COND_HOT_NOM",85,1,"HOT","T_SUPPLY_CURRENT","SUPPLY_CURRENT",122.9501159822439,"mA","UPPER",120,"NOT_DEFINED",90,200,"NOT_UNIFORM","90.0,100.0,110.0,120.0,130.0,140.0,150.0,170.0,200.0","SYNTHETIC_ASSUMED","F",2.764986689543477,"TESTER_A",20260115,"temporal_parametric_v1.0.0","DTL_TEMPORAL_PARAMETRIC_V1","DTL_TEMPORAL_ACTUAL_DIE_V1","DTL_TEMPORAL_POPULATION_V1"
"2026-03","March 2026",3,"DTL_NORM_001","DTL_NORM_001_D001","die_001",1,"NORMAL","COND_RT_LOWV",25,0.9,"LOW_VDD","T_CONTACT_R","CONTACT_RESISTANCE",4.955216816044754,"ohm","UPPER",5,"NOT_DEFINED",3.5,10,"NOT_UNIFORM","3.5,4.0,4.5,5.0,5.5,6.0,7.0,8.0,10.0","SYNTHETIC_ASSUMED","P",2.764986689543477,"TESTER_A",20260115,"temporal_parametric_v1.0.0","DTL_TEMPORAL_PARAMETRIC_V1","DTL_TEMPORAL_ACTUAL_DIE_V1","DTL_TEMPORAL_POPULATION_V1"
"2026-03","March 2026",3,"DTL_NORM_001","DTL_NORM_001_D001","die_001",1,"NORMAL","COND_RT_LOWV",25,0.9,"LOW_VDD","T_INTERCONNECT_R","INTERCONNECT_RESISTANCE",15.589237504518998,"ohm","UPPER",15,"NOT_DEFINED",11,25,"NOT_UNIFORM","11.0,12.0,13.0,14.0,15.0,16.0,18.0,20.0,25.0","SYNTHETIC_ASSUMED","F",2.764986689543477,"TESTER_A",20260115,"temporal_parametric_v1.0.0","DTL_TEMPORAL_PARAMETRIC_V1","DTL_TEMPORAL_ACTUAL_DIE_V1","DTL_TEMPORAL_POPULATION_V1"
"2026-03","March 2026",3,"DTL_NORM_001","DTL_NORM_001_D001","die_001",1,"NORMAL","COND_RT_LOWV",25,0.9,"LOW_VDD","T_ON_R","ON_RESISTANCE",26.54302552857858,"ohm","UPPER",25,"NOT_DEFINED",18,50,"NOT_UNIFORM","18.0,20.0,22.0,25.0,28.0,30.0,35.0,40.0,50.0","SYNTHETIC_ASSUMED","F",2.764986689543477,"TESTER_A",20260115,"temporal_parametric_v1.0.0","DTL_TEMPORAL_PARAMETRIC_V1","DTL_TEMPORAL_ACTUAL_DIE_V1","DTL_TEMPORAL_POPULATION_V1"
"2026-03","March 2026",3,"DTL_NORM_001","DTL_NORM_001_D001","die_001",1,"NORMAL","COND_RT_LOWV",25,0.9,"LOW_VDD","T_VMIN","VMIN",0.950636661899436,"V","UPPER",0.85,"NOT_DEFINED",0.75,1,"NOT_UNIFORM","0.75,0.78,0.8,0.82,0.85,0.88,0.9,0.92,0.95,1.0","SYNTHETIC_ASSUMED","F",2.764986689543477,"TESTER_A",20260115,"temporal_parametric_v1.0.0","DTL_TEMPORAL_PARAMETRIC_V1","DTL_TEMPORAL_ACTUAL_DIE_V1","DTL_TEMPORAL_POPULATION_V1"
"2026-03","March 2026",3,"DTL_NORM_001","DTL_NORM_001_D001","die_001",1,"NORMAL","COND_RT_LOWV",25,0.9,"LOW_VDD","T_VMAX","VMAX",1.1117012141604268,"V","LOWER",1.15,"NOT_DEFINED",1.05,1.25,"NOT_UNIFORM","1.05,1.08,1.1,1.12,1.15,1.18,1.2,1.22,1.25","SYNTHETIC_ASSUMED","F",2.764986689543477,"TESTER_A",20260115,"temporal_parametric_v1.0.0","DTL_TEMPORAL_PARAMETRIC_V1","DTL_TEMPORAL_ACTUAL_DIE_V1","DTL_TEMPORAL_POPULATION_V1"
"2026-03","March 2026",3,"DTL_NORM_001","DTL_NORM_001_D001","die_001",1,"NORMAL","COND_RT_LOWV",25,0.9,"LOW_VDD","T_IDDQ","IDDQ",58.62046944284226,"uA","UPPER",50,"NOT_DEFINED",30,100,"NOT_UNIFORM","30.0,35.0,40.0,45.0,50.0,55.0,60.0,70.0,80.0,100.0","SYNTHETIC_ASSUMED","F",2.764986689543477,"TESTER_A",20260115,"temporal_parametric_v1.0.0","DTL_TEMPORAL_PARAMETRIC_V1","DTL_TEMPORAL_ACTUAL_DIE_V1","DTL_TEMPORAL_POPULATION_V1"
"2026-03","March 2026",3,"DTL_NORM_001","DTL_NORM_001_D001","die_001",1,"NORMAL","COND_RT_LOWV",25,0.9,"LOW_VDD","T_SUPPLY_CURRENT","SUPPLY_CURRENT",117.70252225640678,"mA","UPPER",120,"NOT_DEFINED",90,200,"NOT_UNIFORM","90.0,100.0,110.0,120.0,130.0,140.0,150.0,170.0,200.0","SYNTHETIC_ASSUMED","P",2.764986689543477,"TESTER_A",20260115,"temporal_parametric_v1.0.0","DTL_TEMPORAL_PARAMETRIC_V1","DTL_TEMPORAL_ACTUAL_DIE_V1","DTL_TEMPORAL_POPULATION_V1"
"2026-03","March 2026",3,"DTL_NORM_001","DTL_NORM_001_D001","die_001",1,"NORMAL","COND_HOT_HIGHV",85,1.1,"HIGH_VDD","T_CONTACT_R","CONTACT_RESISTANCE",5.285602744660003,"ohm","UPPER",5,"NOT_DEFINED",3.5,10,"NOT_UNIFORM","3.5,4.0,4.5,5.0,5.5,6.0,7.0,8.0,10.0","SYNTHETIC_ASSUMED","F",2.764986689543477,"TESTER_A",20260115,"temporal_parametric_v1.0.0","DTL_TEMPORAL_PARAMETRIC_V1","DTL_TEMPORAL_ACTUAL_DIE_V1","DTL_TEMPORAL_POPULATION_V1"
"2026-03","March 2026",3,"DTL_NORM_001","DTL_NORM_001_D001","die_001",1,"NORMAL","COND_HOT_HIGHV",85,1.1,"HIGH_VDD","T_INTERCONNECT_R","INTERCONNECT_RESISTANCE",17.259519318601846,"ohm","UPPER",15,"NOT_DEFINED",11,25,"NOT_UNIFORM","11.0,12.0,13.0,14.0,15.0,16.0,18.0,20.0,25.0","SYNTHETIC_ASSUMED","F",2.764986689543477,"TESTER_A",20260115,"temporal_parametric_v1.0.0","DTL_TEMPORAL_PARAMETRIC_V1","DTL_TEMPORAL_ACTUAL_DIE_V1","DTL_TEMPORAL_POPULATION_V1"
"2026-03","March 2026",3,"DTL_NORM_001","DTL_NORM_001_D001","die_001",1,"NORMAL","COND_HOT_HIGHV",85,1.1,"HIGH_VDD","T_ON_R","ON_RESISTANCE",25.81887888637593,"ohm","UPPER",25,"NOT_DEFINED",18,50,"NOT_UNIFORM","18.0,20.0,22.0,25.0,28.0,30.0,35.0,40.0,50.0","SYNTHETIC_ASSUMED","F",2.764986689543477,"TESTER_A",20260115,"temporal_parametric_v1.0.0","DTL_TEMPORAL_PARAMETRIC_V1","DTL_TEMPORAL_ACTUAL_DIE_V1","DTL_TEMPORAL_POPULATION_V1"
"2026-03","March 2026",3,"DTL_NORM_001","DTL_NORM_001_D001","die_001",1,"NORMAL","COND_HOT_HIGHV",85,1.1,"HIGH_VDD","T_VMIN","VMIN",0.9028286251306914,"V","UPPER",0.85,"NOT_DEFINED",0.75,1,"NOT_UNIFORM","0.75,0.78,0.8,0.82,0.85,0.88,0.9,0.92,0.95,1.0","SYNTHETIC_ASSUMED","F",2.764986689543477,"TESTER_A",20260115,"temporal_parametric_v1.0.0","DTL_TEMPORAL_PARAMETRIC_V1","DTL_TEMPORAL_ACTUAL_DIE_V1","DTL_TEMPORAL_POPULATION_V1"
"2026-03","March 2026",3,"DTL_NORM_001","DTL_NORM_001_D001","die_001",1,"NORMAL","COND_HOT_HIGHV",85,1.1,"HIGH_VDD","T_VMAX","VMAX",1.1400302730546,"V","LOWER",1.15,"NOT_DEFINED",1.05,1.25,"NOT_UNIFORM","1.05,1.08,1.1,1.12,1.15,1.18,1.2,1.22,1.25","SYNTHETIC_ASSUMED","F",2.764986689543477,"TESTER_A",20260115,"temporal_parametric_v1.0.0","DTL_TEMPORAL_PARAMETRIC_V1","DTL_TEMPORAL_ACTUAL_DIE_V1","DTL_TEMPORAL_POPULATION_V1"
"2026-03","March 2026",3,"DTL_NORM_001","DTL_NORM_001_D001","die_001",1,"NORMAL","COND_HOT_HIGHV",85,1.1,"HIGH_VDD","T_IDDQ","IDDQ",73.23512591878043,"uA","UPPER",50,"NOT_DEFINED",30,100,"NOT_UNIFORM","30.0,35.0,40.0,45.0,50.0,55.0,60.0,70.0,80.0,100.0","SYNTHETIC_ASSUMED","F",2.764986689543477,"TESTER_A",20260115,"temporal_parametric_v1.0.0","DTL_TEMPORAL_PARAMETRIC_V1","DTL_TEMPORAL_ACTUAL_DIE_V1","DTL_TEMPORAL_POPULATION_V1"
"2026-03","March 2026",3,"DTL_NORM_001","DTL_NORM_001_D001","die_001",1,"NORMAL","COND_HOT_HIGHV",85,1.1,"HIGH_VDD","T_SUPPLY_CURRENT","SUPPLY_CURRENT",123.70648073657031,"mA","UPPER",120,"NOT_DEFINED",90,200,"NOT_UNIFORM","90.0,100.0,110.0,120.0,130.0,140.0,150.0,170.0,200.0","SYNTHETIC_ASSUMED","F",2.764986689543477,"TESTER_A",20260115,"temporal_parametric_v1.0.0","DTL_TEMPORAL_PARAMETRIC_V1","DTL_TEMPORAL_ACTUAL_DIE_V1","DTL_TEMPORAL_POPULATION_V1"
"2026-03","March 2026",3,"DTL_NORM_001","DTL_NORM_001_D002","die_002",2,"NORMAL","COND_RT_NOM",25,1,"NOMINAL","T_CONTACT_R","CONTACT_RESISTANCE",5.656572969163253,"ohm","UPPER",5,"NOT_DEFINED",3.5,10,"NOT_UNIFORM","3.5,4.0,4.5,5.0,5.5,6.0,7.0,8.0,10.0","SYNTHETIC_ASSUMED","F",2.757266961012162,"TESTER_A",20260115,"temporal_parametric_v1.0.0","DTL_TEMPORAL_PARAMETRIC_V1","DTL_TEMPORAL_ACTUAL_DIE_V1","DTL_TEMPORAL_POPULATION_V1"
"2026-03","March 2026",3,"DTL_NORM_001","DTL_NORM_001_D002","die_002",2,"NORMAL","COND_RT_NOM",25,1,"NOMINAL","T_INTERCONNECT_R","INTERCONNECT_RESISTANCE",15.1374290278096,"ohm","UPPER",15,"NOT_DEFINED",11,25,"NOT_UNIFORM","11.0,12.0,13.0,14.0,15.0,16.0,18.0,20.0,25.0","SYNTHETIC_ASSUMED","F",2.757266961012162,"TESTER_A",20260115,"temporal_parametric_v1.0.0","DTL_TEMPORAL_PARAMETRIC_V1","DTL_TEMPORAL_ACTUAL_DIE_V1","DTL_TEMPORAL_POPULATION_V1"
"2026-03","March 2026",3,"DTL_NORM_001","DTL_NORM_001_D002","die_002",2,"NORMAL","COND_RT_NOM",25,1,"NOMINAL","T_ON_R","ON_RESISTANCE",26.41840488003347,"ohm","UPPER",25,"NOT_DEFINED",18,50,"NOT_UNIFORM","18.0,20.0,22.0,25.0,28.0,30.0,35.0,40.0,50.0","SYNTHETIC_ASSUMED","F",2.757266961012162,"TESTER_A",20260115,"temporal_parametric_v1.0.0","DTL_TEMPORAL_PARAMETRIC_V1","DTL_TEMPORAL_ACTUAL_DIE_V1","DTL_TEMPORAL_POPULATION_V1"
"2026-03","March 2026",3,"DTL_NORM_001","DTL_NORM_001_D002","die_002",2,"NORMAL","COND_RT_NOM",25,1,"NOMINAL","T_VMIN","VMIN",0.9491924152399468,"V","UPPER",0.85,"NOT_DEFINED",0.75,1,"NOT_UNIFORM","0.75,0.78,0.8,0.82,0.85,0.88,0.9,0.92,0.95,1.0","SYNTHETIC_ASSUMED","F",2.757266961012162,"TESTER_A",20260115,"temporal_parametric_v1.0.0","DTL_TEMPORAL_PARAMETRIC_V1","DTL_TEMPORAL_ACTUAL_DIE_V1","DTL_TEMPORAL_POPULATION_V1"
"2026-03","March 2026",3,"DTL_NORM_001","DTL_NORM_001_D002","die_002",2,"NORMAL","COND_RT_NOM",25,1,"NOMINAL","T_VMAX","VMAX",1.0791838889575005,"V","LOWER",1.15,"NOT_DEFINED",1.05,1.25,"NOT_UNIFORM","1.05,1.08,1.1,1.12,1.15,1.18,1.2,1.22,1.25","SYNTHETIC_ASSUMED","F",2.757266961012162,"TESTER_A",20260115,"temporal_parametric_v1.0.0","DTL_TEMPORAL_PARAMETRIC_V1","DTL_TEMPORAL_ACTUAL_DIE_V1","DTL_TEMPORAL_POPULATION_V1"
"2026-03","March 2026",3,"DTL_NORM_001","DTL_NORM_001_D002","die_002",2,"NORMAL","COND_RT_NOM",25,1,"NOMINAL","T_IDDQ","IDDQ",60.804369735431614,"uA","UPPER",50,"NOT_DEFINED",30,100,"NOT_UNIFORM","30.0,35.0,40.0,45.0,50.0,55.0,60.0,70.0,80.0,100.0","SYNTHETIC_ASSUMED","F",2.757266961012162,"TESTER_A",20260115,"temporal_parametric_v1.0.0","DTL_TEMPORAL_PARAMETRIC_V1","DTL_TEMPORAL_ACTUAL_DIE_V1","DTL_TEMPORAL_POPULATION_V1"
"2026-03","March 2026",3,"DTL_NORM_001","DTL_NORM_001_D002","die_002",2,"NORMAL","COND_RT_NOM",25,1,"NOMINAL","T_SUPPLY_CURRENT","SUPPLY_CURRENT",121.73814291649084,"mA","UPPER",120,"NOT_DEFINED",90,200,"NOT_UNIFORM","90.0,100.0,110.0,120.0,130.0,140.0,150.0,170.0,200.0","SYNTHETIC_ASSUMED","F",2.757266961012162,"TESTER_A",20260115,"temporal_parametric_v1.0.0","DTL_TEMPORAL_PARAMETRIC_V1","DTL_TEMPORAL_ACTUAL_DIE_V1","DTL_TEMPORAL_POPULATION_V1"
"2026-03","March 2026",3,"DTL_NORM_001","DTL_NORM_001_D002","die_002",2,"NORMAL","COND_HOT_NOM",85,1,"HOT","T_CONTACT_R","CONTACT_RESISTANCE",5.970301417532477,"ohm","UPPER",5,"NOT_DEFINED",3.5,10,"NOT_UNIFORM","3.5,4.0,4.5,5.0,5.5,6.0,7.0,8.0,10.0","SYNTHETIC_ASSUMED","F",2.757266961012162,"TESTER_A",20260115,"temporal_parametric_v1.0.0","DTL_TEMPORAL_PARAMETRIC_V1","DTL_TEMPORAL_ACTUAL_DIE_V1","DTL_TEMPORAL_POPULATION_V1"
"2026-03","March 2026",3,"DTL_NORM_001","DTL_NORM_001_D002","die_002",2,"NORMAL","COND_HOT_NOM",85,1,"HOT","T_INTERCONNECT_R","INTERCONNECT_RESISTANCE",17.467557955062,"ohm","UPPER",15,"NOT_DEFINED",11,25,"NOT_UNIFORM","11.0,12.0,13.0,14.0,15.0,16.0,18.0,20.0,25.0","SYNTHETIC_ASSUMED","F",2.757266961012162,"TESTER_A",20260115,"temporal_parametric_v1.0.0","DTL_TEMPORAL_PARAMETRIC_V1","DTL_TEMPORAL_ACTUAL_DIE_V1","DTL_TEMPORAL_POPULATION_V1"
"2026-03","March 2026",3,"DTL_NORM_001","DTL_NORM_001_D002","die_002",2,"NORMAL","COND_HOT_NOM",85,1,"HOT","T_ON_R","ON_RESISTANCE",28.09869509878653,"ohm","UPPER",25,"NOT_DEFINED",18,50,"NOT_UNIFORM","18.0,20.0,22.0,25.0,28.0,30.0,35.0,40.0,50.0","SYNTHETIC_ASSUMED","F",2.757266961012162,"TESTER_A",20260115,"temporal_parametric_v1.0.0","DTL_TEMPORAL_PARAMETRIC_V1","DTL_TEMPORAL_ACTUAL_DIE_V1","DTL_TEMPORAL_POPULATION_V1"
"2026-03","March 2026",3,"DTL_NORM_001","DTL_NORM_001_D002","die_002",2,"NORMAL","COND_HOT_NOM",85,1,"HOT","T_VMIN","VMIN",0.9609260015490348,"V","UPPER",0.85,"NOT_DEFINED",0.75,1,"NOT_UNIFORM","0.75,0.78,0.8,0.82,0.85,0.88,0.9,0.92,0.95,1.0","SYNTHETIC_ASSUMED","F",2.757266961012162,"TESTER_A",20260115,"temporal_parametric_v1.0.0","DTL_TEMPORAL_PARAMETRIC_V1","DTL_TEMPORAL_ACTUAL_DIE_V1","DTL_TEMPORAL_POPULATION_V1"
"2026-03","March 2026",3,"DTL_NORM_001","DTL_NORM_001_D002","die_002",2,"NORMAL","COND_HOT_NOM",85,1,"HOT","T_VMAX","VMAX",1.0520711974059944,"V","LOWER",1.15,"NOT_DEFINED",1.05,1.25,"NOT_UNIFORM","1.05,1.08,1.1,1.12,1.15,1.18,1.2,1.22,1.25","SYNTHETIC_ASSUMED","F",2.757266961012162,"TESTER_A",20260115,"temporal_parametric_v1.0.0","DTL_TEMPORAL_PARAMETRIC_V1","DTL_TEMPORAL_ACTUAL_DIE_V1","DTL_TEMPORAL_POPULATION_V1"
"2026-03","March 2026",3,"DTL_NORM_001","DTL_NORM_001_D002","die_002",2,"NORMAL","COND_HOT_NOM",85,1,"HOT","T_IDDQ","IDDQ",65.74912721801232,"uA","UPPER",50,"NOT_DEFINED",30,100,"NOT_UNIFORM","30.0,35.0,40.0,45.0,50.0,55.0,60.0,70.0,80.0,100.0","SYNTHETIC_ASSUMED","F",2.757266961012162,"TESTER_A",20260115,"temporal_parametric_v1.0.0","DTL_TEMPORAL_PARAMETRIC_V1","DTL_TEMPORAL_ACTUAL_DIE_V1","DTL_TEMPORAL_POPULATION_V1"
"2026-03","March 2026",3,"DTL_NORM_001","DTL_NORM_001_D002","die_002",2,"NORMAL","COND_HOT_NOM",85,1,"HOT","T_SUPPLY_CURRENT","SUPPLY_CURRENT",129.92642585949469,"mA","UPPER",120,"NOT_DEFINED",90,200,"NOT_UNIFORM","90.0,100.0,110.0,120.0,130.0,140.0,150.0,170.0,200.0","SYNTHETIC_ASSUMED","F",2.757266961012162,"TESTER_A",20260115,"temporal_parametric_v1.0.0","DTL_TEMPORAL_PARAMETRIC_V1","DTL_TEMPORAL_ACTUAL_DIE_V1","DTL_TEMPORAL_POPULATION_V1"
"2026-03","March 2026",3,"DTL_NORM_001","DTL_NORM_001_D002","die_002",2,"NORMAL","COND_RT_LOWV",25,0.9,"LOW_VDD","T_CONTACT_R","CONTACT_RESISTANCE",5.653517812110397,"ohm","UPPER",5,"NOT_DEFINED",3.5,10,"NOT_UNIFORM","3.5,4.0,4.5,5.0,5.5,6.0,7.0,8.0,10.0","SYNTHETIC_ASSUMED","F",2.757266961012162,"TESTER_A",20260115,"temporal_parametric_v1.0.0","DTL_TEMPORAL_PARAMETRIC_V1","DTL_TEMPORAL_ACTUAL_DIE_V1","DTL_TEMPORAL_POPULATION_V1"
"2026-03","March 2026",3,"DTL_NORM_001","DTL_NORM_001_D002","die_002",2,"NORMAL","COND_RT_LOWV",25,0.9,"LOW_VDD","T_INTERCONNECT_R","INTERCONNECT_RESISTANCE",15.845665271711871,"ohm","UPPER",15,"NOT_DEFINED",11,25,"NOT_UNIFORM","11.0,12.0,13.0,14.0,15.0,16.0,18.0,20.0,25.0","SYNTHETIC_ASSUMED","F",2.757266961012162,"TESTER_A",20260115,"temporal_parametric_v1.0.0","DTL_TEMPORAL_PARAMETRIC_V1","DTL_TEMPORAL_ACTUAL_DIE_V1","DTL_TEMPORAL_POPULATION_V1"
"2026-03","March 2026",3,"DTL_NORM_001","DTL_NORM_001_D002","die_002",2,"NORMAL","COND_RT_LOWV",25,0.9,"LOW_VDD","T_ON_R","ON_RESISTANCE",27.73499253450775,"ohm","UPPER",25,"NOT_DEFINED",18,50,"NOT_UNIFORM","18.0,20.0,22.0,25.0,28.0,30.0,35.0,40.0,50.0","SYNTHETIC_ASSUMED","F",2.757266961012162,"TESTER_A",20260115,"temporal_parametric_v1.0.0","DTL_TEMPORAL_PARAMETRIC_V1","DTL_TEMPORAL_ACTUAL_DIE_V1","DTL_TEMPORAL_POPULATION_V1"
"2026-03","March 2026",3,"DTL_NORM_001","DTL_NORM_001_D002","die_002",2,"NORMAL","COND_RT_LOWV",25,0.9,"LOW_VDD","T_VMIN","VMIN",0.9388290054231994,"V","UPPER",0.85,"NOT_DEFINED",0.75,1,"NOT_UNIFORM","0.75,0.78,0.8,0.82,0.85,0.88,0.9,0.92,0.95,1.0","SYNTHETIC_ASSUMED","F",2.757266961012162,"TESTER_A",20260115,"temporal_parametric_v1.0.0","DTL_TEMPORAL_PARAMETRIC_V1","DTL_TEMPORAL_ACTUAL_DIE_V1","DTL_TEMPORAL_POPULATION_V1"
"2026-03","March 2026",3,"DTL_NORM_001","DTL_NORM_001_D002","die_002",2,"NORMAL","COND_RT_LOWV",25,0.9,"LOW_VDD","T_VMAX","VMAX",1.1146263296854133,"V","LOWER",1.15,"NOT_DEFINED",1.05,1.25,"NOT_UNIFORM","1.05,1.08,1.1,1.12,1.15,1.18,1.2,1.22,1.25","SYNTHETIC_ASSUMED","F",2.757266961012162,"TESTER_A",20260115,"temporal_parametric_v1.0.0","DTL_TEMPORAL_PARAMETRIC_V1","DTL_TEMPORAL_ACTUAL_DIE_V1","DTL_TEMPORAL_POPULATION_V1"
"2026-03","March 2026",3,"DTL_NORM_001","DTL_NORM_001_D002","die_002",2,"NORMAL","COND_RT_LOWV",25,0.9,"LOW_VDD","T_IDDQ","IDDQ",58.18038472048588,"uA","UPPER",50,"NOT_DEFINED",30,100,"NOT_UNIFORM","30.0,35.0,40.0,45.0,50.0,55.0,60.0,70.0,80.0,100.0","SYNTHETIC_ASSUMED","F",2.757266961012162,"TESTER_A",20260115,"temporal_parametric_v1.0.0","DTL_TEMPORAL_PARAMETRIC_V1","DTL_TEMPORAL_ACTUAL_DIE_V1","DTL_TEMPORAL_POPULATION_V1"
"2026-03","March 2026",3,"DTL_NORM_001","DTL_NORM_001_D002","die_002",2,"NORMAL","COND_RT_LOWV",25,0.9,"LOW_VDD","T_SUPPLY_CURRENT","SUPPLY_CURRENT",129.49068073484636,"mA","UPPER",120,"NOT_DEFINED",90,200,"NOT_UNIFORM","90.0,100.0,110.0,120.0,130.0,140.0,150.0,170.0,200.0","SYNTHETIC_ASSUMED","F",2.757266961012162,"TESTER_A",20260115,"temporal_parametric_v1.0.0","DTL_TEMPORAL_PARAMETRIC_V1","DTL_TEMPORAL_ACTUAL_DIE_V1","DTL_TEMPORAL_POPULATION_V1"
"2026-03","March 2026",3,"DTL_NORM_001","DTL_NORM_001_D002","die_002",2,"NORMAL","COND_HOT_HIGHV",85,1.1,"HIGH_VDD","T_CONTACT_R","CONTACT_RESISTANCE",6.137965064357175,"ohm","UPPER",5,"NOT_DEFINED",3.5,10,"NOT_UNIFORM","3.5,4.0,4.5,5.0,5.5,6.0,7.0,8.0,10.0","SYNTHETIC_ASSUMED","F",2.757266961012162,"TESTER_A",20260115,"temporal_parametric_v1.0.0","DTL_TEMPORAL_PARAMETRIC_V1","DTL_TEMPORAL_ACTUAL_DIE_V1","DTL_TEMPORAL_POPULATION_V1"
"2026-03","March 2026",3,"DTL_NORM_001","DTL_NORM_001_D002","die_002",2,"NORMAL","COND_HOT_HIGHV",85,1.1,"HIGH_VDD","T_INTERCONNECT_R","INTERCONNECT_RESISTANCE",16.494801174364856,"ohm","UPPER",15,"NOT_DEFINED",11,25,"NOT_UNIFORM","11.0,12.0,13.0,14.0,15.0,16.0,18.0,20.0,25.0","SYNTHETIC_ASSUMED","F",2.757266961012162,"TESTER_A",20260115,"temporal_parametric_v1.0.0","DTL_TEMPORAL_PARAMETRIC_V1","DTL_TEMPORAL_ACTUAL_DIE_V1","DTL_TEMPORAL_POPULATION_V1"
"2026-03","March 2026",3,"DTL_NORM_001","DTL_NORM_001_D002","die_002",2,"NORMAL","COND_HOT_HIGHV",85,1.1,"HIGH_VDD","T_ON_R","ON_RESISTANCE",26.76015106423528,"ohm","UPPER",25,"NOT_DEFINED",18,50,"NOT_UNIFORM","18.0,20.0,22.0,25.0,28.0,30.0,35.0,40.0,50.0","SYNTHETIC_ASSUMED","F",2.757266961012162,"TESTER_A",20260115,"temporal_parametric_v1.0.0","DTL_TEMPORAL_PARAMETRIC_V1","DTL_TEMPORAL_ACTUAL_DIE_V1","DTL_TEMPORAL_POPULATION_V1"
"2026-03","March 2026",3,"DTL_NORM_001","DTL_NORM_001_D002","die_002",2,"NORMAL","COND_HOT_HIGHV",85,1.1,"HIGH_VDD","T_VMIN","VMIN",0.9272432023208595,"V","UPPER",0.85,"NOT_DEFINED",0.75,1,"NOT_UNIFORM","0.75,0.78,0.8,0.82,0.85,0.88,0.9,0.92,0.95,1.0","SYNTHETIC_ASSUMED","F",2.757266961012162,"TESTER_A",20260115,"temporal_parametric_v1.0.0","DTL_TEMPORAL_PARAMETRIC_V1","DTL_TEMPORAL_ACTUAL_DIE_V1","DTL_TEMPORAL_POPULATION_V1"
"2026-03","March 2026",3,"DTL_NORM_001","DTL_NORM_001_D002","die_002",2,"NORMAL","COND_HOT_HIGHV",85,1.1,"HIGH_VDD","T_VMAX","VMAX",1.080592706184711,"V","LOWER",1.15,"NOT_DEFINED",1.05,1.25,"NOT_UNIFORM","1.05,1.08,1.1,1.12,1.15,1.18,1.2,1.22,1.25","SYNTHETIC_ASSUMED","F",2.757266961012162,"TESTER_A",20260115,"temporal_parametric_v1.0.0","DTL_TEMPORAL_PARAMETRIC_V1","DTL_TEMPORAL_ACTUAL_DIE_V1","DTL_TEMPORAL_POPULATION_V1"
"2026-03","March 2026",3,"DTL_NORM_001","DTL_NORM_001_D002","die_002",2,"NORMAL","COND_HOT_HIGHV",85,1.1,"HIGH_VDD","T_IDDQ","IDDQ",66.32125826359423,"uA","UPPER",50,"NOT_DEFINED",30,100,"NOT_UNIFORM","30.0,35.0,40.0,45.0,50.0,55.0,60.0,70.0,80.0,100.0","SYNTHETIC_ASSUMED","F",2.757266961012162,"TESTER_A",20260115,"temporal_parametric_v1.0.0","DTL_TEMPORAL_PARAMETRIC_V1","DTL_TEMPORAL_ACTUAL_DIE_V1","DTL_TEMPORAL_POPULATION_V1"
"2026-03","March 2026",3,"DTL_NORM_001","DTL_NORM_001_D002","die_002",2,"NORMAL","COND_HOT_HIGHV",85,1.1,"HIGH_VDD","T_SUPPLY_CURRENT","SUPPLY_CURRENT",133.62178060591793,"mA","UPPER",120,"NOT_DEFINED",90,200,"NOT_UNIFORM","90.0,100.0,110.0,120.0,130.0,140.0,150.0,170.0,200.0","SYNTHETIC_ASSUMED","F",2.757266961012162,"TESTER_A",20260115,"temporal_parametric_v1.0.0","DTL_TEMPORAL_PARAMETRIC_V1","DTL_TEMPORAL_ACTUAL_DIE_V1","DTL_TEMPORAL_POPULATION_V1"
"2026-03","March 2026",3,"DTL_NORM_001","DTL_NORM_001_D003","die_003",3,"NORMAL","COND_RT_NOM",25,1,"NOMINAL","T_CONTACT_R","CONTACT_RESISTANCE",6.588417586466861,"ohm","UPPER",5,"NOT_DEFINED",3.5,10,"NOT_UNIFORM","3.5,4.0,4.5,5.0,5.5,6.0,7.0,8.0,10.0","SYNTHETIC_ASSUMED","F",3.6271820543650217,"TESTER_A",20260115,"temporal_parametric_v1.0.0","DTL_TEMPORAL_PARAMETRIC_V1","DTL_TEMPORAL_ACTUAL_DIE_V1","DTL_TEMPORAL_POPULATION_V1"
"2026-03","March 2026",3,"DTL_NORM_001","DTL_NORM_001_D003","die_003",3,"NORMAL","COND_RT_NOM",25,1,"NOMINAL","T_INTERCONNECT_R","INTERCONNECT_RESISTANCE",18.26270683335931,"ohm","UPPER",15,"NOT_DEFINED",11,25,"NOT_UNIFORM","11.0,12.0,13.0,14.0,15.0,16.0,18.0,20.0,25.0","SYNTHETIC_ASSUMED","F",3.6271820543650217,"TESTER_A",20260115,"temporal_parametric_v1.0.0","DTL_TEMPORAL_PARAMETRIC_V1","DTL_TEMPORAL_ACTUAL_DIE_V1","DTL_TEMPORAL_POPULATION_V1"
"2026-03","March 2026",3,"DTL_NORM_001","DTL_NORM_001_D003","die_003",3,"NORMAL","COND_RT_NOM",25,1,"NOMINAL","T_ON_R","ON_RESISTANCE",28.576415470674952,"ohm","UPPER",25,"NOT_DEFINED",18,50,"NOT_UNIFORM","18.0,20.0,22.0,25.0,28.0,30.0,35.0,40.0,50.0","SYNTHETIC_ASSUMED","F",3.6271820543650217,"TESTER_A",20260115,"temporal_parametric_v1.0.0","DTL_TEMPORAL_PARAMETRIC_V1","DTL_TEMPORAL_ACTUAL_DIE_V1","DTL_TEMPORAL_POPULATION_V1"
"2026-03","March 2026",3,"DTL_NORM_001","DTL_NORM_001_D003","die_003",3,"NORMAL","COND_RT_NOM",25,1,"NOMINAL","T_VMIN","VMIN",0.9944376399726303,"V","UPPER",0.85,"NOT_DEFINED",0.75,1,"NOT_UNIFORM","0.75,0.78,0.8,0.82,0.85,0.88,0.9,0.92,0.95,1.0","SYNTHETIC_ASSUMED","F",3.6271820543650217,"TESTER_A",20260115,"temporal_parametric_v1.0.0","DTL_TEMPORAL_PARAMETRIC_V1","DTL_TEMPORAL_ACTUAL_DIE_V1","DTL_TEMPORAL_POPULATION_V1"
"2026-03","March 2026",3,"DTL_NORM_001","DTL_NORM_001_D003","die_003",3,"NORMAL","COND_RT_NOM",25,1,"NOMINAL","T_VMAX","VMAX",1.0763465728773245,"V","LOWER",1.15,"NOT_DEFINED",1.05,1.25,"NOT_UNIFORM","1.05,1.08,1.1,1.12,1.15,1.18,1.2,1.22,1.25","SYNTHETIC_ASSUMED","F",3.6271820543650217,"TESTER_A",20260115,"temporal_parametric_v1.0.0","DTL_TEMPORAL_PARAMETRIC_V1","DTL_TEMPORAL_ACTUAL_DIE_V1","DTL_TEMPORAL_POPULATION_V1"
"2026-03","March 2026",3,"DTL_NORM_001","DTL_NORM_001_D003","die_003",3,"NORMAL","COND_RT_NOM",25,1,"NOMINAL","T_IDDQ","IDDQ",67.32113253737612,"uA","UPPER",50,"NOT_DEFINED",30,100,"NOT_UNIFORM","30.0,35.0,40.0,45.0,50.0,55.0,60.0,70.0,80.0,100.0","SYNTHETIC_ASSUMED","F",3.6271820543650217,"TESTER_A",20260115,"temporal_parametric_v1.0.0","DTL_TEMPORAL_PARAMETRIC_V1","DTL_TEMPORAL_ACTUAL_DIE_V1","DTL_TEMPORAL_POPULATION_V1"
"2026-03","March 2026",3,"DTL_NORM_001","DTL_NORM_001_D003","die_003",3,"NORMAL","COND_RT_NOM",25,1,"NOMINAL","T_SUPPLY_CURRENT","SUPPLY_CURRENT",129.26244572001252,"mA","UPPER",120,"NOT_DEFINED",90,200,"NOT_UNIFORM","90.0,100.0,110.0,120.0,130.0,140.0,150.0,170.0,200.0","SYNTHETIC_ASSUMED","F",3.6271820543650217,"TESTER_A",20260115,"temporal_parametric_v1.0.0","DTL_TEMPORAL_PARAMETRIC_V1","DTL_TEMPORAL_ACTUAL_DIE_V1","DTL_TEMPORAL_POPULATION_V1"
"2026-03","March 2026",3,"DTL_NORM_001","DTL_NORM_001_D003","die_003",3,"NORMAL","COND_HOT_NOM",85,1,"HOT","T_CONTACT_R","CONTACT_RESISTANCE",6.214149127241434,"ohm","UPPER",5,"NOT_DEFINED",3.5,10,"NOT_UNIFORM","3.5,4.0,4.5,5.0,5.5,6.0,7.0,8.0,10.0","SYNTHETIC_ASSUMED","F",3.6271820543650217,"TESTER_A",20260115,"temporal_parametric_v1.0.0","DTL_TEMPORAL_PARAMETRIC_V1","DTL_TEMPORAL_ACTUAL_DIE_V1","DTL_TEMPORAL_POPULATION_V1"
"2026-03","March 2026",3,"DTL_NORM_001","DTL_NORM_001_D003","die_003",3,"NORMAL","COND_HOT_NOM",85,1,"HOT","T_INTERCONNECT_R","INTERCONNECT_RESISTANCE",17.980870267525624,"ohm","UPPER",15,"NOT_DEFINED",11,25,"NOT_UNIFORM","11.0,12.0,13.0,14.0,15.0,16.0,18.0,20.0,25.0","SYNTHETIC_ASSUMED","F",3.6271820543650217,"TESTER_A",20260115,"temporal_parametric_v1.0.0","DTL_TEMPORAL_PARAMETRIC_V1","DTL_TEMPORAL_ACTUAL_DIE_V1","DTL_TEMPORAL_POPULATION_V1"
"2026-03","March 2026",3,"DTL_NORM_001","DTL_NORM_001_D003","die_003",3,"NORMAL","COND_HOT_NOM",85,1,"HOT","T_ON_R","ON_RESISTANCE",30.510591587715737,"ohm","UPPER",25,"NOT_DEFINED",18,50,"NOT_UNIFORM","18.0,20.0,22.0,25.0,28.0,30.0,35.0,40.0,50.0","SYNTHETIC_ASSUMED","F",3.6271820543650217,"TESTER_A",20260115,"temporal_parametric_v1.0.0","DTL_TEMPORAL_PARAMETRIC_V1","DTL_TEMPORAL_ACTUAL_DIE_V1","DTL_TEMPORAL_POPULATION_V1"
"2026-03","March 2026",3,"DTL_NORM_001","DTL_NORM_001_D003","die_003",3,"NORMAL","COND_HOT_NOM",85,1,"HOT","T_VMIN","VMIN",0.9422532179277302,"V","UPPER",0.85,"NOT_DEFINED",0.75,1,"NOT_UNIFORM","0.75,0.78,0.8,0.82,0.85,0.88,0.9,0.92,0.95,1.0","SYNTHETIC_ASSUMED","F",3.6271820543650217,"TESTER_A",20260115,"temporal_parametric_v1.0.0","DTL_TEMPORAL_PARAMETRIC_V1","DTL_TEMPORAL_ACTUAL_DIE_V1","DTL_TEMPORAL_POPULATION_V1"
"2026-03","March 2026",3,"DTL_NORM_001","DTL_NORM_001_D003","die_003",3,"NORMAL","COND_HOT_NOM",85,1,"HOT","T_VMAX","VMAX",1.0329439670864886,"V","LOWER",1.15,"NOT_DEFINED",1.05,1.25,"NOT_UNIFORM","1.05,1.08,1.1,1.12,1.15,1.18,1.2,1.22,1.25","SYNTHETIC_ASSUMED","F",3.6271820543650217,"TESTER_A",20260115,"temporal_parametric_v1.0.0","DTL_TEMPORAL_PARAMETRIC_V1","DTL_TEMPORAL_ACTUAL_DIE_V1","DTL_TEMPORAL_POPULATION_V1"
"2026-03","March 2026",3,"DTL_NORM_001","DTL_NORM_001_D003","die_003",3,"NORMAL","COND_HOT_NOM",85,1,"HOT","T_IDDQ","IDDQ",74.80789742035553,"uA","UPPER",50,"NOT_DEFINED",30,100,"NOT_UNIFORM","30.0,35.0,40.0,45.0,50.0,55.0,60.0,70.0,80.0,100.0","SYNTHETIC_ASSUMED","F",3.6271820543650217,"TESTER_A",20260115,"temporal_parametric_v1.0.0","DTL_TEMPORAL_PARAMETRIC_V1","DTL_TEMPORAL_ACTUAL_DIE_V1","DTL_TEMPORAL_POPULATION_V1"
"2026-03","March 2026",3,"DTL_NORM_001","DTL_NORM_001_D003","die_003",3,"NORMAL","COND_HOT_NOM",85,1,"HOT","T_SUPPLY_CURRENT","SUPPLY_CURRENT",128.44821503971997,"mA","UPPER",120,"NOT_DEFINED",90,200,"NOT_UNIFORM","90.0,100.0,110.0,120.0,130.0,140.0,150.0,170.0,200.0","SYNTHETIC_ASSUMED","F",3.6271820543650217,"TESTER_A",20260115,"temporal_parametric_v1.0.0","DTL_TEMPORAL_PARAMETRIC_V1","DTL_TEMPORAL_ACTUAL_DIE_V1","DTL_TEMPORAL_POPULATION_V1"
"2026-03","March 2026",3,"DTL_NORM_001","DTL_NORM_001_D003","die_003",3,"NORMAL","COND_RT_LOWV",25,0.9,"LOW_VDD","T_CONTACT_R","CONTACT_RESISTANCE",6.299563599468164,"ohm","UPPER",5,"NOT_DEFINED",3.5,10,"NOT_UNIFORM","3.5,4.0,4.5,5.0,5.5,6.0,7.0,8.0,10.0","SYNTHETIC_ASSUMED","F",3.6271820543650217,"TESTER_A",20260115,"temporal_parametric_v1.0.0","DTL_TEMPORAL_PARAMETRIC_V1","DTL_TEMPORAL_ACTUAL_DIE_V1","DTL_TEMPORAL_POPULATION_V1"
"2026-03","March 2026",3,"DTL_NORM_001","DTL_NORM_001_D003","die_003",3,"NORMAL","COND_RT_LOWV",25,0.9,"LOW_VDD","T_INTERCONNECT_R","INTERCONNECT_RESISTANCE",19.54084004017464,"ohm","UPPER",15,"NOT_DEFINED",11,25,"NOT_UNIFORM","11.0,12.0,13.0,14.0,15.0,16.0,18.0,20.0,25.0","SYNTHETIC_ASSUMED","F",3.6271820543650217,"TESTER_A",20260115,"temporal_parametric_v1.0.0","DTL_TEMPORAL_PARAMETRIC_V1","DTL_TEMPORAL_ACTUAL_DIE_V1","DTL_TEMPORAL_POPULATION_V1"
"2026-03","March 2026",3,"DTL_NORM_001","DTL_NORM_001_D003","die_003",3,"NORMAL","COND_RT_LOWV",25,0.9,"LOW_VDD","T_ON_R","ON_RESISTANCE",28.115152492304176,"ohm","UPPER",25,"NOT_DEFINED",18,50,"NOT_UNIFORM","18.0,20.0,22.0,25.0,28.0,30.0,35.0,40.0,50.0","SYNTHETIC_ASSUMED","F",3.6271820543650217,"TESTER_A",20260115,"temporal_parametric_v1.0.0","DTL_TEMPORAL_PARAMETRIC_V1","DTL_TEMPORAL_ACTUAL_DIE_V1","DTL_TEMPORAL_POPULATION_V1"
"2026-03","March 2026",3,"DTL_NORM_001","DTL_NORM_001_D003","die_003",3,"NORMAL","COND_RT_LOWV",25,0.9,"LOW_VDD","T_VMIN","VMIN",0.9947943421046854,"V","UPPER",0.85,"NOT_DEFINED",0.75,1,"NOT_UNIFORM","0.75,0.78,0.8,0.82,0.85,0.88,0.9,0.92,0.95,1.0","SYNTHETIC_ASSUMED","F",3.6271820543650217,"TESTER_A",20260115,"temporal_parametric_v1.0.0","DTL_TEMPORAL_PARAMETRIC_V1","DTL_TEMPORAL_ACTUAL_DIE_V1","DTL_TEMPORAL_POPULATION_V1"
"2026-03","March 2026",3,"DTL_NORM_001","DTL_NORM_001_D003","die_003",3,"NORMAL","COND_RT_LOWV",25,0.9,"LOW_VDD","T_VMAX","VMAX",1.079762144006741,"V","LOWER",1.15,"NOT_DEFINED",1.05,1.25,"NOT_UNIFORM","1.05,1.08,1.1,1.12,1.15,1.18,1.2,1.22,1.25","SYNTHETIC_ASSUMED","F",3.6271820543650217,"TESTER_A",20260115,"temporal_parametric_v1.0.0","DTL_TEMPORAL_PARAMETRIC_V1","DTL_TEMPORAL_ACTUAL_DIE_V1","DTL_TEMPORAL_POPULATION_V1"
"2026-03","March 2026",3,"DTL_NORM_001","DTL_NORM_001_D003","die_003",3,"NORMAL","COND_RT_LOWV",25,0.9,"LOW_VDD","T_IDDQ","IDDQ",62.52679084341369,"uA","UPPER",50,"NOT_DEFINED",30,100,"NOT_UNIFORM","30.0,35.0,40.0,45.0,50.0,55.0,60.0,70.0,80.0,100.0","SYNTHETIC_ASSUMED","F",3.6271820543650217,"TESTER_A",20260115,"temporal_parametric_v1.0.0","DTL_TEMPORAL_PARAMETRIC_V1","DTL_TEMPORAL_ACTUAL_DIE_V1","DTL_TEMPORAL_POPULATION_V1"
"2026-03","March 2026",3,"DTL_NORM_001","DTL_NORM_001_D003","die_003",3,"NORMAL","COND_RT_LOWV",25,0.9,"LOW_VDD","T_SUPPLY_CURRENT","SUPPLY_CURRENT",117.05219451244376,"mA","UPPER",120,"NOT_DEFINED",90,200,"NOT_UNIFORM","90.0,100.0,110.0,120.0,130.0,140.0,150.0,170.0,200.0","SYNTHETIC_ASSUMED","P",3.6271820543650217,"TESTER_A",20260115,"temporal_parametric_v1.0.0","DTL_TEMPORAL_PARAMETRIC_V1","DTL_TEMPORAL_ACTUAL_DIE_V1","DTL_TEMPORAL_POPULATION_V1"
"2026-03","March 2026",3,"DTL_NORM_001","DTL_NORM_001_D003","die_003",3,"NORMAL","COND_HOT_HIGHV",85,1.1,"HIGH_VDD","T_CONTACT_R","CONTACT_RESISTANCE",6.608717497554975,"ohm","UPPER",5,"NOT_DEFINED",3.5,10,"NOT_UNIFORM","3.5,4.0,4.5,5.0,5.5,6.0,7.0,8.0,10.0","SYNTHETIC_ASSUMED","F",3.6271820543650217,"TESTER_A",20260115,"temporal_parametric_v1.0.0","DTL_TEMPORAL_PARAMETRIC_V1","DTL_TEMPORAL_ACTUAL_DIE_V1","DTL_TEMPORAL_POPULATION_V1"
"2026-03","March 2026",3,"DTL_NORM_001","DTL_NORM_001_D003","die_003",3,"NORMAL","COND_HOT_HIGHV",85,1.1,"HIGH_VDD","T_INTERCONNECT_R","INTERCONNECT_RESISTANCE",18.51449985438793,"ohm","UPPER",15,"NOT_DEFINED",11,25,"NOT_UNIFORM","11.0,12.0,13.0,14.0,15.0,16.0,18.0,20.0,25.0","SYNTHETIC_ASSUMED","F",3.6271820543650217,"TESTER_A",20260115,"temporal_parametric_v1.0.0","DTL_TEMPORAL_PARAMETRIC_V1","DTL_TEMPORAL_ACTUAL_DIE_V1","DTL_TEMPORAL_POPULATION_V1"
"2026-03","March 2026",3,"DTL_NORM_001","DTL_NORM_001_D003","die_003",3,"NORMAL","COND_HOT_HIGHV",85,1.1,"HIGH_VDD","T_ON_R","ON_RESISTANCE",29.908079772366293,"ohm","UPPER",25,"NOT_DEFINED",18,50,"NOT_UNIFORM","18.0,20.0,22.0,25.0,28.0,30.0,35.0,40.0,50.0","SYNTHETIC_ASSUMED","F",3.6271820543650217,"TESTER_A",20260115,"temporal_parametric_v1.0.0","DTL_TEMPORAL_PARAMETRIC_V1","DTL_TEMPORAL_ACTUAL_DIE_V1","DTL_TEMPORAL_POPULATION_V1"
"2026-03","March 2026",3,"DTL_NORM_001","DTL_NORM_001_D003","die_003",3,"NORMAL","COND_HOT_HIGHV",85,1.1,"HIGH_VDD","T_VMIN","VMIN",0.9869426837333124,"V","UPPER",0.85,"NOT_DEFINED",0.75,1,"NOT_UNIFORM","0.75,0.78,0.8,0.82,0.85,0.88,0.9,0.92,0.95,1.0","SYNTHETIC_ASSUMED","F",3.6271820543650217,"TESTER_A",20260115,"temporal_parametric_v1.0.0","DTL_TEMPORAL_PARAMETRIC_V1","DTL_TEMPORAL_ACTUAL_DIE_V1","DTL_TEMPORAL_POPULATION_V1"
"2026-03","March 2026",3,"DTL_NORM_001","DTL_NORM_001_D003","die_003",3,"NORMAL","COND_HOT_HIGHV",85,1.1,"HIGH_VDD","T_VMAX","VMAX",1.0384205224713938,"V","LOWER",1.15,"NOT_DEFINED",1.05,1.25,"NOT_UNIFORM","1.05,1.08,1.1,1.12,1.15,1.18,1.2,1.22,1.25","SYNTHETIC_ASSUMED","F",3.6271820543650217,"TESTER_A",20260115,"temporal_parametric_v1.0.0","DTL_TEMPORAL_PARAMETRIC_V1","DTL_TEMPORAL_ACTUAL_DIE_V1","DTL_TEMPORAL_POPULATION_V1"
"2026-03","March 2026",3,"DTL_NORM_001","DTL_NORM_001_D003","die_003",3,"NORMAL","COND_HOT_HIGHV",85,1.1,"HIGH_VDD","T_IDDQ","IDDQ",79.82083953171976,"uA","UPPER",50,"NOT_DEFINED",30,100,"NOT_UNIFORM","30.0,35.0,40.0,45.0,50.0,55.0,60.0,70.0,80.0,100.0","SYNTHETIC_ASSUMED","F",3.6271820543650217,"TESTER_A",20260115,"temporal_parametric_v1.0.0","DTL_TEMPORAL_PARAMETRIC_V1","DTL_TEMPORAL_ACTUAL_DIE_V1","DTL_TEMPORAL_POPULATION_V1"
"2026-03","March 2026",3,"DTL_NORM_001","DTL_NORM_001_D003","die_003",3,"NORMAL","COND_HOT_HIGHV",85,1.1,"HIGH_VDD","T_SUPPLY_CURRENT","SUPPLY_CURRENT",136.26949638337794,"mA","UPPER",120,"NOT_DEFINED",90,200,"NOT_UNIFORM","90.0,100.0,110.0,120.0,130.0,140.0,150.0,170.0,200.0","SYNTHETIC_ASSUMED","F",3.6271820543650217,"TESTER_A",20260115,"temporal_parametric_v1.0.0","DTL_TEMPORAL_PARAMETRIC_V1","DTL_TEMPORAL_ACTUAL_DIE_V1","DTL_TEMPORAL_POPULATION_V1"
"2026-03","March 2026",3,"DTL_NORM_002","DTL_NORM_002_D001","die_001",1,"NORMAL","COND_RT_NOM",25,1,"NOMINAL","T_CONTACT_R","CONTACT_RESISTANCE",5.499397705320315,"ohm","UPPER",5,"NOT_DEFINED",3.5,10,"NOT_UNIFORM","3.5,4.0,4.5,5.0,5.5,6.0,7.0,8.0,10.0","SYNTHETIC_ASSUMED","F",3.1038077846477283,"TESTER_A",20260115,"temporal_parametric_v1.0.0","DTL_TEMPORAL_PARAMETRIC_V1","DTL_TEMPORAL_ACTUAL_DIE_V1","DTL_TEMPORAL_POPULATION_V1"
"2026-03","March 2026",3,"DTL_NORM_002","DTL_NORM_002_D001","die_001",1,"NORMAL","COND_RT_NOM",25,1,"NOMINAL","T_INTERCONNECT_R","INTERCONNECT_RESISTANCE",15.540598641599848,"ohm","UPPER",15,"NOT_DEFINED",11,25,"NOT_UNIFORM","11.0,12.0,13.0,14.0,15.0,16.0,18.0,20.0,25.0","SYNTHETIC_ASSUMED","F",3.1038077846477283,"TESTER_A",20260115,"temporal_parametric_v1.0.0","DTL_TEMPORAL_PARAMETRIC_V1","DTL_TEMPORAL_ACTUAL_DIE_V1","DTL_TEMPORAL_POPULATION_V1"
"2026-03","March 2026",3,"DTL_NORM_002","DTL_NORM_002_D001","die_001",1,"NORMAL","COND_RT_NOM",25,1,"NOMINAL","T_ON_R","ON_RESISTANCE",26.60623190824744,"ohm","UPPER",25,"NOT_DEFINED",18,50,"NOT_UNIFORM","18.0,20.0,22.0,25.0,28.0,30.0,35.0,40.0,50.0","SYNTHETIC_ASSUMED","F",3.1038077846477283,"TESTER_A",20260115,"temporal_parametric_v1.0.0","DTL_TEMPORAL_PARAMETRIC_V1","DTL_TEMPORAL_ACTUAL_DIE_V1","DTL_TEMPORAL_POPULATION_V1"
"2026-03","March 2026",3,"DTL_NORM_002","DTL_NORM_002_D001","die_001",1,"NORMAL","COND_RT_NOM",25,1,"NOMINAL","T_VMIN","VMIN",0.9221590217717394,"V","UPPER",0.85,"NOT_DEFINED",0.75,1,"NOT_UNIFORM","0.75,0.78,0.8,0.82,0.85,0.88,0.9,0.92,0.95,1.0","SYNTHETIC_ASSUMED","F",3.1038077846477283,"TESTER_A",20260115,"temporal_parametric_v1.0.0","DTL_TEMPORAL_PARAMETRIC_V1","DTL_TEMPORAL_ACTUAL_DIE_V1","DTL_TEMPORAL_POPULATION_V1"
"2026-03","March 2026",3,"DTL_NORM_002","DTL_NORM_002_D001","die_001",1,"NORMAL","COND_RT_NOM",25,1,"NOMINAL","T_VMAX","VMAX",1.1142421639256763,"V","LOWER",1.15,"NOT_DEFINED",1.05,1.25,"NOT_UNIFORM","1.05,1.08,1.1,1.12,1.15,1.18,1.2,1.22,1.25","SYNTHETIC_ASSUMED","F",3.1038077846477283,"TESTER_A",20260115,"temporal_parametric_v1.0.0","DTL_TEMPORAL_PARAMETRIC_V1","DTL_TEMPORAL_ACTUAL_DIE_V1","DTL_TEMPORAL_POPULATION_V1"
"2026-03","March 2026",3,"DTL_NORM_002","DTL_NORM_002_D001","die_001",1,"NORMAL","COND_RT_NOM",25,1,"NOMINAL","T_IDDQ","IDDQ",71.75960071329524,"uA","UPPER",50,"NOT_DEFINED",30,100,"NOT_UNIFORM","30.0,35.0,40.0,45.0,50.0,55.0,60.0,70.0,80.0,100.0","SYNTHETIC_ASSUMED","F",3.1038077846477283,"TESTER_A",20260115,"temporal_parametric_v1.0.0","DTL_TEMPORAL_PARAMETRIC_V1","DTL_TEMPORAL_ACTUAL_DIE_V1","DTL_TEMPORAL_POPULATION_V1"
"2026-03","March 2026",3,"DTL_NORM_002","DTL_NORM_002_D001","die_001",1,"NORMAL","COND_RT_NOM",25,1,"NOMINAL","T_SUPPLY_CURRENT","SUPPLY_CURRENT",112.10146738372951,"mA","UPPER",120,"NOT_DEFINED",90,200,"NOT_UNIFORM","90.0,100.0,110.0,120.0,130.0,140.0,150.0,170.0,200.0","SYNTHETIC_ASSUMED","P",3.1038077846477283,"TESTER_A",20260115,"temporal_parametric_v1.0.0","DTL_TEMPORAL_PARAMETRIC_V1","DTL_TEMPORAL_ACTUAL_DIE_V1","DTL_TEMPORAL_POPULATION_V1"
"2026-03","March 2026",3,"DTL_NORM_002","DTL_NORM_002_D001","die_001",1,"NORMAL","COND_HOT_NOM",85,1,"HOT","T_CONTACT_R","CONTACT_RESISTANCE",5.681496922477526,"ohm","UPPER",5,"NOT_DEFINED",3.5,10,"NOT_UNIFORM","3.5,4.0,4.5,5.0,5.5,6.0,7.0,8.0,10.0","SYNTHETIC_ASSUMED","F",3.1038077846477283,"TESTER_A",20260115,"temporal_parametric_v1.0.0","DTL_TEMPORAL_PARAMETRIC_V1","DTL_TEMPORAL_ACTUAL_DIE_V1","DTL_TEMPORAL_POPULATION_V1"
"2026-03","March 2026",3,"DTL_NORM_002","DTL_NORM_002_D001","die_001",1,"NORMAL","COND_HOT_NOM",85,1,"HOT","T_INTERCONNECT_R","INTERCONNECT_RESISTANCE",17.45720378521633,"ohm","UPPER",15,"NOT_DEFINED",11,25,"NOT_UNIFORM","11.0,12.0,13.0,14.0,15.0,16.0,18.0,20.0,25.0","SYNTHETIC_ASSUMED","F",3.1038077846477283,"TESTER_A",20260115,"temporal_parametric_v1.0.0","DTL_TEMPORAL_PARAMETRIC_V1","DTL_TEMPORAL_ACTUAL_DIE_V1","DTL_TEMPORAL_POPULATION_V1"
"2026-03","March 2026",3,"DTL_NORM_002","DTL_NORM_002_D001","die_001",1,"NORMAL","COND_HOT_NOM",85,1,"HOT","T_ON_R","ON_RESISTANCE",26.93616474159993,"ohm","UPPER",25,"NOT_DEFINED",18,50,"NOT_UNIFORM","18.0,20.0,22.0,25.0,28.0,30.0,35.0,40.0,50.0","SYNTHETIC_ASSUMED","F",3.1038077846477283,"TESTER_A",20260115,"temporal_parametric_v1.0.0","DTL_TEMPORAL_PARAMETRIC_V1","DTL_TEMPORAL_ACTUAL_DIE_V1","DTL_TEMPORAL_POPULATION_V1"
"2026-03","March 2026",3,"DTL_NORM_002","DTL_NORM_002_D001","die_001",1,"NORMAL","COND_HOT_NOM",85,1,"HOT","T_VMIN","VMIN",0.9583695337031644,"V","UPPER",0.85,"NOT_DEFINED",0.75,1,"NOT_UNIFORM","0.75,0.78,0.8,0.82,0.85,0.88,0.9,0.92,0.95,1.0","SYNTHETIC_ASSUMED","F",3.1038077846477283,"TESTER_A",20260115,"temporal_parametric_v1.0.0","DTL_TEMPORAL_PARAMETRIC_V1","DTL_TEMPORAL_ACTUAL_DIE_V1","DTL_TEMPORAL_POPULATION_V1"
"2026-03","March 2026",3,"DTL_NORM_002","DTL_NORM_002_D001","die_001",1,"NORMAL","COND_HOT_NOM",85,1,"HOT","T_VMAX","VMAX",1.0653827966789833,"V","LOWER",1.15,"NOT_DEFINED",1.05,1.25,"NOT_UNIFORM","1.05,1.08,1.1,1.12,1.15,1.18,1.2,1.22,1.25","SYNTHETIC_ASSUMED","F",3.1038077846477283,"TESTER_A",20260115,"temporal_parametric_v1.0.0","DTL_TEMPORAL_PARAMETRIC_V1","DTL_TEMPORAL_ACTUAL_DIE_V1","DTL_TEMPORAL_POPULATION_V1"
"2026-03","March 2026",3,"DTL_NORM_002","DTL_NORM_002_D001","die_001",1,"NORMAL","COND_HOT_NOM",85,1,"HOT","T_IDDQ","IDDQ",74.78019699266379,"uA","UPPER",50,"NOT_DEFINED",30,100,"NOT_UNIFORM","30.0,35.0,40.0,45.0,50.0,55.0,60.0,70.0,80.0,100.0","SYNTHETIC_ASSUMED","F",3.1038077846477283,"TESTER_A",20260115,"temporal_parametric_v1.0.0","DTL_TEMPORAL_PARAMETRIC_V1","DTL_TEMPORAL_ACTUAL_DIE_V1","DTL_TEMPORAL_POPULATION_V1"
"2026-03","March 2026",3,"DTL_NORM_002","DTL_NORM_002_D001","die_001",1,"NORMAL","COND_HOT_NOM",85,1,"HOT","T_SUPPLY_CURRENT","SUPPLY_CURRENT",119.0404195340359,"mA","UPPER",120,"NOT_DEFINED",90,200,"NOT_UNIFORM","90.0,100.0,110.0,120.0,130.0,140.0,150.0,170.0,200.0","SYNTHETIC_ASSUMED","P",3.1038077846477283,"TESTER_A",20260115,"temporal_parametric_v1.0.0","DTL_TEMPORAL_PARAMETRIC_V1","DTL_TEMPORAL_ACTUAL_DIE_V1","DTL_TEMPORAL_POPULATION_V1"
"2026-03","March 2026",3,"DTL_NORM_002","DTL_NORM_002_D001","die_001",1,"NORMAL","COND_RT_LOWV",25,0.9,"LOW_VDD","T_CONTACT_R","CONTACT_RESISTANCE",5.608132170485355,"ohm","UPPER",5,"NOT_DEFINED",3.5,10,"NOT_UNIFORM","3.5,4.0,4.5,5.0,5.5,6.0,7.0,8.0,10.0","SYNTHETIC_ASSUMED","F",3.1038077846477283,"TESTER_A",20260115,"temporal_parametric_v1.0.0","DTL_TEMPORAL_PARAMETRIC_V1","DTL_TEMPORAL_ACTUAL_DIE_V1","DTL_TEMPORAL_POPULATION_V1"
"2026-03","March 2026",3,"DTL_NORM_002","DTL_NORM_002_D001","die_001",1,"NORMAL","COND_RT_LOWV",25,0.9,"LOW_VDD","T_INTERCONNECT_R","INTERCONNECT_RESISTANCE",16.463629808777185,"ohm","UPPER",15,"NOT_DEFINED",11,25,"NOT_UNIFORM","11.0,12.0,13.0,14.0,15.0,16.0,18.0,20.0,25.0","SYNTHETIC_ASSUMED","F",3.1038077846477283,"TESTER_A",20260115,"temporal_parametric_v1.0.0","DTL_TEMPORAL_PARAMETRIC_V1","DTL_TEMPORAL_ACTUAL_DIE_V1","DTL_TEMPORAL_POPULATION_V1"
"2026-03","March 2026",3,"DTL_NORM_002","DTL_NORM_002_D001","die_001",1,"NORMAL","COND_RT_LOWV",25,0.9,"LOW_VDD","T_ON_R","ON_RESISTANCE",28.65746850915936,"ohm","UPPER",25,"NOT_DEFINED",18,50,"NOT_UNIFORM","18.0,20.0,22.0,25.0,28.0,30.0,35.0,40.0,50.0","SYNTHETIC_ASSUMED","F",3.1038077846477283,"TESTER_A",20260115,"temporal_parametric_v1.0.0","DTL_TEMPORAL_PARAMETRIC_V1","DTL_TEMPORAL_ACTUAL_DIE_V1","DTL_TEMPORAL_POPULATION_V1"
"2026-03","March 2026",3,"DTL_NORM_002","DTL_NORM_002_D001","die_001",1,"NORMAL","COND_RT_LOWV",25,0.9,"LOW_VDD","T_VMIN","VMIN",0.9620879737516462,"V","UPPER",0.85,"NOT_DEFINED",0.75,1,"NOT_UNIFORM","0.75,0.78,0.8,0.82,0.85,0.88,0.9,0.92,0.95,1.0","SYNTHETIC_ASSUMED","F",3.1038077846477283,"TESTER_A",20260115,"temporal_parametric_v1.0.0","DTL_TEMPORAL_PARAMETRIC_V1","DTL_TEMPORAL_ACTUAL_DIE_V1","DTL_TEMPORAL_POPULATION_V1"
"2026-03","March 2026",3,"DTL_NORM_002","DTL_NORM_002_D001","die_001",1,"NORMAL","COND_RT_LOWV",25,0.9,"LOW_VDD","T_VMAX","VMAX",1.1276775794107012,"V","LOWER",1.15,"NOT_DEFINED",1.05,1.25,"NOT_UNIFORM","1.05,1.08,1.1,1.12,1.15,1.18,1.2,1.22,1.25","SYNTHETIC_ASSUMED","F",3.1038077846477283,"TESTER_A",20260115,"temporal_parametric_v1.0.0","DTL_TEMPORAL_PARAMETRIC_V1","DTL_TEMPORAL_ACTUAL_DIE_V1","DTL_TEMPORAL_POPULATION_V1"
"2026-03","March 2026",3,"DTL_NORM_002","DTL_NORM_002_D001","die_001",1,"NORMAL","COND_RT_LOWV",25,0.9,"LOW_VDD","T_IDDQ","IDDQ",61.5435811098185,"uA","UPPER",50,"NOT_DEFINED",30,100,"NOT_UNIFORM","30.0,35.0,40.0,45.0,50.0,55.0,60.0,70.0,80.0,100.0","SYNTHETIC_ASSUMED","F",3.1038077846477283,"TESTER_A",20260115,"temporal_parametric_v1.0.0","DTL_TEMPORAL_PARAMETRIC_V1","DTL_TEMPORAL_ACTUAL_DIE_V1","DTL_TEMPORAL_POPULATION_V1"
"2026-03","March 2026",3,"DTL_NORM_002","DTL_NORM_002_D001","die_001",1,"NORMAL","COND_RT_LOWV",25,0.9,"LOW_VDD","T_SUPPLY_CURRENT","SUPPLY_CURRENT",123.82348170618734,"mA","UPPER",120,"NOT_DEFINED",90,200,"NOT_UNIFORM","90.0,100.0,110.0,120.0,130.0,140.0,150.0,170.0,200.0","SYNTHETIC_ASSUMED","F",3.1038077846477283,"TESTER_A",20260115,"temporal_parametric_v1.0.0","DTL_TEMPORAL_PARAMETRIC_V1","DTL_TEMPORAL_ACTUAL_DIE_V1","DTL_TEMPORAL_POPULATION_V1"
"2026-03","March 2026",3,"DTL_NORM_002","DTL_NORM_002_D001","die_001",1,"NORMAL","COND_HOT_HIGHV",85,1.1,"HIGH_VDD","T_CONTACT_R","CONTACT_RESISTANCE",6.70867864864173,"ohm","UPPER",5,"NOT_DEFINED",3.5,10,"NOT_UNIFORM","3.5,4.0,4.5,5.0,5.5,6.0,7.0,8.0,10.0","SYNTHETIC_ASSUMED","F",3.1038077846477283,"TESTER_A",20260115,"temporal_parametric_v1.0.0","DTL_TEMPORAL_PARAMETRIC_V1","DTL_TEMPORAL_ACTUAL_DIE_V1","DTL_TEMPORAL_POPULATION_V1"
"2026-03","March 2026",3,"DTL_NORM_002","DTL_NORM_002_D001","die_001",1,"NORMAL","COND_HOT_HIGHV",85,1.1,"HIGH_VDD","T_INTERCONNECT_R","INTERCONNECT_RESISTANCE",16.74720377352058,"ohm","UPPER",15,"NOT_DEFINED",11,25,"NOT_UNIFORM","11.0,12.0,13.0,14.0,15.0,16.0,18.0,20.0,25.0","SYNTHETIC_ASSUMED","F",3.1038077846477283,"TESTER_A",20260115,"temporal_parametric_v1.0.0","DTL_TEMPORAL_PARAMETRIC_V1","DTL_TEMPORAL_ACTUAL_DIE_V1","DTL_TEMPORAL_POPULATION_V1"
"2026-03","March 2026",3,"DTL_NORM_002","DTL_NORM_002_D001","die_001",1,"NORMAL","COND_HOT_HIGHV",85,1.1,"HIGH_VDD","T_ON_R","ON_RESISTANCE",27.72158700486524,"ohm","UPPER",25,"NOT_DEFINED",18,50,"NOT_UNIFORM","18.0,20.0,22.0,25.0,28.0,30.0,35.0,40.0,50.0","SYNTHETIC_ASSUMED","F",3.1038077846477283,"TESTER_A",20260115,"temporal_parametric_v1.0.0","DTL_TEMPORAL_PARAMETRIC_V1","DTL_TEMPORAL_ACTUAL_DIE_V1","DTL_TEMPORAL_POPULATION_V1"
"2026-03","March 2026",3,"DTL_NORM_002","DTL_NORM_002_D001","die_001",1,"NORMAL","COND_HOT_HIGHV",85,1.1,"HIGH_VDD","T_VMIN","VMIN",0.9393053426378042,"V","UPPER",0.85,"NOT_DEFINED",0.75,1,"NOT_UNIFORM","0.75,0.78,0.8,0.82,0.85,0.88,0.9,0.92,0.95,1.0","SYNTHETIC_ASSUMED","F",3.1038077846477283,"TESTER_A",20260115,"temporal_parametric_v1.0.0","DTL_TEMPORAL_PARAMETRIC_V1","DTL_TEMPORAL_ACTUAL_DIE_V1","DTL_TEMPORAL_POPULATION_V1"
"2026-03","March 2026",3,"DTL_NORM_002","DTL_NORM_002_D001","die_001",1,"NORMAL","COND_HOT_HIGHV",85,1.1,"HIGH_VDD","T_VMAX","VMAX",1.0622392024065237,"V","LOWER",1.15,"NOT_DEFINED",1.05,1.25,"NOT_UNIFORM","1.05,1.08,1.1,1.12,1.15,1.18,1.2,1.22,1.25","SYNTHETIC_ASSUMED","F",3.1038077846477283,"TESTER_A",20260115,"temporal_parametric_v1.0.0","DTL_TEMPORAL_PARAMETRIC_V1","DTL_TEMPORAL_ACTUAL_DIE_V1","DTL_TEMPORAL_POPULATION_V1"
"2026-03","March 2026",3,"DTL_NORM_002","DTL_NORM_002_D001","die_001",1,"NORMAL","COND_HOT_HIGHV",85,1.1,"HIGH_VDD","T_IDDQ","IDDQ",74.47940797636615,"uA","UPPER",50,"NOT_DEFINED",30,100,"NOT_UNIFORM","30.0,35.0,40.0,45.0,50.0,55.0,60.0,70.0,80.0,100.0","SYNTHETIC_ASSUMED","F",3.1038077846477283,"TESTER_A",20260115,"temporal_parametric_v1.0.0","DTL_TEMPORAL_PARAMETRIC_V1","DTL_TEMPORAL_ACTUAL_DIE_V1","DTL_TEMPORAL_POPULATION_V1"
"2026-03","March 2026",3,"DTL_NORM_002","DTL_NORM_002_D001","die_001",1,"NORMAL","COND_HOT_HIGHV",85,1.1,"HIGH_VDD","T_SUPPLY_CURRENT","SUPPLY_CURRENT",123.80786246856152,"mA","UPPER",120,"NOT_DEFINED",90,200,"NOT_UNIFORM","90.0,100.0,110.0,120.0,130.0,140.0,150.0,170.0,200.0","SYNTHETIC_ASSUMED","F",3.1038077846477283,"TESTER_A",20260115,"temporal_parametric_v1.0.0","DTL_TEMPORAL_PARAMETRIC_V1","DTL_TEMPORAL_ACTUAL_DIE_V1","DTL_TEMPORAL_POPULATION_V1"
"2026-03","March 2026",3,"DTL_NORM_002","DTL_NORM_002_D002","die_002",2,"NORMAL","COND_RT_NOM",25,1,"NOMINAL","T_CONTACT_R","CONTACT_RESISTANCE",5.550072356765954,"ohm","UPPER",5,"NOT_DEFINED",3.5,10,"NOT_UNIFORM","3.5,4.0,4.5,5.0,5.5,6.0,7.0,8.0,10.0","SYNTHETIC_ASSUMED","F",2.8414260649872363,"TESTER_A",20260115,"temporal_parametric_v1.0.0","DTL_TEMPORAL_PARAMETRIC_V1","DTL_TEMPORAL_ACTUAL_DIE_V1","DTL_TEMPORAL_POPULATION_V1"
"2026-03","March 2026",3,"DTL_NORM_002","DTL_NORM_002_D002","die_002",2,"NORMAL","COND_RT_NOM",25,1,"NOMINAL","T_INTERCONNECT_R","INTERCONNECT_RESISTANCE",15.966197723770572,"ohm","UPPER",15,"NOT_DEFINED",11,25,"NOT_UNIFORM","11.0,12.0,13.0,14.0,15.0,16.0,18.0,20.0,25.0","SYNTHETIC_ASSUMED","F",2.8414260649872363,"TESTER_A",20260115,"temporal_parametric_v1.0.0","DTL_TEMPORAL_PARAMETRIC_V1","DTL_TEMPORAL_ACTUAL_DIE_V1","DTL_TEMPORAL_POPULATION_V1"
"2026-03","March 2026",3,"DTL_NORM_002","DTL_NORM_002_D002","die_002",2,"NORMAL","COND_RT_NOM",25,1,"NOMINAL","T_ON_R","ON_RESISTANCE",26.29989733951273,"ohm","UPPER",25,"NOT_DEFINED",18,50,"NOT_UNIFORM","18.0,20.0,22.0,25.0,28.0,30.0,35.0,40.0,50.0","SYNTHETIC_ASSUMED","F",2.8414260649872363,"TESTER_A",20260115,"temporal_parametric_v1.0.0","DTL_TEMPORAL_PARAMETRIC_V1","DTL_TEMPORAL_ACTUAL_DIE_V1","DTL_TEMPORAL_POPULATION_V1"
"2026-03","March 2026",3,"DTL_NORM_002","DTL_NORM_002_D002","die_002",2,"NORMAL","COND_RT_NOM",25,1,"NOMINAL","T_VMIN","VMIN",0.8816621821081304,"V","UPPER",0.85,"NOT_DEFINED",0.75,1,"NOT_UNIFORM","0.75,0.78,0.8,0.82,0.85,0.88,0.9,0.92,0.95,1.0","SYNTHETIC_ASSUMED","F",2.8414260649872363,"TESTER_A",20260115,"temporal_parametric_v1.0.0","DTL_TEMPORAL_PARAMETRIC_V1","DTL_TEMPORAL_ACTUAL_DIE_V1","DTL_TEMPORAL_POPULATION_V1"
"2026-03","March 2026",3,"DTL_NORM_002","DTL_NORM_002_D002","die_002",2,"NORMAL","COND_RT_NOM",25,1,"NOMINAL","T_VMAX","VMAX",1.117672419842241,"V","LOWER",1.15,"NOT_DEFINED",1.05,1.25,"NOT_UNIFORM","1.05,1.08,1.1,1.12,1.15,1.18,1.2,1.22,1.25","SYNTHETIC_ASSUMED","F",2.8414260649872363,"TESTER_A",20260115,"temporal_parametric_v1.0.0","DTL_TEMPORAL_PARAMETRIC_V1","DTL_TEMPORAL_ACTUAL_DIE_V1","DTL_TEMPORAL_POPULATION_V1"
"2026-03","March 2026",3,"DTL_NORM_002","DTL_NORM_002_D002","die_002",2,"NORMAL","COND_RT_NOM",25,1,"NOMINAL","T_IDDQ","IDDQ",59.47478353635528,"uA","UPPER",50,"NOT_DEFINED",30,100,"NOT_UNIFORM","30.0,35.0,40.0,45.0,50.0,55.0,60.0,70.0,80.0,100.0","SYNTHETIC_ASSUMED","F",2.8414260649872363,"TESTER_A",20260115,"temporal_parametric_v1.0.0","DTL_TEMPORAL_PARAMETRIC_V1","DTL_TEMPORAL_ACTUAL_DIE_V1","DTL_TEMPORAL_POPULATION_V1"
"2026-03","March 2026",3,"DTL_NORM_002","DTL_NORM_002_D002","die_002",2,"NORMAL","COND_RT_NOM",25,1,"NOMINAL","T_SUPPLY_CURRENT","SUPPLY_CURRENT",117.05891967482415,"mA","UPPER",120,"NOT_DEFINED",90,200,"NOT_UNIFORM","90.0,100.0,110.0,120.0,130.0,140.0,150.0,170.0,200.0","SYNTHETIC_ASSUMED","P",2.8414260649872363,"TESTER_A",20260115,"temporal_parametric_v1.0.0","DTL_TEMPORAL_PARAMETRIC_V1","DTL_TEMPORAL_ACTUAL_DIE_V1","DTL_TEMPORAL_POPULATION_V1"
"2026-03","March 2026",3,"DTL_NORM_002","DTL_NORM_002_D002","die_002",2,"NORMAL","COND_HOT_NOM",85,1,"HOT","T_CONTACT_R","CONTACT_RESISTANCE",6.040157937804955,"ohm","UPPER",5,"NOT_DEFINED",3.5,10,"NOT_UNIFORM","3.5,4.0,4.5,5.0,5.5,6.0,7.0,8.0,10.0","SYNTHETIC_ASSUMED","F",2.8414260649872363,"TESTER_A",20260115,"temporal_parametric_v1.0.0","DTL_TEMPORAL_PARAMETRIC_V1","DTL_TEMPORAL_ACTUAL_DIE_V1","DTL_TEMPORAL_POPULATION_V1"
"2026-03","March 2026",3,"DTL_NORM_002","DTL_NORM_002_D002","die_002",2,"NORMAL","COND_HOT_NOM",85,1,"HOT","T_INTERCONNECT_R","INTERCONNECT_RESISTANCE",15.627536462926496,"ohm","UPPER",15,"NOT_DEFINED",11,25,"NOT_UNIFORM","11.0,12.0,13.0,14.0,15.0,16.0,18.0,20.0,25.0","SYNTHETIC_ASSUMED","F",2.8414260649872363,"TESTER_A",20260115,"temporal_parametric_v1.0.0","DTL_TEMPORAL_PARAMETRIC_V1","DTL_TEMPORAL_ACTUAL_DIE_V1","DTL_TEMPORAL_POPULATION_V1"
"2026-03","March 2026",3,"DTL_NORM_002","DTL_NORM_002_D002","die_002",2,"NORMAL","COND_HOT_NOM",85,1,"HOT","T_ON_R","ON_RESISTANCE",29.18659260585826,"ohm","UPPER",25,"NOT_DEFINED",18,50,"NOT_UNIFORM","18.0,20.0,22.0,25.0,28.0,30.0,35.0,40.0,50.0","SYNTHETIC_ASSUMED","F",2.8414260649872363,"TESTER_A",20260115,"temporal_parametric_v1.0.0","DTL_TEMPORAL_PARAMETRIC_V1","DTL_TEMPORAL_ACTUAL_DIE_V1","DTL_TEMPORAL_POPULATION_V1"
"2026-03","March 2026",3,"DTL_NORM_002","DTL_NORM_002_D002","die_002",2,"NORMAL","COND_HOT_NOM",85,1,"HOT","T_VMIN","VMIN",0.9123216713981586,"V","UPPER",0.85,"NOT_DEFINED",0.75,1,"NOT_UNIFORM","0.75,0.78,0.8,0.82,0.85,0.88,0.9,0.92,0.95,1.0","SYNTHETIC_ASSUMED","F",2.8414260649872363,"TESTER_A",20260115,"temporal_parametric_v1.0.0","DTL_TEMPORAL_PARAMETRIC_V1","DTL_TEMPORAL_ACTUAL_DIE_V1","DTL_TEMPORAL_POPULATION_V1"
"2026-03","March 2026",3,"DTL_NORM_002","DTL_NORM_002_D002","die_002",2,"NORMAL","COND_HOT_NOM",85,1,"HOT","T_VMAX","VMAX",1.12314355434685,"V","LOWER",1.15,"NOT_DEFINED",1.05,1.25,"NOT_UNIFORM","1.05,1.08,1.1,1.12,1.15,1.18,1.2,1.22,1.25","SYNTHETIC_ASSUMED","F",2.8414260649872363,"TESTER_A",20260115,"temporal_parametric_v1.0.0","DTL_TEMPORAL_PARAMETRIC_V1","DTL_TEMPORAL_ACTUAL_DIE_V1","DTL_TEMPORAL_POPULATION_V1"
"2026-03","March 2026",3,"DTL_NORM_002","DTL_NORM_002_D002","die_002",2,"NORMAL","COND_HOT_NOM",85,1,"HOT","T_IDDQ","IDDQ",71.54854561586247,"uA","UPPER",50,"NOT_DEFINED",30,100,"NOT_UNIFORM","30.0,35.0,40.0,45.0,50.0,55.0,60.0,70.0,80.0,100.0","SYNTHETIC_ASSUMED","F",2.8414260649872363,"TESTER_A",20260115,"temporal_parametric_v1.0.0","DTL_TEMPORAL_PARAMETRIC_V1","DTL_TEMPORAL_ACTUAL_DIE_V1","DTL_TEMPORAL_POPULATION_V1"
"2026-03","March 2026",3,"DTL_NORM_002","DTL_NORM_002_D002","die_002",2,"NORMAL","COND_HOT_NOM",85,1,"HOT","T_SUPPLY_CURRENT","SUPPLY_CURRENT",127.62608891815104,"mA","UPPER",120,"NOT_DEFINED",90,200,"NOT_UNIFORM","90.0,100.0,110.0,120.0,130.0,140.0,150.0,170.0,200.0","SYNTHETIC_ASSUMED","F",2.8414260649872363,"TESTER_A",20260115,"temporal_parametric_v1.0.0","DTL_TEMPORAL_PARAMETRIC_V1","DTL_TEMPORAL_ACTUAL_DIE_V1","DTL_TEMPORAL_POPULATION_V1"
"2026-03","March 2026",3,"DTL_NORM_002","DTL_NORM_002_D002","die_002",2,"NORMAL","COND_RT_LOWV",25,0.9,"LOW_VDD","T_CONTACT_R","CONTACT_RESISTANCE",4.837473373935075,"ohm","UPPER",5,"NOT_DEFINED",3.5,10,"NOT_UNIFORM","3.5,4.0,4.5,5.0,5.5,6.0,7.0,8.0,10.0","SYNTHETIC_ASSUMED","P",2.8414260649872363,"TESTER_A",20260115,"temporal_parametric_v1.0.0","DTL_TEMPORAL_PARAMETRIC_V1","DTL_TEMPORAL_ACTUAL_DIE_V1","DTL_TEMPORAL_POPULATION_V1"
"2026-03","March 2026",3,"DTL_NORM_002","DTL_NORM_002_D002","die_002",2,"NORMAL","COND_RT_LOWV",25,0.9,"LOW_VDD","T_INTERCONNECT_R","INTERCONNECT_RESISTANCE",17.613181141221176,"ohm","UPPER",15,"NOT_DEFINED",11,25,"NOT_UNIFORM","11.0,12.0,13.0,14.0,15.0,16.0,18.0,20.0,25.0","SYNTHETIC_ASSUMED","F",2.8414260649872363,"TESTER_A",20260115,"temporal_parametric_v1.0.0","DTL_TEMPORAL_PARAMETRIC_V1","DTL_TEMPORAL_ACTUAL_DIE_V1","DTL_TEMPORAL_POPULATION_V1"
"2026-03","March 2026",3,"DTL_NORM_002","DTL_NORM_002_D002","die_002",2,"NORMAL","COND_RT_LOWV",25,0.9,"LOW_VDD","T_ON_R","ON_RESISTANCE",28.772352635760765,"ohm","UPPER",25,"NOT_DEFINED",18,50,"NOT_UNIFORM","18.0,20.0,22.0,25.0,28.0,30.0,35.0,40.0,50.0","SYNTHETIC_ASSUMED","F",2.8414260649872363,"TESTER_A",20260115,"temporal_parametric_v1.0.0","DTL_TEMPORAL_PARAMETRIC_V1","DTL_TEMPORAL_ACTUAL_DIE_V1","DTL_TEMPORAL_POPULATION_V1"
"2026-03","March 2026",3,"DTL_NORM_002","DTL_NORM_002_D002","die_002",2,"NORMAL","COND_RT_LOWV",25,0.9,"LOW_VDD","T_VMIN","VMIN",0.9521713173897592,"V","UPPER",0.85,"NOT_DEFINED",0.75,1,"NOT_UNIFORM","0.75,0.78,0.8,0.82,0.85,0.88,0.9,0.92,0.95,1.0","SYNTHETIC_ASSUMED","F",2.8414260649872363,"TESTER_A",20260115,"temporal_parametric_v1.0.0","DTL_TEMPORAL_PARAMETRIC_V1","DTL_TEMPORAL_ACTUAL_DIE_V1","DTL_TEMPORAL_POPULATION_V1"
"2026-03","March 2026",3,"DTL_NORM_002","DTL_NORM_002_D002","die_002",2,"NORMAL","COND_RT_LOWV",25,0.9,"LOW_VDD","T_VMAX","VMAX",1.116170307847922,"V","LOWER",1.15,"NOT_DEFINED",1.05,1.25,"NOT_UNIFORM","1.05,1.08,1.1,1.12,1.15,1.18,1.2,1.22,1.25","SYNTHETIC_ASSUMED","F",2.8414260649872363,"TESTER_A",20260115,"temporal_parametric_v1.0.0","DTL_TEMPORAL_PARAMETRIC_V1","DTL_TEMPORAL_ACTUAL_DIE_V1","DTL_TEMPORAL_POPULATION_V1"
"2026-03","March 2026",3,"DTL_NORM_002","DTL_NORM_002_D002","die_002",2,"NORMAL","COND_RT_LOWV",25,0.9,"LOW_VDD","T_IDDQ","IDDQ",54.86515791133271,"uA","UPPER",50,"NOT_DEFINED",30,100,"NOT_UNIFORM","30.0,35.0,40.0,45.0,50.0,55.0,60.0,70.0,80.0,100.0","SYNTHETIC_ASSUMED","F",2.8414260649872363,"TESTER_A",20260115,"temporal_parametric_v1.0.0","DTL_TEMPORAL_PARAMETRIC_V1","DTL_TEMPORAL_ACTUAL_DIE_V1","DTL_TEMPORAL_POPULATION_V1"
"2026-03","March 2026",3,"DTL_NORM_002","DTL_NORM_002_D002","die_002",2,"NORMAL","COND_RT_LOWV",25,0.9,"LOW_VDD","T_SUPPLY_CURRENT","SUPPLY_CURRENT",120.93740063658709,"mA","UPPER",120,"NOT_DEFINED",90,200,"NOT_UNIFORM","90.0,100.0,110.0,120.0,130.0,140.0,150.0,170.0,200.0","SYNTHETIC_ASSUMED","F",2.8414260649872363,"TESTER_A",20260115,"temporal_parametric_v1.0.0","DTL_TEMPORAL_PARAMETRIC_V1","DTL_TEMPORAL_ACTUAL_DIE_V1","DTL_TEMPORAL_POPULATION_V1"
"2026-03","March 2026",3,"DTL_NORM_002","DTL_NORM_002_D002","die_002",2,"NORMAL","COND_HOT_HIGHV",85,1.1,"HIGH_VDD","T_CONTACT_R","CONTACT_RESISTANCE",6.012878633583098,"ohm","UPPER",5,"NOT_DEFINED",3.5,10,"NOT_UNIFORM","3.5,4.0,4.5,5.0,5.5,6.0,7.0,8.0,10.0","SYNTHETIC_ASSUMED","F",2.8414260649872363,"TESTER_A",20260115,"temporal_parametric_v1.0.0","DTL_TEMPORAL_PARAMETRIC_V1","DTL_TEMPORAL_ACTUAL_DIE_V1","DTL_TEMPORAL_POPULATION_V1"
"2026-03","March 2026",3,"DTL_NORM_002","DTL_NORM_002_D002","die_002",2,"NORMAL","COND_HOT_HIGHV",85,1.1,"HIGH_VDD","T_INTERCONNECT_R","INTERCONNECT_RESISTANCE",17.275537768738694,"ohm","UPPER",15,"NOT_DEFINED",11,25,"NOT_UNIFORM","11.0,12.0,13.0,14.0,15.0,16.0,18.0,20.0,25.0","SYNTHETIC_ASSUMED","F",2.8414260649872363,"TESTER_A",20260115,"temporal_parametric_v1.0.0","DTL_TEMPORAL_PARAMETRIC_V1","DTL_TEMPORAL_ACTUAL_DIE_V1","DTL_TEMPORAL_POPULATION_V1"
"2026-03","March 2026",3,"DTL_NORM_002","DTL_NORM_002_D002","die_002",2,"NORMAL","COND_HOT_HIGHV",85,1.1,"HIGH_VDD","T_ON_R","ON_RESISTANCE",30.652182323320428,"ohm","UPPER",25,"NOT_DEFINED",18,50,"NOT_UNIFORM","18.0,20.0,22.0,25.0,28.0,30.0,35.0,40.0,50.0","SYNTHETIC_ASSUMED","F",2.8414260649872363,"TESTER_A",20260115,"temporal_parametric_v1.0.0","DTL_TEMPORAL_PARAMETRIC_V1","DTL_TEMPORAL_ACTUAL_DIE_V1","DTL_TEMPORAL_POPULATION_V1"
"2026-03","March 2026",3,"DTL_NORM_002","DTL_NORM_002_D002","die_002",2,"NORMAL","COND_HOT_HIGHV",85,1.1,"HIGH_VDD","T_VMIN","VMIN",0.9490557131881404,"V","UPPER",0.85,"NOT_DEFINED",0.75,1,"NOT_UNIFORM","0.75,0.78,0.8,0.82,0.85,0.88,0.9,0.92,0.95,1.0","SYNTHETIC_ASSUMED","F",2.8414260649872363,"TESTER_A",20260115,"temporal_parametric_v1.0.0","DTL_TEMPORAL_PARAMETRIC_V1","DTL_TEMPORAL_ACTUAL_DIE_V1","DTL_TEMPORAL_POPULATION_V1"
"2026-03","March 2026",3,"DTL_NORM_002","DTL_NORM_002_D002","die_002",2,"NORMAL","COND_HOT_HIGHV",85,1.1,"HIGH_VDD","T_VMAX","VMAX",1.0403742613783125,"V","LOWER",1.15,"NOT_DEFINED",1.05,1.25,"NOT_UNIFORM","1.05,1.08,1.1,1.12,1.15,1.18,1.2,1.22,1.25","SYNTHETIC_ASSUMED","F",2.8414260649872363,"TESTER_A",20260115,"temporal_parametric_v1.0.0","DTL_TEMPORAL_PARAMETRIC_V1","DTL_TEMPORAL_ACTUAL_DIE_V1","DTL_TEMPORAL_POPULATION_V1"
"2026-03","March 2026",3,"DTL_NORM_002","DTL_NORM_002_D002","die_002",2,"NORMAL","COND_HOT_HIGHV",85,1.1,"HIGH_VDD","T_IDDQ","IDDQ",72.34179115086276,"uA","UPPER",50,"NOT_DEFINED",30,100,"NOT_UNIFORM","30.0,35.0,40.0,45.0,50.0,55.0,60.0,70.0,80.0,100.0","SYNTHETIC_ASSUMED","F",2.8414260649872363,"TESTER_A",20260115,"temporal_parametric_v1.0.0","DTL_TEMPORAL_PARAMETRIC_V1","DTL_TEMPORAL_ACTUAL_DIE_V1","DTL_TEMPORAL_POPULATION_V1"
"2026-03","March 2026",3,"DTL_NORM_002","DTL_NORM_002_D002","die_002",2,"NORMAL","COND_HOT_HIGHV",85,1.1,"HIGH_VDD","T_SUPPLY_CURRENT","SUPPLY_CURRENT",138.51864274279174,"mA","UPPER",120,"NOT_DEFINED",90,200,"NOT_UNIFORM","90.0,100.0,110.0,120.0,130.0,140.0,150.0,170.0,200.0","SYNTHETIC_ASSUMED","F",2.8414260649872363,"TESTER_A",20260115,"temporal_parametric_v1.0.0","DTL_TEMPORAL_PARAMETRIC_V1","DTL_TEMPORAL_ACTUAL_DIE_V1","DTL_TEMPORAL_POPULATION_V1"
"2026-03","March 2026",3,"DTL_NORM_002","DTL_NORM_002_D003","die_003",3,"NORMAL","COND_RT_NOM",25,1,"NOMINAL","T_CONTACT_R","CONTACT_RESISTANCE",4.4409071551661,"ohm","UPPER",5,"NOT_DEFINED",3.5,10,"NOT_UNIFORM","3.5,4.0,4.5,5.0,5.5,6.0,7.0,8.0,10.0","SYNTHETIC_ASSUMED","P",2.156495804137324,"TESTER_A",20260115,"temporal_parametric_v1.0.0","DTL_TEMPORAL_PARAMETRIC_V1","DTL_TEMPORAL_ACTUAL_DIE_V1","DTL_TEMPORAL_POPULATION_V1"
"2026-03","March 2026",3,"DTL_NORM_002","DTL_NORM_002_D003","die_003",3,"NORMAL","COND_RT_NOM",25,1,"NOMINAL","T_INTERCONNECT_R","INTERCONNECT_RESISTANCE",14.902822885919038,"ohm","UPPER",15,"NOT_DEFINED",11,25,"NOT_UNIFORM","11.0,12.0,13.0,14.0,15.0,16.0,18.0,20.0,25.0","SYNTHETIC_ASSUMED","P",2.156495804137324,"TESTER_A",20260115,"temporal_parametric_v1.0.0","DTL_TEMPORAL_PARAMETRIC_V1","DTL_TEMPORAL_ACTUAL_DIE_V1","DTL_TEMPORAL_POPULATION_V1"
"2026-03","March 2026",3,"DTL_NORM_002","DTL_NORM_002_D003","die_003",3,"NORMAL","COND_RT_NOM",25,1,"NOMINAL","T_ON_R","ON_RESISTANCE",25.286239204247984,"ohm","UPPER",25,"NOT_DEFINED",18,50,"NOT_UNIFORM","18.0,20.0,22.0,25.0,28.0,30.0,35.0,40.0,50.0","SYNTHETIC_ASSUMED","F",2.156495804137324,"TESTER_A",20260115,"temporal_parametric_v1.0.0","DTL_TEMPORAL_PARAMETRIC_V1","DTL_TEMPORAL_ACTUAL_DIE_V1","DTL_TEMPORAL_POPULATION_V1"
"2026-03","March 2026",3,"DTL_NORM_002","DTL_NORM_002_D003","die_003",3,"NORMAL","COND_RT_NOM",25,1,"NOMINAL","T_VMIN","VMIN",0.9389970659329188,"V","UPPER",0.85,"NOT_DEFINED",0.75,1,"NOT_UNIFORM","0.75,0.78,0.8,0.82,0.85,0.88,0.9,0.92,0.95,1.0","SYNTHETIC_ASSUMED","F",2.156495804137324,"TESTER_A",20260115,"temporal_parametric_v1.0.0","DTL_TEMPORAL_PARAMETRIC_V1","DTL_TEMPORAL_ACTUAL_DIE_V1","DTL_TEMPORAL_POPULATION_V1"
"2026-03","March 2026",3,"DTL_NORM_002","DTL_NORM_002_D003","die_003",3,"NORMAL","COND_RT_NOM",25,1,"NOMINAL","T_VMAX","VMAX",1.110955554644656,"V","LOWER",1.15,"NOT_DEFINED",1.05,1.25,"NOT_UNIFORM","1.05,1.08,1.1,1.12,1.15,1.18,1.2,1.22,1.25","SYNTHETIC_ASSUMED","F",2.156495804137324,"TESTER_A",20260115,"temporal_parametric_v1.0.0","DTL_TEMPORAL_PARAMETRIC_V1","DTL_TEMPORAL_ACTUAL_DIE_V1","DTL_TEMPORAL_POPULATION_V1"
"2026-03","March 2026",3,"DTL_NORM_002","DTL_NORM_002_D003","die_003",3,"NORMAL","COND_RT_NOM",25,1,"NOMINAL","T_IDDQ","IDDQ",46.15892912415013,"uA","UPPER",50,"NOT_DEFINED",30,100,"NOT_UNIFORM","30.0,35.0,40.0,45.0,50.0,55.0,60.0,70.0,80.0,100.0","SYNTHETIC_ASSUMED","P",2.156495804137324,"TESTER_A",20260115,"temporal_parametric_v1.0.0","DTL_TEMPORAL_PARAMETRIC_V1","DTL_TEMPORAL_ACTUAL_DIE_V1","DTL_TEMPORAL_POPULATION_V1"
"2026-03","March 2026",3,"DTL_NORM_002","DTL_NORM_002_D003","die_003",3,"NORMAL","COND_RT_NOM",25,1,"NOMINAL","T_SUPPLY_CURRENT","SUPPLY_CURRENT",109.9219157654362,"mA","UPPER",120,"NOT_DEFINED",90,200,"NOT_UNIFORM","90.0,100.0,110.0,120.0,130.0,140.0,150.0,170.0,200.0","SYNTHETIC_ASSUMED","P",2.156495804137324,"TESTER_A",20260115,"temporal_parametric_v1.0.0","DTL_TEMPORAL_PARAMETRIC_V1","DTL_TEMPORAL_ACTUAL_DIE_V1","DTL_TEMPORAL_POPULATION_V1"
"2026-03","March 2026",3,"DTL_NORM_002","DTL_NORM_002_D003","die_003",3,"NORMAL","COND_HOT_NOM",85,1,"HOT","T_CONTACT_R","CONTACT_RESISTANCE",4.773624877935932,"ohm","UPPER",5,"NOT_DEFINED",3.5,10,"NOT_UNIFORM","3.5,4.0,4.5,5.0,5.5,6.0,7.0,8.0,10.0","SYNTHETIC_ASSUMED","P",2.156495804137324,"TESTER_A",20260115,"temporal_parametric_v1.0.0","DTL_TEMPORAL_PARAMETRIC_V1","DTL_TEMPORAL_ACTUAL_DIE_V1","DTL_TEMPORAL_POPULATION_V1"
"2026-03","March 2026",3,"DTL_NORM_002","DTL_NORM_002_D003","die_003",3,"NORMAL","COND_HOT_NOM",85,1,"HOT","T_INTERCONNECT_R","INTERCONNECT_RESISTANCE",15.1219367422696,"ohm","UPPER",15,"NOT_DEFINED",11,25,"NOT_UNIFORM","11.0,12.0,13.0,14.0,15.0,16.0,18.0,20.0,25.0","SYNTHETIC_ASSUMED","F",2.156495804137324,"TESTER_A",20260115,"temporal_parametric_v1.0.0","DTL_TEMPORAL_PARAMETRIC_V1","DTL_TEMPORAL_ACTUAL_DIE_V1","DTL_TEMPORAL_POPULATION_V1"
"2026-03","March 2026",3,"DTL_NORM_002","DTL_NORM_002_D003","die_003",3,"NORMAL","COND_HOT_NOM",85,1,"HOT","T_ON_R","ON_RESISTANCE",25.12031745170009,"ohm","UPPER",25,"NOT_DEFINED",18,50,"NOT_UNIFORM","18.0,20.0,22.0,25.0,28.0,30.0,35.0,40.0,50.0","SYNTHETIC_ASSUMED","F",2.156495804137324,"TESTER_A",20260115,"temporal_parametric_v1.0.0","DTL_TEMPORAL_PARAMETRIC_V1","DTL_TEMPORAL_ACTUAL_DIE_V1","DTL_TEMPORAL_POPULATION_V1"
"2026-03","March 2026",3,"DTL_NORM_002","DTL_NORM_002_D003","die_003",3,"NORMAL","COND_HOT_NOM",85,1,"HOT","T_VMIN","VMIN",0.8945481919959671,"V","UPPER",0.85,"NOT_DEFINED",0.75,1,"NOT_UNIFORM","0.75,0.78,0.8,0.82,0.85,0.88,0.9,0.92,0.95,1.0","SYNTHETIC_ASSUMED","F",2.156495804137324,"TESTER_A",20260115,"temporal_parametric_v1.0.0","DTL_TEMPORAL_PARAMETRIC_V1","DTL_TEMPORAL_ACTUAL_DIE_V1","DTL_TEMPORAL_POPULATION_V1"
"2026-03","March 2026",3,"DTL_NORM_002","DTL_NORM_002_D003","die_003",3,"NORMAL","COND_HOT_NOM",85,1,"HOT","T_VMAX","VMAX",1.122420118579827,"V","LOWER",1.15,"NOT_DEFINED",1.05,1.25,"NOT_UNIFORM","1.05,1.08,1.1,1.12,1.15,1.18,1.2,1.22,1.25","SYNTHETIC_ASSUMED","F",2.156495804137324,"TESTER_A",20260115,"temporal_parametric_v1.0.0","DTL_TEMPORAL_PARAMETRIC_V1","DTL_TEMPORAL_ACTUAL_DIE_V1","DTL_TEMPORAL_POPULATION_V1"
"2026-03","March 2026",3,"DTL_NORM_002","DTL_NORM_002_D003","die_003",3,"NORMAL","COND_HOT_NOM",85,1,"HOT","T_IDDQ","IDDQ",58.03353064635064,"uA","UPPER",50,"NOT_DEFINED",30,100,"NOT_UNIFORM","30.0,35.0,40.0,45.0,50.0,55.0,60.0,70.0,80.0,100.0","SYNTHETIC_ASSUMED","F",2.156495804137324,"TESTER_A",20260115,"temporal_parametric_v1.0.0","DTL_TEMPORAL_PARAMETRIC_V1","DTL_TEMPORAL_ACTUAL_DIE_V1","DTL_TEMPORAL_POPULATION_V1"
"2026-03","March 2026",3,"DTL_NORM_002","DTL_NORM_002_D003","die_003",3,"NORMAL","COND_HOT_NOM",85,1,"HOT","T_SUPPLY_CURRENT","SUPPLY_CURRENT",123.8776197804591,"mA","UPPER",120,"NOT_DEFINED",90,200,"NOT_UNIFORM","90.0,100.0,110.0,120.0,130.0,140.0,150.0,170.0,200.0","SYNTHETIC_ASSUMED","F",2.156495804137324,"TESTER_A",20260115,"temporal_parametric_v1.0.0","DTL_TEMPORAL_PARAMETRIC_V1","DTL_TEMPORAL_ACTUAL_DIE_V1","DTL_TEMPORAL_POPULATION_V1"
"2026-03","March 2026",3,"DTL_NORM_002","DTL_NORM_002_D003","die_003",3,"NORMAL","COND_RT_LOWV",25,0.9,"LOW_VDD","T_CONTACT_R","CONTACT_RESISTANCE",4.922056957450199,"ohm","UPPER",5,"NOT_DEFINED",3.5,10,"NOT_UNIFORM","3.5,4.0,4.5,5.0,5.5,6.0,7.0,8.0,10.0","SYNTHETIC_ASSUMED","P",2.156495804137324,"TESTER_A",20260115,"temporal_parametric_v1.0.0","DTL_TEMPORAL_PARAMETRIC_V1","DTL_TEMPORAL_ACTUAL_DIE_V1","DTL_TEMPORAL_POPULATION_V1"
"2026-03","March 2026",3,"DTL_NORM_002","DTL_NORM_002_D003","die_003",3,"NORMAL","COND_RT_LOWV",25,0.9,"LOW_VDD","T_INTERCONNECT_R","INTERCONNECT_RESISTANCE",14.328281807144393,"ohm","UPPER",15,"NOT_DEFINED",11,25,"NOT_UNIFORM","11.0,12.0,13.0,14.0,15.0,16.0,18.0,20.0,25.0","SYNTHETIC_ASSUMED","P",2.156495804137324,"TESTER_A",20260115,"temporal_parametric_v1.0.0","DTL_TEMPORAL_PARAMETRIC_V1","DTL_TEMPORAL_ACTUAL_DIE_V1","DTL_TEMPORAL_POPULATION_V1"
"2026-03","March 2026",3,"DTL_NORM_002","DTL_NORM_002_D003","die_003",3,"NORMAL","COND_RT_LOWV",25,0.9,"LOW_VDD","T_ON_R","ON_RESISTANCE",25.087558554431823,"ohm","UPPER",25,"NOT_DEFINED",18,50,"NOT_UNIFORM","18.0,20.0,22.0,25.0,28.0,30.0,35.0,40.0,50.0","SYNTHETIC_ASSUMED","F",2.156495804137324,"TESTER_A",20260115,"temporal_parametric_v1.0.0","DTL_TEMPORAL_PARAMETRIC_V1","DTL_TEMPORAL_ACTUAL_DIE_V1","DTL_TEMPORAL_POPULATION_V1"
"2026-03","March 2026",3,"DTL_NORM_002","DTL_NORM_002_D003","die_003",3,"NORMAL","COND_RT_LOWV",25,0.9,"LOW_VDD","T_VMIN","VMIN",0.9142441729468316,"V","UPPER",0.85,"NOT_DEFINED",0.75,1,"NOT_UNIFORM","0.75,0.78,0.8,0.82,0.85,0.88,0.9,0.92,0.95,1.0","SYNTHETIC_ASSUMED","F",2.156495804137324,"TESTER_A",20260115,"temporal_parametric_v1.0.0","DTL_TEMPORAL_PARAMETRIC_V1","DTL_TEMPORAL_ACTUAL_DIE_V1","DTL_TEMPORAL_POPULATION_V1"
"2026-03","March 2026",3,"DTL_NORM_002","DTL_NORM_002_D003","die_003",3,"NORMAL","COND_RT_LOWV",25,0.9,"LOW_VDD","T_VMAX","VMAX",1.0918538830907318,"V","LOWER",1.15,"NOT_DEFINED",1.05,1.25,"NOT_UNIFORM","1.05,1.08,1.1,1.12,1.15,1.18,1.2,1.22,1.25","SYNTHETIC_ASSUMED","F",2.156495804137324,"TESTER_A",20260115,"temporal_parametric_v1.0.0","DTL_TEMPORAL_PARAMETRIC_V1","DTL_TEMPORAL_ACTUAL_DIE_V1","DTL_TEMPORAL_POPULATION_V1"
"2026-03","March 2026",3,"DTL_NORM_002","DTL_NORM_002_D003","die_003",3,"NORMAL","COND_RT_LOWV",25,0.9,"LOW_VDD","T_IDDQ","IDDQ",53.28289511756501,"uA","UPPER",50,"NOT_DEFINED",30,100,"NOT_UNIFORM","30.0,35.0,40.0,45.0,50.0,55.0,60.0,70.0,80.0,100.0","SYNTHETIC_ASSUMED","F",2.156495804137324,"TESTER_A",20260115,"temporal_parametric_v1.0.0","DTL_TEMPORAL_PARAMETRIC_V1","DTL_TEMPORAL_ACTUAL_DIE_V1","DTL_TEMPORAL_POPULATION_V1"
"2026-03","March 2026",3,"DTL_NORM_002","DTL_NORM_002_D003","die_003",3,"NORMAL","COND_RT_LOWV",25,0.9,"LOW_VDD","T_SUPPLY_CURRENT","SUPPLY_CURRENT",114.34043922348204,"mA","UPPER",120,"NOT_DEFINED",90,200,"NOT_UNIFORM","90.0,100.0,110.0,120.0,130.0,140.0,150.0,170.0,200.0","SYNTHETIC_ASSUMED","P",2.156495804137324,"TESTER_A",20260115,"temporal_parametric_v1.0.0","DTL_TEMPORAL_PARAMETRIC_V1","DTL_TEMPORAL_ACTUAL_DIE_V1","DTL_TEMPORAL_POPULATION_V1"
"2026-03","March 2026",3,"DTL_NORM_002","DTL_NORM_002_D003","die_003",3,"NORMAL","COND_HOT_HIGHV",85,1.1,"HIGH_VDD","T_CONTACT_R","CONTACT_RESISTANCE",5.526182671177026,"ohm","UPPER",5,"NOT_DEFINED",3.5,10,"NOT_UNIFORM","3.5,4.0,4.5,5.0,5.5,6.0,7.0,8.0,10.0","SYNTHETIC_ASSUMED","F",2.156495804137324,"TESTER_A",20260115,"temporal_parametric_v1.0.0","DTL_TEMPORAL_PARAMETRIC_V1","DTL_TEMPORAL_ACTUAL_DIE_V1","DTL_TEMPORAL_POPULATION_V1"
"2026-03","March 2026",3,"DTL_NORM_002","DTL_NORM_002_D003","die_003",3,"NORMAL","COND_HOT_HIGHV",85,1.1,"HIGH_VDD","T_INTERCONNECT_R","INTERCONNECT_RESISTANCE",16.06053290362217,"ohm","UPPER",15,"NOT_DEFINED",11,25,"NOT_UNIFORM","11.0,12.0,13.0,14.0,15.0,16.0,18.0,20.0,25.0","SYNTHETIC_ASSUMED","F",2.156495804137324,"TESTER_A",20260115,"temporal_parametric_v1.0.0","DTL_TEMPORAL_PARAMETRIC_V1","DTL_TEMPORAL_ACTUAL_DIE_V1","DTL_TEMPORAL_POPULATION_V1"
"2026-03","March 2026",3,"DTL_NORM_002","DTL_NORM_002_D003","die_003",3,"NORMAL","COND_HOT_HIGHV",85,1.1,"HIGH_VDD","T_ON_R","ON_RESISTANCE",20.950962794183333,"ohm","UPPER",25,"NOT_DEFINED",18,50,"NOT_UNIFORM","18.0,20.0,22.0,25.0,28.0,30.0,35.0,40.0,50.0","SYNTHETIC_ASSUMED","P",2.156495804137324,"TESTER_A",20260115,"temporal_parametric_v1.0.0","DTL_TEMPORAL_PARAMETRIC_V1","DTL_TEMPORAL_ACTUAL_DIE_V1","DTL_TEMPORAL_POPULATION_V1"
"2026-03","March 2026",3,"DTL_NORM_002","DTL_NORM_002_D003","die_003",3,"NORMAL","COND_HOT_HIGHV",85,1.1,"HIGH_VDD","T_VMIN","VMIN",0.8698936976884099,"V","UPPER",0.85,"NOT_DEFINED",0.75,1,"NOT_UNIFORM","0.75,0.78,0.8,0.82,0.85,0.88,0.9,0.92,0.95,1.0","SYNTHETIC_ASSUMED","F",2.156495804137324,"TESTER_A",20260115,"temporal_parametric_v1.0.0","DTL_TEMPORAL_PARAMETRIC_V1","DTL_TEMPORAL_ACTUAL_DIE_V1","DTL_TEMPORAL_POPULATION_V1"
"2026-03","March 2026",3,"DTL_NORM_002","DTL_NORM_002_D003","die_003",3,"NORMAL","COND_HOT_HIGHV",85,1.1,"HIGH_VDD","T_VMAX","VMAX",1.19048517460711,"V","LOWER",1.15,"NOT_DEFINED",1.05,1.25,"NOT_UNIFORM","1.05,1.08,1.1,1.12,1.15,1.18,1.2,1.22,1.25","SYNTHETIC_ASSUMED","P",2.156495804137324,"TESTER_A",20260115,"temporal_parametric_v1.0.0","DTL_TEMPORAL_PARAMETRIC_V1","DTL_TEMPORAL_ACTUAL_DIE_V1","DTL_TEMPORAL_POPULATION_V1"
"2026-03","March 2026",3,"DTL_NORM_002","DTL_NORM_002_D003","die_003",3,"NORMAL","COND_HOT_HIGHV",85,1.1,"HIGH_VDD","T_IDDQ","IDDQ",62.51366584424866,"uA","UPPER",50,"NOT_DEFINED",30,100,"NOT_UNIFORM","30.0,35.0,40.0,45.0,50.0,55.0,60.0,70.0,80.0,100.0","SYNTHETIC_ASSUMED","F",2.156495804137324,"TESTER_A",20260115,"temporal_parametric_v1.0.0","DTL_TEMPORAL_PARAMETRIC_V1","DTL_TEMPORAL_ACTUAL_DIE_V1","DTL_TEMPORAL_POPULATION_V1"
"2026-03","March 2026",3,"DTL_NORM_002","DTL_NORM_002_D003","die_003",3,"NORMAL","COND_HOT_HIGHV",85,1.1,"HIGH_VDD","T_SUPPLY_CURRENT","SUPPLY_CURRENT",121.72164268279931,"mA","UPPER",120,"NOT_DEFINED",90,200,"NOT_UNIFORM","90.0,100.0,110.0,120.0,130.0,140.0,150.0,170.0,200.0","SYNTHETIC_ASSUMED","F",2.156495804137324,"TESTER_A",20260115,"temporal_parametric_v1.0.0","DTL_TEMPORAL_PARAMETRIC_V1","DTL_TEMPORAL_ACTUAL_DIE_V1","DTL_TEMPORAL_POPULATION_V1"
"2026-03","March 2026",3,"DTL_SCRATCH_001","DTL_SCRATCH_001_D001","die_001",1,"SCRATCH","COND_RT_NOM",25,1,"NOMINAL","T_CONTACT_R","CONTACT_RESISTANCE",7.40835667879103,"ohm","UPPER",5,"NOT_DEFINED",3.5,10,"NOT_UNIFORM","3.5,4.0,4.5,5.0,5.5,6.0,7.0,8.0,10.0","SYNTHETIC_ASSUMED","F",4.4364554242854455,"TESTER_A",20260115,"temporal_parametric_v1.0.0","DTL_TEMPORAL_PARAMETRIC_V1","DTL_TEMPORAL_ACTUAL_DIE_V1","DTL_TEMPORAL_POPULATION_V1"
"2026-03","March 2026",3,"DTL_SCRATCH_001","DTL_SCRATCH_001_D001","die_001",1,"SCRATCH","COND_RT_NOM",25,1,"NOMINAL","T_INTERCONNECT_R","INTERCONNECT_RESISTANCE",21.418620429512053,"ohm","UPPER",15,"NOT_DEFINED",11,25,"NOT_UNIFORM","11.0,12.0,13.0,14.0,15.0,16.0,18.0,20.0,25.0","SYNTHETIC_ASSUMED","F",4.4364554242854455,"TESTER_A",20260115,"temporal_parametric_v1.0.0","DTL_TEMPORAL_PARAMETRIC_V1","DTL_TEMPORAL_ACTUAL_DIE_V1","DTL_TEMPORAL_POPULATION_V1"
"2026-03","March 2026",3,"DTL_SCRATCH_001","DTL_SCRATCH_001_D001","die_001",1,"SCRATCH","COND_RT_NOM",25,1,"NOMINAL","T_ON_R","ON_RESISTANCE",30.967758913789613,"ohm","UPPER",25,"NOT_DEFINED",18,50,"NOT_UNIFORM","18.0,20.0,22.0,25.0,28.0,30.0,35.0,40.0,50.0","SYNTHETIC_ASSUMED","F",4.4364554242854455,"TESTER_A",20260115,"temporal_parametric_v1.0.0","DTL_TEMPORAL_PARAMETRIC_V1","DTL_TEMPORAL_ACTUAL_DIE_V1","DTL_TEMPORAL_POPULATION_V1"
"2026-03","March 2026",3,"DTL_SCRATCH_001","DTL_SCRATCH_001_D001","die_001",1,"SCRATCH","COND_RT_NOM",25,1,"NOMINAL","T_VMIN","VMIN",1.0030632839166835,"V","UPPER",0.85,"NOT_DEFINED",0.75,1,"NOT_UNIFORM","0.75,0.78,0.8,0.82,0.85,0.88,0.9,0.92,0.95,1.0","SYNTHETIC_ASSUMED","F",4.4364554242854455,"TESTER_A",20260115,"temporal_parametric_v1.0.0","DTL_TEMPORAL_PARAMETRIC_V1","DTL_TEMPORAL_ACTUAL_DIE_V1","DTL_TEMPORAL_POPULATION_V1"
"2026-03","March 2026",3,"DTL_SCRATCH_001","DTL_SCRATCH_001_D001","die_001",1,"SCRATCH","COND_RT_NOM",25,1,"NOMINAL","T_VMAX","VMAX",0.9729391147571484,"V","LOWER",1.15,"NOT_DEFINED",1.05,1.25,"NOT_UNIFORM","1.05,1.08,1.1,1.12,1.15,1.18,1.2,1.22,1.25","SYNTHETIC_ASSUMED","F",4.4364554242854455,"TESTER_A",20260115,"temporal_parametric_v1.0.0","DTL_TEMPORAL_PARAMETRIC_V1","DTL_TEMPORAL_ACTUAL_DIE_V1","DTL_TEMPORAL_POPULATION_V1"
"2026-03","March 2026",3,"DTL_SCRATCH_001","DTL_SCRATCH_001_D001","die_001",1,"SCRATCH","COND_RT_NOM",25,1,"NOMINAL","T_IDDQ","IDDQ",77.89303437176996,"uA","UPPER",50,"NOT_DEFINED",30,100,"NOT_UNIFORM","30.0,35.0,40.0,45.0,50.0,55.0,60.0,70.0,80.0,100.0","SYNTHETIC_ASSUMED","F",4.4364554242854455,"TESTER_A",20260115,"temporal_parametric_v1.0.0","DTL_TEMPORAL_PARAMETRIC_V1","DTL_TEMPORAL_ACTUAL_DIE_V1","DTL_TEMPORAL_POPULATION_V1"
"2026-03","March 2026",3,"DTL_SCRATCH_001","DTL_SCRATCH_001_D001","die_001",1,"SCRATCH","COND_RT_NOM",25,1,"NOMINAL","T_SUPPLY_CURRENT","SUPPLY_CURRENT",155.83410978992114,"mA","UPPER",120,"NOT_DEFINED",90,200,"NOT_UNIFORM","90.0,100.0,110.0,120.0,130.0,140.0,150.0,170.0,200.0","SYNTHETIC_ASSUMED","F",4.4364554242854455,"TESTER_A",20260115,"temporal_parametric_v1.0.0","DTL_TEMPORAL_PARAMETRIC_V1","DTL_TEMPORAL_ACTUAL_DIE_V1","DTL_TEMPORAL_POPULATION_V1"
"2026-03","March 2026",3,"DTL_SCRATCH_001","DTL_SCRATCH_001_D001","die_001",1,"SCRATCH","COND_HOT_NOM",85,1,"HOT","T_CONTACT_R","CONTACT_RESISTANCE",7.605641282057148,"ohm","UPPER",5,"NOT_DEFINED",3.5,10,"NOT_UNIFORM","3.5,4.0,4.5,5.0,5.5,6.0,7.0,8.0,10.0","SYNTHETIC_ASSUMED","F",4.4364554242854455,"TESTER_A",20260115,"temporal_parametric_v1.0.0","DTL_TEMPORAL_PARAMETRIC_V1","DTL_TEMPORAL_ACTUAL_DIE_V1","DTL_TEMPORAL_POPULATION_V1"
"2026-03","March 2026",3,"DTL_SCRATCH_001","DTL_SCRATCH_001_D001","die_001",1,"SCRATCH","COND_HOT_NOM",85,1,"HOT","T_INTERCONNECT_R","INTERCONNECT_RESISTANCE",23.405010072790915,"ohm","UPPER",15,"NOT_DEFINED",11,25,"NOT_UNIFORM","11.0,12.0,13.0,14.0,15.0,16.0,18.0,20.0,25.0","SYNTHETIC_ASSUMED","F",4.4364554242854455,"TESTER_A",20260115,"temporal_parametric_v1.0.0","DTL_TEMPORAL_PARAMETRIC_V1","DTL_TEMPORAL_ACTUAL_DIE_V1","DTL_TEMPORAL_POPULATION_V1"
"2026-03","March 2026",3,"DTL_SCRATCH_001","DTL_SCRATCH_001_D001","die_001",1,"SCRATCH","COND_HOT_NOM",85,1,"HOT","T_ON_R","ON_RESISTANCE",29.68511689046099,"ohm","UPPER",25,"NOT_DEFINED",18,50,"NOT_UNIFORM","18.0,20.0,22.0,25.0,28.0,30.0,35.0,40.0,50.0","SYNTHETIC_ASSUMED","F",4.4364554242854455,"TESTER_A",20260115,"temporal_parametric_v1.0.0","DTL_TEMPORAL_PARAMETRIC_V1","DTL_TEMPORAL_ACTUAL_DIE_V1","DTL_TEMPORAL_POPULATION_V1"
"2026-03","March 2026",3,"DTL_SCRATCH_001","DTL_SCRATCH_001_D001","die_001",1,"SCRATCH","COND_HOT_NOM",85,1,"HOT","T_VMIN","VMIN",0.9380430193557012,"V","UPPER",0.85,"NOT_DEFINED",0.75,1,"NOT_UNIFORM","0.75,0.78,0.8,0.82,0.85,0.88,0.9,0.92,0.95,1.0","SYNTHETIC_ASSUMED","F",4.4364554242854455,"TESTER_A",20260115,"temporal_parametric_v1.0.0","DTL_TEMPORAL_PARAMETRIC_V1","DTL_TEMPORAL_ACTUAL_DIE_V1","DTL_TEMPORAL_POPULATION_V1"
"2026-03","March 2026",3,"DTL_SCRATCH_001","DTL_SCRATCH_001_D001","die_001",1,"SCRATCH","COND_HOT_NOM",85,1,"HOT","T_VMAX","VMAX",0.9697090576584064,"V","LOWER",1.15,"NOT_DEFINED",1.05,1.25,"NOT_UNIFORM","1.05,1.08,1.1,1.12,1.15,1.18,1.2,1.22,1.25","SYNTHETIC_ASSUMED","F",4.4364554242854455,"TESTER_A",20260115,"temporal_parametric_v1.0.0","DTL_TEMPORAL_PARAMETRIC_V1","DTL_TEMPORAL_ACTUAL_DIE_V1","DTL_TEMPORAL_POPULATION_V1"
"2026-03","March 2026",3,"DTL_SCRATCH_001","DTL_SCRATCH_001_D001","die_001",1,"SCRATCH","COND_HOT_NOM",85,1,"HOT","T_IDDQ","IDDQ",88.5091642754285,"uA","UPPER",50,"NOT_DEFINED",30,100,"NOT_UNIFORM","30.0,35.0,40.0,45.0,50.0,55.0,60.0,70.0,80.0,100.0","SYNTHETIC_ASSUMED","F",4.4364554242854455,"TESTER_A",20260115,"temporal_parametric_v1.0.0","DTL_TEMPORAL_PARAMETRIC_V1","DTL_TEMPORAL_ACTUAL_DIE_V1","DTL_TEMPORAL_POPULATION_V1"
"2026-03","March 2026",3,"DTL_SCRATCH_001","DTL_SCRATCH_001_D001","die_001",1,"SCRATCH","COND_HOT_NOM",85,1,"HOT","T_SUPPLY_CURRENT","SUPPLY_CURRENT",129.4132659947034,"mA","UPPER",120,"NOT_DEFINED",90,200,"NOT_UNIFORM","90.0,100.0,110.0,120.0,130.0,140.0,150.0,170.0,200.0","SYNTHETIC_ASSUMED","F",4.4364554242854455,"TESTER_A",20260115,"temporal_parametric_v1.0.0","DTL_TEMPORAL_PARAMETRIC_V1","DTL_TEMPORAL_ACTUAL_DIE_V1","DTL_TEMPORAL_POPULATION_V1"
"2026-03","March 2026",3,"DTL_SCRATCH_001","DTL_SCRATCH_001_D001","die_001",1,"SCRATCH","COND_RT_LOWV",25,0.9,"LOW_VDD","T_CONTACT_R","CONTACT_RESISTANCE",6.72587369847228,"ohm","UPPER",5,"NOT_DEFINED",3.5,10,"NOT_UNIFORM","3.5,4.0,4.5,5.0,5.5,6.0,7.0,8.0,10.0","SYNTHETIC_ASSUMED","F",4.4364554242854455,"TESTER_A",20260115,"temporal_parametric_v1.0.0","DTL_TEMPORAL_PARAMETRIC_V1","DTL_TEMPORAL_ACTUAL_DIE_V1","DTL_TEMPORAL_POPULATION_V1"
"2026-03","March 2026",3,"DTL_SCRATCH_001","DTL_SCRATCH_001_D001","die_001",1,"SCRATCH","COND_RT_LOWV",25,0.9,"LOW_VDD","T_INTERCONNECT_R","INTERCONNECT_RESISTANCE",18.46298024997814,"ohm","UPPER",15,"NOT_DEFINED",11,25,"NOT_UNIFORM","11.0,12.0,13.0,14.0,15.0,16.0,18.0,20.0,25.0","SYNTHETIC_ASSUMED","F",4.4364554242854455,"TESTER_A",20260115,"temporal_parametric_v1.0.0","DTL_TEMPORAL_PARAMETRIC_V1","DTL_TEMPORAL_ACTUAL_DIE_V1","DTL_TEMPORAL_POPULATION_V1"
"2026-03","March 2026",3,"DTL_SCRATCH_001","DTL_SCRATCH_001_D001","die_001",1,"SCRATCH","COND_RT_LOWV",25,0.9,"LOW_VDD","T_ON_R","ON_RESISTANCE",30.31636161764773,"ohm","UPPER",25,"NOT_DEFINED",18,50,"NOT_UNIFORM","18.0,20.0,22.0,25.0,28.0,30.0,35.0,40.0,50.0","SYNTHETIC_ASSUMED","F",4.4364554242854455,"TESTER_A",20260115,"temporal_parametric_v1.0.0","DTL_TEMPORAL_PARAMETRIC_V1","DTL_TEMPORAL_ACTUAL_DIE_V1","DTL_TEMPORAL_POPULATION_V1"
"2026-03","March 2026",3,"DTL_SCRATCH_001","DTL_SCRATCH_001_D001","die_001",1,"SCRATCH","COND_RT_LOWV",25,0.9,"LOW_VDD","T_VMIN","VMIN",0.9489537450137046,"V","UPPER",0.85,"NOT_DEFINED",0.75,1,"NOT_UNIFORM","0.75,0.78,0.8,0.82,0.85,0.88,0.9,0.92,0.95,1.0","SYNTHETIC_ASSUMED","F",4.4364554242854455,"TESTER_A",20260115,"temporal_parametric_v1.0.0","DTL_TEMPORAL_PARAMETRIC_V1","DTL_TEMPORAL_ACTUAL_DIE_V1","DTL_TEMPORAL_POPULATION_V1"
"2026-03","March 2026",3,"DTL_SCRATCH_001","DTL_SCRATCH_001_D001","die_001",1,"SCRATCH","COND_RT_LOWV",25,0.9,"LOW_VDD","T_VMAX","VMAX",0.9795738328214992,"V","LOWER",1.15,"NOT_DEFINED",1.05,1.25,"NOT_UNIFORM","1.05,1.08,1.1,1.12,1.15,1.18,1.2,1.22,1.25","SYNTHETIC_ASSUMED","F",4.4364554242854455,"TESTER_A",20260115,"temporal_parametric_v1.0.0","DTL_TEMPORAL_PARAMETRIC_V1","DTL_TEMPORAL_ACTUAL_DIE_V1","DTL_TEMPORAL_POPULATION_V1"
"2026-03","March 2026",3,"DTL_SCRATCH_001","DTL_SCRATCH_001_D001","die_001",1,"SCRATCH","COND_RT_LOWV",25,0.9,"LOW_VDD","T_IDDQ","IDDQ",73.9450809918316,"uA","UPPER",50,"NOT_DEFINED",30,100,"NOT_UNIFORM","30.0,35.0,40.0,45.0,50.0,55.0,60.0,70.0,80.0,100.0","SYNTHETIC_ASSUMED","F",4.4364554242854455,"TESTER_A",20260115,"temporal_parametric_v1.0.0","DTL_TEMPORAL_PARAMETRIC_V1","DTL_TEMPORAL_ACTUAL_DIE_V1","DTL_TEMPORAL_POPULATION_V1"
"2026-03","March 2026",3,"DTL_SCRATCH_001","DTL_SCRATCH_001_D001","die_001",1,"SCRATCH","COND_RT_LOWV",25,0.9,"LOW_VDD","T_SUPPLY_CURRENT","SUPPLY_CURRENT",140.42461720249065,"mA","UPPER",120,"NOT_DEFINED",90,200,"NOT_UNIFORM","90.0,100.0,110.0,120.0,130.0,140.0,150.0,170.0,200.0","SYNTHETIC_ASSUMED","F",4.4364554242854455,"TESTER_A",20260115,"temporal_parametric_v1.0.0","DTL_TEMPORAL_PARAMETRIC_V1","DTL_TEMPORAL_ACTUAL_DIE_V1","DTL_TEMPORAL_POPULATION_V1"
"2026-03","March 2026",3,"DTL_SCRATCH_001","DTL_SCRATCH_001_D001","die_001",1,"SCRATCH","COND_HOT_HIGHV",85,1.1,"HIGH_VDD","T_CONTACT_R","CONTACT_RESISTANCE",7.125291861953142,"ohm","UPPER",5,"NOT_DEFINED",3.5,10,"NOT_UNIFORM","3.5,4.0,4.5,5.0,5.5,6.0,7.0,8.0,10.0","SYNTHETIC_ASSUMED","F",4.4364554242854455,"TESTER_A",20260115,"temporal_parametric_v1.0.0","DTL_TEMPORAL_PARAMETRIC_V1","DTL_TEMPORAL_ACTUAL_DIE_V1","DTL_TEMPORAL_POPULATION_V1"
"2026-03","March 2026",3,"DTL_SCRATCH_001","DTL_SCRATCH_001_D001","die_001",1,"SCRATCH","COND_HOT_HIGHV",85,1.1,"HIGH_VDD","T_INTERCONNECT_R","INTERCONNECT_RESISTANCE",22.24637188178323,"ohm","UPPER",15,"NOT_DEFINED",11,25,"NOT_UNIFORM","11.0,12.0,13.0,14.0,15.0,16.0,18.0,20.0,25.0","SYNTHETIC_ASSUMED","F",4.4364554242854455,"TESTER_A",20260115,"temporal_parametric_v1.0.0","DTL_TEMPORAL_PARAMETRIC_V1","DTL_TEMPORAL_ACTUAL_DIE_V1","DTL_TEMPORAL_POPULATION_V1"
"2026-03","March 2026",3,"DTL_SCRATCH_001","DTL_SCRATCH_001_D001","die_001",1,"SCRATCH","COND_HOT_HIGHV",85,1.1,"HIGH_VDD","T_ON_R","ON_RESISTANCE",32.86112957760833,"ohm","UPPER",25,"NOT_DEFINED",18,50,"NOT_UNIFORM","18.0,20.0,22.0,25.0,28.0,30.0,35.0,40.0,50.0","SYNTHETIC_ASSUMED","F",4.4364554242854455,"TESTER_A",20260115,"temporal_parametric_v1.0.0","DTL_TEMPORAL_PARAMETRIC_V1","DTL_TEMPORAL_ACTUAL_DIE_V1","DTL_TEMPORAL_POPULATION_V1"
"2026-03","March 2026",3,"DTL_SCRATCH_001","DTL_SCRATCH_001_D001","die_001",1,"SCRATCH","COND_HOT_HIGHV",85,1.1,"HIGH_VDD","T_VMIN","VMIN",1.008897893847316,"V","UPPER",0.85,"NOT_DEFINED",0.75,1,"NOT_UNIFORM","0.75,0.78,0.8,0.82,0.85,0.88,0.9,0.92,0.95,1.0","SYNTHETIC_ASSUMED","F",4.4364554242854455,"TESTER_A",20260115,"temporal_parametric_v1.0.0","DTL_TEMPORAL_PARAMETRIC_V1","DTL_TEMPORAL_ACTUAL_DIE_V1","DTL_TEMPORAL_POPULATION_V1"
"2026-03","March 2026",3,"DTL_SCRATCH_001","DTL_SCRATCH_001_D001","die_001",1,"SCRATCH","COND_HOT_HIGHV",85,1.1,"HIGH_VDD","T_VMAX","VMAX",1.0596985958693412,"V","LOWER",1.15,"NOT_DEFINED",1.05,1.25,"NOT_UNIFORM","1.05,1.08,1.1,1.12,1.15,1.18,1.2,1.22,1.25","SYNTHETIC_ASSUMED","F",4.4364554242854455,"TESTER_A",20260115,"temporal_parametric_v1.0.0","DTL_TEMPORAL_PARAMETRIC_V1","DTL_TEMPORAL_ACTUAL_DIE_V1","DTL_TEMPORAL_POPULATION_V1"
"2026-03","March 2026",3,"DTL_SCRATCH_001","DTL_SCRATCH_001_D001","die_001",1,"SCRATCH","COND_HOT_HIGHV",85,1.1,"HIGH_VDD","T_IDDQ","IDDQ",88.84662615924334,"uA","UPPER",50,"NOT_DEFINED",30,100,"NOT_UNIFORM","30.0,35.0,40.0,45.0,50.0,55.0,60.0,70.0,80.0,100.0","SYNTHETIC_ASSUMED","F",4.4364554242854455,"TESTER_A",20260115,"temporal_parametric_v1.0.0","DTL_TEMPORAL_PARAMETRIC_V1","DTL_TEMPORAL_ACTUAL_DIE_V1","DTL_TEMPORAL_POPULATION_V1"
"2026-03","March 2026",3,"DTL_SCRATCH_001","DTL_SCRATCH_001_D001","die_001",1,"SCRATCH","COND_HOT_HIGHV",85,1.1,"HIGH_VDD","T_SUPPLY_CURRENT","SUPPLY_CURRENT",137.265900465072,"mA","UPPER",120,"NOT_DEFINED",90,200,"NOT_UNIFORM","90.0,100.0,110.0,120.0,130.0,140.0,150.0,170.0,200.0","SYNTHETIC_ASSUMED","F",4.4364554242854455,"TESTER_A",20260115,"temporal_parametric_v1.0.0","DTL_TEMPORAL_PARAMETRIC_V1","DTL_TEMPORAL_ACTUAL_DIE_V1","DTL_TEMPORAL_POPULATION_V1"
"2026-03","March 2026",3,"DTL_SCRATCH_001","DTL_SCRATCH_001_D002","die_002",2,"SCRATCH","COND_RT_NOM",25,1,"NOMINAL","T_CONTACT_R","CONTACT_RESISTANCE",7.165443853286854,"ohm","UPPER",5,"NOT_DEFINED",3.5,10,"NOT_UNIFORM","3.5,4.0,4.5,5.0,5.5,6.0,7.0,8.0,10.0","SYNTHETIC_ASSUMED","F",3.808801591338508,"TESTER_A",20260115,"temporal_parametric_v1.0.0","DTL_TEMPORAL_PARAMETRIC_V1","DTL_TEMPORAL_ACTUAL_DIE_V1","DTL_TEMPORAL_POPULATION_V1"
"2026-03","March 2026",3,"DTL_SCRATCH_001","DTL_SCRATCH_001_D002","die_002",2,"SCRATCH","COND_RT_NOM",25,1,"NOMINAL","T_INTERCONNECT_R","INTERCONNECT_RESISTANCE",17.093493986252483,"ohm","UPPER",15,"NOT_DEFINED",11,25,"NOT_UNIFORM","11.0,12.0,13.0,14.0,15.0,16.0,18.0,20.0,25.0","SYNTHETIC_ASSUMED","F",3.808801591338508,"TESTER_A",20260115,"temporal_parametric_v1.0.0","DTL_TEMPORAL_PARAMETRIC_V1","DTL_TEMPORAL_ACTUAL_DIE_V1","DTL_TEMPORAL_POPULATION_V1"
"2026-03","March 2026",3,"DTL_SCRATCH_001","DTL_SCRATCH_001_D002","die_002",2,"SCRATCH","COND_RT_NOM",25,1,"NOMINAL","T_ON_R","ON_RESISTANCE",30.649471372827,"ohm","UPPER",25,"NOT_DEFINED",18,50,"NOT_UNIFORM","18.0,20.0,22.0,25.0,28.0,30.0,35.0,40.0,50.0","SYNTHETIC_ASSUMED","F",3.808801591338508,"TESTER_A",20260115,"temporal_parametric_v1.0.0","DTL_TEMPORAL_PARAMETRIC_V1","DTL_TEMPORAL_ACTUAL_DIE_V1","DTL_TEMPORAL_POPULATION_V1"
"2026-03","March 2026",3,"DTL_SCRATCH_001","DTL_SCRATCH_001_D002","die_002",2,"SCRATCH","COND_RT_NOM",25,1,"NOMINAL","T_VMIN","VMIN",0.9856111041610246,"V","UPPER",0.85,"NOT_DEFINED",0.75,1,"NOT_UNIFORM","0.75,0.78,0.8,0.82,0.85,0.88,0.9,0.92,0.95,1.0","SYNTHETIC_ASSUMED","F",3.808801591338508,"TESTER_A",20260115,"temporal_parametric_v1.0.0","DTL_TEMPORAL_PARAMETRIC_V1","DTL_TEMPORAL_ACTUAL_DIE_V1","DTL_TEMPORAL_POPULATION_V1"
"2026-03","March 2026",3,"DTL_SCRATCH_001","DTL_SCRATCH_001_D002","die_002",2,"SCRATCH","COND_RT_NOM",25,1,"NOMINAL","T_VMAX","VMAX",0.9700238846726932,"V","LOWER",1.15,"NOT_DEFINED",1.05,1.25,"NOT_UNIFORM","1.05,1.08,1.1,1.12,1.15,1.18,1.2,1.22,1.25","SYNTHETIC_ASSUMED","F",3.808801591338508,"TESTER_A",20260115,"temporal_parametric_v1.0.0","DTL_TEMPORAL_PARAMETRIC_V1","DTL_TEMPORAL_ACTUAL_DIE_V1","DTL_TEMPORAL_POPULATION_V1"
"2026-03","March 2026",3,"DTL_SCRATCH_001","DTL_SCRATCH_001_D002","die_002",2,"SCRATCH","COND_RT_NOM",25,1,"NOMINAL","T_IDDQ","IDDQ",68.99313684733636,"uA","UPPER",50,"NOT_DEFINED",30,100,"NOT_UNIFORM","30.0,35.0,40.0,45.0,50.0,55.0,60.0,70.0,80.0,100.0","SYNTHETIC_ASSUMED","F",3.808801591338508,"TESTER_A",20260115,"temporal_parametric_v1.0.0","DTL_TEMPORAL_PARAMETRIC_V1","DTL_TEMPORAL_ACTUAL_DIE_V1","DTL_TEMPORAL_POPULATION_V1"
"2026-03","March 2026",3,"DTL_SCRATCH_001","DTL_SCRATCH_001_D002","die_002",2,"SCRATCH","COND_RT_NOM",25,1,"NOMINAL","T_SUPPLY_CURRENT","SUPPLY_CURRENT",145.68869784475393,"mA","UPPER",120,"NOT_DEFINED",90,200,"NOT_UNIFORM","90.0,100.0,110.0,120.0,130.0,140.0,150.0,170.0,200.0","SYNTHETIC_ASSUMED","F",3.808801591338508,"TESTER_A",20260115,"temporal_parametric_v1.0.0","DTL_TEMPORAL_PARAMETRIC_V1","DTL_TEMPORAL_ACTUAL_DIE_V1","DTL_TEMPORAL_POPULATION_V1"
"2026-03","March 2026",3,"DTL_SCRATCH_001","DTL_SCRATCH_001_D002","die_002",2,"SCRATCH","COND_HOT_NOM",85,1,"HOT","T_CONTACT_R","CONTACT_RESISTANCE",6.33078372147773,"ohm","UPPER",5,"NOT_DEFINED",3.5,10,"NOT_UNIFORM","3.5,4.0,4.5,5.0,5.5,6.0,7.0,8.0,10.0","SYNTHETIC_ASSUMED","F",3.808801591338508,"TESTER_A",20260115,"temporal_parametric_v1.0.0","DTL_TEMPORAL_PARAMETRIC_V1","DTL_TEMPORAL_ACTUAL_DIE_V1","DTL_TEMPORAL_POPULATION_V1"
"2026-03","March 2026",3,"DTL_SCRATCH_001","DTL_SCRATCH_001_D002","die_002",2,"SCRATCH","COND_HOT_NOM",85,1,"HOT","T_INTERCONNECT_R","INTERCONNECT_RESISTANCE",18.58296120068036,"ohm","UPPER",15,"NOT_DEFINED",11,25,"NOT_UNIFORM","11.0,12.0,13.0,14.0,15.0,16.0,18.0,20.0,25.0","SYNTHETIC_ASSUMED","F",3.808801591338508,"TESTER_A",20260115,"temporal_parametric_v1.0.0","DTL_TEMPORAL_PARAMETRIC_V1","DTL_TEMPORAL_ACTUAL_DIE_V1","DTL_TEMPORAL_POPULATION_V1"
"2026-03","March 2026",3,"DTL_SCRATCH_001","DTL_SCRATCH_001_D002","die_002",2,"SCRATCH","COND_HOT_NOM",85,1,"HOT","T_ON_R","ON_RESISTANCE",34.36307112781432,"ohm","UPPER",25,"NOT_DEFINED",18,50,"NOT_UNIFORM","18.0,20.0,22.0,25.0,28.0,30.0,35.0,40.0,50.0","SYNTHETIC_ASSUMED","F",3.808801591338508,"TESTER_A",20260115,"temporal_parametric_v1.0.0","DTL_TEMPORAL_PARAMETRIC_V1","DTL_TEMPORAL_ACTUAL_DIE_V1","DTL_TEMPORAL_POPULATION_V1"
"2026-03","March 2026",3,"DTL_SCRATCH_001","DTL_SCRATCH_001_D002","die_002",2,"SCRATCH","COND_HOT_NOM",85,1,"HOT","T_VMIN","VMIN",0.9823023992250752,"V","UPPER",0.85,"NOT_DEFINED",0.75,1,"NOT_UNIFORM","0.75,0.78,0.8,0.82,0.85,0.88,0.9,0.92,0.95,1.0","SYNTHETIC_ASSUMED","F",3.808801591338508,"TESTER_A",20260115,"temporal_parametric_v1.0.0","DTL_TEMPORAL_PARAMETRIC_V1","DTL_TEMPORAL_ACTUAL_DIE_V1","DTL_TEMPORAL_POPULATION_V1"
"2026-03","March 2026",3,"DTL_SCRATCH_001","DTL_SCRATCH_001_D002","die_002",2,"SCRATCH","COND_HOT_NOM",85,1,"HOT","T_VMAX","VMAX",0.936782755711425,"V","LOWER",1.15,"NOT_DEFINED",1.05,1.25,"NOT_UNIFORM","1.05,1.08,1.1,1.12,1.15,1.18,1.2,1.22,1.25","SYNTHETIC_ASSUMED","F",3.808801591338508,"TESTER_A",20260115,"temporal_parametric_v1.0.0","DTL_TEMPORAL_PARAMETRIC_V1","DTL_TEMPORAL_ACTUAL_DIE_V1","DTL_TEMPORAL_POPULATION_V1"
"2026-03","March 2026",3,"DTL_SCRATCH_001","DTL_SCRATCH_001_D002","die_002",2,"SCRATCH","COND_HOT_NOM",85,1,"HOT","T_IDDQ","IDDQ",70.16484859534117,"uA","UPPER",50,"NOT_DEFINED",30,100,"NOT_UNIFORM","30.0,35.0,40.0,45.0,50.0,55.0,60.0,70.0,80.0,100.0","SYNTHETIC_ASSUMED","F",3.808801591338508,"TESTER_A",20260115,"temporal_parametric_v1.0.0","DTL_TEMPORAL_PARAMETRIC_V1","DTL_TEMPORAL_ACTUAL_DIE_V1","DTL_TEMPORAL_POPULATION_V1"
"2026-03","March 2026",3,"DTL_SCRATCH_001","DTL_SCRATCH_001_D002","die_002",2,"SCRATCH","COND_HOT_NOM",85,1,"HOT","T_SUPPLY_CURRENT","SUPPLY_CURRENT",127.21000168737562,"mA","UPPER",120,"NOT_DEFINED",90,200,"NOT_UNIFORM","90.0,100.0,110.0,120.0,130.0,140.0,150.0,170.0,200.0","SYNTHETIC_ASSUMED","F",3.808801591338508,"TESTER_A",20260115,"temporal_parametric_v1.0.0","DTL_TEMPORAL_PARAMETRIC_V1","DTL_TEMPORAL_ACTUAL_DIE_V1","DTL_TEMPORAL_POPULATION_V1"
"2026-03","March 2026",3,"DTL_SCRATCH_001","DTL_SCRATCH_001_D002","die_002",2,"SCRATCH","COND_RT_LOWV",25,0.9,"LOW_VDD","T_CONTACT_R","CONTACT_RESISTANCE",7.202057292780832,"ohm","UPPER",5,"NOT_DEFINED",3.5,10,"NOT_UNIFORM","3.5,4.0,4.5,5.0,5.5,6.0,7.0,8.0,10.0","SYNTHETIC_ASSUMED","F",3.808801591338508,"TESTER_A",20260115,"temporal_parametric_v1.0.0","DTL_TEMPORAL_PARAMETRIC_V1","DTL_TEMPORAL_ACTUAL_DIE_V1","DTL_TEMPORAL_POPULATION_V1"
"2026-03","March 2026",3,"DTL_SCRATCH_001","DTL_SCRATCH_001_D002","die_002",2,"SCRATCH","COND_RT_LOWV",25,0.9,"LOW_VDD","T_INTERCONNECT_R","INTERCONNECT_RESISTANCE",17.899056078120854,"ohm","UPPER",15,"NOT_DEFINED",11,25,"NOT_UNIFORM","11.0,12.0,13.0,14.0,15.0,16.0,18.0,20.0,25.0","SYNTHETIC_ASSUMED","F",3.808801591338508,"TESTER_A",20260115,"temporal_parametric_v1.0.0","DTL_TEMPORAL_PARAMETRIC_V1","DTL_TEMPORAL_ACTUAL_DIE_V1","DTL_TEMPORAL_POPULATION_V1"
"2026-03","March 2026",3,"DTL_SCRATCH_001","DTL_SCRATCH_001_D002","die_002",2,"SCRATCH","COND_RT_LOWV",25,0.9,"LOW_VDD","T_ON_R","ON_RESISTANCE",25.512579518587017,"ohm","UPPER",25,"NOT_DEFINED",18,50,"NOT_UNIFORM","18.0,20.0,22.0,25.0,28.0,30.0,35.0,40.0,50.0","SYNTHETIC_ASSUMED","F",3.808801591338508,"TESTER_A",20260115,"temporal_parametric_v1.0.0","DTL_TEMPORAL_PARAMETRIC_V1","DTL_TEMPORAL_ACTUAL_DIE_V1","DTL_TEMPORAL_POPULATION_V1"
"2026-03","March 2026",3,"DTL_SCRATCH_001","DTL_SCRATCH_001_D002","die_002",2,"SCRATCH","COND_RT_LOWV",25,0.9,"LOW_VDD","T_VMIN","VMIN",0.9460244117239788,"V","UPPER",0.85,"NOT_DEFINED",0.75,1,"NOT_UNIFORM","0.75,0.78,0.8,0.82,0.85,0.88,0.9,0.92,0.95,1.0","SYNTHETIC_ASSUMED","F",3.808801591338508,"TESTER_A",20260115,"temporal_parametric_v1.0.0","DTL_TEMPORAL_PARAMETRIC_V1","DTL_TEMPORAL_ACTUAL_DIE_V1","DTL_TEMPORAL_POPULATION_V1"
"2026-03","March 2026",3,"DTL_SCRATCH_001","DTL_SCRATCH_001_D002","die_002",2,"SCRATCH","COND_RT_LOWV",25,0.9,"LOW_VDD","T_VMAX","VMAX",1.0833926544603507,"V","LOWER",1.15,"NOT_DEFINED",1.05,1.25,"NOT_UNIFORM","1.05,1.08,1.1,1.12,1.15,1.18,1.2,1.22,1.25","SYNTHETIC_ASSUMED","F",3.808801591338508,"TESTER_A",20260115,"temporal_parametric_v1.0.0","DTL_TEMPORAL_PARAMETRIC_V1","DTL_TEMPORAL_ACTUAL_DIE_V1","DTL_TEMPORAL_POPULATION_V1"
"2026-03","March 2026",3,"DTL_SCRATCH_001","DTL_SCRATCH_001_D002","die_002",2,"SCRATCH","COND_RT_LOWV",25,0.9,"LOW_VDD","T_IDDQ","IDDQ",72.74249500086536,"uA","UPPER",50,"NOT_DEFINED",30,100,"NOT_UNIFORM","30.0,35.0,40.0,45.0,50.0,55.0,60.0,70.0,80.0,100.0","SYNTHETIC_ASSUMED","F",3.808801591338508,"TESTER_A",20260115,"temporal_parametric_v1.0.0","DTL_TEMPORAL_PARAMETRIC_V1","DTL_TEMPORAL_ACTUAL_DIE_V1","DTL_TEMPORAL_POPULATION_V1"
"2026-03","March 2026",3,"DTL_SCRATCH_001","DTL_SCRATCH_001_D002","die_002",2,"SCRATCH","COND_RT_LOWV",25,0.9,"LOW_VDD","T_SUPPLY_CURRENT","SUPPLY_CURRENT",123.47347083523113,"mA","UPPER",120,"NOT_DEFINED",90,200,"NOT_UNIFORM","90.0,100.0,110.0,120.0,130.0,140.0,150.0,170.0,200.0","SYNTHETIC_ASSUMED","F",3.808801591338508,"TESTER_A",20260115,"temporal_parametric_v1.0.0","DTL_TEMPORAL_PARAMETRIC_V1","DTL_TEMPORAL_ACTUAL_DIE_V1","DTL_TEMPORAL_POPULATION_V1"
"2026-03","March 2026",3,"DTL_SCRATCH_001","DTL_SCRATCH_001_D002","die_002",2,"SCRATCH","COND_HOT_HIGHV",85,1.1,"HIGH_VDD","T_CONTACT_R","CONTACT_RESISTANCE",6.344092781878337,"ohm","UPPER",5,"NOT_DEFINED",3.5,10,"NOT_UNIFORM","3.5,4.0,4.5,5.0,5.5,6.0,7.0,8.0,10.0","SYNTHETIC_ASSUMED","F",3.808801591338508,"TESTER_A",20260115,"temporal_parametric_v1.0.0","DTL_TEMPORAL_PARAMETRIC_V1","DTL_TEMPORAL_ACTUAL_DIE_V1","DTL_TEMPORAL_POPULATION_V1"
"2026-03","March 2026",3,"DTL_SCRATCH_001","DTL_SCRATCH_001_D002","die_002",2,"SCRATCH","COND_HOT_HIGHV",85,1.1,"HIGH_VDD","T_INTERCONNECT_R","INTERCONNECT_RESISTANCE",18.202505484917907,"ohm","UPPER",15,"NOT_DEFINED",11,25,"NOT_UNIFORM","11.0,12.0,13.0,14.0,15.0,16.0,18.0,20.0,25.0","SYNTHETIC_ASSUMED","F",3.808801591338508,"TESTER_A",20260115,"temporal_parametric_v1.0.0","DTL_TEMPORAL_PARAMETRIC_V1","DTL_TEMPORAL_ACTUAL_DIE_V1","DTL_TEMPORAL_POPULATION_V1"
"2026-03","March 2026",3,"DTL_SCRATCH_001","DTL_SCRATCH_001_D002","die_002",2,"SCRATCH","COND_HOT_HIGHV",85,1.1,"HIGH_VDD","T_ON_R","ON_RESISTANCE",29.87623760786862,"ohm","UPPER",25,"NOT_DEFINED",18,50,"NOT_UNIFORM","18.0,20.0,22.0,25.0,28.0,30.0,35.0,40.0,50.0","SYNTHETIC_ASSUMED","F",3.808801591338508,"TESTER_A",20260115,"temporal_parametric_v1.0.0","DTL_TEMPORAL_PARAMETRIC_V1","DTL_TEMPORAL_ACTUAL_DIE_V1","DTL_TEMPORAL_POPULATION_V1"
"2026-03","March 2026",3,"DTL_SCRATCH_001","DTL_SCRATCH_001_D002","die_002",2,"SCRATCH","COND_HOT_HIGHV",85,1.1,"HIGH_VDD","T_VMIN","VMIN",0.9907668152797816,"V","UPPER",0.85,"NOT_DEFINED",0.75,1,"NOT_UNIFORM","0.75,0.78,0.8,0.82,0.85,0.88,0.9,0.92,0.95,1.0","SYNTHETIC_ASSUMED","F",3.808801591338508,"TESTER_A",20260115,"temporal_parametric_v1.0.0","DTL_TEMPORAL_PARAMETRIC_V1","DTL_TEMPORAL_ACTUAL_DIE_V1","DTL_TEMPORAL_POPULATION_V1"
"2026-03","March 2026",3,"DTL_SCRATCH_001","DTL_SCRATCH_001_D002","die_002",2,"SCRATCH","COND_HOT_HIGHV",85,1.1,"HIGH_VDD","T_VMAX","VMAX",0.992604437623318,"V","LOWER",1.15,"NOT_DEFINED",1.05,1.25,"NOT_UNIFORM","1.05,1.08,1.1,1.12,1.15,1.18,1.2,1.22,1.25","SYNTHETIC_ASSUMED","F",3.808801591338508,"TESTER_A",20260115,"temporal_parametric_v1.0.0","DTL_TEMPORAL_PARAMETRIC_V1","DTL_TEMPORAL_ACTUAL_DIE_V1","DTL_TEMPORAL_POPULATION_V1"
"2026-03","March 2026",3,"DTL_SCRATCH_001","DTL_SCRATCH_001_D002","die_002",2,"SCRATCH","COND_HOT_HIGHV",85,1.1,"HIGH_VDD","T_IDDQ","IDDQ",75.24550779973663,"uA","UPPER",50,"NOT_DEFINED",30,100,"NOT_UNIFORM","30.0,35.0,40.0,45.0,50.0,55.0,60.0,70.0,80.0,100.0","SYNTHETIC_ASSUMED","F",3.808801591338508,"TESTER_A",20260115,"temporal_parametric_v1.0.0","DTL_TEMPORAL_PARAMETRIC_V1","DTL_TEMPORAL_ACTUAL_DIE_V1","DTL_TEMPORAL_POPULATION_V1"
"2026-03","March 2026",3,"DTL_SCRATCH_001","DTL_SCRATCH_001_D002","die_002",2,"SCRATCH","COND_HOT_HIGHV",85,1.1,"HIGH_VDD","T_SUPPLY_CURRENT","SUPPLY_CURRENT",136.17672658139173,"mA","UPPER",120,"NOT_DEFINED",90,200,"NOT_UNIFORM","90.0,100.0,110.0,120.0,130.0,140.0,150.0,170.0,200.0","SYNTHETIC_ASSUMED","F",3.808801591338508,"TESTER_A",20260115,"temporal_parametric_v1.0.0","DTL_TEMPORAL_PARAMETRIC_V1","DTL_TEMPORAL_ACTUAL_DIE_V1","DTL_TEMPORAL_POPULATION_V1"
"2026-03","March 2026",3,"DTL_SCRATCH_001","DTL_SCRATCH_001_D003","die_003",3,"SCRATCH","COND_RT_NOM",25,1,"NOMINAL","T_CONTACT_R","CONTACT_RESISTANCE",7.446622461390141,"ohm","UPPER",5,"NOT_DEFINED",3.5,10,"NOT_UNIFORM","3.5,4.0,4.5,5.0,5.5,6.0,7.0,8.0,10.0","SYNTHETIC_ASSUMED","F",4.510006597203729,"TESTER_A",20260115,"temporal_parametric_v1.0.0","DTL_TEMPORAL_PARAMETRIC_V1","DTL_TEMPORAL_ACTUAL_DIE_V1","DTL_TEMPORAL_POPULATION_V1"
"2026-03","March 2026",3,"DTL_SCRATCH_001","DTL_SCRATCH_001_D003","die_003",3,"SCRATCH","COND_RT_NOM",25,1,"NOMINAL","T_INTERCONNECT_R","INTERCONNECT_RESISTANCE",20.27398060163423,"ohm","UPPER",15,"NOT_DEFINED",11,25,"NOT_UNIFORM","11.0,12.0,13.0,14.0,15.0,16.0,18.0,20.0,25.0","SYNTHETIC_ASSUMED","F",4.510006597203729,"TESTER_A",20260115,"temporal_parametric_v1.0.0","DTL_TEMPORAL_PARAMETRIC_V1","DTL_TEMPORAL_ACTUAL_DIE_V1","DTL_TEMPORAL_POPULATION_V1"
"2026-03","March 2026",3,"DTL_SCRATCH_001","DTL_SCRATCH_001_D003","die_003",3,"SCRATCH","COND_RT_NOM",25,1,"NOMINAL","T_ON_R","ON_RESISTANCE",31.05313065865277,"ohm","UPPER",25,"NOT_DEFINED",18,50,"NOT_UNIFORM","18.0,20.0,22.0,25.0,28.0,30.0,35.0,40.0,50.0","SYNTHETIC_ASSUMED","F",4.510006597203729,"TESTER_A",20260115,"temporal_parametric_v1.0.0","DTL_TEMPORAL_PARAMETRIC_V1","DTL_TEMPORAL_ACTUAL_DIE_V1","DTL_TEMPORAL_POPULATION_V1"
"2026-03","March 2026",3,"DTL_SCRATCH_001","DTL_SCRATCH_001_D003","die_003",3,"SCRATCH","COND_RT_NOM",25,1,"NOMINAL","T_VMIN","VMIN",1.0648328961724425,"V","UPPER",0.85,"NOT_DEFINED",0.75,1,"NOT_UNIFORM","0.75,0.78,0.8,0.82,0.85,0.88,0.9,0.92,0.95,1.0","SYNTHETIC_ASSUMED","F",4.510006597203729,"TESTER_A",20260115,"temporal_parametric_v1.0.0","DTL_TEMPORAL_PARAMETRIC_V1","DTL_TEMPORAL_ACTUAL_DIE_V1","DTL_TEMPORAL_POPULATION_V1"
"2026-03","March 2026",3,"DTL_SCRATCH_001","DTL_SCRATCH_001_D003","die_003",3,"SCRATCH","COND_RT_NOM",25,1,"NOMINAL","T_VMAX","VMAX",1.0577078068227186,"V","LOWER",1.15,"NOT_DEFINED",1.05,1.25,"NOT_UNIFORM","1.05,1.08,1.1,1.12,1.15,1.18,1.2,1.22,1.25","SYNTHETIC_ASSUMED","F",4.510006597203729,"TESTER_A",20260115,"temporal_parametric_v1.0.0","DTL_TEMPORAL_PARAMETRIC_V1","DTL_TEMPORAL_ACTUAL_DIE_V1","DTL_TEMPORAL_POPULATION_V1"
"2026-03","March 2026",3,"DTL_SCRATCH_001","DTL_SCRATCH_001_D003","die_003",3,"SCRATCH","COND_RT_NOM",25,1,"NOMINAL","T_IDDQ","IDDQ",71.68583402849359,"uA","UPPER",50,"NOT_DEFINED",30,100,"NOT_UNIFORM","30.0,35.0,40.0,45.0,50.0,55.0,60.0,70.0,80.0,100.0","SYNTHETIC_ASSUMED","F",4.510006597203729,"TESTER_A",20260115,"temporal_parametric_v1.0.0","DTL_TEMPORAL_PARAMETRIC_V1","DTL_TEMPORAL_ACTUAL_DIE_V1","DTL_TEMPORAL_POPULATION_V1"
"2026-03","March 2026",3,"DTL_SCRATCH_001","DTL_SCRATCH_001_D003","die_003",3,"SCRATCH","COND_RT_NOM",25,1,"NOMINAL","T_SUPPLY_CURRENT","SUPPLY_CURRENT",136.90528759590512,"mA","UPPER",120,"NOT_DEFINED",90,200,"NOT_UNIFORM","90.0,100.0,110.0,120.0,130.0,140.0,150.0,170.0,200.0","SYNTHETIC_ASSUMED","F",4.510006597203729,"TESTER_A",20260115,"temporal_parametric_v1.0.0","DTL_TEMPORAL_PARAMETRIC_V1","DTL_TEMPORAL_ACTUAL_DIE_V1","DTL_TEMPORAL_POPULATION_V1"
"2026-03","March 2026",3,"DTL_SCRATCH_001","DTL_SCRATCH_001_D003","die_003",3,"SCRATCH","COND_HOT_NOM",85,1,"HOT","T_CONTACT_R","CONTACT_RESISTANCE",8.152975616018791,"ohm","UPPER",5,"NOT_DEFINED",3.5,10,"NOT_UNIFORM","3.5,4.0,4.5,5.0,5.5,6.0,7.0,8.0,10.0","SYNTHETIC_ASSUMED","F",4.510006597203729,"TESTER_A",20260115,"temporal_parametric_v1.0.0","DTL_TEMPORAL_PARAMETRIC_V1","DTL_TEMPORAL_ACTUAL_DIE_V1","DTL_TEMPORAL_POPULATION_V1"
"2026-03","March 2026",3,"DTL_SCRATCH_001","DTL_SCRATCH_001_D003","die_003",3,"SCRATCH","COND_HOT_NOM",85,1,"HOT","T_INTERCONNECT_R","INTERCONNECT_RESISTANCE",20.29199713273957,"ohm","UPPER",15,"NOT_DEFINED",11,25,"NOT_UNIFORM","11.0,12.0,13.0,14.0,15.0,16.0,18.0,20.0,25.0","SYNTHETIC_ASSUMED","F",4.510006597203729,"TESTER_A",20260115,"temporal_parametric_v1.0.0","DTL_TEMPORAL_PARAMETRIC_V1","DTL_TEMPORAL_ACTUAL_DIE_V1","DTL_TEMPORAL_POPULATION_V1"
"2026-03","March 2026",3,"DTL_SCRATCH_001","DTL_SCRATCH_001_D003","die_003",3,"SCRATCH","COND_HOT_NOM",85,1,"HOT","T_ON_R","ON_RESISTANCE",32.91789604826626,"ohm","UPPER",25,"NOT_DEFINED",18,50,"NOT_UNIFORM","18.0,20.0,22.0,25.0,28.0,30.0,35.0,40.0,50.0","SYNTHETIC_ASSUMED","F",4.510006597203729,"TESTER_A",20260115,"temporal_parametric_v1.0.0","DTL_TEMPORAL_PARAMETRIC_V1","DTL_TEMPORAL_ACTUAL_DIE_V1","DTL_TEMPORAL_POPULATION_V1"
"2026-03","March 2026",3,"DTL_SCRATCH_001","DTL_SCRATCH_001_D003","die_003",3,"SCRATCH","COND_HOT_NOM",85,1,"HOT","T_VMIN","VMIN",1.052628250304125,"V","UPPER",0.85,"NOT_DEFINED",0.75,1,"NOT_UNIFORM","0.75,0.78,0.8,0.82,0.85,0.88,0.9,0.92,0.95,1.0","SYNTHETIC_ASSUMED","F",4.510006597203729,"TESTER_A",20260115,"temporal_parametric_v1.0.0","DTL_TEMPORAL_PARAMETRIC_V1","DTL_TEMPORAL_ACTUAL_DIE_V1","DTL_TEMPORAL_POPULATION_V1"
"2026-03","March 2026",3,"DTL_SCRATCH_001","DTL_SCRATCH_001_D003","die_003",3,"SCRATCH","COND_HOT_NOM",85,1,"HOT","T_VMAX","VMAX",1.0152252647968698,"V","LOWER",1.15,"NOT_DEFINED",1.05,1.25,"NOT_UNIFORM","1.05,1.08,1.1,1.12,1.15,1.18,1.2,1.22,1.25","SYNTHETIC_ASSUMED","F",4.510006597203729,"TESTER_A",20260115,"temporal_parametric_v1.0.0","DTL_TEMPORAL_PARAMETRIC_V1","DTL_TEMPORAL_ACTUAL_DIE_V1","DTL_TEMPORAL_POPULATION_V1"
"2026-03","March 2026",3,"DTL_SCRATCH_001","DTL_SCRATCH_001_D003","die_003",3,"SCRATCH","COND_HOT_NOM",85,1,"HOT","T_IDDQ","IDDQ",80.57549923853854,"uA","UPPER",50,"NOT_DEFINED",30,100,"NOT_UNIFORM","30.0,35.0,40.0,45.0,50.0,55.0,60.0,70.0,80.0,100.0","SYNTHETIC_ASSUMED","F",4.510006597203729,"TESTER_A",20260115,"temporal_parametric_v1.0.0","DTL_TEMPORAL_PARAMETRIC_V1","DTL_TEMPORAL_ACTUAL_DIE_V1","DTL_TEMPORAL_POPULATION_V1"
"2026-03","March 2026",3,"DTL_SCRATCH_001","DTL_SCRATCH_001_D003","die_003",3,"SCRATCH","COND_HOT_NOM",85,1,"HOT","T_SUPPLY_CURRENT","SUPPLY_CURRENT",142.6317588941603,"mA","UPPER",120,"NOT_DEFINED",90,200,"NOT_UNIFORM","90.0,100.0,110.0,120.0,130.0,140.0,150.0,170.0,200.0","SYNTHETIC_ASSUMED","F",4.510006597203729,"TESTER_A",20260115,"temporal_parametric_v1.0.0","DTL_TEMPORAL_PARAMETRIC_V1","DTL_TEMPORAL_ACTUAL_DIE_V1","DTL_TEMPORAL_POPULATION_V1"
"2026-03","March 2026",3,"DTL_SCRATCH_001","DTL_SCRATCH_001_D003","die_003",3,"SCRATCH","COND_RT_LOWV",25,0.9,"LOW_VDD","T_CONTACT_R","CONTACT_RESISTANCE",6.827976447155255,"ohm","UPPER",5,"NOT_DEFINED",3.5,10,"NOT_UNIFORM","3.5,4.0,4.5,5.0,5.5,6.0,7.0,8.0,10.0","SYNTHETIC_ASSUMED","F",4.510006597203729,"TESTER_A",20260115,"temporal_parametric_v1.0.0","DTL_TEMPORAL_PARAMETRIC_V1","DTL_TEMPORAL_ACTUAL_DIE_V1","DTL_TEMPORAL_POPULATION_V1"
"2026-03","March 2026",3,"DTL_SCRATCH_001","DTL_SCRATCH_001_D003","die_003",3,"SCRATCH","COND_RT_LOWV",25,0.9,"LOW_VDD","T_INTERCONNECT_R","INTERCONNECT_RESISTANCE",18.252651291798045,"ohm","UPPER",15,"NOT_DEFINED",11,25,"NOT_UNIFORM","11.0,12.0,13.0,14.0,15.0,16.0,18.0,20.0,25.0","SYNTHETIC_ASSUMED","F",4.510006597203729,"TESTER_A",20260115,"temporal_parametric_v1.0.0","DTL_TEMPORAL_PARAMETRIC_V1","DTL_TEMPORAL_ACTUAL_DIE_V1","DTL_TEMPORAL_POPULATION_V1"
"2026-03","March 2026",3,"DTL_SCRATCH_001","DTL_SCRATCH_001_D003","die_003",3,"SCRATCH","COND_RT_LOWV",25,0.9,"LOW_VDD","T_ON_R","ON_RESISTANCE",31.38473470743478,"ohm","UPPER",25,"NOT_DEFINED",18,50,"NOT_UNIFORM","18.0,20.0,22.0,25.0,28.0,30.0,35.0,40.0,50.0","SYNTHETIC_ASSUMED","F",4.510006597203729,"TESTER_A",20260115,"temporal_parametric_v1.0.0","DTL_TEMPORAL_PARAMETRIC_V1","DTL_TEMPORAL_ACTUAL_DIE_V1","DTL_TEMPORAL_POPULATION_V1"
"2026-03","March 2026",3,"DTL_SCRATCH_001","DTL_SCRATCH_001_D003","die_003",3,"SCRATCH","COND_RT_LOWV",25,0.9,"LOW_VDD","T_VMIN","VMIN",1.0033866056262335,"V","UPPER",0.85,"NOT_DEFINED",0.75,1,"NOT_UNIFORM","0.75,0.78,0.8,0.82,0.85,0.88,0.9,0.92,0.95,1.0","SYNTHETIC_ASSUMED","F",4.510006597203729,"TESTER_A",20260115,"temporal_parametric_v1.0.0","DTL_TEMPORAL_PARAMETRIC_V1","DTL_TEMPORAL_ACTUAL_DIE_V1","DTL_TEMPORAL_POPULATION_V1"
"2026-03","March 2026",3,"DTL_SCRATCH_001","DTL_SCRATCH_001_D003","die_003",3,"SCRATCH","COND_RT_LOWV",25,0.9,"LOW_VDD","T_VMAX","VMAX",0.9793465954971466,"V","LOWER",1.15,"NOT_DEFINED",1.05,1.25,"NOT_UNIFORM","1.05,1.08,1.1,1.12,1.15,1.18,1.2,1.22,1.25","SYNTHETIC_ASSUMED","F",4.510006597203729,"TESTER_A",20260115,"temporal_parametric_v1.0.0","DTL_TEMPORAL_PARAMETRIC_V1","DTL_TEMPORAL_ACTUAL_DIE_V1","DTL_TEMPORAL_POPULATION_V1"
"2026-03","March 2026",3,"DTL_SCRATCH_001","DTL_SCRATCH_001_D003","die_003",3,"SCRATCH","COND_RT_LOWV",25,0.9,"LOW_VDD","T_IDDQ","IDDQ",83.53428667421237,"uA","UPPER",50,"NOT_DEFINED",30,100,"NOT_UNIFORM","30.0,35.0,40.0,45.0,50.0,55.0,60.0,70.0,80.0,100.0","SYNTHETIC_ASSUMED","F",4.510006597203729,"TESTER_A",20260115,"temporal_parametric_v1.0.0","DTL_TEMPORAL_PARAMETRIC_V1","DTL_TEMPORAL_ACTUAL_DIE_V1","DTL_TEMPORAL_POPULATION_V1"
"2026-03","March 2026",3,"DTL_SCRATCH_001","DTL_SCRATCH_001_D003","die_003",3,"SCRATCH","COND_RT_LOWV",25,0.9,"LOW_VDD","T_SUPPLY_CURRENT","SUPPLY_CURRENT",127.86394722283848,"mA","UPPER",120,"NOT_DEFINED",90,200,"NOT_UNIFORM","90.0,100.0,110.0,120.0,130.0,140.0,150.0,170.0,200.0","SYNTHETIC_ASSUMED","F",4.510006597203729,"TESTER_A",20260115,"temporal_parametric_v1.0.0","DTL_TEMPORAL_PARAMETRIC_V1","DTL_TEMPORAL_ACTUAL_DIE_V1","DTL_TEMPORAL_POPULATION_V1"
"2026-03","March 2026",3,"DTL_SCRATCH_001","DTL_SCRATCH_001_D003","die_003",3,"SCRATCH","COND_HOT_HIGHV",85,1.1,"HIGH_VDD","T_CONTACT_R","CONTACT_RESISTANCE",8.026381836766145,"ohm","UPPER",5,"NOT_DEFINED",3.5,10,"NOT_UNIFORM","3.5,4.0,4.5,5.0,5.5,6.0,7.0,8.0,10.0","SYNTHETIC_ASSUMED","F",4.510006597203729,"TESTER_A",20260115,"temporal_parametric_v1.0.0","DTL_TEMPORAL_PARAMETRIC_V1","DTL_TEMPORAL_ACTUAL_DIE_V1","DTL_TEMPORAL_POPULATION_V1"
"2026-03","March 2026",3,"DTL_SCRATCH_001","DTL_SCRATCH_001_D003","die_003",3,"SCRATCH","COND_HOT_HIGHV",85,1.1,"HIGH_VDD","T_INTERCONNECT_R","INTERCONNECT_RESISTANCE",21.88718526390429,"ohm","UPPER",15,"NOT_DEFINED",11,25,"NOT_UNIFORM","11.0,12.0,13.0,14.0,15.0,16.0,18.0,20.0,25.0","SYNTHETIC_ASSUMED","F",4.510006597203729,"TESTER_A",20260115,"temporal_parametric_v1.0.0","DTL_TEMPORAL_PARAMETRIC_V1","DTL_TEMPORAL_ACTUAL_DIE_V1","DTL_TEMPORAL_POPULATION_V1"
"2026-03","March 2026",3,"DTL_SCRATCH_001","DTL_SCRATCH_001_D003","die_003",3,"SCRATCH","COND_HOT_HIGHV",85,1.1,"HIGH_VDD","T_ON_R","ON_RESISTANCE",30.477949005005392,"ohm","UPPER",25,"NOT_DEFINED",18,50,"NOT_UNIFORM","18.0,20.0,22.0,25.0,28.0,30.0,35.0,40.0,50.0","SYNTHETIC_ASSUMED","F",4.510006597203729,"TESTER_A",20260115,"temporal_parametric_v1.0.0","DTL_TEMPORAL_PARAMETRIC_V1","DTL_TEMPORAL_ACTUAL_DIE_V1","DTL_TEMPORAL_POPULATION_V1"
"2026-03","March 2026",3,"DTL_SCRATCH_001","DTL_SCRATCH_001_D003","die_003",3,"SCRATCH","COND_HOT_HIGHV",85,1.1,"HIGH_VDD","T_VMIN","VMIN",1.024320071680204,"V","UPPER",0.85,"NOT_DEFINED",0.75,1,"NOT_UNIFORM","0.75,0.78,0.8,0.82,0.85,0.88,0.9,0.92,0.95,1.0","SYNTHETIC_ASSUMED","F",4.510006597203729,"TESTER_A",20260115,"temporal_parametric_v1.0.0","DTL_TEMPORAL_PARAMETRIC_V1","DTL_TEMPORAL_ACTUAL_DIE_V1","DTL_TEMPORAL_POPULATION_V1"
"2026-03","March 2026",3,"DTL_SCRATCH_001","DTL_SCRATCH_001_D003","die_003",3,"SCRATCH","COND_HOT_HIGHV",85,1.1,"HIGH_VDD","T_VMAX","VMAX",0.9835236658852806,"V","LOWER",1.15,"NOT_DEFINED",1.05,1.25,"NOT_UNIFORM","1.05,1.08,1.1,1.12,1.15,1.18,1.2,1.22,1.25","SYNTHETIC_ASSUMED","F",4.510006597203729,"TESTER_A",20260115,"temporal_parametric_v1.0.0","DTL_TEMPORAL_PARAMETRIC_V1","DTL_TEMPORAL_ACTUAL_DIE_V1","DTL_TEMPORAL_POPULATION_V1"
"2026-03","March 2026",3,"DTL_SCRATCH_001","DTL_SCRATCH_001_D003","die_003",3,"SCRATCH","COND_HOT_HIGHV",85,1.1,"HIGH_VDD","T_IDDQ","IDDQ",87.33749730406862,"uA","UPPER",50,"NOT_DEFINED",30,100,"NOT_UNIFORM","30.0,35.0,40.0,45.0,50.0,55.0,60.0,70.0,80.0,100.0","SYNTHETIC_ASSUMED","F",4.510006597203729,"TESTER_A",20260115,"temporal_parametric_v1.0.0","DTL_TEMPORAL_PARAMETRIC_V1","DTL_TEMPORAL_ACTUAL_DIE_V1","DTL_TEMPORAL_POPULATION_V1"
"2026-03","March 2026",3,"DTL_SCRATCH_001","DTL_SCRATCH_001_D003","die_003",3,"SCRATCH","COND_HOT_HIGHV",85,1.1,"HIGH_VDD","T_SUPPLY_CURRENT","SUPPLY_CURRENT",154.14421191760255,"mA","UPPER",120,"NOT_DEFINED",90,200,"NOT_UNIFORM","90.0,100.0,110.0,120.0,130.0,140.0,150.0,170.0,200.0","SYNTHETIC_ASSUMED","F",4.510006597203729,"TESTER_A",20260115,"temporal_parametric_v1.0.0","DTL_TEMPORAL_PARAMETRIC_V1","DTL_TEMPORAL_ACTUAL_DIE_V1","DTL_TEMPORAL_POPULATION_V1"
"2026-03","March 2026",3,"DTL_SCRATCH_002","DTL_SCRATCH_002_D001","die_001",1,"SCRATCH","COND_RT_NOM",25,1,"NOMINAL","T_CONTACT_R","CONTACT_RESISTANCE",5.264962799498735,"ohm","UPPER",5,"NOT_DEFINED",3.5,10,"NOT_UNIFORM","3.5,4.0,4.5,5.0,5.5,6.0,7.0,8.0,10.0","SYNTHETIC_ASSUMED","F",3.1130878112101925,"TESTER_A",20260115,"temporal_parametric_v1.0.0","DTL_TEMPORAL_PARAMETRIC_V1","DTL_TEMPORAL_ACTUAL_DIE_V1","DTL_TEMPORAL_POPULATION_V1"
"2026-03","March 2026",3,"DTL_SCRATCH_002","DTL_SCRATCH_002_D001","die_001",1,"SCRATCH","COND_RT_NOM",25,1,"NOMINAL","T_INTERCONNECT_R","INTERCONNECT_RESISTANCE",16.695397741694716,"ohm","UPPER",15,"NOT_DEFINED",11,25,"NOT_UNIFORM","11.0,12.0,13.0,14.0,15.0,16.0,18.0,20.0,25.0","SYNTHETIC_ASSUMED","F",3.1130878112101925,"TESTER_A",20260115,"temporal_parametric_v1.0.0","DTL_TEMPORAL_PARAMETRIC_V1","DTL_TEMPORAL_ACTUAL_DIE_V1","DTL_TEMPORAL_POPULATION_V1"
"2026-03","March 2026",3,"DTL_SCRATCH_002","DTL_SCRATCH_002_D001","die_001",1,"SCRATCH","COND_RT_NOM",25,1,"NOMINAL","T_ON_R","ON_RESISTANCE",29.557260049687024,"ohm","UPPER",25,"NOT_DEFINED",18,50,"NOT_UNIFORM","18.0,20.0,22.0,25.0,28.0,30.0,35.0,40.0,50.0","SYNTHETIC_ASSUMED","F",3.1130878112101925,"TESTER_A",20260115,"temporal_parametric_v1.0.0","DTL_TEMPORAL_PARAMETRIC_V1","DTL_TEMPORAL_ACTUAL_DIE_V1","DTL_TEMPORAL_POPULATION_V1"
"2026-03","March 2026",3,"DTL_SCRATCH_002","DTL_SCRATCH_002_D001","die_001",1,"SCRATCH","COND_RT_NOM",25,1,"NOMINAL","T_VMIN","VMIN",1.036338319810736,"V","UPPER",0.85,"NOT_DEFINED",0.75,1,"NOT_UNIFORM","0.75,0.78,0.8,0.82,0.85,0.88,0.9,0.92,0.95,1.0","SYNTHETIC_ASSUMED","F",3.1130878112101925,"TESTER_A",20260115,"temporal_parametric_v1.0.0","DTL_TEMPORAL_PARAMETRIC_V1","DTL_TEMPORAL_ACTUAL_DIE_V1","DTL_TEMPORAL_POPULATION_V1"
"2026-03","March 2026",3,"DTL_SCRATCH_002","DTL_SCRATCH_002_D001","die_001",1,"SCRATCH","COND_RT_NOM",25,1,"NOMINAL","T_VMAX","VMAX",1.0639925881933108,"V","LOWER",1.15,"NOT_DEFINED",1.05,1.25,"NOT_UNIFORM","1.05,1.08,1.1,1.12,1.15,1.18,1.2,1.22,1.25","SYNTHETIC_ASSUMED","F",3.1130878112101925,"TESTER_A",20260115,"temporal_parametric_v1.0.0","DTL_TEMPORAL_PARAMETRIC_V1","DTL_TEMPORAL_ACTUAL_DIE_V1","DTL_TEMPORAL_POPULATION_V1"
"2026-03","March 2026",3,"DTL_SCRATCH_002","DTL_SCRATCH_002_D001","die_001",1,"SCRATCH","COND_RT_NOM",25,1,"NOMINAL","T_IDDQ","IDDQ",59.00251469582104,"uA","UPPER",50,"NOT_DEFINED",30,100,"NOT_UNIFORM","30.0,35.0,40.0,45.0,50.0,55.0,60.0,70.0,80.0,100.0","SYNTHETIC_ASSUMED","F",3.1130878112101925,"TESTER_A",20260115,"temporal_parametric_v1.0.0","DTL_TEMPORAL_PARAMETRIC_V1","DTL_TEMPORAL_ACTUAL_DIE_V1","DTL_TEMPORAL_POPULATION_V1"
"2026-03","March 2026",3,"DTL_SCRATCH_002","DTL_SCRATCH_002_D001","die_001",1,"SCRATCH","COND_RT_NOM",25,1,"NOMINAL","T_SUPPLY_CURRENT","SUPPLY_CURRENT",115.87323561805609,"mA","UPPER",120,"NOT_DEFINED",90,200,"NOT_UNIFORM","90.0,100.0,110.0,120.0,130.0,140.0,150.0,170.0,200.0","SYNTHETIC_ASSUMED","P",3.1130878112101925,"TESTER_A",20260115,"temporal_parametric_v1.0.0","DTL_TEMPORAL_PARAMETRIC_V1","DTL_TEMPORAL_ACTUAL_DIE_V1","DTL_TEMPORAL_POPULATION_V1"
"2026-03","March 2026",3,"DTL_SCRATCH_002","DTL_SCRATCH_002_D001","die_001",1,"SCRATCH","COND_HOT_NOM",85,1,"HOT","T_CONTACT_R","CONTACT_RESISTANCE",6.563018978760223,"ohm","UPPER",5,"NOT_DEFINED",3.5,10,"NOT_UNIFORM","3.5,4.0,4.5,5.0,5.5,6.0,7.0,8.0,10.0","SYNTHETIC_ASSUMED","F",3.1130878112101925,"TESTER_A",20260115,"temporal_parametric_v1.0.0","DTL_TEMPORAL_PARAMETRIC_V1","DTL_TEMPORAL_ACTUAL_DIE_V1","DTL_TEMPORAL_POPULATION_V1"
"2026-03","March 2026",3,"DTL_SCRATCH_002","DTL_SCRATCH_002_D001","die_001",1,"SCRATCH","COND_HOT_NOM",85,1,"HOT","T_INTERCONNECT_R","INTERCONNECT_RESISTANCE",14.796283076705588,"ohm","UPPER",15,"NOT_DEFINED",11,25,"NOT_UNIFORM","11.0,12.0,13.0,14.0,15.0,16.0,18.0,20.0,25.0","SYNTHETIC_ASSUMED","P",3.1130878112101925,"TESTER_A",20260115,"temporal_parametric_v1.0.0","DTL_TEMPORAL_PARAMETRIC_V1","DTL_TEMPORAL_ACTUAL_DIE_V1","DTL_TEMPORAL_POPULATION_V1"
"2026-03","March 2026",3,"DTL_SCRATCH_002","DTL_SCRATCH_002_D001","die_001",1,"SCRATCH","COND_HOT_NOM",85,1,"HOT","T_ON_R","ON_RESISTANCE",33.469805736729334,"ohm","UPPER",25,"NOT_DEFINED",18,50,"NOT_UNIFORM","18.0,20.0,22.0,25.0,28.0,30.0,35.0,40.0,50.0","SYNTHETIC_ASSUMED","F",3.1130878112101925,"TESTER_A",20260115,"temporal_parametric_v1.0.0","DTL_TEMPORAL_PARAMETRIC_V1","DTL_TEMPORAL_ACTUAL_DIE_V1","DTL_TEMPORAL_POPULATION_V1"
"2026-03","March 2026",3,"DTL_SCRATCH_002","DTL_SCRATCH_002_D001","die_001",1,"SCRATCH","COND_HOT_NOM",85,1,"HOT","T_VMIN","VMIN",0.9270761489738644,"V","UPPER",0.85,"NOT_DEFINED",0.75,1,"NOT_UNIFORM","0.75,0.78,0.8,0.82,0.85,0.88,0.9,0.92,0.95,1.0","SYNTHETIC_ASSUMED","F",3.1130878112101925,"TESTER_A",20260115,"temporal_parametric_v1.0.0","DTL_TEMPORAL_PARAMETRIC_V1","DTL_TEMPORAL_ACTUAL_DIE_V1","DTL_TEMPORAL_POPULATION_V1"
"2026-03","March 2026",3,"DTL_SCRATCH_002","DTL_SCRATCH_002_D001","die_001",1,"SCRATCH","COND_HOT_NOM",85,1,"HOT","T_VMAX","VMAX",1.1045749929414694,"V","LOWER",1.15,"NOT_DEFINED",1.05,1.25,"NOT_UNIFORM","1.05,1.08,1.1,1.12,1.15,1.18,1.2,1.22,1.25","SYNTHETIC_ASSUMED","F",3.1130878112101925,"TESTER_A",20260115,"temporal_parametric_v1.0.0","DTL_TEMPORAL_PARAMETRIC_V1","DTL_TEMPORAL_ACTUAL_DIE_V1","DTL_TEMPORAL_POPULATION_V1"
"2026-03","March 2026",3,"DTL_SCRATCH_002","DTL_SCRATCH_002_D001","die_001",1,"SCRATCH","COND_HOT_NOM",85,1,"HOT","T_IDDQ","IDDQ",70.43684563395942,"uA","UPPER",50,"NOT_DEFINED",30,100,"NOT_UNIFORM","30.0,35.0,40.0,45.0,50.0,55.0,60.0,70.0,80.0,100.0","SYNTHETIC_ASSUMED","F",3.1130878112101925,"TESTER_A",20260115,"temporal_parametric_v1.0.0","DTL_TEMPORAL_PARAMETRIC_V1","DTL_TEMPORAL_ACTUAL_DIE_V1","DTL_TEMPORAL_POPULATION_V1"
"2026-03","March 2026",3,"DTL_SCRATCH_002","DTL_SCRATCH_002_D001","die_001",1,"SCRATCH","COND_HOT_NOM",85,1,"HOT","T_SUPPLY_CURRENT","SUPPLY_CURRENT",128.43783476898545,"mA","UPPER",120,"NOT_DEFINED",90,200,"NOT_UNIFORM","90.0,100.0,110.0,120.0,130.0,140.0,150.0,170.0,200.0","SYNTHETIC_ASSUMED","F",3.1130878112101925,"TESTER_A",20260115,"temporal_parametric_v1.0.0","DTL_TEMPORAL_PARAMETRIC_V1","DTL_TEMPORAL_ACTUAL_DIE_V1","DTL_TEMPORAL_POPULATION_V1"
"2026-03","March 2026",3,"DTL_SCRATCH_002","DTL_SCRATCH_002_D001","die_001",1,"SCRATCH","COND_RT_LOWV",25,0.9,"LOW_VDD","T_CONTACT_R","CONTACT_RESISTANCE",5.908512624406124,"ohm","UPPER",5,"NOT_DEFINED",3.5,10,"NOT_UNIFORM","3.5,4.0,4.5,5.0,5.5,6.0,7.0,8.0,10.0","SYNTHETIC_ASSUMED","F",3.1130878112101925,"TESTER_A",20260115,"temporal_parametric_v1.0.0","DTL_TEMPORAL_PARAMETRIC_V1","DTL_TEMPORAL_ACTUAL_DIE_V1","DTL_TEMPORAL_POPULATION_V1"
"2026-03","March 2026",3,"DTL_SCRATCH_002","DTL_SCRATCH_002_D001","die_001",1,"SCRATCH","COND_RT_LOWV",25,0.9,"LOW_VDD","T_INTERCONNECT_R","INTERCONNECT_RESISTANCE",15.18929064822674,"ohm","UPPER",15,"NOT_DEFINED",11,25,"NOT_UNIFORM","11.0,12.0,13.0,14.0,15.0,16.0,18.0,20.0,25.0","SYNTHETIC_ASSUMED","F",3.1130878112101925,"TESTER_A",20260115,"temporal_parametric_v1.0.0","DTL_TEMPORAL_PARAMETRIC_V1","DTL_TEMPORAL_ACTUAL_DIE_V1","DTL_TEMPORAL_POPULATION_V1"
"2026-03","March 2026",3,"DTL_SCRATCH_002","DTL_SCRATCH_002_D001","die_001",1,"SCRATCH","COND_RT_LOWV",25,0.9,"LOW_VDD","T_ON_R","ON_RESISTANCE",29.09252764030988,"ohm","UPPER",25,"NOT_DEFINED",18,50,"NOT_UNIFORM","18.0,20.0,22.0,25.0,28.0,30.0,35.0,40.0,50.0","SYNTHETIC_ASSUMED","F",3.1130878112101925,"TESTER_A",20260115,"temporal_parametric_v1.0.0","DTL_TEMPORAL_PARAMETRIC_V1","DTL_TEMPORAL_ACTUAL_DIE_V1","DTL_TEMPORAL_POPULATION_V1"
"2026-03","March 2026",3,"DTL_SCRATCH_002","DTL_SCRATCH_002_D001","die_001",1,"SCRATCH","COND_RT_LOWV",25,0.9,"LOW_VDD","T_VMIN","VMIN",0.9050351435878976,"V","UPPER",0.85,"NOT_DEFINED",0.75,1,"NOT_UNIFORM","0.75,0.78,0.8,0.82,0.85,0.88,0.9,0.92,0.95,1.0","SYNTHETIC_ASSUMED","F",3.1130878112101925,"TESTER_A",20260115,"temporal_parametric_v1.0.0","DTL_TEMPORAL_PARAMETRIC_V1","DTL_TEMPORAL_ACTUAL_DIE_V1","DTL_TEMPORAL_POPULATION_V1"
"2026-03","March 2026",3,"DTL_SCRATCH_002","DTL_SCRATCH_002_D001","die_001",1,"SCRATCH","COND_RT_LOWV",25,0.9,"LOW_VDD","T_VMAX","VMAX",1.03337036418428,"V","LOWER",1.15,"NOT_DEFINED",1.05,1.25,"NOT_UNIFORM","1.05,1.08,1.1,1.12,1.15,1.18,1.2,1.22,1.25","SYNTHETIC_ASSUMED","F",3.1130878112101925,"TESTER_A",20260115,"temporal_parametric_v1.0.0","DTL_TEMPORAL_PARAMETRIC_V1","DTL_TEMPORAL_ACTUAL_DIE_V1","DTL_TEMPORAL_POPULATION_V1"
"2026-03","March 2026",3,"DTL_SCRATCH_002","DTL_SCRATCH_002_D001","die_001",1,"SCRATCH","COND_RT_LOWV",25,0.9,"LOW_VDD","T_IDDQ","IDDQ",58.83383924312281,"uA","UPPER",50,"NOT_DEFINED",30,100,"NOT_UNIFORM","30.0,35.0,40.0,45.0,50.0,55.0,60.0,70.0,80.0,100.0","SYNTHETIC_ASSUMED","F",3.1130878112101925,"TESTER_A",20260115,"temporal_parametric_v1.0.0","DTL_TEMPORAL_PARAMETRIC_V1","DTL_TEMPORAL_ACTUAL_DIE_V1","DTL_TEMPORAL_POPULATION_V1"
"2026-03","March 2026",3,"DTL_SCRATCH_002","DTL_SCRATCH_002_D001","die_001",1,"SCRATCH","COND_RT_LOWV",25,0.9,"LOW_VDD","T_SUPPLY_CURRENT","SUPPLY_CURRENT",122.1754544693138,"mA","UPPER",120,"NOT_DEFINED",90,200,"NOT_UNIFORM","90.0,100.0,110.0,120.0,130.0,140.0,150.0,170.0,200.0","SYNTHETIC_ASSUMED","F",3.1130878112101925,"TESTER_A",20260115,"temporal_parametric_v1.0.0","DTL_TEMPORAL_PARAMETRIC_V1","DTL_TEMPORAL_ACTUAL_DIE_V1","DTL_TEMPORAL_POPULATION_V1"
"2026-03","March 2026",3,"DTL_SCRATCH_002","DTL_SCRATCH_002_D001","die_001",1,"SCRATCH","COND_HOT_HIGHV",85,1.1,"HIGH_VDD","T_CONTACT_R","CONTACT_RESISTANCE",5.642231298651596,"ohm","UPPER",5,"NOT_DEFINED",3.5,10,"NOT_UNIFORM","3.5,4.0,4.5,5.0,5.5,6.0,7.0,8.0,10.0","SYNTHETIC_ASSUMED","F",3.1130878112101925,"TESTER_A",20260115,"temporal_parametric_v1.0.0","DTL_TEMPORAL_PARAMETRIC_V1","DTL_TEMPORAL_ACTUAL_DIE_V1","DTL_TEMPORAL_POPULATION_V1"
"2026-03","March 2026",3,"DTL_SCRATCH_002","DTL_SCRATCH_002_D001","die_001",1,"SCRATCH","COND_HOT_HIGHV",85,1.1,"HIGH_VDD","T_INTERCONNECT_R","INTERCONNECT_RESISTANCE",17.04764127582628,"ohm","UPPER",15,"NOT_DEFINED",11,25,"NOT_UNIFORM","11.0,12.0,13.0,14.0,15.0,16.0,18.0,20.0,25.0","SYNTHETIC_ASSUMED","F",3.1130878112101925,"TESTER_A",20260115,"temporal_parametric_v1.0.0","DTL_TEMPORAL_PARAMETRIC_V1","DTL_TEMPORAL_ACTUAL_DIE_V1","DTL_TEMPORAL_POPULATION_V1"
"2026-03","March 2026",3,"DTL_SCRATCH_002","DTL_SCRATCH_002_D001","die_001",1,"SCRATCH","COND_HOT_HIGHV",85,1.1,"HIGH_VDD","T_ON_R","ON_RESISTANCE",27.70675581105153,"ohm","UPPER",25,"NOT_DEFINED",18,50,"NOT_UNIFORM","18.0,20.0,22.0,25.0,28.0,30.0,35.0,40.0,50.0","SYNTHETIC_ASSUMED","F",3.1130878112101925,"TESTER_A",20260115,"temporal_parametric_v1.0.0","DTL_TEMPORAL_PARAMETRIC_V1","DTL_TEMPORAL_ACTUAL_DIE_V1","DTL_TEMPORAL_POPULATION_V1"
"2026-03","March 2026",3,"DTL_SCRATCH_002","DTL_SCRATCH_002_D001","die_001",1,"SCRATCH","COND_HOT_HIGHV",85,1.1,"HIGH_VDD","T_VMIN","VMIN",0.9122883648500112,"V","UPPER",0.85,"NOT_DEFINED",0.75,1,"NOT_UNIFORM","0.75,0.78,0.8,0.82,0.85,0.88,0.9,0.92,0.95,1.0","SYNTHETIC_ASSUMED","F",3.1130878112101925,"TESTER_A",20260115,"temporal_parametric_v1.0.0","DTL_TEMPORAL_PARAMETRIC_V1","DTL_TEMPORAL_ACTUAL_DIE_V1","DTL_TEMPORAL_POPULATION_V1"
"2026-03","March 2026",3,"DTL_SCRATCH_002","DTL_SCRATCH_002_D001","die_001",1,"SCRATCH","COND_HOT_HIGHV",85,1.1,"HIGH_VDD","T_VMAX","VMAX",1.111967297646863,"V","LOWER",1.15,"NOT_DEFINED",1.05,1.25,"NOT_UNIFORM","1.05,1.08,1.1,1.12,1.15,1.18,1.2,1.22,1.25","SYNTHETIC_ASSUMED","F",3.1130878112101925,"TESTER_A",20260115,"temporal_parametric_v1.0.0","DTL_TEMPORAL_PARAMETRIC_V1","DTL_TEMPORAL_ACTUAL_DIE_V1","DTL_TEMPORAL_POPULATION_V1"
"2026-03","March 2026",3,"DTL_SCRATCH_002","DTL_SCRATCH_002_D001","die_001",1,"SCRATCH","COND_HOT_HIGHV",85,1.1,"HIGH_VDD","T_IDDQ","IDDQ",65.39326129809325,"uA","UPPER",50,"NOT_DEFINED",30,100,"NOT_UNIFORM","30.0,35.0,40.0,45.0,50.0,55.0,60.0,70.0,80.0,100.0","SYNTHETIC_ASSUMED","F",3.1130878112101925,"TESTER_A",20260115,"temporal_parametric_v1.0.0","DTL_TEMPORAL_PARAMETRIC_V1","DTL_TEMPORAL_ACTUAL_DIE_V1","DTL_TEMPORAL_POPULATION_V1"
"2026-03","March 2026",3,"DTL_SCRATCH_002","DTL_SCRATCH_002_D001","die_001",1,"SCRATCH","COND_HOT_HIGHV",85,1.1,"HIGH_VDD","T_SUPPLY_CURRENT","SUPPLY_CURRENT",139.55946105636963,"mA","UPPER",120,"NOT_DEFINED",90,200,"NOT_UNIFORM","90.0,100.0,110.0,120.0,130.0,140.0,150.0,170.0,200.0","SYNTHETIC_ASSUMED","F",3.1130878112101925,"TESTER_A",20260115,"temporal_parametric_v1.0.0","DTL_TEMPORAL_PARAMETRIC_V1","DTL_TEMPORAL_ACTUAL_DIE_V1","DTL_TEMPORAL_POPULATION_V1"
"2026-03","March 2026",3,"DTL_SCRATCH_002","DTL_SCRATCH_002_D002","die_002",2,"SCRATCH","COND_RT_NOM",25,1,"NOMINAL","T_CONTACT_R","CONTACT_RESISTANCE",6.431061263839441,"ohm","UPPER",5,"NOT_DEFINED",3.5,10,"NOT_UNIFORM","3.5,4.0,4.5,5.0,5.5,6.0,7.0,8.0,10.0","SYNTHETIC_ASSUMED","F",3.104832694705705,"TESTER_A",20260115,"temporal_parametric_v1.0.0","DTL_TEMPORAL_PARAMETRIC_V1","DTL_TEMPORAL_ACTUAL_DIE_V1","DTL_TEMPORAL_POPULATION_V1"
"2026-03","March 2026",3,"DTL_SCRATCH_002","DTL_SCRATCH_002_D002","die_002",2,"SCRATCH","COND_RT_NOM",25,1,"NOMINAL","T_INTERCONNECT_R","INTERCONNECT_RESISTANCE",17.486210636044305,"ohm","UPPER",15,"NOT_DEFINED",11,25,"NOT_UNIFORM","11.0,12.0,13.0,14.0,15.0,16.0,18.0,20.0,25.0","SYNTHETIC_ASSUMED","F",3.104832694705705,"TESTER_A",20260115,"temporal_parametric_v1.0.0","DTL_TEMPORAL_PARAMETRIC_V1","DTL_TEMPORAL_ACTUAL_DIE_V1","DTL_TEMPORAL_POPULATION_V1"
"2026-03","March 2026",3,"DTL_SCRATCH_002","DTL_SCRATCH_002_D002","die_002",2,"SCRATCH","COND_RT_NOM",25,1,"NOMINAL","T_ON_R","ON_RESISTANCE",29.196727540816727,"ohm","UPPER",25,"NOT_DEFINED",18,50,"NOT_UNIFORM","18.0,20.0,22.0,25.0,28.0,30.0,35.0,40.0,50.0","SYNTHETIC_ASSUMED","F",3.104832694705705,"TESTER_A",20260115,"temporal_parametric_v1.0.0","DTL_TEMPORAL_PARAMETRIC_V1","DTL_TEMPORAL_ACTUAL_DIE_V1","DTL_TEMPORAL_POPULATION_V1"
"2026-03","March 2026",3,"DTL_SCRATCH_002","DTL_SCRATCH_002_D002","die_002",2,"SCRATCH","COND_RT_NOM",25,1,"NOMINAL","T_VMIN","VMIN",0.9063364651284564,"V","UPPER",0.85,"NOT_DEFINED",0.75,1,"NOT_UNIFORM","0.75,0.78,0.8,0.82,0.85,0.88,0.9,0.92,0.95,1.0","SYNTHETIC_ASSUMED","F",3.104832694705705,"TESTER_A",20260115,"temporal_parametric_v1.0.0","DTL_TEMPORAL_PARAMETRIC_V1","DTL_TEMPORAL_ACTUAL_DIE_V1","DTL_TEMPORAL_POPULATION_V1"
"2026-03","March 2026",3,"DTL_SCRATCH_002","DTL_SCRATCH_002_D002","die_002",2,"SCRATCH","COND_RT_NOM",25,1,"NOMINAL","T_VMAX","VMAX",1.0117915241099116,"V","LOWER",1.15,"NOT_DEFINED",1.05,1.25,"NOT_UNIFORM","1.05,1.08,1.1,1.12,1.15,1.18,1.2,1.22,1.25","SYNTHETIC_ASSUMED","F",3.104832694705705,"TESTER_A",20260115,"temporal_parametric_v1.0.0","DTL_TEMPORAL_PARAMETRIC_V1","DTL_TEMPORAL_ACTUAL_DIE_V1","DTL_TEMPORAL_POPULATION_V1"
"2026-03","March 2026",3,"DTL_SCRATCH_002","DTL_SCRATCH_002_D002","die_002",2,"SCRATCH","COND_RT_NOM",25,1,"NOMINAL","T_IDDQ","IDDQ",69.789842399895,"uA","UPPER",50,"NOT_DEFINED",30,100,"NOT_UNIFORM","30.0,35.0,40.0,45.0,50.0,55.0,60.0,70.0,80.0,100.0","SYNTHETIC_ASSUMED","F",3.104832694705705,"TESTER_A",20260115,"temporal_parametric_v1.0.0","DTL_TEMPORAL_PARAMETRIC_V1","DTL_TEMPORAL_ACTUAL_DIE_V1","DTL_TEMPORAL_POPULATION_V1"
"2026-03","March 2026",3,"DTL_SCRATCH_002","DTL_SCRATCH_002_D002","die_002",2,"SCRATCH","COND_RT_NOM",25,1,"NOMINAL","T_SUPPLY_CURRENT","SUPPLY_CURRENT",122.18037823856191,"mA","UPPER",120,"NOT_DEFINED",90,200,"NOT_UNIFORM","90.0,100.0,110.0,120.0,130.0,140.0,150.0,170.0,200.0","SYNTHETIC_ASSUMED","F",3.104832694705705,"TESTER_A",20260115,"temporal_parametric_v1.0.0","DTL_TEMPORAL_PARAMETRIC_V1","DTL_TEMPORAL_ACTUAL_DIE_V1","DTL_TEMPORAL_POPULATION_V1"
"2026-03","March 2026",3,"DTL_SCRATCH_002","DTL_SCRATCH_002_D002","die_002",2,"SCRATCH","COND_HOT_NOM",85,1,"HOT","T_CONTACT_R","CONTACT_RESISTANCE",6.419247355293184,"ohm","UPPER",5,"NOT_DEFINED",3.5,10,"NOT_UNIFORM","3.5,4.0,4.5,5.0,5.5,6.0,7.0,8.0,10.0","SYNTHETIC_ASSUMED","F",3.104832694705705,"TESTER_A",20260115,"temporal_parametric_v1.0.0","DTL_TEMPORAL_PARAMETRIC_V1","DTL_TEMPORAL_ACTUAL_DIE_V1","DTL_TEMPORAL_POPULATION_V1"
"2026-03","March 2026",3,"DTL_SCRATCH_002","DTL_SCRATCH_002_D002","die_002",2,"SCRATCH","COND_HOT_NOM",85,1,"HOT","T_INTERCONNECT_R","INTERCONNECT_RESISTANCE",17.524148663635767,"ohm","UPPER",15,"NOT_DEFINED",11,25,"NOT_UNIFORM","11.0,12.0,13.0,14.0,15.0,16.0,18.0,20.0,25.0","SYNTHETIC_ASSUMED","F",3.104832694705705,"TESTER_A",20260115,"temporal_parametric_v1.0.0","DTL_TEMPORAL_PARAMETRIC_V1","DTL_TEMPORAL_ACTUAL_DIE_V1","DTL_TEMPORAL_POPULATION_V1"
"2026-03","March 2026",3,"DTL_SCRATCH_002","DTL_SCRATCH_002_D002","die_002",2,"SCRATCH","COND_HOT_NOM",85,1,"HOT","T_ON_R","ON_RESISTANCE",24.112198319651142,"ohm","UPPER",25,"NOT_DEFINED",18,50,"NOT_UNIFORM","18.0,20.0,22.0,25.0,28.0,30.0,35.0,40.0,50.0","SYNTHETIC_ASSUMED","P",3.104832694705705,"TESTER_A",20260115,"temporal_parametric_v1.0.0","DTL_TEMPORAL_PARAMETRIC_V1","DTL_TEMPORAL_ACTUAL_DIE_V1","DTL_TEMPORAL_POPULATION_V1"
"2026-03","March 2026",3,"DTL_SCRATCH_002","DTL_SCRATCH_002_D002","die_002",2,"SCRATCH","COND_HOT_NOM",85,1,"HOT","T_VMIN","VMIN",0.8613725001971864,"V","UPPER",0.85,"NOT_DEFINED",0.75,1,"NOT_UNIFORM","0.75,0.78,0.8,0.82,0.85,0.88,0.9,0.92,0.95,1.0","SYNTHETIC_ASSUMED","F",3.104832694705705,"TESTER_A",20260115,"temporal_parametric_v1.0.0","DTL_TEMPORAL_PARAMETRIC_V1","DTL_TEMPORAL_ACTUAL_DIE_V1","DTL_TEMPORAL_POPULATION_V1"
"2026-03","March 2026",3,"DTL_SCRATCH_002","DTL_SCRATCH_002_D002","die_002",2,"SCRATCH","COND_HOT_NOM",85,1,"HOT","T_VMAX","VMAX",1.1246651578981268,"V","LOWER",1.15,"NOT_DEFINED",1.05,1.25,"NOT_UNIFORM","1.05,1.08,1.1,1.12,1.15,1.18,1.2,1.22,1.25","SYNTHETIC_ASSUMED","F",3.104832694705705,"TESTER_A",20260115,"temporal_parametric_v1.0.0","DTL_TEMPORAL_PARAMETRIC_V1","DTL_TEMPORAL_ACTUAL_DIE_V1","DTL_TEMPORAL_POPULATION_V1"
"2026-03","March 2026",3,"DTL_SCRATCH_002","DTL_SCRATCH_002_D002","die_002",2,"SCRATCH","COND_HOT_NOM",85,1,"HOT","T_IDDQ","IDDQ",63.665476539542574,"uA","UPPER",50,"NOT_DEFINED",30,100,"NOT_UNIFORM","30.0,35.0,40.0,45.0,50.0,55.0,60.0,70.0,80.0,100.0","SYNTHETIC_ASSUMED","F",3.104832694705705,"TESTER_A",20260115,"temporal_parametric_v1.0.0","DTL_TEMPORAL_PARAMETRIC_V1","DTL_TEMPORAL_ACTUAL_DIE_V1","DTL_TEMPORAL_POPULATION_V1"
"2026-03","March 2026",3,"DTL_SCRATCH_002","DTL_SCRATCH_002_D002","die_002",2,"SCRATCH","COND_HOT_NOM",85,1,"HOT","T_SUPPLY_CURRENT","SUPPLY_CURRENT",123.96081756199064,"mA","UPPER",120,"NOT_DEFINED",90,200,"NOT_UNIFORM","90.0,100.0,110.0,120.0,130.0,140.0,150.0,170.0,200.0","SYNTHETIC_ASSUMED","F",3.104832694705705,"TESTER_A",20260115,"temporal_parametric_v1.0.0","DTL_TEMPORAL_PARAMETRIC_V1","DTL_TEMPORAL_ACTUAL_DIE_V1","DTL_TEMPORAL_POPULATION_V1"
"2026-03","March 2026",3,"DTL_SCRATCH_002","DTL_SCRATCH_002_D002","die_002",2,"SCRATCH","COND_RT_LOWV",25,0.9,"LOW_VDD","T_CONTACT_R","CONTACT_RESISTANCE",6.322939696722571,"ohm","UPPER",5,"NOT_DEFINED",3.5,10,"NOT_UNIFORM","3.5,4.0,4.5,5.0,5.5,6.0,7.0,8.0,10.0","SYNTHETIC_ASSUMED","F",3.104832694705705,"TESTER_A",20260115,"temporal_parametric_v1.0.0","DTL_TEMPORAL_PARAMETRIC_V1","DTL_TEMPORAL_ACTUAL_DIE_V1","DTL_TEMPORAL_POPULATION_V1"
"2026-03","March 2026",3,"DTL_SCRATCH_002","DTL_SCRATCH_002_D002","die_002",2,"SCRATCH","COND_RT_LOWV",25,0.9,"LOW_VDD","T_INTERCONNECT_R","INTERCONNECT_RESISTANCE",17.92303463466735,"ohm","UPPER",15,"NOT_DEFINED",11,25,"NOT_UNIFORM","11.0,12.0,13.0,14.0,15.0,16.0,18.0,20.0,25.0","SYNTHETIC_ASSUMED","F",3.104832694705705,"TESTER_A",20260115,"temporal_parametric_v1.0.0","DTL_TEMPORAL_PARAMETRIC_V1","DTL_TEMPORAL_ACTUAL_DIE_V1","DTL_TEMPORAL_POPULATION_V1"
"2026-03","March 2026",3,"DTL_SCRATCH_002","DTL_SCRATCH_002_D002","die_002",2,"SCRATCH","COND_RT_LOWV",25,0.9,"LOW_VDD","T_ON_R","ON_RESISTANCE",25.921286274414904,"ohm","UPPER",25,"NOT_DEFINED",18,50,"NOT_UNIFORM","18.0,20.0,22.0,25.0,28.0,30.0,35.0,40.0,50.0","SYNTHETIC_ASSUMED","F",3.104832694705705,"TESTER_A",20260115,"temporal_parametric_v1.0.0","DTL_TEMPORAL_PARAMETRIC_V1","DTL_TEMPORAL_ACTUAL_DIE_V1","DTL_TEMPORAL_POPULATION_V1"
"2026-03","March 2026",3,"DTL_SCRATCH_002","DTL_SCRATCH_002_D002","die_002",2,"SCRATCH","COND_RT_LOWV",25,0.9,"LOW_VDD","T_VMIN","VMIN",0.9636147925310936,"V","UPPER",0.85,"NOT_DEFINED",0.75,1,"NOT_UNIFORM","0.75,0.78,0.8,0.82,0.85,0.88,0.9,0.92,0.95,1.0","SYNTHETIC_ASSUMED","F",3.104832694705705,"TESTER_A",20260115,"temporal_parametric_v1.0.0","DTL_TEMPORAL_PARAMETRIC_V1","DTL_TEMPORAL_ACTUAL_DIE_V1","DTL_TEMPORAL_POPULATION_V1"
"2026-03","March 2026",3,"DTL_SCRATCH_002","DTL_SCRATCH_002_D002","die_002",2,"SCRATCH","COND_RT_LOWV",25,0.9,"LOW_VDD","T_VMAX","VMAX",1.0728840979154015,"V","LOWER",1.15,"NOT_DEFINED",1.05,1.25,"NOT_UNIFORM","1.05,1.08,1.1,1.12,1.15,1.18,1.2,1.22,1.25","SYNTHETIC_ASSUMED","F",3.104832694705705,"TESTER_A",20260115,"temporal_parametric_v1.0.0","DTL_TEMPORAL_PARAMETRIC_V1","DTL_TEMPORAL_ACTUAL_DIE_V1","DTL_TEMPORAL_POPULATION_V1"
"2026-03","March 2026",3,"DTL_SCRATCH_002","DTL_SCRATCH_002_D002","die_002",2,"SCRATCH","COND_RT_LOWV",25,0.9,"LOW_VDD","T_IDDQ","IDDQ",57.26959405579866,"uA","UPPER",50,"NOT_DEFINED",30,100,"NOT_UNIFORM","30.0,35.0,40.0,45.0,50.0,55.0,60.0,70.0,80.0,100.0","SYNTHETIC_ASSUMED","F",3.104832694705705,"TESTER_A",20260115,"temporal_parametric_v1.0.0","DTL_TEMPORAL_PARAMETRIC_V1","DTL_TEMPORAL_ACTUAL_DIE_V1","DTL_TEMPORAL_POPULATION_V1"
"2026-03","March 2026",3,"DTL_SCRATCH_002","DTL_SCRATCH_002_D002","die_002",2,"SCRATCH","COND_RT_LOWV",25,0.9,"LOW_VDD","T_SUPPLY_CURRENT","SUPPLY_CURRENT",120.99892305190583,"mA","UPPER",120,"NOT_DEFINED",90,200,"NOT_UNIFORM","90.0,100.0,110.0,120.0,130.0,140.0,150.0,170.0,200.0","SYNTHETIC_ASSUMED","F",3.104832694705705,"TESTER_A",20260115,"temporal_parametric_v1.0.0","DTL_TEMPORAL_PARAMETRIC_V1","DTL_TEMPORAL_ACTUAL_DIE_V1","DTL_TEMPORAL_POPULATION_V1"
"2026-03","March 2026",3,"DTL_SCRATCH_002","DTL_SCRATCH_002_D002","die_002",2,"SCRATCH","COND_HOT_HIGHV",85,1.1,"HIGH_VDD","T_CONTACT_R","CONTACT_RESISTANCE",8.757978284853984,"ohm","UPPER",5,"NOT_DEFINED",3.5,10,"NOT_UNIFORM","3.5,4.0,4.5,5.0,5.5,6.0,7.0,8.0,10.0","SYNTHETIC_ASSUMED","F",3.104832694705705,"TESTER_A",20260115,"temporal_parametric_v1.0.0","DTL_TEMPORAL_PARAMETRIC_V1","DTL_TEMPORAL_ACTUAL_DIE_V1","DTL_TEMPORAL_POPULATION_V1"
"2026-03","March 2026",3,"DTL_SCRATCH_002","DTL_SCRATCH_002_D002","die_002",2,"SCRATCH","COND_HOT_HIGHV",85,1.1,"HIGH_VDD","T_INTERCONNECT_R","INTERCONNECT_RESISTANCE",19.810263629775548,"ohm","UPPER",15,"NOT_DEFINED",11,25,"NOT_UNIFORM","11.0,12.0,13.0,14.0,15.0,16.0,18.0,20.0,25.0","SYNTHETIC_ASSUMED","F",3.104832694705705,"TESTER_A",20260115,"temporal_parametric_v1.0.0","DTL_TEMPORAL_PARAMETRIC_V1","DTL_TEMPORAL_ACTUAL_DIE_V1","DTL_TEMPORAL_POPULATION_V1"
"2026-03","March 2026",3,"DTL_SCRATCH_002","DTL_SCRATCH_002_D002","die_002",2,"SCRATCH","COND_HOT_HIGHV",85,1.1,"HIGH_VDD","T_ON_R","ON_RESISTANCE",31.30585042898109,"ohm","UPPER",25,"NOT_DEFINED",18,50,"NOT_UNIFORM","18.0,20.0,22.0,25.0,28.0,30.0,35.0,40.0,50.0","SYNTHETIC_ASSUMED","F",3.104832694705705,"TESTER_A",20260115,"temporal_parametric_v1.0.0","DTL_TEMPORAL_PARAMETRIC_V1","DTL_TEMPORAL_ACTUAL_DIE_V1","DTL_TEMPORAL_POPULATION_V1"
"2026-03","March 2026",3,"DTL_SCRATCH_002","DTL_SCRATCH_002_D002","die_002",2,"SCRATCH","COND_HOT_HIGHV",85,1.1,"HIGH_VDD","T_VMIN","VMIN",0.9923586306472724,"V","UPPER",0.85,"NOT_DEFINED",0.75,1,"NOT_UNIFORM","0.75,0.78,0.8,0.82,0.85,0.88,0.9,0.92,0.95,1.0","SYNTHETIC_ASSUMED","F",3.104832694705705,"TESTER_A",20260115,"temporal_parametric_v1.0.0","DTL_TEMPORAL_PARAMETRIC_V1","DTL_TEMPORAL_ACTUAL_DIE_V1","DTL_TEMPORAL_POPULATION_V1"
"2026-03","March 2026",3,"DTL_SCRATCH_002","DTL_SCRATCH_002_D002","die_002",2,"SCRATCH","COND_HOT_HIGHV",85,1.1,"HIGH_VDD","T_VMAX","VMAX",1.0408365258565684,"V","LOWER",1.15,"NOT_DEFINED",1.05,1.25,"NOT_UNIFORM","1.05,1.08,1.1,1.12,1.15,1.18,1.2,1.22,1.25","SYNTHETIC_ASSUMED","F",3.104832694705705,"TESTER_A",20260115,"temporal_parametric_v1.0.0","DTL_TEMPORAL_PARAMETRIC_V1","DTL_TEMPORAL_ACTUAL_DIE_V1","DTL_TEMPORAL_POPULATION_V1"
"2026-03","March 2026",3,"DTL_SCRATCH_002","DTL_SCRATCH_002_D002","die_002",2,"SCRATCH","COND_HOT_HIGHV",85,1.1,"HIGH_VDD","T_IDDQ","IDDQ",86.54061763833565,"uA","UPPER",50,"NOT_DEFINED",30,100,"NOT_UNIFORM","30.0,35.0,40.0,45.0,50.0,55.0,60.0,70.0,80.0,100.0","SYNTHETIC_ASSUMED","F",3.104832694705705,"TESTER_A",20260115,"temporal_parametric_v1.0.0","DTL_TEMPORAL_PARAMETRIC_V1","DTL_TEMPORAL_ACTUAL_DIE_V1","DTL_TEMPORAL_POPULATION_V1"
"2026-03","March 2026",3,"DTL_SCRATCH_002","DTL_SCRATCH_002_D002","die_002",2,"SCRATCH","COND_HOT_HIGHV",85,1.1,"HIGH_VDD","T_SUPPLY_CURRENT","SUPPLY_CURRENT",132.81675691553625,"mA","UPPER",120,"NOT_DEFINED",90,200,"NOT_UNIFORM","90.0,100.0,110.0,120.0,130.0,140.0,150.0,170.0,200.0","SYNTHETIC_ASSUMED","F",3.104832694705705,"TESTER_A",20260115,"temporal_parametric_v1.0.0","DTL_TEMPORAL_PARAMETRIC_V1","DTL_TEMPORAL_ACTUAL_DIE_V1","DTL_TEMPORAL_POPULATION_V1"
"2026-03","March 2026",3,"DTL_SCRATCH_002","DTL_SCRATCH_002_D003","die_003",3,"SCRATCH","COND_RT_NOM",25,1,"NOMINAL","T_CONTACT_R","CONTACT_RESISTANCE",5.978085487535406,"ohm","UPPER",5,"NOT_DEFINED",3.5,10,"NOT_UNIFORM","3.5,4.0,4.5,5.0,5.5,6.0,7.0,8.0,10.0","SYNTHETIC_ASSUMED","F",2.933916201388204,"TESTER_A",20260115,"temporal_parametric_v1.0.0","DTL_TEMPORAL_PARAMETRIC_V1","DTL_TEMPORAL_ACTUAL_DIE_V1","DTL_TEMPORAL_POPULATION_V1"
"2026-03","March 2026",3,"DTL_SCRATCH_002","DTL_SCRATCH_002_D003","die_003",3,"SCRATCH","COND_RT_NOM",25,1,"NOMINAL","T_INTERCONNECT_R","INTERCONNECT_RESISTANCE",15.694847572053398,"ohm","UPPER",15,"NOT_DEFINED",11,25,"NOT_UNIFORM","11.0,12.0,13.0,14.0,15.0,16.0,18.0,20.0,25.0","SYNTHETIC_ASSUMED","F",2.933916201388204,"TESTER_A",20260115,"temporal_parametric_v1.0.0","DTL_TEMPORAL_PARAMETRIC_V1","DTL_TEMPORAL_ACTUAL_DIE_V1","DTL_TEMPORAL_POPULATION_V1"
"2026-03","March 2026",3,"DTL_SCRATCH_002","DTL_SCRATCH_002_D003","die_003",3,"SCRATCH","COND_RT_NOM",25,1,"NOMINAL","T_ON_R","ON_RESISTANCE",25.491036632876053,"ohm","UPPER",25,"NOT_DEFINED",18,50,"NOT_UNIFORM","18.0,20.0,22.0,25.0,28.0,30.0,35.0,40.0,50.0","SYNTHETIC_ASSUMED","F",2.933916201388204,"TESTER_A",20260115,"temporal_parametric_v1.0.0","DTL_TEMPORAL_PARAMETRIC_V1","DTL_TEMPORAL_ACTUAL_DIE_V1","DTL_TEMPORAL_POPULATION_V1"
"2026-03","March 2026",3,"DTL_SCRATCH_002","DTL_SCRATCH_002_D003","die_003",3,"SCRATCH","COND_RT_NOM",25,1,"NOMINAL","T_VMIN","VMIN",0.8989253749602854,"V","UPPER",0.85,"NOT_DEFINED",0.75,1,"NOT_UNIFORM","0.75,0.78,0.8,0.82,0.85,0.88,0.9,0.92,0.95,1.0","SYNTHETIC_ASSUMED","F",2.933916201388204,"TESTER_A",20260115,"temporal_parametric_v1.0.0","DTL_TEMPORAL_PARAMETRIC_V1","DTL_TEMPORAL_ACTUAL_DIE_V1","DTL_TEMPORAL_POPULATION_V1"
"2026-03","March 2026",3,"DTL_SCRATCH_002","DTL_SCRATCH_002_D003","die_003",3,"SCRATCH","COND_RT_NOM",25,1,"NOMINAL","T_VMAX","VMAX",1.0872626440037114,"V","LOWER",1.15,"NOT_DEFINED",1.05,1.25,"NOT_UNIFORM","1.05,1.08,1.1,1.12,1.15,1.18,1.2,1.22,1.25","SYNTHETIC_ASSUMED","F",2.933916201388204,"TESTER_A",20260115,"temporal_parametric_v1.0.0","DTL_TEMPORAL_PARAMETRIC_V1","DTL_TEMPORAL_ACTUAL_DIE_V1","DTL_TEMPORAL_POPULATION_V1"
"2026-03","March 2026",3,"DTL_SCRATCH_002","DTL_SCRATCH_002_D003","die_003",3,"SCRATCH","COND_RT_NOM",25,1,"NOMINAL","T_IDDQ","IDDQ",64.30968206554496,"uA","UPPER",50,"NOT_DEFINED",30,100,"NOT_UNIFORM","30.0,35.0,40.0,45.0,50.0,55.0,60.0,70.0,80.0,100.0","SYNTHETIC_ASSUMED","F",2.933916201388204,"TESTER_A",20260115,"temporal_parametric_v1.0.0","DTL_TEMPORAL_PARAMETRIC_V1","DTL_TEMPORAL_ACTUAL_DIE_V1","DTL_TEMPORAL_POPULATION_V1"
"2026-03","March 2026",3,"DTL_SCRATCH_002","DTL_SCRATCH_002_D003","die_003",3,"SCRATCH","COND_RT_NOM",25,1,"NOMINAL","T_SUPPLY_CURRENT","SUPPLY_CURRENT",134.14049331336284,"mA","UPPER",120,"NOT_DEFINED",90,200,"NOT_UNIFORM","90.0,100.0,110.0,120.0,130.0,140.0,150.0,170.0,200.0","SYNTHETIC_ASSUMED","F",2.933916201388204,"TESTER_A",20260115,"temporal_parametric_v1.0.0","DTL_TEMPORAL_PARAMETRIC_V1","DTL_TEMPORAL_ACTUAL_DIE_V1","DTL_TEMPORAL_POPULATION_V1"
"2026-03","March 2026",3,"DTL_SCRATCH_002","DTL_SCRATCH_002_D003","die_003",3,"SCRATCH","COND_HOT_NOM",85,1,"HOT","T_CONTACT_R","CONTACT_RESISTANCE",6.767506201540032,"ohm","UPPER",5,"NOT_DEFINED",3.5,10,"NOT_UNIFORM","3.5,4.0,4.5,5.0,5.5,6.0,7.0,8.0,10.0","SYNTHETIC_ASSUMED","F",2.933916201388204,"TESTER_A",20260115,"temporal_parametric_v1.0.0","DTL_TEMPORAL_PARAMETRIC_V1","DTL_TEMPORAL_ACTUAL_DIE_V1","DTL_TEMPORAL_POPULATION_V1"
"2026-03","March 2026",3,"DTL_SCRATCH_002","DTL_SCRATCH_002_D003","die_003",3,"SCRATCH","COND_HOT_NOM",85,1,"HOT","T_INTERCONNECT_R","INTERCONNECT_RESISTANCE",18.544856117409672,"ohm","UPPER",15,"NOT_DEFINED",11,25,"NOT_UNIFORM","11.0,12.0,13.0,14.0,15.0,16.0,18.0,20.0,25.0","SYNTHETIC_ASSUMED","F",2.933916201388204,"TESTER_A",20260115,"temporal_parametric_v1.0.0","DTL_TEMPORAL_PARAMETRIC_V1","DTL_TEMPORAL_ACTUAL_DIE_V1","DTL_TEMPORAL_POPULATION_V1"
"2026-03","March 2026",3,"DTL_SCRATCH_002","DTL_SCRATCH_002_D003","die_003",3,"SCRATCH","COND_HOT_NOM",85,1,"HOT","T_ON_R","ON_RESISTANCE",35.42398151207016,"ohm","UPPER",25,"NOT_DEFINED",18,50,"NOT_UNIFORM","18.0,20.0,22.0,25.0,28.0,30.0,35.0,40.0,50.0","SYNTHETIC_ASSUMED","F",2.933916201388204,"TESTER_A",20260115,"temporal_parametric_v1.0.0","DTL_TEMPORAL_PARAMETRIC_V1","DTL_TEMPORAL_ACTUAL_DIE_V1","DTL_TEMPORAL_POPULATION_V1"
"2026-03","March 2026",3,"DTL_SCRATCH_002","DTL_SCRATCH_002_D003","die_003",3,"SCRATCH","COND_HOT_NOM",85,1,"HOT","T_VMIN","VMIN",0.9784287260143534,"V","UPPER",0.85,"NOT_DEFINED",0.75,1,"NOT_UNIFORM","0.75,0.78,0.8,0.82,0.85,0.88,0.9,0.92,0.95,1.0","SYNTHETIC_ASSUMED","F",2.933916201388204,"TESTER_A",20260115,"temporal_parametric_v1.0.0","DTL_TEMPORAL_PARAMETRIC_V1","DTL_TEMPORAL_ACTUAL_DIE_V1","DTL_TEMPORAL_POPULATION_V1"
"2026-03","March 2026",3,"DTL_SCRATCH_002","DTL_SCRATCH_002_D003","die_003",3,"SCRATCH","COND_HOT_NOM",85,1,"HOT","T_VMAX","VMAX",1.04486435586592,"V","LOWER",1.15,"NOT_DEFINED",1.05,1.25,"NOT_UNIFORM","1.05,1.08,1.1,1.12,1.15,1.18,1.2,1.22,1.25","SYNTHETIC_ASSUMED","F",2.933916201388204,"TESTER_A",20260115,"temporal_parametric_v1.0.0","DTL_TEMPORAL_PARAMETRIC_V1","DTL_TEMPORAL_ACTUAL_DIE_V1","DTL_TEMPORAL_POPULATION_V1"
"2026-03","March 2026",3,"DTL_SCRATCH_002","DTL_SCRATCH_002_D003","die_003",3,"SCRATCH","COND_HOT_NOM",85,1,"HOT","T_IDDQ","IDDQ",90.40778559216614,"uA","UPPER",50,"NOT_DEFINED",30,100,"NOT_UNIFORM","30.0,35.0,40.0,45.0,50.0,55.0,60.0,70.0,80.0,100.0","SYNTHETIC_ASSUMED","F",2.933916201388204,"TESTER_A",20260115,"temporal_parametric_v1.0.0","DTL_TEMPORAL_PARAMETRIC_V1","DTL_TEMPORAL_ACTUAL_DIE_V1","DTL_TEMPORAL_POPULATION_V1"
"2026-03","March 2026",3,"DTL_SCRATCH_002","DTL_SCRATCH_002_D003","die_003",3,"SCRATCH","COND_HOT_NOM",85,1,"HOT","T_SUPPLY_CURRENT","SUPPLY_CURRENT",154.88723856871846,"mA","UPPER",120,"NOT_DEFINED",90,200,"NOT_UNIFORM","90.0,100.0,110.0,120.0,130.0,140.0,150.0,170.0,200.0","SYNTHETIC_ASSUMED","F",2.933916201388204,"TESTER_A",20260115,"temporal_parametric_v1.0.0","DTL_TEMPORAL_PARAMETRIC_V1","DTL_TEMPORAL_ACTUAL_DIE_V1","DTL_TEMPORAL_POPULATION_V1"
"2026-03","March 2026",3,"DTL_SCRATCH_002","DTL_SCRATCH_002_D003","die_003",3,"SCRATCH","COND_RT_LOWV",25,0.9,"LOW_VDD","T_CONTACT_R","CONTACT_RESISTANCE",5.615101584969718,"ohm","UPPER",5,"NOT_DEFINED",3.5,10,"NOT_UNIFORM","3.5,4.0,4.5,5.0,5.5,6.0,7.0,8.0,10.0","SYNTHETIC_ASSUMED","F",2.933916201388204,"TESTER_A",20260115,"temporal_parametric_v1.0.0","DTL_TEMPORAL_PARAMETRIC_V1","DTL_TEMPORAL_ACTUAL_DIE_V1","DTL_TEMPORAL_POPULATION_V1"
"2026-03","March 2026",3,"DTL_SCRATCH_002","DTL_SCRATCH_002_D003","die_003",3,"SCRATCH","COND_RT_LOWV",25,0.9,"LOW_VDD","T_INTERCONNECT_R","INTERCONNECT_RESISTANCE",18.29183123949447,"ohm","UPPER",15,"NOT_DEFINED",11,25,"NOT_UNIFORM","11.0,12.0,13.0,14.0,15.0,16.0,18.0,20.0,25.0","SYNTHETIC_ASSUMED","F",2.933916201388204,"TESTER_A",20260115,"temporal_parametric_v1.0.0","DTL_TEMPORAL_PARAMETRIC_V1","DTL_TEMPORAL_ACTUAL_DIE_V1","DTL_TEMPORAL_POPULATION_V1"
"2026-03","March 2026",3,"DTL_SCRATCH_002","DTL_SCRATCH_002_D003","die_003",3,"SCRATCH","COND_RT_LOWV",25,0.9,"LOW_VDD","T_ON_R","ON_RESISTANCE",30.01316633026662,"ohm","UPPER",25,"NOT_DEFINED",18,50,"NOT_UNIFORM","18.0,20.0,22.0,25.0,28.0,30.0,35.0,40.0,50.0","SYNTHETIC_ASSUMED","F",2.933916201388204,"TESTER_A",20260115,"temporal_parametric_v1.0.0","DTL_TEMPORAL_PARAMETRIC_V1","DTL_TEMPORAL_ACTUAL_DIE_V1","DTL_TEMPORAL_POPULATION_V1"
"2026-03","March 2026",3,"DTL_SCRATCH_002","DTL_SCRATCH_002_D003","die_003",3,"SCRATCH","COND_RT_LOWV",25,0.9,"LOW_VDD","T_VMIN","VMIN",0.9157466017794345,"V","UPPER",0.85,"NOT_DEFINED",0.75,1,"NOT_UNIFORM","0.75,0.78,0.8,0.82,0.85,0.88,0.9,0.92,0.95,1.0","SYNTHETIC_ASSUMED","F",2.933916201388204,"TESTER_A",20260115,"temporal_parametric_v1.0.0","DTL_TEMPORAL_PARAMETRIC_V1","DTL_TEMPORAL_ACTUAL_DIE_V1","DTL_TEMPORAL_POPULATION_V1"
"2026-03","March 2026",3,"DTL_SCRATCH_002","DTL_SCRATCH_002_D003","die_003",3,"SCRATCH","COND_RT_LOWV",25,0.9,"LOW_VDD","T_VMAX","VMAX",1.006359299431425,"V","LOWER",1.15,"NOT_DEFINED",1.05,1.25,"NOT_UNIFORM","1.05,1.08,1.1,1.12,1.15,1.18,1.2,1.22,1.25","SYNTHETIC_ASSUMED","F",2.933916201388204,"TESTER_A",20260115,"temporal_parametric_v1.0.0","DTL_TEMPORAL_PARAMETRIC_V1","DTL_TEMPORAL_ACTUAL_DIE_V1","DTL_TEMPORAL_POPULATION_V1"
"2026-03","March 2026",3,"DTL_SCRATCH_002","DTL_SCRATCH_002_D003","die_003",3,"SCRATCH","COND_RT_LOWV",25,0.9,"LOW_VDD","T_IDDQ","IDDQ",63.78041184324904,"uA","UPPER",50,"NOT_DEFINED",30,100,"NOT_UNIFORM","30.0,35.0,40.0,45.0,50.0,55.0,60.0,70.0,80.0,100.0","SYNTHETIC_ASSUMED","F",2.933916201388204,"TESTER_A",20260115,"temporal_parametric_v1.0.0","DTL_TEMPORAL_PARAMETRIC_V1","DTL_TEMPORAL_ACTUAL_DIE_V1","DTL_TEMPORAL_POPULATION_V1"
"2026-03","March 2026",3,"DTL_SCRATCH_002","DTL_SCRATCH_002_D003","die_003",3,"SCRATCH","COND_RT_LOWV",25,0.9,"LOW_VDD","T_SUPPLY_CURRENT","SUPPLY_CURRENT",113.24895514254077,"mA","UPPER",120,"NOT_DEFINED",90,200,"NOT_UNIFORM","90.0,100.0,110.0,120.0,130.0,140.0,150.0,170.0,200.0","SYNTHETIC_ASSUMED","P",2.933916201388204,"TESTER_A",20260115,"temporal_parametric_v1.0.0","DTL_TEMPORAL_PARAMETRIC_V1","DTL_TEMPORAL_ACTUAL_DIE_V1","DTL_TEMPORAL_POPULATION_V1"
"2026-03","March 2026",3,"DTL_SCRATCH_002","DTL_SCRATCH_002_D003","die_003",3,"SCRATCH","COND_HOT_HIGHV",85,1.1,"HIGH_VDD","T_CONTACT_R","CONTACT_RESISTANCE",6.126642049873246,"ohm","UPPER",5,"NOT_DEFINED",3.5,10,"NOT_UNIFORM","3.5,4.0,4.5,5.0,5.5,6.0,7.0,8.0,10.0","SYNTHETIC_ASSUMED","F",2.933916201388204,"TESTER_A",20260115,"temporal_parametric_v1.0.0","DTL_TEMPORAL_PARAMETRIC_V1","DTL_TEMPORAL_ACTUAL_DIE_V1","DTL_TEMPORAL_POPULATION_V1"
"2026-03","March 2026",3,"DTL_SCRATCH_002","DTL_SCRATCH_002_D003","die_003",3,"SCRATCH","COND_HOT_HIGHV",85,1.1,"HIGH_VDD","T_INTERCONNECT_R","INTERCONNECT_RESISTANCE",13.675630953003784,"ohm","UPPER",15,"NOT_DEFINED",11,25,"NOT_UNIFORM","11.0,12.0,13.0,14.0,15.0,16.0,18.0,20.0,25.0","SYNTHETIC_ASSUMED","P",2.933916201388204,"TESTER_A",20260115,"temporal_parametric_v1.0.0","DTL_TEMPORAL_PARAMETRIC_V1","DTL_TEMPORAL_ACTUAL_DIE_V1","DTL_TEMPORAL_POPULATION_V1"
"2026-03","March 2026",3,"DTL_SCRATCH_002","DTL_SCRATCH_002_D003","die_003",3,"SCRATCH","COND_HOT_HIGHV",85,1.1,"HIGH_VDD","T_ON_R","ON_RESISTANCE",27.80297644459424,"ohm","UPPER",25,"NOT_DEFINED",18,50,"NOT_UNIFORM","18.0,20.0,22.0,25.0,28.0,30.0,35.0,40.0,50.0","SYNTHETIC_ASSUMED","F",2.933916201388204,"TESTER_A",20260115,"temporal_parametric_v1.0.0","DTL_TEMPORAL_PARAMETRIC_V1","DTL_TEMPORAL_ACTUAL_DIE_V1","DTL_TEMPORAL_POPULATION_V1"
"2026-03","March 2026",3,"DTL_SCRATCH_002","DTL_SCRATCH_002_D003","die_003",3,"SCRATCH","COND_HOT_HIGHV",85,1.1,"HIGH_VDD","T_VMIN","VMIN",0.8936381188922623,"V","UPPER",0.85,"NOT_DEFINED",0.75,1,"NOT_UNIFORM","0.75,0.78,0.8,0.82,0.85,0.88,0.9,0.92,0.95,1.0","SYNTHETIC_ASSUMED","F",2.933916201388204,"TESTER_A",20260115,"temporal_parametric_v1.0.0","DTL_TEMPORAL_PARAMETRIC_V1","DTL_TEMPORAL_ACTUAL_DIE_V1","DTL_TEMPORAL_POPULATION_V1"
"2026-03","March 2026",3,"DTL_SCRATCH_002","DTL_SCRATCH_002_D003","die_003",3,"SCRATCH","COND_HOT_HIGHV",85,1.1,"HIGH_VDD","T_VMAX","VMAX",1.0745075773372377,"V","LOWER",1.15,"NOT_DEFINED",1.05,1.25,"NOT_UNIFORM","1.05,1.08,1.1,1.12,1.15,1.18,1.2,1.22,1.25","SYNTHETIC_ASSUMED","F",2.933916201388204,"TESTER_A",20260115,"temporal_parametric_v1.0.0","DTL_TEMPORAL_PARAMETRIC_V1","DTL_TEMPORAL_ACTUAL_DIE_V1","DTL_TEMPORAL_POPULATION_V1"
"2026-03","March 2026",3,"DTL_SCRATCH_002","DTL_SCRATCH_002_D003","die_003",3,"SCRATCH","COND_HOT_HIGHV",85,1.1,"HIGH_VDD","T_IDDQ","IDDQ",65.86429893504688,"uA","UPPER",50,"NOT_DEFINED",30,100,"NOT_UNIFORM","30.0,35.0,40.0,45.0,50.0,55.0,60.0,70.0,80.0,100.0","SYNTHETIC_ASSUMED","F",2.933916201388204,"TESTER_A",20260115,"temporal_parametric_v1.0.0","DTL_TEMPORAL_PARAMETRIC_V1","DTL_TEMPORAL_ACTUAL_DIE_V1","DTL_TEMPORAL_POPULATION_V1"
"2026-03","March 2026",3,"DTL_SCRATCH_002","DTL_SCRATCH_002_D003","die_003",3,"SCRATCH","COND_HOT_HIGHV",85,1.1,"HIGH_VDD","T_SUPPLY_CURRENT","SUPPLY_CURRENT",114.5673094350432,"mA","UPPER",120,"NOT_DEFINED",90,200,"NOT_UNIFORM","90.0,100.0,110.0,120.0,130.0,140.0,150.0,170.0,200.0","SYNTHETIC_ASSUMED","P",2.933916201388204,"TESTER_A",20260115,"temporal_parametric_v1.0.0","DTL_TEMPORAL_PARAMETRIC_V1","DTL_TEMPORAL_ACTUAL_DIE_V1","DTL_TEMPORAL_POPULATION_V1"
"2026-03","March 2026",3,"DTL_EDGE_001","DTL_EDGE_001_D001","die_001",1,"EDGE","COND_RT_NOM",25,1,"NOMINAL","T_CONTACT_R","CONTACT_RESISTANCE",6.2062994060094825,"ohm","UPPER",5,"NOT_DEFINED",3.5,10,"NOT_UNIFORM","3.5,4.0,4.5,5.0,5.5,6.0,7.0,8.0,10.0","SYNTHETIC_ASSUMED","F",3.965055739341888,"TESTER_A",20260115,"temporal_parametric_v1.0.0","DTL_TEMPORAL_PARAMETRIC_V1","DTL_TEMPORAL_ACTUAL_DIE_V1","DTL_TEMPORAL_POPULATION_V1"
"2026-03","March 2026",3,"DTL_EDGE_001","DTL_EDGE_001_D001","die_001",1,"EDGE","COND_RT_NOM",25,1,"NOMINAL","T_INTERCONNECT_R","INTERCONNECT_RESISTANCE",19.70225092181156,"ohm","UPPER",15,"NOT_DEFINED",11,25,"NOT_UNIFORM","11.0,12.0,13.0,14.0,15.0,16.0,18.0,20.0,25.0","SYNTHETIC_ASSUMED","F",3.965055739341888,"TESTER_A",20260115,"temporal_parametric_v1.0.0","DTL_TEMPORAL_PARAMETRIC_V1","DTL_TEMPORAL_ACTUAL_DIE_V1","DTL_TEMPORAL_POPULATION_V1"
"2026-03","March 2026",3,"DTL_EDGE_001","DTL_EDGE_001_D001","die_001",1,"EDGE","COND_RT_NOM",25,1,"NOMINAL","T_ON_R","ON_RESISTANCE",29.67146926693026,"ohm","UPPER",25,"NOT_DEFINED",18,50,"NOT_UNIFORM","18.0,20.0,22.0,25.0,28.0,30.0,35.0,40.0,50.0","SYNTHETIC_ASSUMED","F",3.965055739341888,"TESTER_A",20260115,"temporal_parametric_v1.0.0","DTL_TEMPORAL_PARAMETRIC_V1","DTL_TEMPORAL_ACTUAL_DIE_V1","DTL_TEMPORAL_POPULATION_V1"
"2026-03","March 2026",3,"DTL_EDGE_001","DTL_EDGE_001_D001","die_001",1,"EDGE","COND_RT_NOM",25,1,"NOMINAL","T_VMIN","VMIN",1.0207070753241665,"V","UPPER",0.85,"NOT_DEFINED",0.75,1,"NOT_UNIFORM","0.75,0.78,0.8,0.82,0.85,0.88,0.9,0.92,0.95,1.0","SYNTHETIC_ASSUMED","F",3.965055739341888,"TESTER_A",20260115,"temporal_parametric_v1.0.0","DTL_TEMPORAL_PARAMETRIC_V1","DTL_TEMPORAL_ACTUAL_DIE_V1","DTL_TEMPORAL_POPULATION_V1"
"2026-03","March 2026",3,"DTL_EDGE_001","DTL_EDGE_001_D001","die_001",1,"EDGE","COND_RT_NOM",25,1,"NOMINAL","T_VMAX","VMAX",1.0181184594752235,"V","LOWER",1.15,"NOT_DEFINED",1.05,1.25,"NOT_UNIFORM","1.05,1.08,1.1,1.12,1.15,1.18,1.2,1.22,1.25","SYNTHETIC_ASSUMED","F",3.965055739341888,"TESTER_A",20260115,"temporal_parametric_v1.0.0","DTL_TEMPORAL_PARAMETRIC_V1","DTL_TEMPORAL_ACTUAL_DIE_V1","DTL_TEMPORAL_POPULATION_V1"
"2026-03","March 2026",3,"DTL_EDGE_001","DTL_EDGE_001_D001","die_001",1,"EDGE","COND_RT_NOM",25,1,"NOMINAL","T_IDDQ","IDDQ",74.54770456285522,"uA","UPPER",50,"NOT_DEFINED",30,100,"NOT_UNIFORM","30.0,35.0,40.0,45.0,50.0,55.0,60.0,70.0,80.0,100.0","SYNTHETIC_ASSUMED","F",3.965055739341888,"TESTER_A",20260115,"temporal_parametric_v1.0.0","DTL_TEMPORAL_PARAMETRIC_V1","DTL_TEMPORAL_ACTUAL_DIE_V1","DTL_TEMPORAL_POPULATION_V1"
"2026-03","March 2026",3,"DTL_EDGE_001","DTL_EDGE_001_D001","die_001",1,"EDGE","COND_RT_NOM",25,1,"NOMINAL","T_SUPPLY_CURRENT","SUPPLY_CURRENT",121.89319442368584,"mA","UPPER",120,"NOT_DEFINED",90,200,"NOT_UNIFORM","90.0,100.0,110.0,120.0,130.0,140.0,150.0,170.0,200.0","SYNTHETIC_ASSUMED","F",3.965055739341888,"TESTER_A",20260115,"temporal_parametric_v1.0.0","DTL_TEMPORAL_PARAMETRIC_V1","DTL_TEMPORAL_ACTUAL_DIE_V1","DTL_TEMPORAL_POPULATION_V1"
"2026-03","March 2026",3,"DTL_EDGE_001","DTL_EDGE_001_D001","die_001",1,"EDGE","COND_HOT_NOM",85,1,"HOT","T_CONTACT_R","CONTACT_RESISTANCE",6.942520142972029,"ohm","UPPER",5,"NOT_DEFINED",3.5,10,"NOT_UNIFORM","3.5,4.0,4.5,5.0,5.5,6.0,7.0,8.0,10.0","SYNTHETIC_ASSUMED","F",3.965055739341888,"TESTER_A",20260115,"temporal_parametric_v1.0.0","DTL_TEMPORAL_PARAMETRIC_V1","DTL_TEMPORAL_ACTUAL_DIE_V1","DTL_TEMPORAL_POPULATION_V1"
"2026-03","March 2026",3,"DTL_EDGE_001","DTL_EDGE_001_D001","die_001",1,"EDGE","COND_HOT_NOM",85,1,"HOT","T_INTERCONNECT_R","INTERCONNECT_RESISTANCE",19.6939661227288,"ohm","UPPER",15,"NOT_DEFINED",11,25,"NOT_UNIFORM","11.0,12.0,13.0,14.0,15.0,16.0,18.0,20.0,25.0","SYNTHETIC_ASSUMED","F",3.965055739341888,"TESTER_A",20260115,"temporal_parametric_v1.0.0","DTL_TEMPORAL_PARAMETRIC_V1","DTL_TEMPORAL_ACTUAL_DIE_V1","DTL_TEMPORAL_POPULATION_V1"
"2026-03","March 2026",3,"DTL_EDGE_001","DTL_EDGE_001_D001","die_001",1,"EDGE","COND_HOT_NOM",85,1,"HOT","T_ON_R","ON_RESISTANCE",30.17604582195937,"ohm","UPPER",25,"NOT_DEFINED",18,50,"NOT_UNIFORM","18.0,20.0,22.0,25.0,28.0,30.0,35.0,40.0,50.0","SYNTHETIC_ASSUMED","F",3.965055739341888,"TESTER_A",20260115,"temporal_parametric_v1.0.0","DTL_TEMPORAL_PARAMETRIC_V1","DTL_TEMPORAL_ACTUAL_DIE_V1","DTL_TEMPORAL_POPULATION_V1"
"2026-03","March 2026",3,"DTL_EDGE_001","DTL_EDGE_001_D001","die_001",1,"EDGE","COND_HOT_NOM",85,1,"HOT","T_VMIN","VMIN",0.9608528774020249,"V","UPPER",0.85,"NOT_DEFINED",0.75,1,"NOT_UNIFORM","0.75,0.78,0.8,0.82,0.85,0.88,0.9,0.92,0.95,1.0","SYNTHETIC_ASSUMED","F",3.965055739341888,"TESTER_A",20260115,"temporal_parametric_v1.0.0","DTL_TEMPORAL_PARAMETRIC_V1","DTL_TEMPORAL_ACTUAL_DIE_V1","DTL_TEMPORAL_POPULATION_V1"
"2026-03","March 2026",3,"DTL_EDGE_001","DTL_EDGE_001_D001","die_001",1,"EDGE","COND_HOT_NOM",85,1,"HOT","T_VMAX","VMAX",1.0168893439134732,"V","LOWER",1.15,"NOT_DEFINED",1.05,1.25,"NOT_UNIFORM","1.05,1.08,1.1,1.12,1.15,1.18,1.2,1.22,1.25","SYNTHETIC_ASSUMED","F",3.965055739341888,"TESTER_A",20260115,"temporal_parametric_v1.0.0","DTL_TEMPORAL_PARAMETRIC_V1","DTL_TEMPORAL_ACTUAL_DIE_V1","DTL_TEMPORAL_POPULATION_V1"
"2026-03","March 2026",3,"DTL_EDGE_001","DTL_EDGE_001_D001","die_001",1,"EDGE","COND_HOT_NOM",85,1,"HOT","T_IDDQ","IDDQ",83.0998833671048,"uA","UPPER",50,"NOT_DEFINED",30,100,"NOT_UNIFORM","30.0,35.0,40.0,45.0,50.0,55.0,60.0,70.0,80.0,100.0","SYNTHETIC_ASSUMED","F",3.965055739341888,"TESTER_A",20260115,"temporal_parametric_v1.0.0","DTL_TEMPORAL_PARAMETRIC_V1","DTL_TEMPORAL_ACTUAL_DIE_V1","DTL_TEMPORAL_POPULATION_V1"
"2026-03","March 2026",3,"DTL_EDGE_001","DTL_EDGE_001_D001","die_001",1,"EDGE","COND_HOT_NOM",85,1,"HOT","T_SUPPLY_CURRENT","SUPPLY_CURRENT",140.16345990054575,"mA","UPPER",120,"NOT_DEFINED",90,200,"NOT_UNIFORM","90.0,100.0,110.0,120.0,130.0,140.0,150.0,170.0,200.0","SYNTHETIC_ASSUMED","F",3.965055739341888,"TESTER_A",20260115,"temporal_parametric_v1.0.0","DTL_TEMPORAL_PARAMETRIC_V1","DTL_TEMPORAL_ACTUAL_DIE_V1","DTL_TEMPORAL_POPULATION_V1"
"2026-03","March 2026",3,"DTL_EDGE_001","DTL_EDGE_001_D001","die_001",1,"EDGE","COND_RT_LOWV",25,0.9,"LOW_VDD","T_CONTACT_R","CONTACT_RESISTANCE",7.031939452508412,"ohm","UPPER",5,"NOT_DEFINED",3.5,10,"NOT_UNIFORM","3.5,4.0,4.5,5.0,5.5,6.0,7.0,8.0,10.0","SYNTHETIC_ASSUMED","F",3.965055739341888,"TESTER_A",20260115,"temporal_parametric_v1.0.0","DTL_TEMPORAL_PARAMETRIC_V1","DTL_TEMPORAL_ACTUAL_DIE_V1","DTL_TEMPORAL_POPULATION_V1"
"2026-03","March 2026",3,"DTL_EDGE_001","DTL_EDGE_001_D001","die_001",1,"EDGE","COND_RT_LOWV",25,0.9,"LOW_VDD","T_INTERCONNECT_R","INTERCONNECT_RESISTANCE",18.61219352259424,"ohm","UPPER",15,"NOT_DEFINED",11,25,"NOT_UNIFORM","11.0,12.0,13.0,14.0,15.0,16.0,18.0,20.0,25.0","SYNTHETIC_ASSUMED","F",3.965055739341888,"TESTER_A",20260115,"temporal_parametric_v1.0.0","DTL_TEMPORAL_PARAMETRIC_V1","DTL_TEMPORAL_ACTUAL_DIE_V1","DTL_TEMPORAL_POPULATION_V1"
"2026-03","March 2026",3,"DTL_EDGE_001","DTL_EDGE_001_D001","die_001",1,"EDGE","COND_RT_LOWV",25,0.9,"LOW_VDD","T_ON_R","ON_RESISTANCE",32.342186454905125,"ohm","UPPER",25,"NOT_DEFINED",18,50,"NOT_UNIFORM","18.0,20.0,22.0,25.0,28.0,30.0,35.0,40.0,50.0","SYNTHETIC_ASSUMED","F",3.965055739341888,"TESTER_A",20260115,"temporal_parametric_v1.0.0","DTL_TEMPORAL_PARAMETRIC_V1","DTL_TEMPORAL_ACTUAL_DIE_V1","DTL_TEMPORAL_POPULATION_V1"
"2026-03","March 2026",3,"DTL_EDGE_001","DTL_EDGE_001_D001","die_001",1,"EDGE","COND_RT_LOWV",25,0.9,"LOW_VDD","T_VMIN","VMIN",0.9704119720723794,"V","UPPER",0.85,"NOT_DEFINED",0.75,1,"NOT_UNIFORM","0.75,0.78,0.8,0.82,0.85,0.88,0.9,0.92,0.95,1.0","SYNTHETIC_ASSUMED","F",3.965055739341888,"TESTER_A",20260115,"temporal_parametric_v1.0.0","DTL_TEMPORAL_PARAMETRIC_V1","DTL_TEMPORAL_ACTUAL_DIE_V1","DTL_TEMPORAL_POPULATION_V1"
"2026-03","March 2026",3,"DTL_EDGE_001","DTL_EDGE_001_D001","die_001",1,"EDGE","COND_RT_LOWV",25,0.9,"LOW_VDD","T_VMAX","VMAX",1.0219630202943797,"V","LOWER",1.15,"NOT_DEFINED",1.05,1.25,"NOT_UNIFORM","1.05,1.08,1.1,1.12,1.15,1.18,1.2,1.22,1.25","SYNTHETIC_ASSUMED","F",3.965055739341888,"TESTER_A",20260115,"temporal_parametric_v1.0.0","DTL_TEMPORAL_PARAMETRIC_V1","DTL_TEMPORAL_ACTUAL_DIE_V1","DTL_TEMPORAL_POPULATION_V1"
"2026-03","March 2026",3,"DTL_EDGE_001","DTL_EDGE_001_D001","die_001",1,"EDGE","COND_RT_LOWV",25,0.9,"LOW_VDD","T_IDDQ","IDDQ",65.93109333535905,"uA","UPPER",50,"NOT_DEFINED",30,100,"NOT_UNIFORM","30.0,35.0,40.0,45.0,50.0,55.0,60.0,70.0,80.0,100.0","SYNTHETIC_ASSUMED","F",3.965055739341888,"TESTER_A",20260115,"temporal_parametric_v1.0.0","DTL_TEMPORAL_PARAMETRIC_V1","DTL_TEMPORAL_ACTUAL_DIE_V1","DTL_TEMPORAL_POPULATION_V1"
"2026-03","March 2026",3,"DTL_EDGE_001","DTL_EDGE_001_D001","die_001",1,"EDGE","COND_RT_LOWV",25,0.9,"LOW_VDD","T_SUPPLY_CURRENT","SUPPLY_CURRENT",122.35563089630251,"mA","UPPER",120,"NOT_DEFINED",90,200,"NOT_UNIFORM","90.0,100.0,110.0,120.0,130.0,140.0,150.0,170.0,200.0","SYNTHETIC_ASSUMED","F",3.965055739341888,"TESTER_A",20260115,"temporal_parametric_v1.0.0","DTL_TEMPORAL_PARAMETRIC_V1","DTL_TEMPORAL_ACTUAL_DIE_V1","DTL_TEMPORAL_POPULATION_V1"
"2026-03","March 2026",3,"DTL_EDGE_001","DTL_EDGE_001_D001","die_001",1,"EDGE","COND_HOT_HIGHV",85,1.1,"HIGH_VDD","T_CONTACT_R","CONTACT_RESISTANCE",6.399957602595775,"ohm","UPPER",5,"NOT_DEFINED",3.5,10,"NOT_UNIFORM","3.5,4.0,4.5,5.0,5.5,6.0,7.0,8.0,10.0","SYNTHETIC_ASSUMED","F",3.965055739341888,"TESTER_A",20260115,"temporal_parametric_v1.0.0","DTL_TEMPORAL_PARAMETRIC_V1","DTL_TEMPORAL_ACTUAL_DIE_V1","DTL_TEMPORAL_POPULATION_V1"
"2026-03","March 2026",3,"DTL_EDGE_001","DTL_EDGE_001_D001","die_001",1,"EDGE","COND_HOT_HIGHV",85,1.1,"HIGH_VDD","T_INTERCONNECT_R","INTERCONNECT_RESISTANCE",19.33356368253548,"ohm","UPPER",15,"NOT_DEFINED",11,25,"NOT_UNIFORM","11.0,12.0,13.0,14.0,15.0,16.0,18.0,20.0,25.0","SYNTHETIC_ASSUMED","F",3.965055739341888,"TESTER_A",20260115,"temporal_parametric_v1.0.0","DTL_TEMPORAL_PARAMETRIC_V1","DTL_TEMPORAL_ACTUAL_DIE_V1","DTL_TEMPORAL_POPULATION_V1"
"2026-03","March 2026",3,"DTL_EDGE_001","DTL_EDGE_001_D001","die_001",1,"EDGE","COND_HOT_HIGHV",85,1.1,"HIGH_VDD","T_ON_R","ON_RESISTANCE",30.58478979732374,"ohm","UPPER",25,"NOT_DEFINED",18,50,"NOT_UNIFORM","18.0,20.0,22.0,25.0,28.0,30.0,35.0,40.0,50.0","SYNTHETIC_ASSUMED","F",3.965055739341888,"TESTER_A",20260115,"temporal_parametric_v1.0.0","DTL_TEMPORAL_PARAMETRIC_V1","DTL_TEMPORAL_ACTUAL_DIE_V1","DTL_TEMPORAL_POPULATION_V1"
"2026-03","March 2026",3,"DTL_EDGE_001","DTL_EDGE_001_D001","die_001",1,"EDGE","COND_HOT_HIGHV",85,1.1,"HIGH_VDD","T_VMIN","VMIN",1.0093740995108198,"V","UPPER",0.85,"NOT_DEFINED",0.75,1,"NOT_UNIFORM","0.75,0.78,0.8,0.82,0.85,0.88,0.9,0.92,0.95,1.0","SYNTHETIC_ASSUMED","F",3.965055739341888,"TESTER_A",20260115,"temporal_parametric_v1.0.0","DTL_TEMPORAL_PARAMETRIC_V1","DTL_TEMPORAL_ACTUAL_DIE_V1","DTL_TEMPORAL_POPULATION_V1"
"2026-03","March 2026",3,"DTL_EDGE_001","DTL_EDGE_001_D001","die_001",1,"EDGE","COND_HOT_HIGHV",85,1.1,"HIGH_VDD","T_VMAX","VMAX",1.0623957570180895,"V","LOWER",1.15,"NOT_DEFINED",1.05,1.25,"NOT_UNIFORM","1.05,1.08,1.1,1.12,1.15,1.18,1.2,1.22,1.25","SYNTHETIC_ASSUMED","F",3.965055739341888,"TESTER_A",20260115,"temporal_parametric_v1.0.0","DTL_TEMPORAL_PARAMETRIC_V1","DTL_TEMPORAL_ACTUAL_DIE_V1","DTL_TEMPORAL_POPULATION_V1"
"2026-03","March 2026",3,"DTL_EDGE_001","DTL_EDGE_001_D001","die_001",1,"EDGE","COND_HOT_HIGHV",85,1.1,"HIGH_VDD","T_IDDQ","IDDQ",83.81229249008159,"uA","UPPER",50,"NOT_DEFINED",30,100,"NOT_UNIFORM","30.0,35.0,40.0,45.0,50.0,55.0,60.0,70.0,80.0,100.0","SYNTHETIC_ASSUMED","F",3.965055739341888,"TESTER_A",20260115,"temporal_parametric_v1.0.0","DTL_TEMPORAL_PARAMETRIC_V1","DTL_TEMPORAL_ACTUAL_DIE_V1","DTL_TEMPORAL_POPULATION_V1"
"2026-03","March 2026",3,"DTL_EDGE_001","DTL_EDGE_001_D001","die_001",1,"EDGE","COND_HOT_HIGHV",85,1.1,"HIGH_VDD","T_SUPPLY_CURRENT","SUPPLY_CURRENT",135.36220875579397,"mA","UPPER",120,"NOT_DEFINED",90,200,"NOT_UNIFORM","90.0,100.0,110.0,120.0,130.0,140.0,150.0,170.0,200.0","SYNTHETIC_ASSUMED","F",3.965055739341888,"TESTER_A",20260115,"temporal_parametric_v1.0.0","DTL_TEMPORAL_PARAMETRIC_V1","DTL_TEMPORAL_ACTUAL_DIE_V1","DTL_TEMPORAL_POPULATION_V1"
"2026-03","March 2026",3,"DTL_EDGE_001","DTL_EDGE_001_D002","die_002",2,"EDGE","COND_RT_NOM",25,1,"NOMINAL","T_CONTACT_R","CONTACT_RESISTANCE",6.152748443139543,"ohm","UPPER",5,"NOT_DEFINED",3.5,10,"NOT_UNIFORM","3.5,4.0,4.5,5.0,5.5,6.0,7.0,8.0,10.0","SYNTHETIC_ASSUMED","F",3.786550996067669,"TESTER_A",20260115,"temporal_parametric_v1.0.0","DTL_TEMPORAL_PARAMETRIC_V1","DTL_TEMPORAL_ACTUAL_DIE_V1","DTL_TEMPORAL_POPULATION_V1"
"2026-03","March 2026",3,"DTL_EDGE_001","DTL_EDGE_001_D002","die_002",2,"EDGE","COND_RT_NOM",25,1,"NOMINAL","T_INTERCONNECT_R","INTERCONNECT_RESISTANCE",17.167979578764157,"ohm","UPPER",15,"NOT_DEFINED",11,25,"NOT_UNIFORM","11.0,12.0,13.0,14.0,15.0,16.0,18.0,20.0,25.0","SYNTHETIC_ASSUMED","F",3.786550996067669,"TESTER_A",20260115,"temporal_parametric_v1.0.0","DTL_TEMPORAL_PARAMETRIC_V1","DTL_TEMPORAL_ACTUAL_DIE_V1","DTL_TEMPORAL_POPULATION_V1"
"2026-03","March 2026",3,"DTL_EDGE_001","DTL_EDGE_001_D002","die_002",2,"EDGE","COND_RT_NOM",25,1,"NOMINAL","T_ON_R","ON_RESISTANCE",32.560158157029115,"ohm","UPPER",25,"NOT_DEFINED",18,50,"NOT_UNIFORM","18.0,20.0,22.0,25.0,28.0,30.0,35.0,40.0,50.0","SYNTHETIC_ASSUMED","F",3.786550996067669,"TESTER_A",20260115,"temporal_parametric_v1.0.0","DTL_TEMPORAL_PARAMETRIC_V1","DTL_TEMPORAL_ACTUAL_DIE_V1","DTL_TEMPORAL_POPULATION_V1"
"2026-03","March 2026",3,"DTL_EDGE_001","DTL_EDGE_001_D002","die_002",2,"EDGE","COND_RT_NOM",25,1,"NOMINAL","T_VMIN","VMIN",0.9619720702762568,"V","UPPER",0.85,"NOT_DEFINED",0.75,1,"NOT_UNIFORM","0.75,0.78,0.8,0.82,0.85,0.88,0.9,0.92,0.95,1.0","SYNTHETIC_ASSUMED","F",3.786550996067669,"TESTER_A",20260115,"temporal_parametric_v1.0.0","DTL_TEMPORAL_PARAMETRIC_V1","DTL_TEMPORAL_ACTUAL_DIE_V1","DTL_TEMPORAL_POPULATION_V1"
"2026-03","March 2026",3,"DTL_EDGE_001","DTL_EDGE_001_D002","die_002",2,"EDGE","COND_RT_NOM",25,1,"NOMINAL","T_VMAX","VMAX",1.0245998696050724,"V","LOWER",1.15,"NOT_DEFINED",1.05,1.25,"NOT_UNIFORM","1.05,1.08,1.1,1.12,1.15,1.18,1.2,1.22,1.25","SYNTHETIC_ASSUMED","F",3.786550996067669,"TESTER_A",20260115,"temporal_parametric_v1.0.0","DTL_TEMPORAL_PARAMETRIC_V1","DTL_TEMPORAL_ACTUAL_DIE_V1","DTL_TEMPORAL_POPULATION_V1"
"2026-03","March 2026",3,"DTL_EDGE_001","DTL_EDGE_001_D002","die_002",2,"EDGE","COND_RT_NOM",25,1,"NOMINAL","T_IDDQ","IDDQ",69.40844291839028,"uA","UPPER",50,"NOT_DEFINED",30,100,"NOT_UNIFORM","30.0,35.0,40.0,45.0,50.0,55.0,60.0,70.0,80.0,100.0","SYNTHETIC_ASSUMED","F",3.786550996067669,"TESTER_A",20260115,"temporal_parametric_v1.0.0","DTL_TEMPORAL_PARAMETRIC_V1","DTL_TEMPORAL_ACTUAL_DIE_V1","DTL_TEMPORAL_POPULATION_V1"
"2026-03","March 2026",3,"DTL_EDGE_001","DTL_EDGE_001_D002","die_002",2,"EDGE","COND_RT_NOM",25,1,"NOMINAL","T_SUPPLY_CURRENT","SUPPLY_CURRENT",131.16956816759566,"mA","UPPER",120,"NOT_DEFINED",90,200,"NOT_UNIFORM","90.0,100.0,110.0,120.0,130.0,140.0,150.0,170.0,200.0","SYNTHETIC_ASSUMED","F",3.786550996067669,"TESTER_A",20260115,"temporal_parametric_v1.0.0","DTL_TEMPORAL_PARAMETRIC_V1","DTL_TEMPORAL_ACTUAL_DIE_V1","DTL_TEMPORAL_POPULATION_V1"
"2026-03","March 2026",3,"DTL_EDGE_001","DTL_EDGE_001_D002","die_002",2,"EDGE","COND_HOT_NOM",85,1,"HOT","T_CONTACT_R","CONTACT_RESISTANCE",6.514200379944363,"ohm","UPPER",5,"NOT_DEFINED",3.5,10,"NOT_UNIFORM","3.5,4.0,4.5,5.0,5.5,6.0,7.0,8.0,10.0","SYNTHETIC_ASSUMED","F",3.786550996067669,"TESTER_A",20260115,"temporal_parametric_v1.0.0","DTL_TEMPORAL_PARAMETRIC_V1","DTL_TEMPORAL_ACTUAL_DIE_V1","DTL_TEMPORAL_POPULATION_V1"
"2026-03","March 2026",3,"DTL_EDGE_001","DTL_EDGE_001_D002","die_002",2,"EDGE","COND_HOT_NOM",85,1,"HOT","T_INTERCONNECT_R","INTERCONNECT_RESISTANCE",18.913871088536183,"ohm","UPPER",15,"NOT_DEFINED",11,25,"NOT_UNIFORM","11.0,12.0,13.0,14.0,15.0,16.0,18.0,20.0,25.0","SYNTHETIC_ASSUMED","F",3.786550996067669,"TESTER_A",20260115,"temporal_parametric_v1.0.0","DTL_TEMPORAL_PARAMETRIC_V1","DTL_TEMPORAL_ACTUAL_DIE_V1","DTL_TEMPORAL_POPULATION_V1"
"2026-03","March 2026",3,"DTL_EDGE_001","DTL_EDGE_001_D002","die_002",2,"EDGE","COND_HOT_NOM",85,1,"HOT","T_ON_R","ON_RESISTANCE",30.240297493100257,"ohm","UPPER",25,"NOT_DEFINED",18,50,"NOT_UNIFORM","18.0,20.0,22.0,25.0,28.0,30.0,35.0,40.0,50.0","SYNTHETIC_ASSUMED","F",3.786550996067669,"TESTER_A",20260115,"temporal_parametric_v1.0.0","DTL_TEMPORAL_PARAMETRIC_V1","DTL_TEMPORAL_ACTUAL_DIE_V1","DTL_TEMPORAL_POPULATION_V1"
"2026-03","March 2026",3,"DTL_EDGE_001","DTL_EDGE_001_D002","die_002",2,"EDGE","COND_HOT_NOM",85,1,"HOT","T_VMIN","VMIN",0.991880081105819,"V","UPPER",0.85,"NOT_DEFINED",0.75,1,"NOT_UNIFORM","0.75,0.78,0.8,0.82,0.85,0.88,0.9,0.92,0.95,1.0","SYNTHETIC_ASSUMED","F",3.786550996067669,"TESTER_A",20260115,"temporal_parametric_v1.0.0","DTL_TEMPORAL_PARAMETRIC_V1","DTL_TEMPORAL_ACTUAL_DIE_V1","DTL_TEMPORAL_POPULATION_V1"
"2026-03","March 2026",3,"DTL_EDGE_001","DTL_EDGE_001_D002","die_002",2,"EDGE","COND_HOT_NOM",85,1,"HOT","T_VMAX","VMAX",1.041426349620995,"V","LOWER",1.15,"NOT_DEFINED",1.05,1.25,"NOT_UNIFORM","1.05,1.08,1.1,1.12,1.15,1.18,1.2,1.22,1.25","SYNTHETIC_ASSUMED","F",3.786550996067669,"TESTER_A",20260115,"temporal_parametric_v1.0.0","DTL_TEMPORAL_PARAMETRIC_V1","DTL_TEMPORAL_ACTUAL_DIE_V1","DTL_TEMPORAL_POPULATION_V1"
"2026-03","March 2026",3,"DTL_EDGE_001","DTL_EDGE_001_D002","die_002",2,"EDGE","COND_HOT_NOM",85,1,"HOT","T_IDDQ","IDDQ",76.11103659136796,"uA","UPPER",50,"NOT_DEFINED",30,100,"NOT_UNIFORM","30.0,35.0,40.0,45.0,50.0,55.0,60.0,70.0,80.0,100.0","SYNTHETIC_ASSUMED","F",3.786550996067669,"TESTER_A",20260115,"temporal_parametric_v1.0.0","DTL_TEMPORAL_PARAMETRIC_V1","DTL_TEMPORAL_ACTUAL_DIE_V1","DTL_TEMPORAL_POPULATION_V1"
"2026-03","March 2026",3,"DTL_EDGE_001","DTL_EDGE_001_D002","die_002",2,"EDGE","COND_HOT_NOM",85,1,"HOT","T_SUPPLY_CURRENT","SUPPLY_CURRENT",139.73839771110212,"mA","UPPER",120,"NOT_DEFINED",90,200,"NOT_UNIFORM","90.0,100.0,110.0,120.0,130.0,140.0,150.0,170.0,200.0","SYNTHETIC_ASSUMED","F",3.786550996067669,"TESTER_A",20260115,"temporal_parametric_v1.0.0","DTL_TEMPORAL_PARAMETRIC_V1","DTL_TEMPORAL_ACTUAL_DIE_V1","DTL_TEMPORAL_POPULATION_V1"
"2026-03","March 2026",3,"DTL_EDGE_001","DTL_EDGE_001_D002","die_002",2,"EDGE","COND_RT_LOWV",25,0.9,"LOW_VDD","T_CONTACT_R","CONTACT_RESISTANCE",6.185062861640405,"ohm","UPPER",5,"NOT_DEFINED",3.5,10,"NOT_UNIFORM","3.5,4.0,4.5,5.0,5.5,6.0,7.0,8.0,10.0","SYNTHETIC_ASSUMED","F",3.786550996067669,"TESTER_A",20260115,"temporal_parametric_v1.0.0","DTL_TEMPORAL_PARAMETRIC_V1","DTL_TEMPORAL_ACTUAL_DIE_V1","DTL_TEMPORAL_POPULATION_V1"
"2026-03","March 2026",3,"DTL_EDGE_001","DTL_EDGE_001_D002","die_002",2,"EDGE","COND_RT_LOWV",25,0.9,"LOW_VDD","T_INTERCONNECT_R","INTERCONNECT_RESISTANCE",17.57934096720145,"ohm","UPPER",15,"NOT_DEFINED",11,25,"NOT_UNIFORM","11.0,12.0,13.0,14.0,15.0,16.0,18.0,20.0,25.0","SYNTHETIC_ASSUMED","F",3.786550996067669,"TESTER_A",20260115,"temporal_parametric_v1.0.0","DTL_TEMPORAL_PARAMETRIC_V1","DTL_TEMPORAL_ACTUAL_DIE_V1","DTL_TEMPORAL_POPULATION_V1"
"2026-03","March 2026",3,"DTL_EDGE_001","DTL_EDGE_001_D002","die_002",2,"EDGE","COND_RT_LOWV",25,0.9,"LOW_VDD","T_ON_R","ON_RESISTANCE",28.93619281066658,"ohm","UPPER",25,"NOT_DEFINED",18,50,"NOT_UNIFORM","18.0,20.0,22.0,25.0,28.0,30.0,35.0,40.0,50.0","SYNTHETIC_ASSUMED","F",3.786550996067669,"TESTER_A",20260115,"temporal_parametric_v1.0.0","DTL_TEMPORAL_PARAMETRIC_V1","DTL_TEMPORAL_ACTUAL_DIE_V1","DTL_TEMPORAL_POPULATION_V1"
"2026-03","March 2026",3,"DTL_EDGE_001","DTL_EDGE_001_D002","die_002",2,"EDGE","COND_RT_LOWV",25,0.9,"LOW_VDD","T_VMIN","VMIN",0.9618686648290556,"V","UPPER",0.85,"NOT_DEFINED",0.75,1,"NOT_UNIFORM","0.75,0.78,0.8,0.82,0.85,0.88,0.9,0.92,0.95,1.0","SYNTHETIC_ASSUMED","F",3.786550996067669,"TESTER_A",20260115,"temporal_parametric_v1.0.0","DTL_TEMPORAL_PARAMETRIC_V1","DTL_TEMPORAL_ACTUAL_DIE_V1","DTL_TEMPORAL_POPULATION_V1"
"2026-03","March 2026",3,"DTL_EDGE_001","DTL_EDGE_001_D002","die_002",2,"EDGE","COND_RT_LOWV",25,0.9,"LOW_VDD","T_VMAX","VMAX",1.0486792814224974,"V","LOWER",1.15,"NOT_DEFINED",1.05,1.25,"NOT_UNIFORM","1.05,1.08,1.1,1.12,1.15,1.18,1.2,1.22,1.25","SYNTHETIC_ASSUMED","F",3.786550996067669,"TESTER_A",20260115,"temporal_parametric_v1.0.0","DTL_TEMPORAL_PARAMETRIC_V1","DTL_TEMPORAL_ACTUAL_DIE_V1","DTL_TEMPORAL_POPULATION_V1"
"2026-03","March 2026",3,"DTL_EDGE_001","DTL_EDGE_001_D002","die_002",2,"EDGE","COND_RT_LOWV",25,0.9,"LOW_VDD","T_IDDQ","IDDQ",58.21219685341051,"uA","UPPER",50,"NOT_DEFINED",30,100,"NOT_UNIFORM","30.0,35.0,40.0,45.0,50.0,55.0,60.0,70.0,80.0,100.0","SYNTHETIC_ASSUMED","F",3.786550996067669,"TESTER_A",20260115,"temporal_parametric_v1.0.0","DTL_TEMPORAL_PARAMETRIC_V1","DTL_TEMPORAL_ACTUAL_DIE_V1","DTL_TEMPORAL_POPULATION_V1"
"2026-03","March 2026",3,"DTL_EDGE_001","DTL_EDGE_001_D002","die_002",2,"EDGE","COND_RT_LOWV",25,0.9,"LOW_VDD","T_SUPPLY_CURRENT","SUPPLY_CURRENT",118.32979425582926,"mA","UPPER",120,"NOT_DEFINED",90,200,"NOT_UNIFORM","90.0,100.0,110.0,120.0,130.0,140.0,150.0,170.0,200.0","SYNTHETIC_ASSUMED","P",3.786550996067669,"TESTER_A",20260115,"temporal_parametric_v1.0.0","DTL_TEMPORAL_PARAMETRIC_V1","DTL_TEMPORAL_ACTUAL_DIE_V1","DTL_TEMPORAL_POPULATION_V1"
"2026-03","March 2026",3,"DTL_EDGE_001","DTL_EDGE_001_D002","die_002",2,"EDGE","COND_HOT_HIGHV",85,1.1,"HIGH_VDD","T_CONTACT_R","CONTACT_RESISTANCE",6.667509232455203,"ohm","UPPER",5,"NOT_DEFINED",3.5,10,"NOT_UNIFORM","3.5,4.0,4.5,5.0,5.5,6.0,7.0,8.0,10.0","SYNTHETIC_ASSUMED","F",3.786550996067669,"TESTER_A",20260115,"temporal_parametric_v1.0.0","DTL_TEMPORAL_PARAMETRIC_V1","DTL_TEMPORAL_ACTUAL_DIE_V1","DTL_TEMPORAL_POPULATION_V1"
"2026-03","March 2026",3,"DTL_EDGE_001","DTL_EDGE_001_D002","die_002",2,"EDGE","COND_HOT_HIGHV",85,1.1,"HIGH_VDD","T_INTERCONNECT_R","INTERCONNECT_RESISTANCE",19.96273234161828,"ohm","UPPER",15,"NOT_DEFINED",11,25,"NOT_UNIFORM","11.0,12.0,13.0,14.0,15.0,16.0,18.0,20.0,25.0","SYNTHETIC_ASSUMED","F",3.786550996067669,"TESTER_A",20260115,"temporal_parametric_v1.0.0","DTL_TEMPORAL_PARAMETRIC_V1","DTL_TEMPORAL_ACTUAL_DIE_V1","DTL_TEMPORAL_POPULATION_V1"
"2026-03","March 2026",3,"DTL_EDGE_001","DTL_EDGE_001_D002","die_002",2,"EDGE","COND_HOT_HIGHV",85,1.1,"HIGH_VDD","T_ON_R","ON_RESISTANCE",29.26646254413667,"ohm","UPPER",25,"NOT_DEFINED",18,50,"NOT_UNIFORM","18.0,20.0,22.0,25.0,28.0,30.0,35.0,40.0,50.0","SYNTHETIC_ASSUMED","F",3.786550996067669,"TESTER_A",20260115,"temporal_parametric_v1.0.0","DTL_TEMPORAL_PARAMETRIC_V1","DTL_TEMPORAL_ACTUAL_DIE_V1","DTL_TEMPORAL_POPULATION_V1"
"2026-03","March 2026",3,"DTL_EDGE_001","DTL_EDGE_001_D002","die_002",2,"EDGE","COND_HOT_HIGHV",85,1.1,"HIGH_VDD","T_VMIN","VMIN",0.9528838062944696,"V","UPPER",0.85,"NOT_DEFINED",0.75,1,"NOT_UNIFORM","0.75,0.78,0.8,0.82,0.85,0.88,0.9,0.92,0.95,1.0","SYNTHETIC_ASSUMED","F",3.786550996067669,"TESTER_A",20260115,"temporal_parametric_v1.0.0","DTL_TEMPORAL_PARAMETRIC_V1","DTL_TEMPORAL_ACTUAL_DIE_V1","DTL_TEMPORAL_POPULATION_V1"
"2026-03","March 2026",3,"DTL_EDGE_001","DTL_EDGE_001_D002","die_002",2,"EDGE","COND_HOT_HIGHV",85,1.1,"HIGH_VDD","T_VMAX","VMAX",0.9908600807952136,"V","LOWER",1.15,"NOT_DEFINED",1.05,1.25,"NOT_UNIFORM","1.05,1.08,1.1,1.12,1.15,1.18,1.2,1.22,1.25","SYNTHETIC_ASSUMED","F",3.786550996067669,"TESTER_A",20260115,"temporal_parametric_v1.0.0","DTL_TEMPORAL_PARAMETRIC_V1","DTL_TEMPORAL_ACTUAL_DIE_V1","DTL_TEMPORAL_POPULATION_V1"
"2026-03","March 2026",3,"DTL_EDGE_001","DTL_EDGE_001_D002","die_002",2,"EDGE","COND_HOT_HIGHV",85,1.1,"HIGH_VDD","T_IDDQ","IDDQ",81.66237708584366,"uA","UPPER",50,"NOT_DEFINED",30,100,"NOT_UNIFORM","30.0,35.0,40.0,45.0,50.0,55.0,60.0,70.0,80.0,100.0","SYNTHETIC_ASSUMED","F",3.786550996067669,"TESTER_A",20260115,"temporal_parametric_v1.0.0","DTL_TEMPORAL_PARAMETRIC_V1","DTL_TEMPORAL_ACTUAL_DIE_V1","DTL_TEMPORAL_POPULATION_V1"
"2026-03","March 2026",3,"DTL_EDGE_001","DTL_EDGE_001_D002","die_002",2,"EDGE","COND_HOT_HIGHV",85,1.1,"HIGH_VDD","T_SUPPLY_CURRENT","SUPPLY_CURRENT",136.52296782401473,"mA","UPPER",120,"NOT_DEFINED",90,200,"NOT_UNIFORM","90.0,100.0,110.0,120.0,130.0,140.0,150.0,170.0,200.0","SYNTHETIC_ASSUMED","F",3.786550996067669,"TESTER_A",20260115,"temporal_parametric_v1.0.0","DTL_TEMPORAL_PARAMETRIC_V1","DTL_TEMPORAL_ACTUAL_DIE_V1","DTL_TEMPORAL_POPULATION_V1"
"2026-03","March 2026",3,"DTL_EDGE_001","DTL_EDGE_001_D003","die_003",3,"EDGE","COND_RT_NOM",25,1,"NOMINAL","T_CONTACT_R","CONTACT_RESISTANCE",8.708130273806484,"ohm","UPPER",5,"NOT_DEFINED",3.5,10,"NOT_UNIFORM","3.5,4.0,4.5,5.0,5.5,6.0,7.0,8.0,10.0","SYNTHETIC_ASSUMED","F",6.649156246491765,"TESTER_A",20260115,"temporal_parametric_v1.0.0","DTL_TEMPORAL_PARAMETRIC_V1","DTL_TEMPORAL_ACTUAL_DIE_V1","DTL_TEMPORAL_POPULATION_V1"
"2026-03","March 2026",3,"DTL_EDGE_001","DTL_EDGE_001_D003","die_003",3,"EDGE","COND_RT_NOM",25,1,"NOMINAL","T_INTERCONNECT_R","INTERCONNECT_RESISTANCE",26.52855887485862,"ohm","UPPER",15,"NOT_DEFINED",11,25,"NOT_UNIFORM","11.0,12.0,13.0,14.0,15.0,16.0,18.0,20.0,25.0","SYNTHETIC_ASSUMED","F",6.649156246491765,"TESTER_A",20260115,"temporal_parametric_v1.0.0","DTL_TEMPORAL_PARAMETRIC_V1","DTL_TEMPORAL_ACTUAL_DIE_V1","DTL_TEMPORAL_POPULATION_V1"
"2026-03","March 2026",3,"DTL_EDGE_001","DTL_EDGE_001_D003","die_003",3,"EDGE","COND_RT_NOM",25,1,"NOMINAL","T_ON_R","ON_RESISTANCE",41.80020414825331,"ohm","UPPER",25,"NOT_DEFINED",18,50,"NOT_UNIFORM","18.0,20.0,22.0,25.0,28.0,30.0,35.0,40.0,50.0","SYNTHETIC_ASSUMED","F",6.649156246491765,"TESTER_A",20260115,"temporal_parametric_v1.0.0","DTL_TEMPORAL_PARAMETRIC_V1","DTL_TEMPORAL_ACTUAL_DIE_V1","DTL_TEMPORAL_POPULATION_V1"
"2026-03","March 2026",3,"DTL_EDGE_001","DTL_EDGE_001_D003","die_003",3,"EDGE","COND_RT_NOM",25,1,"NOMINAL","T_VMIN","VMIN",1.1413830046527011,"V","UPPER",0.85,"NOT_DEFINED",0.75,1,"NOT_UNIFORM","0.75,0.78,0.8,0.82,0.85,0.88,0.9,0.92,0.95,1.0","SYNTHETIC_ASSUMED","F",6.649156246491765,"TESTER_A",20260115,"temporal_parametric_v1.0.0","DTL_TEMPORAL_PARAMETRIC_V1","DTL_TEMPORAL_ACTUAL_DIE_V1","DTL_TEMPORAL_POPULATION_V1"
"2026-03","March 2026",3,"DTL_EDGE_001","DTL_EDGE_001_D003","die_003",3,"EDGE","COND_RT_NOM",25,1,"NOMINAL","T_VMAX","VMAX",0.9073813015106172,"V","LOWER",1.15,"NOT_DEFINED",1.05,1.25,"NOT_UNIFORM","1.05,1.08,1.1,1.12,1.15,1.18,1.2,1.22,1.25","SYNTHETIC_ASSUMED","F",6.649156246491765,"TESTER_A",20260115,"temporal_parametric_v1.0.0","DTL_TEMPORAL_PARAMETRIC_V1","DTL_TEMPORAL_ACTUAL_DIE_V1","DTL_TEMPORAL_POPULATION_V1"
"2026-03","March 2026",3,"DTL_EDGE_001","DTL_EDGE_001_D003","die_003",3,"EDGE","COND_RT_NOM",25,1,"NOMINAL","T_IDDQ","IDDQ",98.65888978235066,"uA","UPPER",50,"NOT_DEFINED",30,100,"NOT_UNIFORM","30.0,35.0,40.0,45.0,50.0,55.0,60.0,70.0,80.0,100.0","SYNTHETIC_ASSUMED","F",6.649156246491765,"TESTER_A",20260115,"temporal_parametric_v1.0.0","DTL_TEMPORAL_PARAMETRIC_V1","DTL_TEMPORAL_ACTUAL_DIE_V1","DTL_TEMPORAL_POPULATION_V1"
"2026-03","March 2026",3,"DTL_EDGE_001","DTL_EDGE_001_D003","die_003",3,"EDGE","COND_RT_NOM",25,1,"NOMINAL","T_SUPPLY_CURRENT","SUPPLY_CURRENT",159.89392323437187,"mA","UPPER",120,"NOT_DEFINED",90,200,"NOT_UNIFORM","90.0,100.0,110.0,120.0,130.0,140.0,150.0,170.0,200.0","SYNTHETIC_ASSUMED","F",6.649156246491765,"TESTER_A",20260115,"temporal_parametric_v1.0.0","DTL_TEMPORAL_PARAMETRIC_V1","DTL_TEMPORAL_ACTUAL_DIE_V1","DTL_TEMPORAL_POPULATION_V1"
"2026-03","March 2026",3,"DTL_EDGE_001","DTL_EDGE_001_D003","die_003",3,"EDGE","COND_HOT_NOM",85,1,"HOT","T_CONTACT_R","CONTACT_RESISTANCE",9.540350776817116,"ohm","UPPER",5,"NOT_DEFINED",3.5,10,"NOT_UNIFORM","3.5,4.0,4.5,5.0,5.5,6.0,7.0,8.0,10.0","SYNTHETIC_ASSUMED","F",6.649156246491765,"TESTER_A",20260115,"temporal_parametric_v1.0.0","DTL_TEMPORAL_PARAMETRIC_V1","DTL_TEMPORAL_ACTUAL_DIE_V1","DTL_TEMPORAL_POPULATION_V1"
"2026-03","March 2026",3,"DTL_EDGE_001","DTL_EDGE_001_D003","die_003",3,"EDGE","COND_HOT_NOM",85,1,"HOT","T_INTERCONNECT_R","INTERCONNECT_RESISTANCE",22.85050755229323,"ohm","UPPER",15,"NOT_DEFINED",11,25,"NOT_UNIFORM","11.0,12.0,13.0,14.0,15.0,16.0,18.0,20.0,25.0","SYNTHETIC_ASSUMED","F",6.649156246491765,"TESTER_A",20260115,"temporal_parametric_v1.0.0","DTL_TEMPORAL_PARAMETRIC_V1","DTL_TEMPORAL_ACTUAL_DIE_V1","DTL_TEMPORAL_POPULATION_V1"
"2026-03","March 2026",3,"DTL_EDGE_001","DTL_EDGE_001_D003","die_003",3,"EDGE","COND_HOT_NOM",85,1,"HOT","T_ON_R","ON_RESISTANCE",43.02514630889373,"ohm","UPPER",25,"NOT_DEFINED",18,50,"NOT_UNIFORM","18.0,20.0,22.0,25.0,28.0,30.0,35.0,40.0,50.0","SYNTHETIC_ASSUMED","F",6.649156246491765,"TESTER_A",20260115,"temporal_parametric_v1.0.0","DTL_TEMPORAL_PARAMETRIC_V1","DTL_TEMPORAL_ACTUAL_DIE_V1","DTL_TEMPORAL_POPULATION_V1"
"2026-03","March 2026",3,"DTL_EDGE_001","DTL_EDGE_001_D003","die_003",3,"EDGE","COND_HOT_NOM",85,1,"HOT","T_VMIN","VMIN",1.1378779698361152,"V","UPPER",0.85,"NOT_DEFINED",0.75,1,"NOT_UNIFORM","0.75,0.78,0.8,0.82,0.85,0.88,0.9,0.92,0.95,1.0","SYNTHETIC_ASSUMED","F",6.649156246491765,"TESTER_A",20260115,"temporal_parametric_v1.0.0","DTL_TEMPORAL_PARAMETRIC_V1","DTL_TEMPORAL_ACTUAL_DIE_V1","DTL_TEMPORAL_POPULATION_V1"
"2026-03","March 2026",3,"DTL_EDGE_001","DTL_EDGE_001_D003","die_003",3,"EDGE","COND_HOT_NOM",85,1,"HOT","T_VMAX","VMAX",0.905676065288004,"V","LOWER",1.15,"NOT_DEFINED",1.05,1.25,"NOT_UNIFORM","1.05,1.08,1.1,1.12,1.15,1.18,1.2,1.22,1.25","SYNTHETIC_ASSUMED","F",6.649156246491765,"TESTER_A",20260115,"temporal_parametric_v1.0.0","DTL_TEMPORAL_PARAMETRIC_V1","DTL_TEMPORAL_ACTUAL_DIE_V1","DTL_TEMPORAL_POPULATION_V1"
"2026-03","March 2026",3,"DTL_EDGE_001","DTL_EDGE_001_D003","die_003",3,"EDGE","COND_HOT_NOM",85,1,"HOT","T_IDDQ","IDDQ",111.10769162325452,"uA","UPPER",50,"NOT_DEFINED",30,100,"NOT_UNIFORM","30.0,35.0,40.0,45.0,50.0,55.0,60.0,70.0,80.0,100.0","SYNTHETIC_ASSUMED","F",6.649156246491765,"TESTER_A",20260115,"temporal_parametric_v1.0.0","DTL_TEMPORAL_PARAMETRIC_V1","DTL_TEMPORAL_ACTUAL_DIE_V1","DTL_TEMPORAL_POPULATION_V1"
"2026-03","March 2026",3,"DTL_EDGE_001","DTL_EDGE_001_D003","die_003",3,"EDGE","COND_HOT_NOM",85,1,"HOT","T_SUPPLY_CURRENT","SUPPLY_CURRENT",162.3934042793162,"mA","UPPER",120,"NOT_DEFINED",90,200,"NOT_UNIFORM","90.0,100.0,110.0,120.0,130.0,140.0,150.0,170.0,200.0","SYNTHETIC_ASSUMED","F",6.649156246491765,"TESTER_A",20260115,"temporal_parametric_v1.0.0","DTL_TEMPORAL_PARAMETRIC_V1","DTL_TEMPORAL_ACTUAL_DIE_V1","DTL_TEMPORAL_POPULATION_V1"
"2026-03","March 2026",3,"DTL_EDGE_001","DTL_EDGE_001_D003","die_003",3,"EDGE","COND_RT_LOWV",25,0.9,"LOW_VDD","T_CONTACT_R","CONTACT_RESISTANCE",9.137586367189796,"ohm","UPPER",5,"NOT_DEFINED",3.5,10,"NOT_UNIFORM","3.5,4.0,4.5,5.0,5.5,6.0,7.0,8.0,10.0","SYNTHETIC_ASSUMED","F",6.649156246491765,"TESTER_A",20260115,"temporal_parametric_v1.0.0","DTL_TEMPORAL_PARAMETRIC_V1","DTL_TEMPORAL_ACTUAL_DIE_V1","DTL_TEMPORAL_POPULATION_V1"
"2026-03","March 2026",3,"DTL_EDGE_001","DTL_EDGE_001_D003","die_003",3,"EDGE","COND_RT_LOWV",25,0.9,"LOW_VDD","T_INTERCONNECT_R","INTERCONNECT_RESISTANCE",25.47327143743863,"ohm","UPPER",15,"NOT_DEFINED",11,25,"NOT_UNIFORM","11.0,12.0,13.0,14.0,15.0,16.0,18.0,20.0,25.0","SYNTHETIC_ASSUMED","F",6.649156246491765,"TESTER_A",20260115,"temporal_parametric_v1.0.0","DTL_TEMPORAL_PARAMETRIC_V1","DTL_TEMPORAL_ACTUAL_DIE_V1","DTL_TEMPORAL_POPULATION_V1"
"2026-03","March 2026",3,"DTL_EDGE_001","DTL_EDGE_001_D003","die_003",3,"EDGE","COND_RT_LOWV",25,0.9,"LOW_VDD","T_ON_R","ON_RESISTANCE",38.12390886143304,"ohm","UPPER",25,"NOT_DEFINED",18,50,"NOT_UNIFORM","18.0,20.0,22.0,25.0,28.0,30.0,35.0,40.0,50.0","SYNTHETIC_ASSUMED","F",6.649156246491765,"TESTER_A",20260115,"temporal_parametric_v1.0.0","DTL_TEMPORAL_PARAMETRIC_V1","DTL_TEMPORAL_ACTUAL_DIE_V1","DTL_TEMPORAL_POPULATION_V1"
"2026-03","March 2026",3,"DTL_EDGE_001","DTL_EDGE_001_D003","die_003",3,"EDGE","COND_RT_LOWV",25,0.9,"LOW_VDD","T_VMIN","VMIN",1.127956051820494,"V","UPPER",0.85,"NOT_DEFINED",0.75,1,"NOT_UNIFORM","0.75,0.78,0.8,0.82,0.85,0.88,0.9,0.92,0.95,1.0","SYNTHETIC_ASSUMED","F",6.649156246491765,"TESTER_A",20260115,"temporal_parametric_v1.0.0","DTL_TEMPORAL_PARAMETRIC_V1","DTL_TEMPORAL_ACTUAL_DIE_V1","DTL_TEMPORAL_POPULATION_V1"
"2026-03","March 2026",3,"DTL_EDGE_001","DTL_EDGE_001_D003","die_003",3,"EDGE","COND_RT_LOWV",25,0.9,"LOW_VDD","T_VMAX","VMAX",0.9617990658653698,"V","LOWER",1.15,"NOT_DEFINED",1.05,1.25,"NOT_UNIFORM","1.05,1.08,1.1,1.12,1.15,1.18,1.2,1.22,1.25","SYNTHETIC_ASSUMED","F",6.649156246491765,"TESTER_A",20260115,"temporal_parametric_v1.0.0","DTL_TEMPORAL_PARAMETRIC_V1","DTL_TEMPORAL_ACTUAL_DIE_V1","DTL_TEMPORAL_POPULATION_V1"
"2026-03","March 2026",3,"DTL_EDGE_001","DTL_EDGE_001_D003","die_003",3,"EDGE","COND_RT_LOWV",25,0.9,"LOW_VDD","T_IDDQ","IDDQ",94.42315996248593,"uA","UPPER",50,"NOT_DEFINED",30,100,"NOT_UNIFORM","30.0,35.0,40.0,45.0,50.0,55.0,60.0,70.0,80.0,100.0","SYNTHETIC_ASSUMED","F",6.649156246491765,"TESTER_A",20260115,"temporal_parametric_v1.0.0","DTL_TEMPORAL_PARAMETRIC_V1","DTL_TEMPORAL_ACTUAL_DIE_V1","DTL_TEMPORAL_POPULATION_V1"
"2026-03","March 2026",3,"DTL_EDGE_001","DTL_EDGE_001_D003","die_003",3,"EDGE","COND_RT_LOWV",25,0.9,"LOW_VDD","T_SUPPLY_CURRENT","SUPPLY_CURRENT",147.9290558301583,"mA","UPPER",120,"NOT_DEFINED",90,200,"NOT_UNIFORM","90.0,100.0,110.0,120.0,130.0,140.0,150.0,170.0,200.0","SYNTHETIC_ASSUMED","F",6.649156246491765,"TESTER_A",20260115,"temporal_parametric_v1.0.0","DTL_TEMPORAL_PARAMETRIC_V1","DTL_TEMPORAL_ACTUAL_DIE_V1","DTL_TEMPORAL_POPULATION_V1"
"2026-03","March 2026",3,"DTL_EDGE_001","DTL_EDGE_001_D003","die_003",3,"EDGE","COND_HOT_HIGHV",85,1.1,"HIGH_VDD","T_CONTACT_R","CONTACT_RESISTANCE",9.64944899792353,"ohm","UPPER",5,"NOT_DEFINED",3.5,10,"NOT_UNIFORM","3.5,4.0,4.5,5.0,5.5,6.0,7.0,8.0,10.0","SYNTHETIC_ASSUMED","F",6.649156246491765,"TESTER_A",20260115,"temporal_parametric_v1.0.0","DTL_TEMPORAL_PARAMETRIC_V1","DTL_TEMPORAL_ACTUAL_DIE_V1","DTL_TEMPORAL_POPULATION_V1"
"2026-03","March 2026",3,"DTL_EDGE_001","DTL_EDGE_001_D003","die_003",3,"EDGE","COND_HOT_HIGHV",85,1.1,"HIGH_VDD","T_INTERCONNECT_R","INTERCONNECT_RESISTANCE",24.468838291486712,"ohm","UPPER",15,"NOT_DEFINED",11,25,"NOT_UNIFORM","11.0,12.0,13.0,14.0,15.0,16.0,18.0,20.0,25.0","SYNTHETIC_ASSUMED","F",6.649156246491765,"TESTER_A",20260115,"temporal_parametric_v1.0.0","DTL_TEMPORAL_PARAMETRIC_V1","DTL_TEMPORAL_ACTUAL_DIE_V1","DTL_TEMPORAL_POPULATION_V1"
"2026-03","March 2026",3,"DTL_EDGE_001","DTL_EDGE_001_D003","die_003",3,"EDGE","COND_HOT_HIGHV",85,1.1,"HIGH_VDD","T_ON_R","ON_RESISTANCE",40.65572407058571,"ohm","UPPER",25,"NOT_DEFINED",18,50,"NOT_UNIFORM","18.0,20.0,22.0,25.0,28.0,30.0,35.0,40.0,50.0","SYNTHETIC_ASSUMED","F",6.649156246491765,"TESTER_A",20260115,"temporal_parametric_v1.0.0","DTL_TEMPORAL_PARAMETRIC_V1","DTL_TEMPORAL_ACTUAL_DIE_V1","DTL_TEMPORAL_POPULATION_V1"
"2026-03","March 2026",3,"DTL_EDGE_001","DTL_EDGE_001_D003","die_003",3,"EDGE","COND_HOT_HIGHV",85,1.1,"HIGH_VDD","T_VMIN","VMIN",1.1355029912788135,"V","UPPER",0.85,"NOT_DEFINED",0.75,1,"NOT_UNIFORM","0.75,0.78,0.8,0.82,0.85,0.88,0.9,0.92,0.95,1.0","SYNTHETIC_ASSUMED","F",6.649156246491765,"TESTER_A",20260115,"temporal_parametric_v1.0.0","DTL_TEMPORAL_PARAMETRIC_V1","DTL_TEMPORAL_ACTUAL_DIE_V1","DTL_TEMPORAL_POPULATION_V1"
"2026-03","March 2026",3,"DTL_EDGE_001","DTL_EDGE_001_D003","die_003",3,"EDGE","COND_HOT_HIGHV",85,1.1,"HIGH_VDD","T_VMAX","VMAX",0.934837928386656,"V","LOWER",1.15,"NOT_DEFINED",1.05,1.25,"NOT_UNIFORM","1.05,1.08,1.1,1.12,1.15,1.18,1.2,1.22,1.25","SYNTHETIC_ASSUMED","F",6.649156246491765,"TESTER_A",20260115,"temporal_parametric_v1.0.0","DTL_TEMPORAL_PARAMETRIC_V1","DTL_TEMPORAL_ACTUAL_DIE_V1","DTL_TEMPORAL_POPULATION_V1"
"2026-03","March 2026",3,"DTL_EDGE_001","DTL_EDGE_001_D003","die_003",3,"EDGE","COND_HOT_HIGHV",85,1.1,"HIGH_VDD","T_IDDQ","IDDQ",109.68519693382818,"uA","UPPER",50,"NOT_DEFINED",30,100,"NOT_UNIFORM","30.0,35.0,40.0,45.0,50.0,55.0,60.0,70.0,80.0,100.0","SYNTHETIC_ASSUMED","F",6.649156246491765,"TESTER_A",20260115,"temporal_parametric_v1.0.0","DTL_TEMPORAL_PARAMETRIC_V1","DTL_TEMPORAL_ACTUAL_DIE_V1","DTL_TEMPORAL_POPULATION_V1"
"2026-03","March 2026",3,"DTL_EDGE_001","DTL_EDGE_001_D003","die_003",3,"EDGE","COND_HOT_HIGHV",85,1.1,"HIGH_VDD","T_SUPPLY_CURRENT","SUPPLY_CURRENT",162.127745210544,"mA","UPPER",120,"NOT_DEFINED",90,200,"NOT_UNIFORM","90.0,100.0,110.0,120.0,130.0,140.0,150.0,170.0,200.0","SYNTHETIC_ASSUMED","F",6.649156246491765,"TESTER_A",20260115,"temporal_parametric_v1.0.0","DTL_TEMPORAL_PARAMETRIC_V1","DTL_TEMPORAL_ACTUAL_DIE_V1","DTL_TEMPORAL_POPULATION_V1"
"2026-03","March 2026",3,"DTL_EDGE_002","DTL_EDGE_002_D001","die_001",1,"EDGE","COND_RT_NOM",25,1,"NOMINAL","T_CONTACT_R","CONTACT_RESISTANCE",5.868578173914621,"ohm","UPPER",5,"NOT_DEFINED",3.5,10,"NOT_UNIFORM","3.5,4.0,4.5,5.0,5.5,6.0,7.0,8.0,10.0","SYNTHETIC_ASSUMED","F",3.1149743120089743,"TESTER_A",20260115,"temporal_parametric_v1.0.0","DTL_TEMPORAL_PARAMETRIC_V1","DTL_TEMPORAL_ACTUAL_DIE_V1","DTL_TEMPORAL_POPULATION_V1"
"2026-03","March 2026",3,"DTL_EDGE_002","DTL_EDGE_002_D001","die_001",1,"EDGE","COND_RT_NOM",25,1,"NOMINAL","T_INTERCONNECT_R","INTERCONNECT_RESISTANCE",17.61930578834848,"ohm","UPPER",15,"NOT_DEFINED",11,25,"NOT_UNIFORM","11.0,12.0,13.0,14.0,15.0,16.0,18.0,20.0,25.0","SYNTHETIC_ASSUMED","F",3.1149743120089743,"TESTER_A",20260115,"temporal_parametric_v1.0.0","DTL_TEMPORAL_PARAMETRIC_V1","DTL_TEMPORAL_ACTUAL_DIE_V1","DTL_TEMPORAL_POPULATION_V1"
"2026-03","March 2026",3,"DTL_EDGE_002","DTL_EDGE_002_D001","die_001",1,"EDGE","COND_RT_NOM",25,1,"NOMINAL","T_ON_R","ON_RESISTANCE",28.92516944083276,"ohm","UPPER",25,"NOT_DEFINED",18,50,"NOT_UNIFORM","18.0,20.0,22.0,25.0,28.0,30.0,35.0,40.0,50.0","SYNTHETIC_ASSUMED","F",3.1149743120089743,"TESTER_A",20260115,"temporal_parametric_v1.0.0","DTL_TEMPORAL_PARAMETRIC_V1","DTL_TEMPORAL_ACTUAL_DIE_V1","DTL_TEMPORAL_POPULATION_V1"
"2026-03","March 2026",3,"DTL_EDGE_002","DTL_EDGE_002_D001","die_001",1,"EDGE","COND_RT_NOM",25,1,"NOMINAL","T_VMIN","VMIN",0.9935803954048644,"V","UPPER",0.85,"NOT_DEFINED",0.75,1,"NOT_UNIFORM","0.75,0.78,0.8,0.82,0.85,0.88,0.9,0.92,0.95,1.0","SYNTHETIC_ASSUMED","F",3.1149743120089743,"TESTER_A",20260115,"temporal_parametric_v1.0.0","DTL_TEMPORAL_PARAMETRIC_V1","DTL_TEMPORAL_ACTUAL_DIE_V1","DTL_TEMPORAL_POPULATION_V1"
"2026-03","March 2026",3,"DTL_EDGE_002","DTL_EDGE_002_D001","die_001",1,"EDGE","COND_RT_NOM",25,1,"NOMINAL","T_VMAX","VMAX",1.0368619233759302,"V","LOWER",1.15,"NOT_DEFINED",1.05,1.25,"NOT_UNIFORM","1.05,1.08,1.1,1.12,1.15,1.18,1.2,1.22,1.25","SYNTHETIC_ASSUMED","F",3.1149743120089743,"TESTER_A",20260115,"temporal_parametric_v1.0.0","DTL_TEMPORAL_PARAMETRIC_V1","DTL_TEMPORAL_ACTUAL_DIE_V1","DTL_TEMPORAL_POPULATION_V1"
"2026-03","March 2026",3,"DTL_EDGE_002","DTL_EDGE_002_D001","die_001",1,"EDGE","COND_RT_NOM",25,1,"NOMINAL","T_IDDQ","IDDQ",60.01997820003914,"uA","UPPER",50,"NOT_DEFINED",30,100,"NOT_UNIFORM","30.0,35.0,40.0,45.0,50.0,55.0,60.0,70.0,80.0,100.0","SYNTHETIC_ASSUMED","F",3.1149743120089743,"TESTER_A",20260115,"temporal_parametric_v1.0.0","DTL_TEMPORAL_PARAMETRIC_V1","DTL_TEMPORAL_ACTUAL_DIE_V1","DTL_TEMPORAL_POPULATION_V1"
"2026-03","March 2026",3,"DTL_EDGE_002","DTL_EDGE_002_D001","die_001",1,"EDGE","COND_RT_NOM",25,1,"NOMINAL","T_SUPPLY_CURRENT","SUPPLY_CURRENT",107.2553447710429,"mA","UPPER",120,"NOT_DEFINED",90,200,"NOT_UNIFORM","90.0,100.0,110.0,120.0,130.0,140.0,150.0,170.0,200.0","SYNTHETIC_ASSUMED","P",3.1149743120089743,"TESTER_A",20260115,"temporal_parametric_v1.0.0","DTL_TEMPORAL_PARAMETRIC_V1","DTL_TEMPORAL_ACTUAL_DIE_V1","DTL_TEMPORAL_POPULATION_V1"
"2026-03","March 2026",3,"DTL_EDGE_002","DTL_EDGE_002_D001","die_001",1,"EDGE","COND_HOT_NOM",85,1,"HOT","T_CONTACT_R","CONTACT_RESISTANCE",6.6666497372250975,"ohm","UPPER",5,"NOT_DEFINED",3.5,10,"NOT_UNIFORM","3.5,4.0,4.5,5.0,5.5,6.0,7.0,8.0,10.0","SYNTHETIC_ASSUMED","F",3.1149743120089743,"TESTER_A",20260115,"temporal_parametric_v1.0.0","DTL_TEMPORAL_PARAMETRIC_V1","DTL_TEMPORAL_ACTUAL_DIE_V1","DTL_TEMPORAL_POPULATION_V1"
"2026-03","March 2026",3,"DTL_EDGE_002","DTL_EDGE_002_D001","die_001",1,"EDGE","COND_HOT_NOM",85,1,"HOT","T_INTERCONNECT_R","INTERCONNECT_RESISTANCE",17.566847594178544,"ohm","UPPER",15,"NOT_DEFINED",11,25,"NOT_UNIFORM","11.0,12.0,13.0,14.0,15.0,16.0,18.0,20.0,25.0","SYNTHETIC_ASSUMED","F",3.1149743120089743,"TESTER_A",20260115,"temporal_parametric_v1.0.0","DTL_TEMPORAL_PARAMETRIC_V1","DTL_TEMPORAL_ACTUAL_DIE_V1","DTL_TEMPORAL_POPULATION_V1"
"2026-03","March 2026",3,"DTL_EDGE_002","DTL_EDGE_002_D001","die_001",1,"EDGE","COND_HOT_NOM",85,1,"HOT","T_ON_R","ON_RESISTANCE",28.29938214215945,"ohm","UPPER",25,"NOT_DEFINED",18,50,"NOT_UNIFORM","18.0,20.0,22.0,25.0,28.0,30.0,35.0,40.0,50.0","SYNTHETIC_ASSUMED","F",3.1149743120089743,"TESTER_A",20260115,"temporal_parametric_v1.0.0","DTL_TEMPORAL_PARAMETRIC_V1","DTL_TEMPORAL_ACTUAL_DIE_V1","DTL_TEMPORAL_POPULATION_V1"
"2026-03","March 2026",3,"DTL_EDGE_002","DTL_EDGE_002_D001","die_001",1,"EDGE","COND_HOT_NOM",85,1,"HOT","T_VMIN","VMIN",0.95795888127018,"V","UPPER",0.85,"NOT_DEFINED",0.75,1,"NOT_UNIFORM","0.75,0.78,0.8,0.82,0.85,0.88,0.9,0.92,0.95,1.0","SYNTHETIC_ASSUMED","F",3.1149743120089743,"TESTER_A",20260115,"temporal_parametric_v1.0.0","DTL_TEMPORAL_PARAMETRIC_V1","DTL_TEMPORAL_ACTUAL_DIE_V1","DTL_TEMPORAL_POPULATION_V1"
"2026-03","March 2026",3,"DTL_EDGE_002","DTL_EDGE_002_D001","die_001",1,"EDGE","COND_HOT_NOM",85,1,"HOT","T_VMAX","VMAX",1.1187637730286852,"V","LOWER",1.15,"NOT_DEFINED",1.05,1.25,"NOT_UNIFORM","1.05,1.08,1.1,1.12,1.15,1.18,1.2,1.22,1.25","SYNTHETIC_ASSUMED","F",3.1149743120089743,"TESTER_A",20260115,"temporal_parametric_v1.0.0","DTL_TEMPORAL_PARAMETRIC_V1","DTL_TEMPORAL_ACTUAL_DIE_V1","DTL_TEMPORAL_POPULATION_V1"
"2026-03","March 2026",3,"DTL_EDGE_002","DTL_EDGE_002_D001","die_001",1,"EDGE","COND_HOT_NOM",85,1,"HOT","T_IDDQ","IDDQ",72.6469792050933,"uA","UPPER",50,"NOT_DEFINED",30,100,"NOT_UNIFORM","30.0,35.0,40.0,45.0,50.0,55.0,60.0,70.0,80.0,100.0","SYNTHETIC_ASSUMED","F",3.1149743120089743,"TESTER_A",20260115,"temporal_parametric_v1.0.0","DTL_TEMPORAL_PARAMETRIC_V1","DTL_TEMPORAL_ACTUAL_DIE_V1","DTL_TEMPORAL_POPULATION_V1"
"2026-03","March 2026",3,"DTL_EDGE_002","DTL_EDGE_002_D001","die_001",1,"EDGE","COND_HOT_NOM",85,1,"HOT","T_SUPPLY_CURRENT","SUPPLY_CURRENT",130.18340177232955,"mA","UPPER",120,"NOT_DEFINED",90,200,"NOT_UNIFORM","90.0,100.0,110.0,120.0,130.0,140.0,150.0,170.0,200.0","SYNTHETIC_ASSUMED","F",3.1149743120089743,"TESTER_A",20260115,"temporal_parametric_v1.0.0","DTL_TEMPORAL_PARAMETRIC_V1","DTL_TEMPORAL_ACTUAL_DIE_V1","DTL_TEMPORAL_POPULATION_V1"
"2026-03","March 2026",3,"DTL_EDGE_002","DTL_EDGE_002_D001","die_001",1,"EDGE","COND_RT_LOWV",25,0.9,"LOW_VDD","T_CONTACT_R","CONTACT_RESISTANCE",6.095081365074818,"ohm","UPPER",5,"NOT_DEFINED",3.5,10,"NOT_UNIFORM","3.5,4.0,4.5,5.0,5.5,6.0,7.0,8.0,10.0","SYNTHETIC_ASSUMED","F",3.1149743120089743,"TESTER_A",20260115,"temporal_parametric_v1.0.0","DTL_TEMPORAL_PARAMETRIC_V1","DTL_TEMPORAL_ACTUAL_DIE_V1","DTL_TEMPORAL_POPULATION_V1"
"2026-03","March 2026",3,"DTL_EDGE_002","DTL_EDGE_002_D001","die_001",1,"EDGE","COND_RT_LOWV",25,0.9,"LOW_VDD","T_INTERCONNECT_R","INTERCONNECT_RESISTANCE",18.20716163726648,"ohm","UPPER",15,"NOT_DEFINED",11,25,"NOT_UNIFORM","11.0,12.0,13.0,14.0,15.0,16.0,18.0,20.0,25.0","SYNTHETIC_ASSUMED","F",3.1149743120089743,"TESTER_A",20260115,"temporal_parametric_v1.0.0","DTL_TEMPORAL_PARAMETRIC_V1","DTL_TEMPORAL_ACTUAL_DIE_V1","DTL_TEMPORAL_POPULATION_V1"
"2026-03","March 2026",3,"DTL_EDGE_002","DTL_EDGE_002_D001","die_001",1,"EDGE","COND_RT_LOWV",25,0.9,"LOW_VDD","T_ON_R","ON_RESISTANCE",27.51630231893772,"ohm","UPPER",25,"NOT_DEFINED",18,50,"NOT_UNIFORM","18.0,20.0,22.0,25.0,28.0,30.0,35.0,40.0,50.0","SYNTHETIC_ASSUMED","F",3.1149743120089743,"TESTER_A",20260115,"temporal_parametric_v1.0.0","DTL_TEMPORAL_PARAMETRIC_V1","DTL_TEMPORAL_ACTUAL_DIE_V1","DTL_TEMPORAL_POPULATION_V1"
"2026-03","March 2026",3,"DTL_EDGE_002","DTL_EDGE_002_D001","die_001",1,"EDGE","COND_RT_LOWV",25,0.9,"LOW_VDD","T_VMIN","VMIN",0.9814943202587304,"V","UPPER",0.85,"NOT_DEFINED",0.75,1,"NOT_UNIFORM","0.75,0.78,0.8,0.82,0.85,0.88,0.9,0.92,0.95,1.0","SYNTHETIC_ASSUMED","F",3.1149743120089743,"TESTER_A",20260115,"temporal_parametric_v1.0.0","DTL_TEMPORAL_PARAMETRIC_V1","DTL_TEMPORAL_ACTUAL_DIE_V1","DTL_TEMPORAL_POPULATION_V1"
"2026-03","March 2026",3,"DTL_EDGE_002","DTL_EDGE_002_D001","die_001",1,"EDGE","COND_RT_LOWV",25,0.9,"LOW_VDD","T_VMAX","VMAX",1.134936731760196,"V","LOWER",1.15,"NOT_DEFINED",1.05,1.25,"NOT_UNIFORM","1.05,1.08,1.1,1.12,1.15,1.18,1.2,1.22,1.25","SYNTHETIC_ASSUMED","F",3.1149743120089743,"TESTER_A",20260115,"temporal_parametric_v1.0.0","DTL_TEMPORAL_PARAMETRIC_V1","DTL_TEMPORAL_ACTUAL_DIE_V1","DTL_TEMPORAL_POPULATION_V1"
"2026-03","March 2026",3,"DTL_EDGE_002","DTL_EDGE_002_D001","die_001",1,"EDGE","COND_RT_LOWV",25,0.9,"LOW_VDD","T_IDDQ","IDDQ",54.88211685050242,"uA","UPPER",50,"NOT_DEFINED",30,100,"NOT_UNIFORM","30.0,35.0,40.0,45.0,50.0,55.0,60.0,70.0,80.0,100.0","SYNTHETIC_ASSUMED","F",3.1149743120089743,"TESTER_A",20260115,"temporal_parametric_v1.0.0","DTL_TEMPORAL_PARAMETRIC_V1","DTL_TEMPORAL_ACTUAL_DIE_V1","DTL_TEMPORAL_POPULATION_V1"
"2026-03","March 2026",3,"DTL_EDGE_002","DTL_EDGE_002_D001","die_001",1,"EDGE","COND_RT_LOWV",25,0.9,"LOW_VDD","T_SUPPLY_CURRENT","SUPPLY_CURRENT",125.1358941173776,"mA","UPPER",120,"NOT_DEFINED",90,200,"NOT_UNIFORM","90.0,100.0,110.0,120.0,130.0,140.0,150.0,170.0,200.0","SYNTHETIC_ASSUMED","F",3.1149743120089743,"TESTER_A",20260115,"temporal_parametric_v1.0.0","DTL_TEMPORAL_PARAMETRIC_V1","DTL_TEMPORAL_ACTUAL_DIE_V1","DTL_TEMPORAL_POPULATION_V1"
"2026-03","March 2026",3,"DTL_EDGE_002","DTL_EDGE_002_D001","die_001",1,"EDGE","COND_HOT_HIGHV",85,1.1,"HIGH_VDD","T_CONTACT_R","CONTACT_RESISTANCE",5.778686365476082,"ohm","UPPER",5,"NOT_DEFINED",3.5,10,"NOT_UNIFORM","3.5,4.0,4.5,5.0,5.5,6.0,7.0,8.0,10.0","SYNTHETIC_ASSUMED","F",3.1149743120089743,"TESTER_A",20260115,"temporal_parametric_v1.0.0","DTL_TEMPORAL_PARAMETRIC_V1","DTL_TEMPORAL_ACTUAL_DIE_V1","DTL_TEMPORAL_POPULATION_V1"
"2026-03","March 2026",3,"DTL_EDGE_002","DTL_EDGE_002_D001","die_001",1,"EDGE","COND_HOT_HIGHV",85,1.1,"HIGH_VDD","T_INTERCONNECT_R","INTERCONNECT_RESISTANCE",18.809777023078365,"ohm","UPPER",15,"NOT_DEFINED",11,25,"NOT_UNIFORM","11.0,12.0,13.0,14.0,15.0,16.0,18.0,20.0,25.0","SYNTHETIC_ASSUMED","F",3.1149743120089743,"TESTER_A",20260115,"temporal_parametric_v1.0.0","DTL_TEMPORAL_PARAMETRIC_V1","DTL_TEMPORAL_ACTUAL_DIE_V1","DTL_TEMPORAL_POPULATION_V1"
"2026-03","March 2026",3,"DTL_EDGE_002","DTL_EDGE_002_D001","die_001",1,"EDGE","COND_HOT_HIGHV",85,1.1,"HIGH_VDD","T_ON_R","ON_RESISTANCE",28.287711749897984,"ohm","UPPER",25,"NOT_DEFINED",18,50,"NOT_UNIFORM","18.0,20.0,22.0,25.0,28.0,30.0,35.0,40.0,50.0","SYNTHETIC_ASSUMED","F",3.1149743120089743,"TESTER_A",20260115,"temporal_parametric_v1.0.0","DTL_TEMPORAL_PARAMETRIC_V1","DTL_TEMPORAL_ACTUAL_DIE_V1","DTL_TEMPORAL_POPULATION_V1"
"2026-03","March 2026",3,"DTL_EDGE_002","DTL_EDGE_002_D001","die_001",1,"EDGE","COND_HOT_HIGHV",85,1.1,"HIGH_VDD","T_VMIN","VMIN",0.976910267586598,"V","UPPER",0.85,"NOT_DEFINED",0.75,1,"NOT_UNIFORM","0.75,0.78,0.8,0.82,0.85,0.88,0.9,0.92,0.95,1.0","SYNTHETIC_ASSUMED","F",3.1149743120089743,"TESTER_A",20260115,"temporal_parametric_v1.0.0","DTL_TEMPORAL_PARAMETRIC_V1","DTL_TEMPORAL_ACTUAL_DIE_V1","DTL_TEMPORAL_POPULATION_V1"
"2026-03","March 2026",3,"DTL_EDGE_002","DTL_EDGE_002_D001","die_001",1,"EDGE","COND_HOT_HIGHV",85,1.1,"HIGH_VDD","T_VMAX","VMAX",1.0678892730930387,"V","LOWER",1.15,"NOT_DEFINED",1.05,1.25,"NOT_UNIFORM","1.05,1.08,1.1,1.12,1.15,1.18,1.2,1.22,1.25","SYNTHETIC_ASSUMED","F",3.1149743120089743,"TESTER_A",20260115,"temporal_parametric_v1.0.0","DTL_TEMPORAL_PARAMETRIC_V1","DTL_TEMPORAL_ACTUAL_DIE_V1","DTL_TEMPORAL_POPULATION_V1"
"2026-03","March 2026",3,"DTL_EDGE_002","DTL_EDGE_002_D001","die_001",1,"EDGE","COND_HOT_HIGHV",85,1.1,"HIGH_VDD","T_IDDQ","IDDQ",76.31070106681044,"uA","UPPER",50,"NOT_DEFINED",30,100,"NOT_UNIFORM","30.0,35.0,40.0,45.0,50.0,55.0,60.0,70.0,80.0,100.0","SYNTHETIC_ASSUMED","F",3.1149743120089743,"TESTER_A",20260115,"temporal_parametric_v1.0.0","DTL_TEMPORAL_PARAMETRIC_V1","DTL_TEMPORAL_ACTUAL_DIE_V1","DTL_TEMPORAL_POPULATION_V1"
"2026-03","March 2026",3,"DTL_EDGE_002","DTL_EDGE_002_D001","die_001",1,"EDGE","COND_HOT_HIGHV",85,1.1,"HIGH_VDD","T_SUPPLY_CURRENT","SUPPLY_CURRENT",127.33720774799411,"mA","UPPER",120,"NOT_DEFINED",90,200,"NOT_UNIFORM","90.0,100.0,110.0,120.0,130.0,140.0,150.0,170.0,200.0","SYNTHETIC_ASSUMED","F",3.1149743120089743,"TESTER_A",20260115,"temporal_parametric_v1.0.0","DTL_TEMPORAL_PARAMETRIC_V1","DTL_TEMPORAL_ACTUAL_DIE_V1","DTL_TEMPORAL_POPULATION_V1"
"2026-03","March 2026",3,"DTL_EDGE_002","DTL_EDGE_002_D002","die_002",2,"EDGE","COND_RT_NOM",25,1,"NOMINAL","T_CONTACT_R","CONTACT_RESISTANCE",6.203745265083237,"ohm","UPPER",5,"NOT_DEFINED",3.5,10,"NOT_UNIFORM","3.5,4.0,4.5,5.0,5.5,6.0,7.0,8.0,10.0","SYNTHETIC_ASSUMED","F",4.027761638550356,"TESTER_A",20260115,"temporal_parametric_v1.0.0","DTL_TEMPORAL_PARAMETRIC_V1","DTL_TEMPORAL_ACTUAL_DIE_V1","DTL_TEMPORAL_POPULATION_V1"
"2026-03","March 2026",3,"DTL_EDGE_002","DTL_EDGE_002_D002","die_002",2,"EDGE","COND_RT_NOM",25,1,"NOMINAL","T_INTERCONNECT_R","INTERCONNECT_RESISTANCE",17.535762532757197,"ohm","UPPER",15,"NOT_DEFINED",11,25,"NOT_UNIFORM","11.0,12.0,13.0,14.0,15.0,16.0,18.0,20.0,25.0","SYNTHETIC_ASSUMED","F",4.027761638550356,"TESTER_A",20260115,"temporal_parametric_v1.0.0","DTL_TEMPORAL_PARAMETRIC_V1","DTL_TEMPORAL_ACTUAL_DIE_V1","DTL_TEMPORAL_POPULATION_V1"
"2026-03","March 2026",3,"DTL_EDGE_002","DTL_EDGE_002_D002","die_002",2,"EDGE","COND_RT_NOM",25,1,"NOMINAL","T_ON_R","ON_RESISTANCE",29.497825333010205,"ohm","UPPER",25,"NOT_DEFINED",18,50,"NOT_UNIFORM","18.0,20.0,22.0,25.0,28.0,30.0,35.0,40.0,50.0","SYNTHETIC_ASSUMED","F",4.027761638550356,"TESTER_A",20260115,"temporal_parametric_v1.0.0","DTL_TEMPORAL_PARAMETRIC_V1","DTL_TEMPORAL_ACTUAL_DIE_V1","DTL_TEMPORAL_POPULATION_V1"
"2026-03","March 2026",3,"DTL_EDGE_002","DTL_EDGE_002_D002","die_002",2,"EDGE","COND_RT_NOM",25,1,"NOMINAL","T_VMIN","VMIN",0.9550053760038986,"V","UPPER",0.85,"NOT_DEFINED",0.75,1,"NOT_UNIFORM","0.75,0.78,0.8,0.82,0.85,0.88,0.9,0.92,0.95,1.0","SYNTHETIC_ASSUMED","F",4.027761638550356,"TESTER_A",20260115,"temporal_parametric_v1.0.0","DTL_TEMPORAL_PARAMETRIC_V1","DTL_TEMPORAL_ACTUAL_DIE_V1","DTL_TEMPORAL_POPULATION_V1"
"2026-03","March 2026",3,"DTL_EDGE_002","DTL_EDGE_002_D002","die_002",2,"EDGE","COND_RT_NOM",25,1,"NOMINAL","T_VMAX","VMAX",1.0942861825393189,"V","LOWER",1.15,"NOT_DEFINED",1.05,1.25,"NOT_UNIFORM","1.05,1.08,1.1,1.12,1.15,1.18,1.2,1.22,1.25","SYNTHETIC_ASSUMED","F",4.027761638550356,"TESTER_A",20260115,"temporal_parametric_v1.0.0","DTL_TEMPORAL_PARAMETRIC_V1","DTL_TEMPORAL_ACTUAL_DIE_V1","DTL_TEMPORAL_POPULATION_V1"
"2026-03","March 2026",3,"DTL_EDGE_002","DTL_EDGE_002_D002","die_002",2,"EDGE","COND_RT_NOM",25,1,"NOMINAL","T_IDDQ","IDDQ",62.8355035418021,"uA","UPPER",50,"NOT_DEFINED",30,100,"NOT_UNIFORM","30.0,35.0,40.0,45.0,50.0,55.0,60.0,70.0,80.0,100.0","SYNTHETIC_ASSUMED","F",4.027761638550356,"TESTER_A",20260115,"temporal_parametric_v1.0.0","DTL_TEMPORAL_PARAMETRIC_V1","DTL_TEMPORAL_ACTUAL_DIE_V1","DTL_TEMPORAL_POPULATION_V1"
"2026-03","March 2026",3,"DTL_EDGE_002","DTL_EDGE_002_D002","die_002",2,"EDGE","COND_RT_NOM",25,1,"NOMINAL","T_SUPPLY_CURRENT","SUPPLY_CURRENT",143.7911933133642,"mA","UPPER",120,"NOT_DEFINED",90,200,"NOT_UNIFORM","90.0,100.0,110.0,120.0,130.0,140.0,150.0,170.0,200.0","SYNTHETIC_ASSUMED","F",4.027761638550356,"TESTER_A",20260115,"temporal_parametric_v1.0.0","DTL_TEMPORAL_PARAMETRIC_V1","DTL_TEMPORAL_ACTUAL_DIE_V1","DTL_TEMPORAL_POPULATION_V1"
"2026-03","March 2026",3,"DTL_EDGE_002","DTL_EDGE_002_D002","die_002",2,"EDGE","COND_HOT_NOM",85,1,"HOT","T_CONTACT_R","CONTACT_RESISTANCE",6.762020961783176,"ohm","UPPER",5,"NOT_DEFINED",3.5,10,"NOT_UNIFORM","3.5,4.0,4.5,5.0,5.5,6.0,7.0,8.0,10.0","SYNTHETIC_ASSUMED","F",4.027761638550356,"TESTER_A",20260115,"temporal_parametric_v1.0.0","DTL_TEMPORAL_PARAMETRIC_V1","DTL_TEMPORAL_ACTUAL_DIE_V1","DTL_TEMPORAL_POPULATION_V1"
"2026-03","March 2026",3,"DTL_EDGE_002","DTL_EDGE_002_D002","die_002",2,"EDGE","COND_HOT_NOM",85,1,"HOT","T_INTERCONNECT_R","INTERCONNECT_RESISTANCE",20.025328076594697,"ohm","UPPER",15,"NOT_DEFINED",11,25,"NOT_UNIFORM","11.0,12.0,13.0,14.0,15.0,16.0,18.0,20.0,25.0","SYNTHETIC_ASSUMED","F",4.027761638550356,"TESTER_A",20260115,"temporal_parametric_v1.0.0","DTL_TEMPORAL_PARAMETRIC_V1","DTL_TEMPORAL_ACTUAL_DIE_V1","DTL_TEMPORAL_POPULATION_V1"
"2026-03","March 2026",3,"DTL_EDGE_002","DTL_EDGE_002_D002","die_002",2,"EDGE","COND_HOT_NOM",85,1,"HOT","T_ON_R","ON_RESISTANCE",34.08816386125154,"ohm","UPPER",25,"NOT_DEFINED",18,50,"NOT_UNIFORM","18.0,20.0,22.0,25.0,28.0,30.0,35.0,40.0,50.0","SYNTHETIC_ASSUMED","F",4.027761638550356,"TESTER_A",20260115,"temporal_parametric_v1.0.0","DTL_TEMPORAL_PARAMETRIC_V1","DTL_TEMPORAL_ACTUAL_DIE_V1","DTL_TEMPORAL_POPULATION_V1"
"2026-03","March 2026",3,"DTL_EDGE_002","DTL_EDGE_002_D002","die_002",2,"EDGE","COND_HOT_NOM",85,1,"HOT","T_VMIN","VMIN",1.0113127269661772,"V","UPPER",0.85,"NOT_DEFINED",0.75,1,"NOT_UNIFORM","0.75,0.78,0.8,0.82,0.85,0.88,0.9,0.92,0.95,1.0","SYNTHETIC_ASSUMED","F",4.027761638550356,"TESTER_A",20260115,"temporal_parametric_v1.0.0","DTL_TEMPORAL_PARAMETRIC_V1","DTL_TEMPORAL_ACTUAL_DIE_V1","DTL_TEMPORAL_POPULATION_V1"
"2026-03","March 2026",3,"DTL_EDGE_002","DTL_EDGE_002_D002","die_002",2,"EDGE","COND_HOT_NOM",85,1,"HOT","T_VMAX","VMAX",1.0067731028132747,"V","LOWER",1.15,"NOT_DEFINED",1.05,1.25,"NOT_UNIFORM","1.05,1.08,1.1,1.12,1.15,1.18,1.2,1.22,1.25","SYNTHETIC_ASSUMED","F",4.027761638550356,"TESTER_A",20260115,"temporal_parametric_v1.0.0","DTL_TEMPORAL_PARAMETRIC_V1","DTL_TEMPORAL_ACTUAL_DIE_V1","DTL_TEMPORAL_POPULATION_V1"
"2026-03","March 2026",3,"DTL_EDGE_002","DTL_EDGE_002_D002","die_002",2,"EDGE","COND_HOT_NOM",85,1,"HOT","T_IDDQ","IDDQ",78.86413496874962,"uA","UPPER",50,"NOT_DEFINED",30,100,"NOT_UNIFORM","30.0,35.0,40.0,45.0,50.0,55.0,60.0,70.0,80.0,100.0","SYNTHETIC_ASSUMED","F",4.027761638550356,"TESTER_A",20260115,"temporal_parametric_v1.0.0","DTL_TEMPORAL_PARAMETRIC_V1","DTL_TEMPORAL_ACTUAL_DIE_V1","DTL_TEMPORAL_POPULATION_V1"
"2026-03","March 2026",3,"DTL_EDGE_002","DTL_EDGE_002_D002","die_002",2,"EDGE","COND_HOT_NOM",85,1,"HOT","T_SUPPLY_CURRENT","SUPPLY_CURRENT",147.75097624225714,"mA","UPPER",120,"NOT_DEFINED",90,200,"NOT_UNIFORM","90.0,100.0,110.0,120.0,130.0,140.0,150.0,170.0,200.0","SYNTHETIC_ASSUMED","F",4.027761638550356,"TESTER_A",20260115,"temporal_parametric_v1.0.0","DTL_TEMPORAL_PARAMETRIC_V1","DTL_TEMPORAL_ACTUAL_DIE_V1","DTL_TEMPORAL_POPULATION_V1"
"2026-03","March 2026",3,"DTL_EDGE_002","DTL_EDGE_002_D002","die_002",2,"EDGE","COND_RT_LOWV",25,0.9,"LOW_VDD","T_CONTACT_R","CONTACT_RESISTANCE",6.619274134240549,"ohm","UPPER",5,"NOT_DEFINED",3.5,10,"NOT_UNIFORM","3.5,4.0,4.5,5.0,5.5,6.0,7.0,8.0,10.0","SYNTHETIC_ASSUMED","F",4.027761638550356,"TESTER_A",20260115,"temporal_parametric_v1.0.0","DTL_TEMPORAL_PARAMETRIC_V1","DTL_TEMPORAL_ACTUAL_DIE_V1","DTL_TEMPORAL_POPULATION_V1"
"2026-03","March 2026",3,"DTL_EDGE_002","DTL_EDGE_002_D002","die_002",2,"EDGE","COND_RT_LOWV",25,0.9,"LOW_VDD","T_INTERCONNECT_R","INTERCONNECT_RESISTANCE",20.570811516121253,"ohm","UPPER",15,"NOT_DEFINED",11,25,"NOT_UNIFORM","11.0,12.0,13.0,14.0,15.0,16.0,18.0,20.0,25.0","SYNTHETIC_ASSUMED","F",4.027761638550356,"TESTER_A",20260115,"temporal_parametric_v1.0.0","DTL_TEMPORAL_PARAMETRIC_V1","DTL_TEMPORAL_ACTUAL_DIE_V1","DTL_TEMPORAL_POPULATION_V1"
"2026-03","March 2026",3,"DTL_EDGE_002","DTL_EDGE_002_D002","die_002",2,"EDGE","COND_RT_LOWV",25,0.9,"LOW_VDD","T_ON_R","ON_RESISTANCE",30.82822600967096,"ohm","UPPER",25,"NOT_DEFINED",18,50,"NOT_UNIFORM","18.0,20.0,22.0,25.0,28.0,30.0,35.0,40.0,50.0","SYNTHETIC_ASSUMED","F",4.027761638550356,"TESTER_A",20260115,"temporal_parametric_v1.0.0","DTL_TEMPORAL_PARAMETRIC_V1","DTL_TEMPORAL_ACTUAL_DIE_V1","DTL_TEMPORAL_POPULATION_V1"
"2026-03","March 2026",3,"DTL_EDGE_002","DTL_EDGE_002_D002","die_002",2,"EDGE","COND_RT_LOWV",25,0.9,"LOW_VDD","T_VMIN","VMIN",1.0073937664054828,"V","UPPER",0.85,"NOT_DEFINED",0.75,1,"NOT_UNIFORM","0.75,0.78,0.8,0.82,0.85,0.88,0.9,0.92,0.95,1.0","SYNTHETIC_ASSUMED","F",4.027761638550356,"TESTER_A",20260115,"temporal_parametric_v1.0.0","DTL_TEMPORAL_PARAMETRIC_V1","DTL_TEMPORAL_ACTUAL_DIE_V1","DTL_TEMPORAL_POPULATION_V1"
"2026-03","March 2026",3,"DTL_EDGE_002","DTL_EDGE_002_D002","die_002",2,"EDGE","COND_RT_LOWV",25,0.9,"LOW_VDD","T_VMAX","VMAX",1.0153706962186786,"V","LOWER",1.15,"NOT_DEFINED",1.05,1.25,"NOT_UNIFORM","1.05,1.08,1.1,1.12,1.15,1.18,1.2,1.22,1.25","SYNTHETIC_ASSUMED","F",4.027761638550356,"TESTER_A",20260115,"temporal_parametric_v1.0.0","DTL_TEMPORAL_PARAMETRIC_V1","DTL_TEMPORAL_ACTUAL_DIE_V1","DTL_TEMPORAL_POPULATION_V1"
"2026-03","March 2026",3,"DTL_EDGE_002","DTL_EDGE_002_D002","die_002",2,"EDGE","COND_RT_LOWV",25,0.9,"LOW_VDD","T_IDDQ","IDDQ",63.57730496832025,"uA","UPPER",50,"NOT_DEFINED",30,100,"NOT_UNIFORM","30.0,35.0,40.0,45.0,50.0,55.0,60.0,70.0,80.0,100.0","SYNTHETIC_ASSUMED","F",4.027761638550356,"TESTER_A",20260115,"temporal_parametric_v1.0.0","DTL_TEMPORAL_PARAMETRIC_V1","DTL_TEMPORAL_ACTUAL_DIE_V1","DTL_TEMPORAL_POPULATION_V1"
"2026-03","March 2026",3,"DTL_EDGE_002","DTL_EDGE_002_D002","die_002",2,"EDGE","COND_RT_LOWV",25,0.9,"LOW_VDD","T_SUPPLY_CURRENT","SUPPLY_CURRENT",129.88775943276258,"mA","UPPER",120,"NOT_DEFINED",90,200,"NOT_UNIFORM","90.0,100.0,110.0,120.0,130.0,140.0,150.0,170.0,200.0","SYNTHETIC_ASSUMED","F",4.027761638550356,"TESTER_A",20260115,"temporal_parametric_v1.0.0","DTL_TEMPORAL_PARAMETRIC_V1","DTL_TEMPORAL_ACTUAL_DIE_V1","DTL_TEMPORAL_POPULATION_V1"
"2026-03","March 2026",3,"DTL_EDGE_002","DTL_EDGE_002_D002","die_002",2,"EDGE","COND_HOT_HIGHV",85,1.1,"HIGH_VDD","T_CONTACT_R","CONTACT_RESISTANCE",6.516200409281146,"ohm","UPPER",5,"NOT_DEFINED",3.5,10,"NOT_UNIFORM","3.5,4.0,4.5,5.0,5.5,6.0,7.0,8.0,10.0","SYNTHETIC_ASSUMED","F",4.027761638550356,"TESTER_A",20260115,"temporal_parametric_v1.0.0","DTL_TEMPORAL_PARAMETRIC_V1","DTL_TEMPORAL_ACTUAL_DIE_V1","DTL_TEMPORAL_POPULATION_V1"
"2026-03","March 2026",3,"DTL_EDGE_002","DTL_EDGE_002_D002","die_002",2,"EDGE","COND_HOT_HIGHV",85,1.1,"HIGH_VDD","T_INTERCONNECT_R","INTERCONNECT_RESISTANCE",18.730309220138924,"ohm","UPPER",15,"NOT_DEFINED",11,25,"NOT_UNIFORM","11.0,12.0,13.0,14.0,15.0,16.0,18.0,20.0,25.0","SYNTHETIC_ASSUMED","F",4.027761638550356,"TESTER_A",20260115,"temporal_parametric_v1.0.0","DTL_TEMPORAL_PARAMETRIC_V1","DTL_TEMPORAL_ACTUAL_DIE_V1","DTL_TEMPORAL_POPULATION_V1"
"2026-03","March 2026",3,"DTL_EDGE_002","DTL_EDGE_002_D002","die_002",2,"EDGE","COND_HOT_HIGHV",85,1.1,"HIGH_VDD","T_ON_R","ON_RESISTANCE",32.17034156055715,"ohm","UPPER",25,"NOT_DEFINED",18,50,"NOT_UNIFORM","18.0,20.0,22.0,25.0,28.0,30.0,35.0,40.0,50.0","SYNTHETIC_ASSUMED","F",4.027761638550356,"TESTER_A",20260115,"temporal_parametric_v1.0.0","DTL_TEMPORAL_PARAMETRIC_V1","DTL_TEMPORAL_ACTUAL_DIE_V1","DTL_TEMPORAL_POPULATION_V1"
"2026-03","March 2026",3,"DTL_EDGE_002","DTL_EDGE_002_D002","die_002",2,"EDGE","COND_HOT_HIGHV",85,1.1,"HIGH_VDD","T_VMIN","VMIN",0.9962772338304076,"V","UPPER",0.85,"NOT_DEFINED",0.75,1,"NOT_UNIFORM","0.75,0.78,0.8,0.82,0.85,0.88,0.9,0.92,0.95,1.0","SYNTHETIC_ASSUMED","F",4.027761638550356,"TESTER_A",20260115,"temporal_parametric_v1.0.0","DTL_TEMPORAL_PARAMETRIC_V1","DTL_TEMPORAL_ACTUAL_DIE_V1","DTL_TEMPORAL_POPULATION_V1"
"2026-03","March 2026",3,"DTL_EDGE_002","DTL_EDGE_002_D002","die_002",2,"EDGE","COND_HOT_HIGHV",85,1.1,"HIGH_VDD","T_VMAX","VMAX",1.0109645664635727,"V","LOWER",1.15,"NOT_DEFINED",1.05,1.25,"NOT_UNIFORM","1.05,1.08,1.1,1.12,1.15,1.18,1.2,1.22,1.25","SYNTHETIC_ASSUMED","F",4.027761638550356,"TESTER_A",20260115,"temporal_parametric_v1.0.0","DTL_TEMPORAL_PARAMETRIC_V1","DTL_TEMPORAL_ACTUAL_DIE_V1","DTL_TEMPORAL_POPULATION_V1"
"2026-03","March 2026",3,"DTL_EDGE_002","DTL_EDGE_002_D002","die_002",2,"EDGE","COND_HOT_HIGHV",85,1.1,"HIGH_VDD","T_IDDQ","IDDQ",91.58000021624817,"uA","UPPER",50,"NOT_DEFINED",30,100,"NOT_UNIFORM","30.0,35.0,40.0,45.0,50.0,55.0,60.0,70.0,80.0,100.0","SYNTHETIC_ASSUMED","F",4.027761638550356,"TESTER_A",20260115,"temporal_parametric_v1.0.0","DTL_TEMPORAL_PARAMETRIC_V1","DTL_TEMPORAL_ACTUAL_DIE_V1","DTL_TEMPORAL_POPULATION_V1"
"2026-03","March 2026",3,"DTL_EDGE_002","DTL_EDGE_002_D002","die_002",2,"EDGE","COND_HOT_HIGHV",85,1.1,"HIGH_VDD","T_SUPPLY_CURRENT","SUPPLY_CURRENT",144.39306716236092,"mA","UPPER",120,"NOT_DEFINED",90,200,"NOT_UNIFORM","90.0,100.0,110.0,120.0,130.0,140.0,150.0,170.0,200.0","SYNTHETIC_ASSUMED","F",4.027761638550356,"TESTER_A",20260115,"temporal_parametric_v1.0.0","DTL_TEMPORAL_PARAMETRIC_V1","DTL_TEMPORAL_ACTUAL_DIE_V1","DTL_TEMPORAL_POPULATION_V1"
"2026-03","March 2026",3,"DTL_EDGE_002","DTL_EDGE_002_D003","die_003",3,"EDGE","COND_RT_NOM",25,1,"NOMINAL","T_CONTACT_R","CONTACT_RESISTANCE",6.330740612304414,"ohm","UPPER",5,"NOT_DEFINED",3.5,10,"NOT_UNIFORM","3.5,4.0,4.5,5.0,5.5,6.0,7.0,8.0,10.0","SYNTHETIC_ASSUMED","F",4.142422007491441,"TESTER_A",20260115,"temporal_parametric_v1.0.0","DTL_TEMPORAL_PARAMETRIC_V1","DTL_TEMPORAL_ACTUAL_DIE_V1","DTL_TEMPORAL_POPULATION_V1"
"2026-03","March 2026",3,"DTL_EDGE_002","DTL_EDGE_002_D003","die_003",3,"EDGE","COND_RT_NOM",25,1,"NOMINAL","T_INTERCONNECT_R","INTERCONNECT_RESISTANCE",19.12392517808745,"ohm","UPPER",15,"NOT_DEFINED",11,25,"NOT_UNIFORM","11.0,12.0,13.0,14.0,15.0,16.0,18.0,20.0,25.0","SYNTHETIC_ASSUMED","F",4.142422007491441,"TESTER_A",20260115,"temporal_parametric_v1.0.0","DTL_TEMPORAL_PARAMETRIC_V1","DTL_TEMPORAL_ACTUAL_DIE_V1","DTL_TEMPORAL_POPULATION_V1"
"2026-03","March 2026",3,"DTL_EDGE_002","DTL_EDGE_002_D003","die_003",3,"EDGE","COND_RT_NOM",25,1,"NOMINAL","T_ON_R","ON_RESISTANCE",27.780591898932112,"ohm","UPPER",25,"NOT_DEFINED",18,50,"NOT_UNIFORM","18.0,20.0,22.0,25.0,28.0,30.0,35.0,40.0,50.0","SYNTHETIC_ASSUMED","F",4.142422007491441,"TESTER_A",20260115,"temporal_parametric_v1.0.0","DTL_TEMPORAL_PARAMETRIC_V1","DTL_TEMPORAL_ACTUAL_DIE_V1","DTL_TEMPORAL_POPULATION_V1"
"2026-03","March 2026",3,"DTL_EDGE_002","DTL_EDGE_002_D003","die_003",3,"EDGE","COND_RT_NOM",25,1,"NOMINAL","T_VMIN","VMIN",0.9344866267099348,"V","UPPER",0.85,"NOT_DEFINED",0.75,1,"NOT_UNIFORM","0.75,0.78,0.8,0.82,0.85,0.88,0.9,0.92,0.95,1.0","SYNTHETIC_ASSUMED","F",4.142422007491441,"TESTER_A",20260115,"temporal_parametric_v1.0.0","DTL_TEMPORAL_PARAMETRIC_V1","DTL_TEMPORAL_ACTUAL_DIE_V1","DTL_TEMPORAL_POPULATION_V1"
"2026-03","March 2026",3,"DTL_EDGE_002","DTL_EDGE_002_D003","die_003",3,"EDGE","COND_RT_NOM",25,1,"NOMINAL","T_VMAX","VMAX",1.0595135378472642,"V","LOWER",1.15,"NOT_DEFINED",1.05,1.25,"NOT_UNIFORM","1.05,1.08,1.1,1.12,1.15,1.18,1.2,1.22,1.25","SYNTHETIC_ASSUMED","F",4.142422007491441,"TESTER_A",20260115,"temporal_parametric_v1.0.0","DTL_TEMPORAL_PARAMETRIC_V1","DTL_TEMPORAL_ACTUAL_DIE_V1","DTL_TEMPORAL_POPULATION_V1"
"2026-03","March 2026",3,"DTL_EDGE_002","DTL_EDGE_002_D003","die_003",3,"EDGE","COND_RT_NOM",25,1,"NOMINAL","T_IDDQ","IDDQ",74.59585262003024,"uA","UPPER",50,"NOT_DEFINED",30,100,"NOT_UNIFORM","30.0,35.0,40.0,45.0,50.0,55.0,60.0,70.0,80.0,100.0","SYNTHETIC_ASSUMED","F",4.142422007491441,"TESTER_A",20260115,"temporal_parametric_v1.0.0","DTL_TEMPORAL_PARAMETRIC_V1","DTL_TEMPORAL_ACTUAL_DIE_V1","DTL_TEMPORAL_POPULATION_V1"
"2026-03","March 2026",3,"DTL_EDGE_002","DTL_EDGE_002_D003","die_003",3,"EDGE","COND_RT_NOM",25,1,"NOMINAL","T_SUPPLY_CURRENT","SUPPLY_CURRENT",119.7409906557942,"mA","UPPER",120,"NOT_DEFINED",90,200,"NOT_UNIFORM","90.0,100.0,110.0,120.0,130.0,140.0,150.0,170.0,200.0","SYNTHETIC_ASSUMED","P",4.142422007491441,"TESTER_A",20260115,"temporal_parametric_v1.0.0","DTL_TEMPORAL_PARAMETRIC_V1","DTL_TEMPORAL_ACTUAL_DIE_V1","DTL_TEMPORAL_POPULATION_V1"
"2026-03","March 2026",3,"DTL_EDGE_002","DTL_EDGE_002_D003","die_003",3,"EDGE","COND_HOT_NOM",85,1,"HOT","T_CONTACT_R","CONTACT_RESISTANCE",7.090170598196235,"ohm","UPPER",5,"NOT_DEFINED",3.5,10,"NOT_UNIFORM","3.5,4.0,4.5,5.0,5.5,6.0,7.0,8.0,10.0","SYNTHETIC_ASSUMED","F",4.142422007491441,"TESTER_A",20260115,"temporal_parametric_v1.0.0","DTL_TEMPORAL_PARAMETRIC_V1","DTL_TEMPORAL_ACTUAL_DIE_V1","DTL_TEMPORAL_POPULATION_V1"
"2026-03","March 2026",3,"DTL_EDGE_002","DTL_EDGE_002_D003","die_003",3,"EDGE","COND_HOT_NOM",85,1,"HOT","T_INTERCONNECT_R","INTERCONNECT_RESISTANCE",20.49679252194605,"ohm","UPPER",15,"NOT_DEFINED",11,25,"NOT_UNIFORM","11.0,12.0,13.0,14.0,15.0,16.0,18.0,20.0,25.0","SYNTHETIC_ASSUMED","F",4.142422007491441,"TESTER_A",20260115,"temporal_parametric_v1.0.0","DTL_TEMPORAL_PARAMETRIC_V1","DTL_TEMPORAL_ACTUAL_DIE_V1","DTL_TEMPORAL_POPULATION_V1"
"2026-03","March 2026",3,"DTL_EDGE_002","DTL_EDGE_002_D003","die_003",3,"EDGE","COND_HOT_NOM",85,1,"HOT","T_ON_R","ON_RESISTANCE",30.38747638019913,"ohm","UPPER",25,"NOT_DEFINED",18,50,"NOT_UNIFORM","18.0,20.0,22.0,25.0,28.0,30.0,35.0,40.0,50.0","SYNTHETIC_ASSUMED","F",4.142422007491441,"TESTER_A",20260115,"temporal_parametric_v1.0.0","DTL_TEMPORAL_PARAMETRIC_V1","DTL_TEMPORAL_ACTUAL_DIE_V1","DTL_TEMPORAL_POPULATION_V1"
"2026-03","March 2026",3,"DTL_EDGE_002","DTL_EDGE_002_D003","die_003",3,"EDGE","COND_HOT_NOM",85,1,"HOT","T_VMIN","VMIN",0.9759108740925152,"V","UPPER",0.85,"NOT_DEFINED",0.75,1,"NOT_UNIFORM","0.75,0.78,0.8,0.82,0.85,0.88,0.9,0.92,0.95,1.0","SYNTHETIC_ASSUMED","F",4.142422007491441,"TESTER_A",20260115,"temporal_parametric_v1.0.0","DTL_TEMPORAL_PARAMETRIC_V1","DTL_TEMPORAL_ACTUAL_DIE_V1","DTL_TEMPORAL_POPULATION_V1"
"2026-03","March 2026",3,"DTL_EDGE_002","DTL_EDGE_002_D003","die_003",3,"EDGE","COND_HOT_NOM",85,1,"HOT","T_VMAX","VMAX",1.019966838953816,"V","LOWER",1.15,"NOT_DEFINED",1.05,1.25,"NOT_UNIFORM","1.05,1.08,1.1,1.12,1.15,1.18,1.2,1.22,1.25","SYNTHETIC_ASSUMED","F",4.142422007491441,"TESTER_A",20260115,"temporal_parametric_v1.0.0","DTL_TEMPORAL_PARAMETRIC_V1","DTL_TEMPORAL_ACTUAL_DIE_V1","DTL_TEMPORAL_POPULATION_V1"
"2026-03","March 2026",3,"DTL_EDGE_002","DTL_EDGE_002_D003","die_003",3,"EDGE","COND_HOT_NOM",85,1,"HOT","T_IDDQ","IDDQ",79.63136773355563,"uA","UPPER",50,"NOT_DEFINED",30,100,"NOT_UNIFORM","30.0,35.0,40.0,45.0,50.0,55.0,60.0,70.0,80.0,100.0","SYNTHETIC_ASSUMED","F",4.142422007491441,"TESTER_A",20260115,"temporal_parametric_v1.0.0","DTL_TEMPORAL_PARAMETRIC_V1","DTL_TEMPORAL_ACTUAL_DIE_V1","DTL_TEMPORAL_POPULATION_V1"
"2026-03","March 2026",3,"DTL_EDGE_002","DTL_EDGE_002_D003","die_003",3,"EDGE","COND_HOT_NOM",85,1,"HOT","T_SUPPLY_CURRENT","SUPPLY_CURRENT",117.7034926834371,"mA","UPPER",120,"NOT_DEFINED",90,200,"NOT_UNIFORM","90.0,100.0,110.0,120.0,130.0,140.0,150.0,170.0,200.0","SYNTHETIC_ASSUMED","P",4.142422007491441,"TESTER_A",20260115,"temporal_parametric_v1.0.0","DTL_TEMPORAL_PARAMETRIC_V1","DTL_TEMPORAL_ACTUAL_DIE_V1","DTL_TEMPORAL_POPULATION_V1"
"2026-03","March 2026",3,"DTL_EDGE_002","DTL_EDGE_002_D003","die_003",3,"EDGE","COND_RT_LOWV",25,0.9,"LOW_VDD","T_CONTACT_R","CONTACT_RESISTANCE",6.85472377066357,"ohm","UPPER",5,"NOT_DEFINED",3.5,10,"NOT_UNIFORM","3.5,4.0,4.5,5.0,5.5,6.0,7.0,8.0,10.0","SYNTHETIC_ASSUMED","F",4.142422007491441,"TESTER_A",20260115,"temporal_parametric_v1.0.0","DTL_TEMPORAL_PARAMETRIC_V1","DTL_TEMPORAL_ACTUAL_DIE_V1","DTL_TEMPORAL_POPULATION_V1"
"2026-03","March 2026",3,"DTL_EDGE_002","DTL_EDGE_002_D003","die_003",3,"EDGE","COND_RT_LOWV",25,0.9,"LOW_VDD","T_INTERCONNECT_R","INTERCONNECT_RESISTANCE",19.42971781289916,"ohm","UPPER",15,"NOT_DEFINED",11,25,"NOT_UNIFORM","11.0,12.0,13.0,14.0,15.0,16.0,18.0,20.0,25.0","SYNTHETIC_ASSUMED","F",4.142422007491441,"TESTER_A",20260115,"temporal_parametric_v1.0.0","DTL_TEMPORAL_PARAMETRIC_V1","DTL_TEMPORAL_ACTUAL_DIE_V1","DTL_TEMPORAL_POPULATION_V1"
"2026-03","March 2026",3,"DTL_EDGE_002","DTL_EDGE_002_D003","die_003",3,"EDGE","COND_RT_LOWV",25,0.9,"LOW_VDD","T_ON_R","ON_RESISTANCE",29.952498244700006,"ohm","UPPER",25,"NOT_DEFINED",18,50,"NOT_UNIFORM","18.0,20.0,22.0,25.0,28.0,30.0,35.0,40.0,50.0","SYNTHETIC_ASSUMED","F",4.142422007491441,"TESTER_A",20260115,"temporal_parametric_v1.0.0","DTL_TEMPORAL_PARAMETRIC_V1","DTL_TEMPORAL_ACTUAL_DIE_V1","DTL_TEMPORAL_POPULATION_V1"
"2026-03","March 2026",3,"DTL_EDGE_002","DTL_EDGE_002_D003","die_003",3,"EDGE","COND_RT_LOWV",25,0.9,"LOW_VDD","T_VMIN","VMIN",0.967213243527098,"V","UPPER",0.85,"NOT_DEFINED",0.75,1,"NOT_UNIFORM","0.75,0.78,0.8,0.82,0.85,0.88,0.9,0.92,0.95,1.0","SYNTHETIC_ASSUMED","F",4.142422007491441,"TESTER_A",20260115,"temporal_parametric_v1.0.0","DTL_TEMPORAL_PARAMETRIC_V1","DTL_TEMPORAL_ACTUAL_DIE_V1","DTL_TEMPORAL_POPULATION_V1"
"2026-03","March 2026",3,"DTL_EDGE_002","DTL_EDGE_002_D003","die_003",3,"EDGE","COND_RT_LOWV",25,0.9,"LOW_VDD","T_VMAX","VMAX",0.9861232702365552,"V","LOWER",1.15,"NOT_DEFINED",1.05,1.25,"NOT_UNIFORM","1.05,1.08,1.1,1.12,1.15,1.18,1.2,1.22,1.25","SYNTHETIC_ASSUMED","F",4.142422007491441,"TESTER_A",20260115,"temporal_parametric_v1.0.0","DTL_TEMPORAL_PARAMETRIC_V1","DTL_TEMPORAL_ACTUAL_DIE_V1","DTL_TEMPORAL_POPULATION_V1"
"2026-03","March 2026",3,"DTL_EDGE_002","DTL_EDGE_002_D003","die_003",3,"EDGE","COND_RT_LOWV",25,0.9,"LOW_VDD","T_IDDQ","IDDQ",71.24897438396926,"uA","UPPER",50,"NOT_DEFINED",30,100,"NOT_UNIFORM","30.0,35.0,40.0,45.0,50.0,55.0,60.0,70.0,80.0,100.0","SYNTHETIC_ASSUMED","F",4.142422007491441,"TESTER_A",20260115,"temporal_parametric_v1.0.0","DTL_TEMPORAL_PARAMETRIC_V1","DTL_TEMPORAL_ACTUAL_DIE_V1","DTL_TEMPORAL_POPULATION_V1"
"2026-03","March 2026",3,"DTL_EDGE_002","DTL_EDGE_002_D003","die_003",3,"EDGE","COND_RT_LOWV",25,0.9,"LOW_VDD","T_SUPPLY_CURRENT","SUPPLY_CURRENT",122.24398337859355,"mA","UPPER",120,"NOT_DEFINED",90,200,"NOT_UNIFORM","90.0,100.0,110.0,120.0,130.0,140.0,150.0,170.0,200.0","SYNTHETIC_ASSUMED","F",4.142422007491441,"TESTER_A",20260115,"temporal_parametric_v1.0.0","DTL_TEMPORAL_PARAMETRIC_V1","DTL_TEMPORAL_ACTUAL_DIE_V1","DTL_TEMPORAL_POPULATION_V1"
"2026-03","March 2026",3,"DTL_EDGE_002","DTL_EDGE_002_D003","die_003",3,"EDGE","COND_HOT_HIGHV",85,1.1,"HIGH_VDD","T_CONTACT_R","CONTACT_RESISTANCE",7.506700674190567,"ohm","UPPER",5,"NOT_DEFINED",3.5,10,"NOT_UNIFORM","3.5,4.0,4.5,5.0,5.5,6.0,7.0,8.0,10.0","SYNTHETIC_ASSUMED","F",4.142422007491441,"TESTER_A",20260115,"temporal_parametric_v1.0.0","DTL_TEMPORAL_PARAMETRIC_V1","DTL_TEMPORAL_ACTUAL_DIE_V1","DTL_TEMPORAL_POPULATION_V1"
"2026-03","March 2026",3,"DTL_EDGE_002","DTL_EDGE_002_D003","die_003",3,"EDGE","COND_HOT_HIGHV",85,1.1,"HIGH_VDD","T_INTERCONNECT_R","INTERCONNECT_RESISTANCE",19.4416794799722,"ohm","UPPER",15,"NOT_DEFINED",11,25,"NOT_UNIFORM","11.0,12.0,13.0,14.0,15.0,16.0,18.0,20.0,25.0","SYNTHETIC_ASSUMED","F",4.142422007491441,"TESTER_A",20260115,"temporal_parametric_v1.0.0","DTL_TEMPORAL_PARAMETRIC_V1","DTL_TEMPORAL_ACTUAL_DIE_V1","DTL_TEMPORAL_POPULATION_V1"
"2026-03","March 2026",3,"DTL_EDGE_002","DTL_EDGE_002_D003","die_003",3,"EDGE","COND_HOT_HIGHV",85,1.1,"HIGH_VDD","T_ON_R","ON_RESISTANCE",30.109107477113284,"ohm","UPPER",25,"NOT_DEFINED",18,50,"NOT_UNIFORM","18.0,20.0,22.0,25.0,28.0,30.0,35.0,40.0,50.0","SYNTHETIC_ASSUMED","F",4.142422007491441,"TESTER_A",20260115,"temporal_parametric_v1.0.0","DTL_TEMPORAL_PARAMETRIC_V1","DTL_TEMPORAL_ACTUAL_DIE_V1","DTL_TEMPORAL_POPULATION_V1"
"2026-03","March 2026",3,"DTL_EDGE_002","DTL_EDGE_002_D003","die_003",3,"EDGE","COND_HOT_HIGHV",85,1.1,"HIGH_VDD","T_VMIN","VMIN",0.931403675120292,"V","UPPER",0.85,"NOT_DEFINED",0.75,1,"NOT_UNIFORM","0.75,0.78,0.8,0.82,0.85,0.88,0.9,0.92,0.95,1.0","SYNTHETIC_ASSUMED","F",4.142422007491441,"TESTER_A",20260115,"temporal_parametric_v1.0.0","DTL_TEMPORAL_PARAMETRIC_V1","DTL_TEMPORAL_ACTUAL_DIE_V1","DTL_TEMPORAL_POPULATION_V1"
"2026-03","March 2026",3,"DTL_EDGE_002","DTL_EDGE_002_D003","die_003",3,"EDGE","COND_HOT_HIGHV",85,1.1,"HIGH_VDD","T_VMAX","VMAX",1.0182593723463378,"V","LOWER",1.15,"NOT_DEFINED",1.05,1.25,"NOT_UNIFORM","1.05,1.08,1.1,1.12,1.15,1.18,1.2,1.22,1.25","SYNTHETIC_ASSUMED","F",4.142422007491441,"TESTER_A",20260115,"temporal_parametric_v1.0.0","DTL_TEMPORAL_PARAMETRIC_V1","DTL_TEMPORAL_ACTUAL_DIE_V1","DTL_TEMPORAL_POPULATION_V1"
"2026-03","March 2026",3,"DTL_EDGE_002","DTL_EDGE_002_D003","die_003",3,"EDGE","COND_HOT_HIGHV",85,1.1,"HIGH_VDD","T_IDDQ","IDDQ",73.19081224432428,"uA","UPPER",50,"NOT_DEFINED",30,100,"NOT_UNIFORM","30.0,35.0,40.0,45.0,50.0,55.0,60.0,70.0,80.0,100.0","SYNTHETIC_ASSUMED","F",4.142422007491441,"TESTER_A",20260115,"temporal_parametric_v1.0.0","DTL_TEMPORAL_PARAMETRIC_V1","DTL_TEMPORAL_ACTUAL_DIE_V1","DTL_TEMPORAL_POPULATION_V1"
"2026-03","March 2026",3,"DTL_EDGE_002","DTL_EDGE_002_D003","die_003",3,"EDGE","COND_HOT_HIGHV",85,1.1,"HIGH_VDD","T_SUPPLY_CURRENT","SUPPLY_CURRENT",151.51955541862242,"mA","UPPER",120,"NOT_DEFINED",90,200,"NOT_UNIFORM","90.0,100.0,110.0,120.0,130.0,140.0,150.0,170.0,200.0","SYNTHETIC_ASSUMED","F",4.142422007491441,"TESTER_A",20260115,"temporal_parametric_v1.0.0","DTL_TEMPORAL_PARAMETRIC_V1","DTL_TEMPORAL_ACTUAL_DIE_V1","DTL_TEMPORAL_POPULATION_V1"
"2026-03","March 2026",3,"DTL_CENTER_001","DTL_CENTER_001_D001","die_001",1,"CENTER","COND_RT_NOM",25,1,"NOMINAL","T_CONTACT_R","CONTACT_RESISTANCE",5.086671343335867,"ohm","UPPER",5,"NOT_DEFINED",3.5,10,"NOT_UNIFORM","3.5,4.0,4.5,5.0,5.5,6.0,7.0,8.0,10.0","SYNTHETIC_ASSUMED","F",2.5831321020850297,"TESTER_A",20260115,"temporal_parametric_v1.0.0","DTL_TEMPORAL_PARAMETRIC_V1","DTL_TEMPORAL_ACTUAL_DIE_V1","DTL_TEMPORAL_POPULATION_V1"
"2026-03","March 2026",3,"DTL_CENTER_001","DTL_CENTER_001_D001","die_001",1,"CENTER","COND_RT_NOM",25,1,"NOMINAL","T_INTERCONNECT_R","INTERCONNECT_RESISTANCE",16.72447465674005,"ohm","UPPER",15,"NOT_DEFINED",11,25,"NOT_UNIFORM","11.0,12.0,13.0,14.0,15.0,16.0,18.0,20.0,25.0","SYNTHETIC_ASSUMED","F",2.5831321020850297,"TESTER_A",20260115,"temporal_parametric_v1.0.0","DTL_TEMPORAL_PARAMETRIC_V1","DTL_TEMPORAL_ACTUAL_DIE_V1","DTL_TEMPORAL_POPULATION_V1"
"2026-03","March 2026",3,"DTL_CENTER_001","DTL_CENTER_001_D001","die_001",1,"CENTER","COND_RT_NOM",25,1,"NOMINAL","T_ON_R","ON_RESISTANCE",24.47166220659498,"ohm","UPPER",25,"NOT_DEFINED",18,50,"NOT_UNIFORM","18.0,20.0,22.0,25.0,28.0,30.0,35.0,40.0,50.0","SYNTHETIC_ASSUMED","P",2.5831321020850297,"TESTER_A",20260115,"temporal_parametric_v1.0.0","DTL_TEMPORAL_PARAMETRIC_V1","DTL_TEMPORAL_ACTUAL_DIE_V1","DTL_TEMPORAL_POPULATION_V1"
"2026-03","March 2026",3,"DTL_CENTER_001","DTL_CENTER_001_D001","die_001",1,"CENTER","COND_RT_NOM",25,1,"NOMINAL","T_VMIN","VMIN",0.8478522409121001,"V","UPPER",0.85,"NOT_DEFINED",0.75,1,"NOT_UNIFORM","0.75,0.78,0.8,0.82,0.85,0.88,0.9,0.92,0.95,1.0","SYNTHETIC_ASSUMED","P",2.5831321020850297,"TESTER_A",20260115,"temporal_parametric_v1.0.0","DTL_TEMPORAL_PARAMETRIC_V1","DTL_TEMPORAL_ACTUAL_DIE_V1","DTL_TEMPORAL_POPULATION_V1"
"2026-03","March 2026",3,"DTL_CENTER_001","DTL_CENTER_001_D001","die_001",1,"CENTER","COND_RT_NOM",25,1,"NOMINAL","T_VMAX","VMAX",1.1491137165802932,"V","LOWER",1.15,"NOT_DEFINED",1.05,1.25,"NOT_UNIFORM","1.05,1.08,1.1,1.12,1.15,1.18,1.2,1.22,1.25","SYNTHETIC_ASSUMED","F",2.5831321020850297,"TESTER_A",20260115,"temporal_parametric_v1.0.0","DTL_TEMPORAL_PARAMETRIC_V1","DTL_TEMPORAL_ACTUAL_DIE_V1","DTL_TEMPORAL_POPULATION_V1"
"2026-03","March 2026",3,"DTL_CENTER_001","DTL_CENTER_001_D001","die_001",1,"CENTER","COND_RT_NOM",25,1,"NOMINAL","T_IDDQ","IDDQ",52.87677127072233,"uA","UPPER",50,"NOT_DEFINED",30,100,"NOT_UNIFORM","30.0,35.0,40.0,45.0,50.0,55.0,60.0,70.0,80.0,100.0","SYNTHETIC_ASSUMED","F",2.5831321020850297,"TESTER_A",20260115,"temporal_parametric_v1.0.0","DTL_TEMPORAL_PARAMETRIC_V1","DTL_TEMPORAL_ACTUAL_DIE_V1","DTL_TEMPORAL_POPULATION_V1"
"2026-03","March 2026",3,"DTL_CENTER_001","DTL_CENTER_001_D001","die_001",1,"CENTER","COND_RT_NOM",25,1,"NOMINAL","T_SUPPLY_CURRENT","SUPPLY_CURRENT",120.03503892315616,"mA","UPPER",120,"NOT_DEFINED",90,200,"NOT_UNIFORM","90.0,100.0,110.0,120.0,130.0,140.0,150.0,170.0,200.0","SYNTHETIC_ASSUMED","F",2.5831321020850297,"TESTER_A",20260115,"temporal_parametric_v1.0.0","DTL_TEMPORAL_PARAMETRIC_V1","DTL_TEMPORAL_ACTUAL_DIE_V1","DTL_TEMPORAL_POPULATION_V1"
"2026-03","March 2026",3,"DTL_CENTER_001","DTL_CENTER_001_D001","die_001",1,"CENTER","COND_HOT_NOM",85,1,"HOT","T_CONTACT_R","CONTACT_RESISTANCE",5.030624307814923,"ohm","UPPER",5,"NOT_DEFINED",3.5,10,"NOT_UNIFORM","3.5,4.0,4.5,5.0,5.5,6.0,7.0,8.0,10.0","SYNTHETIC_ASSUMED","F",2.5831321020850297,"TESTER_A",20260115,"temporal_parametric_v1.0.0","DTL_TEMPORAL_PARAMETRIC_V1","DTL_TEMPORAL_ACTUAL_DIE_V1","DTL_TEMPORAL_POPULATION_V1"
"2026-03","March 2026",3,"DTL_CENTER_001","DTL_CENTER_001_D001","die_001",1,"CENTER","COND_HOT_NOM",85,1,"HOT","T_INTERCONNECT_R","INTERCONNECT_RESISTANCE",15.434096670769042,"ohm","UPPER",15,"NOT_DEFINED",11,25,"NOT_UNIFORM","11.0,12.0,13.0,14.0,15.0,16.0,18.0,20.0,25.0","SYNTHETIC_ASSUMED","F",2.5831321020850297,"TESTER_A",20260115,"temporal_parametric_v1.0.0","DTL_TEMPORAL_PARAMETRIC_V1","DTL_TEMPORAL_ACTUAL_DIE_V1","DTL_TEMPORAL_POPULATION_V1"
"2026-03","March 2026",3,"DTL_CENTER_001","DTL_CENTER_001_D001","die_001",1,"CENTER","COND_HOT_NOM",85,1,"HOT","T_ON_R","ON_RESISTANCE",28.170865157362687,"ohm","UPPER",25,"NOT_DEFINED",18,50,"NOT_UNIFORM","18.0,20.0,22.0,25.0,28.0,30.0,35.0,40.0,50.0","SYNTHETIC_ASSUMED","F",2.5831321020850297,"TESTER_A",20260115,"temporal_parametric_v1.0.0","DTL_TEMPORAL_PARAMETRIC_V1","DTL_TEMPORAL_ACTUAL_DIE_V1","DTL_TEMPORAL_POPULATION_V1"
"2026-03","March 2026",3,"DTL_CENTER_001","DTL_CENTER_001_D001","die_001",1,"CENTER","COND_HOT_NOM",85,1,"HOT","T_VMIN","VMIN",0.8808788719430369,"V","UPPER",0.85,"NOT_DEFINED",0.75,1,"NOT_UNIFORM","0.75,0.78,0.8,0.82,0.85,0.88,0.9,0.92,0.95,1.0","SYNTHETIC_ASSUMED","F",2.5831321020850297,"TESTER_A",20260115,"temporal_parametric_v1.0.0","DTL_TEMPORAL_PARAMETRIC_V1","DTL_TEMPORAL_ACTUAL_DIE_V1","DTL_TEMPORAL_POPULATION_V1"
"2026-03","March 2026",3,"DTL_CENTER_001","DTL_CENTER_001_D001","die_001",1,"CENTER","COND_HOT_NOM",85,1,"HOT","T_VMAX","VMAX",1.0710175800350434,"V","LOWER",1.15,"NOT_DEFINED",1.05,1.25,"NOT_UNIFORM","1.05,1.08,1.1,1.12,1.15,1.18,1.2,1.22,1.25","SYNTHETIC_ASSUMED","F",2.5831321020850297,"TESTER_A",20260115,"temporal_parametric_v1.0.0","DTL_TEMPORAL_PARAMETRIC_V1","DTL_TEMPORAL_ACTUAL_DIE_V1","DTL_TEMPORAL_POPULATION_V1"
"2026-03","March 2026",3,"DTL_CENTER_001","DTL_CENTER_001_D001","die_001",1,"CENTER","COND_HOT_NOM",85,1,"HOT","T_IDDQ","IDDQ",66.3538774927566,"uA","UPPER",50,"NOT_DEFINED",30,100,"NOT_UNIFORM","30.0,35.0,40.0,45.0,50.0,55.0,60.0,70.0,80.0,100.0","SYNTHETIC_ASSUMED","F",2.5831321020850297,"TESTER_A",20260115,"temporal_parametric_v1.0.0","DTL_TEMPORAL_PARAMETRIC_V1","DTL_TEMPORAL_ACTUAL_DIE_V1","DTL_TEMPORAL_POPULATION_V1"
"2026-03","March 2026",3,"DTL_CENTER_001","DTL_CENTER_001_D001","die_001",1,"CENTER","COND_HOT_NOM",85,1,"HOT","T_SUPPLY_CURRENT","SUPPLY_CURRENT",125.1511052031085,"mA","UPPER",120,"NOT_DEFINED",90,200,"NOT_UNIFORM","90.0,100.0,110.0,120.0,130.0,140.0,150.0,170.0,200.0","SYNTHETIC_ASSUMED","F",2.5831321020850297,"TESTER_A",20260115,"temporal_parametric_v1.0.0","DTL_TEMPORAL_PARAMETRIC_V1","DTL_TEMPORAL_ACTUAL_DIE_V1","DTL_TEMPORAL_POPULATION_V1"
"2026-03","March 2026",3,"DTL_CENTER_001","DTL_CENTER_001_D001","die_001",1,"CENTER","COND_RT_LOWV",25,0.9,"LOW_VDD","T_CONTACT_R","CONTACT_RESISTANCE",5.23635599613618,"ohm","UPPER",5,"NOT_DEFINED",3.5,10,"NOT_UNIFORM","3.5,4.0,4.5,5.0,5.5,6.0,7.0,8.0,10.0","SYNTHETIC_ASSUMED","F",2.5831321020850297,"TESTER_A",20260115,"temporal_parametric_v1.0.0","DTL_TEMPORAL_PARAMETRIC_V1","DTL_TEMPORAL_ACTUAL_DIE_V1","DTL_TEMPORAL_POPULATION_V1"
"2026-03","March 2026",3,"DTL_CENTER_001","DTL_CENTER_001_D001","die_001",1,"CENTER","COND_RT_LOWV",25,0.9,"LOW_VDD","T_INTERCONNECT_R","INTERCONNECT_RESISTANCE",16.03643098704751,"ohm","UPPER",15,"NOT_DEFINED",11,25,"NOT_UNIFORM","11.0,12.0,13.0,14.0,15.0,16.0,18.0,20.0,25.0","SYNTHETIC_ASSUMED","F",2.5831321020850297,"TESTER_A",20260115,"temporal_parametric_v1.0.0","DTL_TEMPORAL_PARAMETRIC_V1","DTL_TEMPORAL_ACTUAL_DIE_V1","DTL_TEMPORAL_POPULATION_V1"
"2026-03","March 2026",3,"DTL_CENTER_001","DTL_CENTER_001_D001","die_001",1,"CENTER","COND_RT_LOWV",25,0.9,"LOW_VDD","T_ON_R","ON_RESISTANCE",27.11853526956488,"ohm","UPPER",25,"NOT_DEFINED",18,50,"NOT_UNIFORM","18.0,20.0,22.0,25.0,28.0,30.0,35.0,40.0,50.0","SYNTHETIC_ASSUMED","F",2.5831321020850297,"TESTER_A",20260115,"temporal_parametric_v1.0.0","DTL_TEMPORAL_PARAMETRIC_V1","DTL_TEMPORAL_ACTUAL_DIE_V1","DTL_TEMPORAL_POPULATION_V1"
"2026-03","March 2026",3,"DTL_CENTER_001","DTL_CENTER_001_D001","die_001",1,"CENTER","COND_RT_LOWV",25,0.9,"LOW_VDD","T_VMIN","VMIN",0.8911752605464791,"V","UPPER",0.85,"NOT_DEFINED",0.75,1,"NOT_UNIFORM","0.75,0.78,0.8,0.82,0.85,0.88,0.9,0.92,0.95,1.0","SYNTHETIC_ASSUMED","F",2.5831321020850297,"TESTER_A",20260115,"temporal_parametric_v1.0.0","DTL_TEMPORAL_PARAMETRIC_V1","DTL_TEMPORAL_ACTUAL_DIE_V1","DTL_TEMPORAL_POPULATION_V1"
"2026-03","March 2026",3,"DTL_CENTER_001","DTL_CENTER_001_D001","die_001",1,"CENTER","COND_RT_LOWV",25,0.9,"LOW_VDD","T_VMAX","VMAX",1.1073445697742832,"V","LOWER",1.15,"NOT_DEFINED",1.05,1.25,"NOT_UNIFORM","1.05,1.08,1.1,1.12,1.15,1.18,1.2,1.22,1.25","SYNTHETIC_ASSUMED","F",2.5831321020850297,"TESTER_A",20260115,"temporal_parametric_v1.0.0","DTL_TEMPORAL_PARAMETRIC_V1","DTL_TEMPORAL_ACTUAL_DIE_V1","DTL_TEMPORAL_POPULATION_V1"
"2026-03","March 2026",3,"DTL_CENTER_001","DTL_CENTER_001_D001","die_001",1,"CENTER","COND_RT_LOWV",25,0.9,"LOW_VDD","T_IDDQ","IDDQ",56.40091507945754,"uA","UPPER",50,"NOT_DEFINED",30,100,"NOT_UNIFORM","30.0,35.0,40.0,45.0,50.0,55.0,60.0,70.0,80.0,100.0","SYNTHETIC_ASSUMED","F",2.5831321020850297,"TESTER_A",20260115,"temporal_parametric_v1.0.0","DTL_TEMPORAL_PARAMETRIC_V1","DTL_TEMPORAL_ACTUAL_DIE_V1","DTL_TEMPORAL_POPULATION_V1"
"2026-03","March 2026",3,"DTL_CENTER_001","DTL_CENTER_001_D001","die_001",1,"CENTER","COND_RT_LOWV",25,0.9,"LOW_VDD","T_SUPPLY_CURRENT","SUPPLY_CURRENT",118.4820246930424,"mA","UPPER",120,"NOT_DEFINED",90,200,"NOT_UNIFORM","90.0,100.0,110.0,120.0,130.0,140.0,150.0,170.0,200.0","SYNTHETIC_ASSUMED","P",2.5831321020850297,"TESTER_A",20260115,"temporal_parametric_v1.0.0","DTL_TEMPORAL_PARAMETRIC_V1","DTL_TEMPORAL_ACTUAL_DIE_V1","DTL_TEMPORAL_POPULATION_V1"
"2026-03","March 2026",3,"DTL_CENTER_001","DTL_CENTER_001_D001","die_001",1,"CENTER","COND_HOT_HIGHV",85,1.1,"HIGH_VDD","T_CONTACT_R","CONTACT_RESISTANCE",6.308726331916374,"ohm","UPPER",5,"NOT_DEFINED",3.5,10,"NOT_UNIFORM","3.5,4.0,4.5,5.0,5.5,6.0,7.0,8.0,10.0","SYNTHETIC_ASSUMED","F",2.5831321020850297,"TESTER_A",20260115,"temporal_parametric_v1.0.0","DTL_TEMPORAL_PARAMETRIC_V1","DTL_TEMPORAL_ACTUAL_DIE_V1","DTL_TEMPORAL_POPULATION_V1"
"2026-03","March 2026",3,"DTL_CENTER_001","DTL_CENTER_001_D001","die_001",1,"CENTER","COND_HOT_HIGHV",85,1.1,"HIGH_VDD","T_INTERCONNECT_R","INTERCONNECT_RESISTANCE",15.736919861961308,"ohm","UPPER",15,"NOT_DEFINED",11,25,"NOT_UNIFORM","11.0,12.0,13.0,14.0,15.0,16.0,18.0,20.0,25.0","SYNTHETIC_ASSUMED","F",2.5831321020850297,"TESTER_A",20260115,"temporal_parametric_v1.0.0","DTL_TEMPORAL_PARAMETRIC_V1","DTL_TEMPORAL_ACTUAL_DIE_V1","DTL_TEMPORAL_POPULATION_V1"
"2026-03","March 2026",3,"DTL_CENTER_001","DTL_CENTER_001_D001","die_001",1,"CENTER","COND_HOT_HIGHV",85,1.1,"HIGH_VDD","T_ON_R","ON_RESISTANCE",27.02173410188889,"ohm","UPPER",25,"NOT_DEFINED",18,50,"NOT_UNIFORM","18.0,20.0,22.0,25.0,28.0,30.0,35.0,40.0,50.0","SYNTHETIC_ASSUMED","F",2.5831321020850297,"TESTER_A",20260115,"temporal_parametric_v1.0.0","DTL_TEMPORAL_PARAMETRIC_V1","DTL_TEMPORAL_ACTUAL_DIE_V1","DTL_TEMPORAL_POPULATION_V1"
"2026-03","March 2026",3,"DTL_CENTER_001","DTL_CENTER_001_D001","die_001",1,"CENTER","COND_HOT_HIGHV",85,1.1,"HIGH_VDD","T_VMIN","VMIN",0.9681451484915982,"V","UPPER",0.85,"NOT_DEFINED",0.75,1,"NOT_UNIFORM","0.75,0.78,0.8,0.82,0.85,0.88,0.9,0.92,0.95,1.0","SYNTHETIC_ASSUMED","F",2.5831321020850297,"TESTER_A",20260115,"temporal_parametric_v1.0.0","DTL_TEMPORAL_PARAMETRIC_V1","DTL_TEMPORAL_ACTUAL_DIE_V1","DTL_TEMPORAL_POPULATION_V1"
"2026-03","March 2026",3,"DTL_CENTER_001","DTL_CENTER_001_D001","die_001",1,"CENTER","COND_HOT_HIGHV",85,1.1,"HIGH_VDD","T_VMAX","VMAX",1.1236681415843357,"V","LOWER",1.15,"NOT_DEFINED",1.05,1.25,"NOT_UNIFORM","1.05,1.08,1.1,1.12,1.15,1.18,1.2,1.22,1.25","SYNTHETIC_ASSUMED","F",2.5831321020850297,"TESTER_A",20260115,"temporal_parametric_v1.0.0","DTL_TEMPORAL_PARAMETRIC_V1","DTL_TEMPORAL_ACTUAL_DIE_V1","DTL_TEMPORAL_POPULATION_V1"
"2026-03","March 2026",3,"DTL_CENTER_001","DTL_CENTER_001_D001","die_001",1,"CENTER","COND_HOT_HIGHV",85,1.1,"HIGH_VDD","T_IDDQ","IDDQ",71.93181084400379,"uA","UPPER",50,"NOT_DEFINED",30,100,"NOT_UNIFORM","30.0,35.0,40.0,45.0,50.0,55.0,60.0,70.0,80.0,100.0","SYNTHETIC_ASSUMED","F",2.5831321020850297,"TESTER_A",20260115,"temporal_parametric_v1.0.0","DTL_TEMPORAL_PARAMETRIC_V1","DTL_TEMPORAL_ACTUAL_DIE_V1","DTL_TEMPORAL_POPULATION_V1"
"2026-03","March 2026",3,"DTL_CENTER_001","DTL_CENTER_001_D001","die_001",1,"CENTER","COND_HOT_HIGHV",85,1.1,"HIGH_VDD","T_SUPPLY_CURRENT","SUPPLY_CURRENT",110.99311177518284,"mA","UPPER",120,"NOT_DEFINED",90,200,"NOT_UNIFORM","90.0,100.0,110.0,120.0,130.0,140.0,150.0,170.0,200.0","SYNTHETIC_ASSUMED","P",2.5831321020850297,"TESTER_A",20260115,"temporal_parametric_v1.0.0","DTL_TEMPORAL_PARAMETRIC_V1","DTL_TEMPORAL_ACTUAL_DIE_V1","DTL_TEMPORAL_POPULATION_V1"
"2026-03","March 2026",3,"DTL_CENTER_001","DTL_CENTER_001_D002","die_002",2,"CENTER","COND_RT_NOM",25,1,"NOMINAL","T_CONTACT_R","CONTACT_RESISTANCE",5.102527236553995,"ohm","UPPER",5,"NOT_DEFINED",3.5,10,"NOT_UNIFORM","3.5,4.0,4.5,5.0,5.5,6.0,7.0,8.0,10.0","SYNTHETIC_ASSUMED","F",2.5828003120932514,"TESTER_A",20260115,"temporal_parametric_v1.0.0","DTL_TEMPORAL_PARAMETRIC_V1","DTL_TEMPORAL_ACTUAL_DIE_V1","DTL_TEMPORAL_POPULATION_V1"
"2026-03","March 2026",3,"DTL_CENTER_001","DTL_CENTER_001_D002","die_002",2,"CENTER","COND_RT_NOM",25,1,"NOMINAL","T_INTERCONNECT_R","INTERCONNECT_RESISTANCE",16.102303794316914,"ohm","UPPER",15,"NOT_DEFINED",11,25,"NOT_UNIFORM","11.0,12.0,13.0,14.0,15.0,16.0,18.0,20.0,25.0","SYNTHETIC_ASSUMED","F",2.5828003120932514,"TESTER_A",20260115,"temporal_parametric_v1.0.0","DTL_TEMPORAL_PARAMETRIC_V1","DTL_TEMPORAL_ACTUAL_DIE_V1","DTL_TEMPORAL_POPULATION_V1"
"2026-03","March 2026",3,"DTL_CENTER_001","DTL_CENTER_001_D002","die_002",2,"CENTER","COND_RT_NOM",25,1,"NOMINAL","T_ON_R","ON_RESISTANCE",26.12210026100735,"ohm","UPPER",25,"NOT_DEFINED",18,50,"NOT_UNIFORM","18.0,20.0,22.0,25.0,28.0,30.0,35.0,40.0,50.0","SYNTHETIC_ASSUMED","F",2.5828003120932514,"TESTER_A",20260115,"temporal_parametric_v1.0.0","DTL_TEMPORAL_PARAMETRIC_V1","DTL_TEMPORAL_ACTUAL_DIE_V1","DTL_TEMPORAL_POPULATION_V1"
"2026-03","March 2026",3,"DTL_CENTER_001","DTL_CENTER_001_D002","die_002",2,"CENTER","COND_RT_NOM",25,1,"NOMINAL","T_VMIN","VMIN",0.9178953352461804,"V","UPPER",0.85,"NOT_DEFINED",0.75,1,"NOT_UNIFORM","0.75,0.78,0.8,0.82,0.85,0.88,0.9,0.92,0.95,1.0","SYNTHETIC_ASSUMED","F",2.5828003120932514,"TESTER_A",20260115,"temporal_parametric_v1.0.0","DTL_TEMPORAL_PARAMETRIC_V1","DTL_TEMPORAL_ACTUAL_DIE_V1","DTL_TEMPORAL_POPULATION_V1"
"2026-03","March 2026",3,"DTL_CENTER_001","DTL_CENTER_001_D002","die_002",2,"CENTER","COND_RT_NOM",25,1,"NOMINAL","T_VMAX","VMAX",1.1135402693307532,"V","LOWER",1.15,"NOT_DEFINED",1.05,1.25,"NOT_UNIFORM","1.05,1.08,1.1,1.12,1.15,1.18,1.2,1.22,1.25","SYNTHETIC_ASSUMED","F",2.5828003120932514,"TESTER_A",20260115,"temporal_parametric_v1.0.0","DTL_TEMPORAL_PARAMETRIC_V1","DTL_TEMPORAL_ACTUAL_DIE_V1","DTL_TEMPORAL_POPULATION_V1"
"2026-03","March 2026",3,"DTL_CENTER_001","DTL_CENTER_001_D002","die_002",2,"CENTER","COND_RT_NOM",25,1,"NOMINAL","T_IDDQ","IDDQ",60.86350790611238,"uA","UPPER",50,"NOT_DEFINED",30,100,"NOT_UNIFORM","30.0,35.0,40.0,45.0,50.0,55.0,60.0,70.0,80.0,100.0","SYNTHETIC_ASSUMED","F",2.5828003120932514,"TESTER_A",20260115,"temporal_parametric_v1.0.0","DTL_TEMPORAL_PARAMETRIC_V1","DTL_TEMPORAL_ACTUAL_DIE_V1","DTL_TEMPORAL_POPULATION_V1"
"2026-03","March 2026",3,"DTL_CENTER_001","DTL_CENTER_001_D002","die_002",2,"CENTER","COND_RT_NOM",25,1,"NOMINAL","T_SUPPLY_CURRENT","SUPPLY_CURRENT",102.69756963737332,"mA","UPPER",120,"NOT_DEFINED",90,200,"NOT_UNIFORM","90.0,100.0,110.0,120.0,130.0,140.0,150.0,170.0,200.0","SYNTHETIC_ASSUMED","P",2.5828003120932514,"TESTER_A",20260115,"temporal_parametric_v1.0.0","DTL_TEMPORAL_PARAMETRIC_V1","DTL_TEMPORAL_ACTUAL_DIE_V1","DTL_TEMPORAL_POPULATION_V1"
"2026-03","March 2026",3,"DTL_CENTER_001","DTL_CENTER_001_D002","die_002",2,"CENTER","COND_HOT_NOM",85,1,"HOT","T_CONTACT_R","CONTACT_RESISTANCE",5.006891033719889,"ohm","UPPER",5,"NOT_DEFINED",3.5,10,"NOT_UNIFORM","3.5,4.0,4.5,5.0,5.5,6.0,7.0,8.0,10.0","SYNTHETIC_ASSUMED","F",2.5828003120932514,"TESTER_A",20260115,"temporal_parametric_v1.0.0","DTL_TEMPORAL_PARAMETRIC_V1","DTL_TEMPORAL_ACTUAL_DIE_V1","DTL_TEMPORAL_POPULATION_V1"
"2026-03","March 2026",3,"DTL_CENTER_001","DTL_CENTER_001_D002","die_002",2,"CENTER","COND_HOT_NOM",85,1,"HOT","T_INTERCONNECT_R","INTERCONNECT_RESISTANCE",15.565509858151474,"ohm","UPPER",15,"NOT_DEFINED",11,25,"NOT_UNIFORM","11.0,12.0,13.0,14.0,15.0,16.0,18.0,20.0,25.0","SYNTHETIC_ASSUMED","F",2.5828003120932514,"TESTER_A",20260115,"temporal_parametric_v1.0.0","DTL_TEMPORAL_PARAMETRIC_V1","DTL_TEMPORAL_ACTUAL_DIE_V1","DTL_TEMPORAL_POPULATION_V1"
"2026-03","March 2026",3,"DTL_CENTER_001","DTL_CENTER_001_D002","die_002",2,"CENTER","COND_HOT_NOM",85,1,"HOT","T_ON_R","ON_RESISTANCE",26.77006096490119,"ohm","UPPER",25,"NOT_DEFINED",18,50,"NOT_UNIFORM","18.0,20.0,22.0,25.0,28.0,30.0,35.0,40.0,50.0","SYNTHETIC_ASSUMED","F",2.5828003120932514,"TESTER_A",20260115,"temporal_parametric_v1.0.0","DTL_TEMPORAL_PARAMETRIC_V1","DTL_TEMPORAL_ACTUAL_DIE_V1","DTL_TEMPORAL_POPULATION_V1"
"2026-03","March 2026",3,"DTL_CENTER_001","DTL_CENTER_001_D002","die_002",2,"CENTER","COND_HOT_NOM",85,1,"HOT","T_VMIN","VMIN",0.955890937790746,"V","UPPER",0.85,"NOT_DEFINED",0.75,1,"NOT_UNIFORM","0.75,0.78,0.8,0.82,0.85,0.88,0.9,0.92,0.95,1.0","SYNTHETIC_ASSUMED","F",2.5828003120932514,"TESTER_A",20260115,"temporal_parametric_v1.0.0","DTL_TEMPORAL_PARAMETRIC_V1","DTL_TEMPORAL_ACTUAL_DIE_V1","DTL_TEMPORAL_POPULATION_V1"
"2026-03","March 2026",3,"DTL_CENTER_001","DTL_CENTER_001_D002","die_002",2,"CENTER","COND_HOT_NOM",85,1,"HOT","T_VMAX","VMAX",1.0566910130827831,"V","LOWER",1.15,"NOT_DEFINED",1.05,1.25,"NOT_UNIFORM","1.05,1.08,1.1,1.12,1.15,1.18,1.2,1.22,1.25","SYNTHETIC_ASSUMED","F",2.5828003120932514,"TESTER_A",20260115,"temporal_parametric_v1.0.0","DTL_TEMPORAL_PARAMETRIC_V1","DTL_TEMPORAL_ACTUAL_DIE_V1","DTL_TEMPORAL_POPULATION_V1"
"2026-03","March 2026",3,"DTL_CENTER_001","DTL_CENTER_001_D002","die_002",2,"CENTER","COND_HOT_NOM",85,1,"HOT","T_IDDQ","IDDQ",68.18894479606864,"uA","UPPER",50,"NOT_DEFINED",30,100,"NOT_UNIFORM","30.0,35.0,40.0,45.0,50.0,55.0,60.0,70.0,80.0,100.0","SYNTHETIC_ASSUMED","F",2.5828003120932514,"TESTER_A",20260115,"temporal_parametric_v1.0.0","DTL_TEMPORAL_PARAMETRIC_V1","DTL_TEMPORAL_ACTUAL_DIE_V1","DTL_TEMPORAL_POPULATION_V1"
"2026-03","March 2026",3,"DTL_CENTER_001","DTL_CENTER_001_D002","die_002",2,"CENTER","COND_HOT_NOM",85,1,"HOT","T_SUPPLY_CURRENT","SUPPLY_CURRENT",132.46973512963373,"mA","UPPER",120,"NOT_DEFINED",90,200,"NOT_UNIFORM","90.0,100.0,110.0,120.0,130.0,140.0,150.0,170.0,200.0","SYNTHETIC_ASSUMED","F",2.5828003120932514,"TESTER_A",20260115,"temporal_parametric_v1.0.0","DTL_TEMPORAL_PARAMETRIC_V1","DTL_TEMPORAL_ACTUAL_DIE_V1","DTL_TEMPORAL_POPULATION_V1"
"2026-03","March 2026",3,"DTL_CENTER_001","DTL_CENTER_001_D002","die_002",2,"CENTER","COND_RT_LOWV",25,0.9,"LOW_VDD","T_CONTACT_R","CONTACT_RESISTANCE",5.193723530533666,"ohm","UPPER",5,"NOT_DEFINED",3.5,10,"NOT_UNIFORM","3.5,4.0,4.5,5.0,5.5,6.0,7.0,8.0,10.0","SYNTHETIC_ASSUMED","F",2.5828003120932514,"TESTER_A",20260115,"temporal_parametric_v1.0.0","DTL_TEMPORAL_PARAMETRIC_V1","DTL_TEMPORAL_ACTUAL_DIE_V1","DTL_TEMPORAL_POPULATION_V1"
"2026-03","March 2026",3,"DTL_CENTER_001","DTL_CENTER_001_D002","die_002",2,"CENTER","COND_RT_LOWV",25,0.9,"LOW_VDD","T_INTERCONNECT_R","INTERCONNECT_RESISTANCE",15.592021474045344,"ohm","UPPER",15,"NOT_DEFINED",11,25,"NOT_UNIFORM","11.0,12.0,13.0,14.0,15.0,16.0,18.0,20.0,25.0","SYNTHETIC_ASSUMED","F",2.5828003120932514,"TESTER_A",20260115,"temporal_parametric_v1.0.0","DTL_TEMPORAL_PARAMETRIC_V1","DTL_TEMPORAL_ACTUAL_DIE_V1","DTL_TEMPORAL_POPULATION_V1"
"2026-03","March 2026",3,"DTL_CENTER_001","DTL_CENTER_001_D002","die_002",2,"CENTER","COND_RT_LOWV",25,0.9,"LOW_VDD","T_ON_R","ON_RESISTANCE",26.296313191630684,"ohm","UPPER",25,"NOT_DEFINED",18,50,"NOT_UNIFORM","18.0,20.0,22.0,25.0,28.0,30.0,35.0,40.0,50.0","SYNTHETIC_ASSUMED","F",2.5828003120932514,"TESTER_A",20260115,"temporal_parametric_v1.0.0","DTL_TEMPORAL_PARAMETRIC_V1","DTL_TEMPORAL_ACTUAL_DIE_V1","DTL_TEMPORAL_POPULATION_V1"
"2026-03","March 2026",3,"DTL_CENTER_001","DTL_CENTER_001_D002","die_002",2,"CENTER","COND_RT_LOWV",25,0.9,"LOW_VDD","T_VMIN","VMIN",0.9042155470206849,"V","UPPER",0.85,"NOT_DEFINED",0.75,1,"NOT_UNIFORM","0.75,0.78,0.8,0.82,0.85,0.88,0.9,0.92,0.95,1.0","SYNTHETIC_ASSUMED","F",2.5828003120932514,"TESTER_A",20260115,"temporal_parametric_v1.0.0","DTL_TEMPORAL_PARAMETRIC_V1","DTL_TEMPORAL_ACTUAL_DIE_V1","DTL_TEMPORAL_POPULATION_V1"
"2026-03","March 2026",3,"DTL_CENTER_001","DTL_CENTER_001_D002","die_002",2,"CENTER","COND_RT_LOWV",25,0.9,"LOW_VDD","T_VMAX","VMAX",1.0649146596131451,"V","LOWER",1.15,"NOT_DEFINED",1.05,1.25,"NOT_UNIFORM","1.05,1.08,1.1,1.12,1.15,1.18,1.2,1.22,1.25","SYNTHETIC_ASSUMED","F",2.5828003120932514,"TESTER_A",20260115,"temporal_parametric_v1.0.0","DTL_TEMPORAL_PARAMETRIC_V1","DTL_TEMPORAL_ACTUAL_DIE_V1","DTL_TEMPORAL_POPULATION_V1"
"2026-03","March 2026",3,"DTL_CENTER_001","DTL_CENTER_001_D002","die_002",2,"CENTER","COND_RT_LOWV",25,0.9,"LOW_VDD","T_IDDQ","IDDQ",56.808200618841305,"uA","UPPER",50,"NOT_DEFINED",30,100,"NOT_UNIFORM","30.0,35.0,40.0,45.0,50.0,55.0,60.0,70.0,80.0,100.0","SYNTHETIC_ASSUMED","F",2.5828003120932514,"TESTER_A",20260115,"temporal_parametric_v1.0.0","DTL_TEMPORAL_PARAMETRIC_V1","DTL_TEMPORAL_ACTUAL_DIE_V1","DTL_TEMPORAL_POPULATION_V1"
"2026-03","March 2026",3,"DTL_CENTER_001","DTL_CENTER_001_D002","die_002",2,"CENTER","COND_RT_LOWV",25,0.9,"LOW_VDD","T_SUPPLY_CURRENT","SUPPLY_CURRENT",109.58562840289892,"mA","UPPER",120,"NOT_DEFINED",90,200,"NOT_UNIFORM","90.0,100.0,110.0,120.0,130.0,140.0,150.0,170.0,200.0","SYNTHETIC_ASSUMED","P",2.5828003120932514,"TESTER_A",20260115,"temporal_parametric_v1.0.0","DTL_TEMPORAL_PARAMETRIC_V1","DTL_TEMPORAL_ACTUAL_DIE_V1","DTL_TEMPORAL_POPULATION_V1"
"2026-03","March 2026",3,"DTL_CENTER_001","DTL_CENTER_001_D002","die_002",2,"CENTER","COND_HOT_HIGHV",85,1.1,"HIGH_VDD","T_CONTACT_R","CONTACT_RESISTANCE",5.268859669623343,"ohm","UPPER",5,"NOT_DEFINED",3.5,10,"NOT_UNIFORM","3.5,4.0,4.5,5.0,5.5,6.0,7.0,8.0,10.0","SYNTHETIC_ASSUMED","F",2.5828003120932514,"TESTER_A",20260115,"temporal_parametric_v1.0.0","DTL_TEMPORAL_PARAMETRIC_V1","DTL_TEMPORAL_ACTUAL_DIE_V1","DTL_TEMPORAL_POPULATION_V1"
"2026-03","March 2026",3,"DTL_CENTER_001","DTL_CENTER_001_D002","die_002",2,"CENTER","COND_HOT_HIGHV",85,1.1,"HIGH_VDD","T_INTERCONNECT_R","INTERCONNECT_RESISTANCE",15.799524431724478,"ohm","UPPER",15,"NOT_DEFINED",11,25,"NOT_UNIFORM","11.0,12.0,13.0,14.0,15.0,16.0,18.0,20.0,25.0","SYNTHETIC_ASSUMED","F",2.5828003120932514,"TESTER_A",20260115,"temporal_parametric_v1.0.0","DTL_TEMPORAL_PARAMETRIC_V1","DTL_TEMPORAL_ACTUAL_DIE_V1","DTL_TEMPORAL_POPULATION_V1"
"2026-03","March 2026",3,"DTL_CENTER_001","DTL_CENTER_001_D002","die_002",2,"CENTER","COND_HOT_HIGHV",85,1.1,"HIGH_VDD","T_ON_R","ON_RESISTANCE",29.241571290614704,"ohm","UPPER",25,"NOT_DEFINED",18,50,"NOT_UNIFORM","18.0,20.0,22.0,25.0,28.0,30.0,35.0,40.0,50.0","SYNTHETIC_ASSUMED","F",2.5828003120932514,"TESTER_A",20260115,"temporal_parametric_v1.0.0","DTL_TEMPORAL_PARAMETRIC_V1","DTL_TEMPORAL_ACTUAL_DIE_V1","DTL_TEMPORAL_POPULATION_V1"
"2026-03","March 2026",3,"DTL_CENTER_001","DTL_CENTER_001_D002","die_002",2,"CENTER","COND_HOT_HIGHV",85,1.1,"HIGH_VDD","T_VMIN","VMIN",0.968350548082332,"V","UPPER",0.85,"NOT_DEFINED",0.75,1,"NOT_UNIFORM","0.75,0.78,0.8,0.82,0.85,0.88,0.9,0.92,0.95,1.0","SYNTHETIC_ASSUMED","F",2.5828003120932514,"TESTER_A",20260115,"temporal_parametric_v1.0.0","DTL_TEMPORAL_PARAMETRIC_V1","DTL_TEMPORAL_ACTUAL_DIE_V1","DTL_TEMPORAL_POPULATION_V1"
"2026-03","March 2026",3,"DTL_CENTER_001","DTL_CENTER_001_D002","die_002",2,"CENTER","COND_HOT_HIGHV",85,1.1,"HIGH_VDD","T_VMAX","VMAX",1.0856730112618804,"V","LOWER",1.15,"NOT_DEFINED",1.05,1.25,"NOT_UNIFORM","1.05,1.08,1.1,1.12,1.15,1.18,1.2,1.22,1.25","SYNTHETIC_ASSUMED","F",2.5828003120932514,"TESTER_A",20260115,"temporal_parametric_v1.0.0","DTL_TEMPORAL_PARAMETRIC_V1","DTL_TEMPORAL_ACTUAL_DIE_V1","DTL_TEMPORAL_POPULATION_V1"
"2026-03","March 2026",3,"DTL_CENTER_001","DTL_CENTER_001_D002","die_002",2,"CENTER","COND_HOT_HIGHV",85,1.1,"HIGH_VDD","T_IDDQ","IDDQ",70.49266045934102,"uA","UPPER",50,"NOT_DEFINED",30,100,"NOT_UNIFORM","30.0,35.0,40.0,45.0,50.0,55.0,60.0,70.0,80.0,100.0","SYNTHETIC_ASSUMED","F",2.5828003120932514,"TESTER_A",20260115,"temporal_parametric_v1.0.0","DTL_TEMPORAL_PARAMETRIC_V1","DTL_TEMPORAL_ACTUAL_DIE_V1","DTL_TEMPORAL_POPULATION_V1"
"2026-03","March 2026",3,"DTL_CENTER_001","DTL_CENTER_001_D002","die_002",2,"CENTER","COND_HOT_HIGHV",85,1.1,"HIGH_VDD","T_SUPPLY_CURRENT","SUPPLY_CURRENT",127.83593704884582,"mA","UPPER",120,"NOT_DEFINED",90,200,"NOT_UNIFORM","90.0,100.0,110.0,120.0,130.0,140.0,150.0,170.0,200.0","SYNTHETIC_ASSUMED","F",2.5828003120932514,"TESTER_A",20260115,"temporal_parametric_v1.0.0","DTL_TEMPORAL_PARAMETRIC_V1","DTL_TEMPORAL_ACTUAL_DIE_V1","DTL_TEMPORAL_POPULATION_V1"
"2026-03","March 2026",3,"DTL_CENTER_001","DTL_CENTER_001_D003","die_003",3,"CENTER","COND_RT_NOM",25,1,"NOMINAL","T_CONTACT_R","CONTACT_RESISTANCE",6.848224398391417,"ohm","UPPER",5,"NOT_DEFINED",3.5,10,"NOT_UNIFORM","3.5,4.0,4.5,5.0,5.5,6.0,7.0,8.0,10.0","SYNTHETIC_ASSUMED","F",2.989689336704926,"TESTER_A",20260115,"temporal_parametric_v1.0.0","DTL_TEMPORAL_PARAMETRIC_V1","DTL_TEMPORAL_ACTUAL_DIE_V1","DTL_TEMPORAL_POPULATION_V1"
"2026-03","March 2026",3,"DTL_CENTER_001","DTL_CENTER_001_D003","die_003",3,"CENTER","COND_RT_NOM",25,1,"NOMINAL","T_INTERCONNECT_R","INTERCONNECT_RESISTANCE",16.963417332015677,"ohm","UPPER",15,"NOT_DEFINED",11,25,"NOT_UNIFORM","11.0,12.0,13.0,14.0,15.0,16.0,18.0,20.0,25.0","SYNTHETIC_ASSUMED","F",2.989689336704926,"TESTER_A",20260115,"temporal_parametric_v1.0.0","DTL_TEMPORAL_PARAMETRIC_V1","DTL_TEMPORAL_ACTUAL_DIE_V1","DTL_TEMPORAL_POPULATION_V1"
"2026-03","March 2026",3,"DTL_CENTER_001","DTL_CENTER_001_D003","die_003",3,"CENTER","COND_RT_NOM",25,1,"NOMINAL","T_ON_R","ON_RESISTANCE",28.50297127675892,"ohm","UPPER",25,"NOT_DEFINED",18,50,"NOT_UNIFORM","18.0,20.0,22.0,25.0,28.0,30.0,35.0,40.0,50.0","SYNTHETIC_ASSUMED","F",2.989689336704926,"TESTER_A",20260115,"temporal_parametric_v1.0.0","DTL_TEMPORAL_PARAMETRIC_V1","DTL_TEMPORAL_ACTUAL_DIE_V1","DTL_TEMPORAL_POPULATION_V1"
"2026-03","March 2026",3,"DTL_CENTER_001","DTL_CENTER_001_D003","die_003",3,"CENTER","COND_RT_NOM",25,1,"NOMINAL","T_VMIN","VMIN",0.9357593264876164,"V","UPPER",0.85,"NOT_DEFINED",0.75,1,"NOT_UNIFORM","0.75,0.78,0.8,0.82,0.85,0.88,0.9,0.92,0.95,1.0","SYNTHETIC_ASSUMED","F",2.989689336704926,"TESTER_A",20260115,"temporal_parametric_v1.0.0","DTL_TEMPORAL_PARAMETRIC_V1","DTL_TEMPORAL_ACTUAL_DIE_V1","DTL_TEMPORAL_POPULATION_V1"
"2026-03","March 2026",3,"DTL_CENTER_001","DTL_CENTER_001_D003","die_003",3,"CENTER","COND_RT_NOM",25,1,"NOMINAL","T_VMAX","VMAX",1.1322312804599464,"V","LOWER",1.15,"NOT_DEFINED",1.05,1.25,"NOT_UNIFORM","1.05,1.08,1.1,1.12,1.15,1.18,1.2,1.22,1.25","SYNTHETIC_ASSUMED","F",2.989689336704926,"TESTER_A",20260115,"temporal_parametric_v1.0.0","DTL_TEMPORAL_PARAMETRIC_V1","DTL_TEMPORAL_ACTUAL_DIE_V1","DTL_TEMPORAL_POPULATION_V1"
"2026-03","March 2026",3,"DTL_CENTER_001","DTL_CENTER_001_D003","die_003",3,"CENTER","COND_RT_NOM",25,1,"NOMINAL","T_IDDQ","IDDQ",59.314875808277904,"uA","UPPER",50,"NOT_DEFINED",30,100,"NOT_UNIFORM","30.0,35.0,40.0,45.0,50.0,55.0,60.0,70.0,80.0,100.0","SYNTHETIC_ASSUMED","F",2.989689336704926,"TESTER_A",20260115,"temporal_parametric_v1.0.0","DTL_TEMPORAL_PARAMETRIC_V1","DTL_TEMPORAL_ACTUAL_DIE_V1","DTL_TEMPORAL_POPULATION_V1"
"2026-03","March 2026",3,"DTL_CENTER_001","DTL_CENTER_001_D003","die_003",3,"CENTER","COND_RT_NOM",25,1,"NOMINAL","T_SUPPLY_CURRENT","SUPPLY_CURRENT",109.7488596427536,"mA","UPPER",120,"NOT_DEFINED",90,200,"NOT_UNIFORM","90.0,100.0,110.0,120.0,130.0,140.0,150.0,170.0,200.0","SYNTHETIC_ASSUMED","P",2.989689336704926,"TESTER_A",20260115,"temporal_parametric_v1.0.0","DTL_TEMPORAL_PARAMETRIC_V1","DTL_TEMPORAL_ACTUAL_DIE_V1","DTL_TEMPORAL_POPULATION_V1"
"2026-03","March 2026",3,"DTL_CENTER_001","DTL_CENTER_001_D003","die_003",3,"CENTER","COND_HOT_NOM",85,1,"HOT","T_CONTACT_R","CONTACT_RESISTANCE",5.910359367183736,"ohm","UPPER",5,"NOT_DEFINED",3.5,10,"NOT_UNIFORM","3.5,4.0,4.5,5.0,5.5,6.0,7.0,8.0,10.0","SYNTHETIC_ASSUMED","F",2.989689336704926,"TESTER_A",20260115,"temporal_parametric_v1.0.0","DTL_TEMPORAL_PARAMETRIC_V1","DTL_TEMPORAL_ACTUAL_DIE_V1","DTL_TEMPORAL_POPULATION_V1"
"2026-03","March 2026",3,"DTL_CENTER_001","DTL_CENTER_001_D003","die_003",3,"CENTER","COND_HOT_NOM",85,1,"HOT","T_INTERCONNECT_R","INTERCONNECT_RESISTANCE",18.46929709948853,"ohm","UPPER",15,"NOT_DEFINED",11,25,"NOT_UNIFORM","11.0,12.0,13.0,14.0,15.0,16.0,18.0,20.0,25.0","SYNTHETIC_ASSUMED","F",2.989689336704926,"TESTER_A",20260115,"temporal_parametric_v1.0.0","DTL_TEMPORAL_PARAMETRIC_V1","DTL_TEMPORAL_ACTUAL_DIE_V1","DTL_TEMPORAL_POPULATION_V1"
"2026-03","March 2026",3,"DTL_CENTER_001","DTL_CENTER_001_D003","die_003",3,"CENTER","COND_HOT_NOM",85,1,"HOT","T_ON_R","ON_RESISTANCE",27.71313711998632,"ohm","UPPER",25,"NOT_DEFINED",18,50,"NOT_UNIFORM","18.0,20.0,22.0,25.0,28.0,30.0,35.0,40.0,50.0","SYNTHETIC_ASSUMED","F",2.989689336704926,"TESTER_A",20260115,"temporal_parametric_v1.0.0","DTL_TEMPORAL_PARAMETRIC_V1","DTL_TEMPORAL_ACTUAL_DIE_V1","DTL_TEMPORAL_POPULATION_V1"
"2026-03","March 2026",3,"DTL_CENTER_001","DTL_CENTER_001_D003","die_003",3,"CENTER","COND_HOT_NOM",85,1,"HOT","T_VMIN","VMIN",0.9502533870599548,"V","UPPER",0.85,"NOT_DEFINED",0.75,1,"NOT_UNIFORM","0.75,0.78,0.8,0.82,0.85,0.88,0.9,0.92,0.95,1.0","SYNTHETIC_ASSUMED","F",2.989689336704926,"TESTER_A",20260115,"temporal_parametric_v1.0.0","DTL_TEMPORAL_PARAMETRIC_V1","DTL_TEMPORAL_ACTUAL_DIE_V1","DTL_TEMPORAL_POPULATION_V1"
"2026-03","March 2026",3,"DTL_CENTER_001","DTL_CENTER_001_D003","die_003",3,"CENTER","COND_HOT_NOM",85,1,"HOT","T_VMAX","VMAX",1.0370515659443746,"V","LOWER",1.15,"NOT_DEFINED",1.05,1.25,"NOT_UNIFORM","1.05,1.08,1.1,1.12,1.15,1.18,1.2,1.22,1.25","SYNTHETIC_ASSUMED","F",2.989689336704926,"TESTER_A",20260115,"temporal_parametric_v1.0.0","DTL_TEMPORAL_PARAMETRIC_V1","DTL_TEMPORAL_ACTUAL_DIE_V1","DTL_TEMPORAL_POPULATION_V1"
"2026-03","March 2026",3,"DTL_CENTER_001","DTL_CENTER_001_D003","die_003",3,"CENTER","COND_HOT_NOM",85,1,"HOT","T_IDDQ","IDDQ",70.35389475982899,"uA","UPPER",50,"NOT_DEFINED",30,100,"NOT_UNIFORM","30.0,35.0,40.0,45.0,50.0,55.0,60.0,70.0,80.0,100.0","SYNTHETIC_ASSUMED","F",2.989689336704926,"TESTER_A",20260115,"temporal_parametric_v1.0.0","DTL_TEMPORAL_PARAMETRIC_V1","DTL_TEMPORAL_ACTUAL_DIE_V1","DTL_TEMPORAL_POPULATION_V1"
"2026-03","March 2026",3,"DTL_CENTER_001","DTL_CENTER_001_D003","die_003",3,"CENTER","COND_HOT_NOM",85,1,"HOT","T_SUPPLY_CURRENT","SUPPLY_CURRENT",124.61163546027991,"mA","UPPER",120,"NOT_DEFINED",90,200,"NOT_UNIFORM","90.0,100.0,110.0,120.0,130.0,140.0,150.0,170.0,200.0","SYNTHETIC_ASSUMED","F",2.989689336704926,"TESTER_A",20260115,"temporal_parametric_v1.0.0","DTL_TEMPORAL_PARAMETRIC_V1","DTL_TEMPORAL_ACTUAL_DIE_V1","DTL_TEMPORAL_POPULATION_V1"
"2026-03","March 2026",3,"DTL_CENTER_001","DTL_CENTER_001_D003","die_003",3,"CENTER","COND_RT_LOWV",25,0.9,"LOW_VDD","T_CONTACT_R","CONTACT_RESISTANCE",5.245550487008863,"ohm","UPPER",5,"NOT_DEFINED",3.5,10,"NOT_UNIFORM","3.5,4.0,4.5,5.0,5.5,6.0,7.0,8.0,10.0","SYNTHETIC_ASSUMED","F",2.989689336704926,"TESTER_A",20260115,"temporal_parametric_v1.0.0","DTL_TEMPORAL_PARAMETRIC_V1","DTL_TEMPORAL_ACTUAL_DIE_V1","DTL_TEMPORAL_POPULATION_V1"
"2026-03","March 2026",3,"DTL_CENTER_001","DTL_CENTER_001_D003","die_003",3,"CENTER","COND_RT_LOWV",25,0.9,"LOW_VDD","T_INTERCONNECT_R","INTERCONNECT_RESISTANCE",15.97294635210467,"ohm","UPPER",15,"NOT_DEFINED",11,25,"NOT_UNIFORM","11.0,12.0,13.0,14.0,15.0,16.0,18.0,20.0,25.0","SYNTHETIC_ASSUMED","F",2.989689336704926,"TESTER_A",20260115,"temporal_parametric_v1.0.0","DTL_TEMPORAL_PARAMETRIC_V1","DTL_TEMPORAL_ACTUAL_DIE_V1","DTL_TEMPORAL_POPULATION_V1"
"2026-03","March 2026",3,"DTL_CENTER_001","DTL_CENTER_001_D003","die_003",3,"CENTER","COND_RT_LOWV",25,0.9,"LOW_VDD","T_ON_R","ON_RESISTANCE",29.822251352608447,"ohm","UPPER",25,"NOT_DEFINED",18,50,"NOT_UNIFORM","18.0,20.0,22.0,25.0,28.0,30.0,35.0,40.0,50.0","SYNTHETIC_ASSUMED","F",2.989689336704926,"TESTER_A",20260115,"temporal_parametric_v1.0.0","DTL_TEMPORAL_PARAMETRIC_V1","DTL_TEMPORAL_ACTUAL_DIE_V1","DTL_TEMPORAL_POPULATION_V1"
"2026-03","March 2026",3,"DTL_CENTER_001","DTL_CENTER_001_D003","die_003",3,"CENTER","COND_RT_LOWV",25,0.9,"LOW_VDD","T_VMIN","VMIN",0.9502332617146236,"V","UPPER",0.85,"NOT_DEFINED",0.75,1,"NOT_UNIFORM","0.75,0.78,0.8,0.82,0.85,0.88,0.9,0.92,0.95,1.0","SYNTHETIC_ASSUMED","F",2.989689336704926,"TESTER_A",20260115,"temporal_parametric_v1.0.0","DTL_TEMPORAL_PARAMETRIC_V1","DTL_TEMPORAL_ACTUAL_DIE_V1","DTL_TEMPORAL_POPULATION_V1"
"2026-03","March 2026",3,"DTL_CENTER_001","DTL_CENTER_001_D003","die_003",3,"CENTER","COND_RT_LOWV",25,0.9,"LOW_VDD","T_VMAX","VMAX",1.107116547603718,"V","LOWER",1.15,"NOT_DEFINED",1.05,1.25,"NOT_UNIFORM","1.05,1.08,1.1,1.12,1.15,1.18,1.2,1.22,1.25","SYNTHETIC_ASSUMED","F",2.989689336704926,"TESTER_A",20260115,"temporal_parametric_v1.0.0","DTL_TEMPORAL_PARAMETRIC_V1","DTL_TEMPORAL_ACTUAL_DIE_V1","DTL_TEMPORAL_POPULATION_V1"
"2026-03","March 2026",3,"DTL_CENTER_001","DTL_CENTER_001_D003","die_003",3,"CENTER","COND_RT_LOWV",25,0.9,"LOW_VDD","T_IDDQ","IDDQ",56.07858161903021,"uA","UPPER",50,"NOT_DEFINED",30,100,"NOT_UNIFORM","30.0,35.0,40.0,45.0,50.0,55.0,60.0,70.0,80.0,100.0","SYNTHETIC_ASSUMED","F",2.989689336704926,"TESTER_A",20260115,"temporal_parametric_v1.0.0","DTL_TEMPORAL_PARAMETRIC_V1","DTL_TEMPORAL_ACTUAL_DIE_V1","DTL_TEMPORAL_POPULATION_V1"
"2026-03","March 2026",3,"DTL_CENTER_001","DTL_CENTER_001_D003","die_003",3,"CENTER","COND_RT_LOWV",25,0.9,"LOW_VDD","T_SUPPLY_CURRENT","SUPPLY_CURRENT",116.8401818579874,"mA","UPPER",120,"NOT_DEFINED",90,200,"NOT_UNIFORM","90.0,100.0,110.0,120.0,130.0,140.0,150.0,170.0,200.0","SYNTHETIC_ASSUMED","P",2.989689336704926,"TESTER_A",20260115,"temporal_parametric_v1.0.0","DTL_TEMPORAL_PARAMETRIC_V1","DTL_TEMPORAL_ACTUAL_DIE_V1","DTL_TEMPORAL_POPULATION_V1"
"2026-03","March 2026",3,"DTL_CENTER_001","DTL_CENTER_001_D003","die_003",3,"CENTER","COND_HOT_HIGHV",85,1.1,"HIGH_VDD","T_CONTACT_R","CONTACT_RESISTANCE",6.803886213914453,"ohm","UPPER",5,"NOT_DEFINED",3.5,10,"NOT_UNIFORM","3.5,4.0,4.5,5.0,5.5,6.0,7.0,8.0,10.0","SYNTHETIC_ASSUMED","F",2.989689336704926,"TESTER_A",20260115,"temporal_parametric_v1.0.0","DTL_TEMPORAL_PARAMETRIC_V1","DTL_TEMPORAL_ACTUAL_DIE_V1","DTL_TEMPORAL_POPULATION_V1"
"2026-03","March 2026",3,"DTL_CENTER_001","DTL_CENTER_001_D003","die_003",3,"CENTER","COND_HOT_HIGHV",85,1.1,"HIGH_VDD","T_INTERCONNECT_R","INTERCONNECT_RESISTANCE",15.439153031828328,"ohm","UPPER",15,"NOT_DEFINED",11,25,"NOT_UNIFORM","11.0,12.0,13.0,14.0,15.0,16.0,18.0,20.0,25.0","SYNTHETIC_ASSUMED","F",2.989689336704926,"TESTER_A",20260115,"temporal_parametric_v1.0.0","DTL_TEMPORAL_PARAMETRIC_V1","DTL_TEMPORAL_ACTUAL_DIE_V1","DTL_TEMPORAL_POPULATION_V1"
"2026-03","March 2026",3,"DTL_CENTER_001","DTL_CENTER_001_D003","die_003",3,"CENTER","COND_HOT_HIGHV",85,1.1,"HIGH_VDD","T_ON_R","ON_RESISTANCE",29.939912189652027,"ohm","UPPER",25,"NOT_DEFINED",18,50,"NOT_UNIFORM","18.0,20.0,22.0,25.0,28.0,30.0,35.0,40.0,50.0","SYNTHETIC_ASSUMED","F",2.989689336704926,"TESTER_A",20260115,"temporal_parametric_v1.0.0","DTL_TEMPORAL_PARAMETRIC_V1","DTL_TEMPORAL_ACTUAL_DIE_V1","DTL_TEMPORAL_POPULATION_V1"
"2026-03","March 2026",3,"DTL_CENTER_001","DTL_CENTER_001_D003","die_003",3,"CENTER","COND_HOT_HIGHV",85,1.1,"HIGH_VDD","T_VMIN","VMIN",0.9207050209261708,"V","UPPER",0.85,"NOT_DEFINED",0.75,1,"NOT_UNIFORM","0.75,0.78,0.8,0.82,0.85,0.88,0.9,0.92,0.95,1.0","SYNTHETIC_ASSUMED","F",2.989689336704926,"TESTER_A",20260115,"temporal_parametric_v1.0.0","DTL_TEMPORAL_PARAMETRIC_V1","DTL_TEMPORAL_ACTUAL_DIE_V1","DTL_TEMPORAL_POPULATION_V1"
"2026-03","March 2026",3,"DTL_CENTER_001","DTL_CENTER_001_D003","die_003",3,"CENTER","COND_HOT_HIGHV",85,1.1,"HIGH_VDD","T_VMAX","VMAX",1.0389198788059717,"V","LOWER",1.15,"NOT_DEFINED",1.05,1.25,"NOT_UNIFORM","1.05,1.08,1.1,1.12,1.15,1.18,1.2,1.22,1.25","SYNTHETIC_ASSUMED","F",2.989689336704926,"TESTER_A",20260115,"temporal_parametric_v1.0.0","DTL_TEMPORAL_PARAMETRIC_V1","DTL_TEMPORAL_ACTUAL_DIE_V1","DTL_TEMPORAL_POPULATION_V1"
"2026-03","March 2026",3,"DTL_CENTER_001","DTL_CENTER_001_D003","die_003",3,"CENTER","COND_HOT_HIGHV",85,1.1,"HIGH_VDD","T_IDDQ","IDDQ",72.26142076418955,"uA","UPPER",50,"NOT_DEFINED",30,100,"NOT_UNIFORM","30.0,35.0,40.0,45.0,50.0,55.0,60.0,70.0,80.0,100.0","SYNTHETIC_ASSUMED","F",2.989689336704926,"TESTER_A",20260115,"temporal_parametric_v1.0.0","DTL_TEMPORAL_PARAMETRIC_V1","DTL_TEMPORAL_ACTUAL_DIE_V1","DTL_TEMPORAL_POPULATION_V1"
"2026-03","March 2026",3,"DTL_CENTER_001","DTL_CENTER_001_D003","die_003",3,"CENTER","COND_HOT_HIGHV",85,1.1,"HIGH_VDD","T_SUPPLY_CURRENT","SUPPLY_CURRENT",130.76603563197136,"mA","UPPER",120,"NOT_DEFINED",90,200,"NOT_UNIFORM","90.0,100.0,110.0,120.0,130.0,140.0,150.0,170.0,200.0","SYNTHETIC_ASSUMED","F",2.989689336704926,"TESTER_A",20260115,"temporal_parametric_v1.0.0","DTL_TEMPORAL_PARAMETRIC_V1","DTL_TEMPORAL_ACTUAL_DIE_V1","DTL_TEMPORAL_POPULATION_V1"
"2026-03","March 2026",3,"DTL_CENTER_002","DTL_CENTER_002_D001","die_001",1,"CENTER","COND_RT_NOM",25,1,"NOMINAL","T_CONTACT_R","CONTACT_RESISTANCE",6.730210513921475,"ohm","UPPER",5,"NOT_DEFINED",3.5,10,"NOT_UNIFORM","3.5,4.0,4.5,5.0,5.5,6.0,7.0,8.0,10.0","SYNTHETIC_ASSUMED","F",4.04022233188945,"TESTER_A",20260115,"temporal_parametric_v1.0.0","DTL_TEMPORAL_PARAMETRIC_V1","DTL_TEMPORAL_ACTUAL_DIE_V1","DTL_TEMPORAL_POPULATION_V1"
"2026-03","March 2026",3,"DTL_CENTER_002","DTL_CENTER_002_D001","die_001",1,"CENTER","COND_RT_NOM",25,1,"NOMINAL","T_INTERCONNECT_R","INTERCONNECT_RESISTANCE",18.15271922783096,"ohm","UPPER",15,"NOT_DEFINED",11,25,"NOT_UNIFORM","11.0,12.0,13.0,14.0,15.0,16.0,18.0,20.0,25.0","SYNTHETIC_ASSUMED","F",4.04022233188945,"TESTER_A",20260115,"temporal_parametric_v1.0.0","DTL_TEMPORAL_PARAMETRIC_V1","DTL_TEMPORAL_ACTUAL_DIE_V1","DTL_TEMPORAL_POPULATION_V1"
"2026-03","March 2026",3,"DTL_CENTER_002","DTL_CENTER_002_D001","die_001",1,"CENTER","COND_RT_NOM",25,1,"NOMINAL","T_ON_R","ON_RESISTANCE",32.00951343553711,"ohm","UPPER",25,"NOT_DEFINED",18,50,"NOT_UNIFORM","18.0,20.0,22.0,25.0,28.0,30.0,35.0,40.0,50.0","SYNTHETIC_ASSUMED","F",4.04022233188945,"TESTER_A",20260115,"temporal_parametric_v1.0.0","DTL_TEMPORAL_PARAMETRIC_V1","DTL_TEMPORAL_ACTUAL_DIE_V1","DTL_TEMPORAL_POPULATION_V1"
"2026-03","March 2026",3,"DTL_CENTER_002","DTL_CENTER_002_D001","die_001",1,"CENTER","COND_RT_NOM",25,1,"NOMINAL","T_VMIN","VMIN",0.99871315575313,"V","UPPER",0.85,"NOT_DEFINED",0.75,1,"NOT_UNIFORM","0.75,0.78,0.8,0.82,0.85,0.88,0.9,0.92,0.95,1.0","SYNTHETIC_ASSUMED","F",4.04022233188945,"TESTER_A",20260115,"temporal_parametric_v1.0.0","DTL_TEMPORAL_PARAMETRIC_V1","DTL_TEMPORAL_ACTUAL_DIE_V1","DTL_TEMPORAL_POPULATION_V1"
"2026-03","March 2026",3,"DTL_CENTER_002","DTL_CENTER_002_D001","die_001",1,"CENTER","COND_RT_NOM",25,1,"NOMINAL","T_VMAX","VMAX",1.0701761854085268,"V","LOWER",1.15,"NOT_DEFINED",1.05,1.25,"NOT_UNIFORM","1.05,1.08,1.1,1.12,1.15,1.18,1.2,1.22,1.25","SYNTHETIC_ASSUMED","F",4.04022233188945,"TESTER_A",20260115,"temporal_parametric_v1.0.0","DTL_TEMPORAL_PARAMETRIC_V1","DTL_TEMPORAL_ACTUAL_DIE_V1","DTL_TEMPORAL_POPULATION_V1"
"2026-03","March 2026",3,"DTL_CENTER_002","DTL_CENTER_002_D001","die_001",1,"CENTER","COND_RT_NOM",25,1,"NOMINAL","T_IDDQ","IDDQ",73.29147830846811,"uA","UPPER",50,"NOT_DEFINED",30,100,"NOT_UNIFORM","30.0,35.0,40.0,45.0,50.0,55.0,60.0,70.0,80.0,100.0","SYNTHETIC_ASSUMED","F",4.04022233188945,"TESTER_A",20260115,"temporal_parametric_v1.0.0","DTL_TEMPORAL_PARAMETRIC_V1","DTL_TEMPORAL_ACTUAL_DIE_V1","DTL_TEMPORAL_POPULATION_V1"
"2026-03","March 2026",3,"DTL_CENTER_002","DTL_CENTER_002_D001","die_001",1,"CENTER","COND_RT_NOM",25,1,"NOMINAL","T_SUPPLY_CURRENT","SUPPLY_CURRENT",136.08863078117986,"mA","UPPER",120,"NOT_DEFINED",90,200,"NOT_UNIFORM","90.0,100.0,110.0,120.0,130.0,140.0,150.0,170.0,200.0","SYNTHETIC_ASSUMED","F",4.04022233188945,"TESTER_A",20260115,"temporal_parametric_v1.0.0","DTL_TEMPORAL_PARAMETRIC_V1","DTL_TEMPORAL_ACTUAL_DIE_V1","DTL_TEMPORAL_POPULATION_V1"
"2026-03","March 2026",3,"DTL_CENTER_002","DTL_CENTER_002_D001","die_001",1,"CENTER","COND_HOT_NOM",85,1,"HOT","T_CONTACT_R","CONTACT_RESISTANCE",7.922616586728683,"ohm","UPPER",5,"NOT_DEFINED",3.5,10,"NOT_UNIFORM","3.5,4.0,4.5,5.0,5.5,6.0,7.0,8.0,10.0","SYNTHETIC_ASSUMED","F",4.04022233188945,"TESTER_A",20260115,"temporal_parametric_v1.0.0","DTL_TEMPORAL_PARAMETRIC_V1","DTL_TEMPORAL_ACTUAL_DIE_V1","DTL_TEMPORAL_POPULATION_V1"
"2026-03","March 2026",3,"DTL_CENTER_002","DTL_CENTER_002_D001","die_001",1,"CENTER","COND_HOT_NOM",85,1,"HOT","T_INTERCONNECT_R","INTERCONNECT_RESISTANCE",18.831775255332847,"ohm","UPPER",15,"NOT_DEFINED",11,25,"NOT_UNIFORM","11.0,12.0,13.0,14.0,15.0,16.0,18.0,20.0,25.0","SYNTHETIC_ASSUMED","F",4.04022233188945,"TESTER_A",20260115,"temporal_parametric_v1.0.0","DTL_TEMPORAL_PARAMETRIC_V1","DTL_TEMPORAL_ACTUAL_DIE_V1","DTL_TEMPORAL_POPULATION_V1"
"2026-03","March 2026",3,"DTL_CENTER_002","DTL_CENTER_002_D001","die_001",1,"CENTER","COND_HOT_NOM",85,1,"HOT","T_ON_R","ON_RESISTANCE",32.4454359210978,"ohm","UPPER",25,"NOT_DEFINED",18,50,"NOT_UNIFORM","18.0,20.0,22.0,25.0,28.0,30.0,35.0,40.0,50.0","SYNTHETIC_ASSUMED","F",4.04022233188945,"TESTER_A",20260115,"temporal_parametric_v1.0.0","DTL_TEMPORAL_PARAMETRIC_V1","DTL_TEMPORAL_ACTUAL_DIE_V1","DTL_TEMPORAL_POPULATION_V1"
"2026-03","March 2026",3,"DTL_CENTER_002","DTL_CENTER_002_D001","die_001",1,"CENTER","COND_HOT_NOM",85,1,"HOT","T_VMIN","VMIN",1.034139572630728,"V","UPPER",0.85,"NOT_DEFINED",0.75,1,"NOT_UNIFORM","0.75,0.78,0.8,0.82,0.85,0.88,0.9,0.92,0.95,1.0","SYNTHETIC_ASSUMED","F",4.04022233188945,"TESTER_A",20260115,"temporal_parametric_v1.0.0","DTL_TEMPORAL_PARAMETRIC_V1","DTL_TEMPORAL_ACTUAL_DIE_V1","DTL_TEMPORAL_POPULATION_V1"
"2026-03","March 2026",3,"DTL_CENTER_002","DTL_CENTER_002_D001","die_001",1,"CENTER","COND_HOT_NOM",85,1,"HOT","T_VMAX","VMAX",1.028108635425404,"V","LOWER",1.15,"NOT_DEFINED",1.05,1.25,"NOT_UNIFORM","1.05,1.08,1.1,1.12,1.15,1.18,1.2,1.22,1.25","SYNTHETIC_ASSUMED","F",4.04022233188945,"TESTER_A",20260115,"temporal_parametric_v1.0.0","DTL_TEMPORAL_PARAMETRIC_V1","DTL_TEMPORAL_ACTUAL_DIE_V1","DTL_TEMPORAL_POPULATION_V1"
"2026-03","March 2026",3,"DTL_CENTER_002","DTL_CENTER_002_D001","die_001",1,"CENTER","COND_HOT_NOM",85,1,"HOT","T_IDDQ","IDDQ",77.13642943231385,"uA","UPPER",50,"NOT_DEFINED",30,100,"NOT_UNIFORM","30.0,35.0,40.0,45.0,50.0,55.0,60.0,70.0,80.0,100.0","SYNTHETIC_ASSUMED","F",4.04022233188945,"TESTER_A",20260115,"temporal_parametric_v1.0.0","DTL_TEMPORAL_PARAMETRIC_V1","DTL_TEMPORAL_ACTUAL_DIE_V1","DTL_TEMPORAL_POPULATION_V1"
"2026-03","March 2026",3,"DTL_CENTER_002","DTL_CENTER_002_D001","die_001",1,"CENTER","COND_HOT_NOM",85,1,"HOT","T_SUPPLY_CURRENT","SUPPLY_CURRENT",139.83008093433702,"mA","UPPER",120,"NOT_DEFINED",90,200,"NOT_UNIFORM","90.0,100.0,110.0,120.0,130.0,140.0,150.0,170.0,200.0","SYNTHETIC_ASSUMED","F",4.04022233188945,"TESTER_A",20260115,"temporal_parametric_v1.0.0","DTL_TEMPORAL_PARAMETRIC_V1","DTL_TEMPORAL_ACTUAL_DIE_V1","DTL_TEMPORAL_POPULATION_V1"
"2026-03","March 2026",3,"DTL_CENTER_002","DTL_CENTER_002_D001","die_001",1,"CENTER","COND_RT_LOWV",25,0.9,"LOW_VDD","T_CONTACT_R","CONTACT_RESISTANCE",6.455118405064317,"ohm","UPPER",5,"NOT_DEFINED",3.5,10,"NOT_UNIFORM","3.5,4.0,4.5,5.0,5.5,6.0,7.0,8.0,10.0","SYNTHETIC_ASSUMED","F",4.04022233188945,"TESTER_A",20260115,"temporal_parametric_v1.0.0","DTL_TEMPORAL_PARAMETRIC_V1","DTL_TEMPORAL_ACTUAL_DIE_V1","DTL_TEMPORAL_POPULATION_V1"
"2026-03","March 2026",3,"DTL_CENTER_002","DTL_CENTER_002_D001","die_001",1,"CENTER","COND_RT_LOWV",25,0.9,"LOW_VDD","T_INTERCONNECT_R","INTERCONNECT_RESISTANCE",18.99951275177113,"ohm","UPPER",15,"NOT_DEFINED",11,25,"NOT_UNIFORM","11.0,12.0,13.0,14.0,15.0,16.0,18.0,20.0,25.0","SYNTHETIC_ASSUMED","F",4.04022233188945,"TESTER_A",20260115,"temporal_parametric_v1.0.0","DTL_TEMPORAL_PARAMETRIC_V1","DTL_TEMPORAL_ACTUAL_DIE_V1","DTL_TEMPORAL_POPULATION_V1"
"2026-03","March 2026",3,"DTL_CENTER_002","DTL_CENTER_002_D001","die_001",1,"CENTER","COND_RT_LOWV",25,0.9,"LOW_VDD","T_ON_R","ON_RESISTANCE",32.2823363085197,"ohm","UPPER",25,"NOT_DEFINED",18,50,"NOT_UNIFORM","18.0,20.0,22.0,25.0,28.0,30.0,35.0,40.0,50.0","SYNTHETIC_ASSUMED","F",4.04022233188945,"TESTER_A",20260115,"temporal_parametric_v1.0.0","DTL_TEMPORAL_PARAMETRIC_V1","DTL_TEMPORAL_ACTUAL_DIE_V1","DTL_TEMPORAL_POPULATION_V1"
"2026-03","March 2026",3,"DTL_CENTER_002","DTL_CENTER_002_D001","die_001",1,"CENTER","COND_RT_LOWV",25,0.9,"LOW_VDD","T_VMIN","VMIN",0.9661259128309574,"V","UPPER",0.85,"NOT_DEFINED",0.75,1,"NOT_UNIFORM","0.75,0.78,0.8,0.82,0.85,0.88,0.9,0.92,0.95,1.0","SYNTHETIC_ASSUMED","F",4.04022233188945,"TESTER_A",20260115,"temporal_parametric_v1.0.0","DTL_TEMPORAL_PARAMETRIC_V1","DTL_TEMPORAL_ACTUAL_DIE_V1","DTL_TEMPORAL_POPULATION_V1"
"2026-03","March 2026",3,"DTL_CENTER_002","DTL_CENTER_002_D001","die_001",1,"CENTER","COND_RT_LOWV",25,0.9,"LOW_VDD","T_VMAX","VMAX",1.0434247215500525,"V","LOWER",1.15,"NOT_DEFINED",1.05,1.25,"NOT_UNIFORM","1.05,1.08,1.1,1.12,1.15,1.18,1.2,1.22,1.25","SYNTHETIC_ASSUMED","F",4.04022233188945,"TESTER_A",20260115,"temporal_parametric_v1.0.0","DTL_TEMPORAL_PARAMETRIC_V1","DTL_TEMPORAL_ACTUAL_DIE_V1","DTL_TEMPORAL_POPULATION_V1"
"2026-03","March 2026",3,"DTL_CENTER_002","DTL_CENTER_002_D001","die_001",1,"CENTER","COND_RT_LOWV",25,0.9,"LOW_VDD","T_IDDQ","IDDQ",69.98572009632173,"uA","UPPER",50,"NOT_DEFINED",30,100,"NOT_UNIFORM","30.0,35.0,40.0,45.0,50.0,55.0,60.0,70.0,80.0,100.0","SYNTHETIC_ASSUMED","F",4.04022233188945,"TESTER_A",20260115,"temporal_parametric_v1.0.0","DTL_TEMPORAL_PARAMETRIC_V1","DTL_TEMPORAL_ACTUAL_DIE_V1","DTL_TEMPORAL_POPULATION_V1"
"2026-03","March 2026",3,"DTL_CENTER_002","DTL_CENTER_002_D001","die_001",1,"CENTER","COND_RT_LOWV",25,0.9,"LOW_VDD","T_SUPPLY_CURRENT","SUPPLY_CURRENT",124.73168885054012,"mA","UPPER",120,"NOT_DEFINED",90,200,"NOT_UNIFORM","90.0,100.0,110.0,120.0,130.0,140.0,150.0,170.0,200.0","SYNTHETIC_ASSUMED","F",4.04022233188945,"TESTER_A",20260115,"temporal_parametric_v1.0.0","DTL_TEMPORAL_PARAMETRIC_V1","DTL_TEMPORAL_ACTUAL_DIE_V1","DTL_TEMPORAL_POPULATION_V1"
"2026-03","March 2026",3,"DTL_CENTER_002","DTL_CENTER_002_D001","die_001",1,"CENTER","COND_HOT_HIGHV",85,1.1,"HIGH_VDD","T_CONTACT_R","CONTACT_RESISTANCE",7.30602172604663,"ohm","UPPER",5,"NOT_DEFINED",3.5,10,"NOT_UNIFORM","3.5,4.0,4.5,5.0,5.5,6.0,7.0,8.0,10.0","SYNTHETIC_ASSUMED","F",4.04022233188945,"TESTER_A",20260115,"temporal_parametric_v1.0.0","DTL_TEMPORAL_PARAMETRIC_V1","DTL_TEMPORAL_ACTUAL_DIE_V1","DTL_TEMPORAL_POPULATION_V1"
"2026-03","March 2026",3,"DTL_CENTER_002","DTL_CENTER_002_D001","die_001",1,"CENTER","COND_HOT_HIGHV",85,1.1,"HIGH_VDD","T_INTERCONNECT_R","INTERCONNECT_RESISTANCE",20.97245444117684,"ohm","UPPER",15,"NOT_DEFINED",11,25,"NOT_UNIFORM","11.0,12.0,13.0,14.0,15.0,16.0,18.0,20.0,25.0","SYNTHETIC_ASSUMED","F",4.04022233188945,"TESTER_A",20260115,"temporal_parametric_v1.0.0","DTL_TEMPORAL_PARAMETRIC_V1","DTL_TEMPORAL_ACTUAL_DIE_V1","DTL_TEMPORAL_POPULATION_V1"
"2026-03","March 2026",3,"DTL_CENTER_002","DTL_CENTER_002_D001","die_001",1,"CENTER","COND_HOT_HIGHV",85,1.1,"HIGH_VDD","T_ON_R","ON_RESISTANCE",32.16923189393322,"ohm","UPPER",25,"NOT_DEFINED",18,50,"NOT_UNIFORM","18.0,20.0,22.0,25.0,28.0,30.0,35.0,40.0,50.0","SYNTHETIC_ASSUMED","F",4.04022233188945,"TESTER_A",20260115,"temporal_parametric_v1.0.0","DTL_TEMPORAL_PARAMETRIC_V1","DTL_TEMPORAL_ACTUAL_DIE_V1","DTL_TEMPORAL_POPULATION_V1"
"2026-03","March 2026",3,"DTL_CENTER_002","DTL_CENTER_002_D001","die_001",1,"CENTER","COND_HOT_HIGHV",85,1.1,"HIGH_VDD","T_VMIN","VMIN",1.0003097766564626,"V","UPPER",0.85,"NOT_DEFINED",0.75,1,"NOT_UNIFORM","0.75,0.78,0.8,0.82,0.85,0.88,0.9,0.92,0.95,1.0","SYNTHETIC_ASSUMED","F",4.04022233188945,"TESTER_A",20260115,"temporal_parametric_v1.0.0","DTL_TEMPORAL_PARAMETRIC_V1","DTL_TEMPORAL_ACTUAL_DIE_V1","DTL_TEMPORAL_POPULATION_V1"
"2026-03","March 2026",3,"DTL_CENTER_002","DTL_CENTER_002_D001","die_001",1,"CENTER","COND_HOT_HIGHV",85,1.1,"HIGH_VDD","T_VMAX","VMAX",1.0353223896147088,"V","LOWER",1.15,"NOT_DEFINED",1.05,1.25,"NOT_UNIFORM","1.05,1.08,1.1,1.12,1.15,1.18,1.2,1.22,1.25","SYNTHETIC_ASSUMED","F",4.04022233188945,"TESTER_A",20260115,"temporal_parametric_v1.0.0","DTL_TEMPORAL_PARAMETRIC_V1","DTL_TEMPORAL_ACTUAL_DIE_V1","DTL_TEMPORAL_POPULATION_V1"
"2026-03","March 2026",3,"DTL_CENTER_002","DTL_CENTER_002_D001","die_001",1,"CENTER","COND_HOT_HIGHV",85,1.1,"HIGH_VDD","T_IDDQ","IDDQ",75.28013691123475,"uA","UPPER",50,"NOT_DEFINED",30,100,"NOT_UNIFORM","30.0,35.0,40.0,45.0,50.0,55.0,60.0,70.0,80.0,100.0","SYNTHETIC_ASSUMED","F",4.04022233188945,"TESTER_A",20260115,"temporal_parametric_v1.0.0","DTL_TEMPORAL_PARAMETRIC_V1","DTL_TEMPORAL_ACTUAL_DIE_V1","DTL_TEMPORAL_POPULATION_V1"
"2026-03","March 2026",3,"DTL_CENTER_002","DTL_CENTER_002_D001","die_001",1,"CENTER","COND_HOT_HIGHV",85,1.1,"HIGH_VDD","T_SUPPLY_CURRENT","SUPPLY_CURRENT",138.52390387192975,"mA","UPPER",120,"NOT_DEFINED",90,200,"NOT_UNIFORM","90.0,100.0,110.0,120.0,130.0,140.0,150.0,170.0,200.0","SYNTHETIC_ASSUMED","F",4.04022233188945,"TESTER_A",20260115,"temporal_parametric_v1.0.0","DTL_TEMPORAL_PARAMETRIC_V1","DTL_TEMPORAL_ACTUAL_DIE_V1","DTL_TEMPORAL_POPULATION_V1"
"2026-03","March 2026",3,"DTL_CENTER_002","DTL_CENTER_002_D002","die_002",2,"CENTER","COND_RT_NOM",25,1,"NOMINAL","T_CONTACT_R","CONTACT_RESISTANCE",4.588672554312412,"ohm","UPPER",5,"NOT_DEFINED",3.5,10,"NOT_UNIFORM","3.5,4.0,4.5,5.0,5.5,6.0,7.0,8.0,10.0","SYNTHETIC_ASSUMED","P",1.7915920750041836,"TESTER_A",20260115,"temporal_parametric_v1.0.0","DTL_TEMPORAL_PARAMETRIC_V1","DTL_TEMPORAL_ACTUAL_DIE_V1","DTL_TEMPORAL_POPULATION_V1"
"2026-03","March 2026",3,"DTL_CENTER_002","DTL_CENTER_002_D002","die_002",2,"CENTER","COND_RT_NOM",25,1,"NOMINAL","T_INTERCONNECT_R","INTERCONNECT_RESISTANCE",13.428483086278067,"ohm","UPPER",15,"NOT_DEFINED",11,25,"NOT_UNIFORM","11.0,12.0,13.0,14.0,15.0,16.0,18.0,20.0,25.0","SYNTHETIC_ASSUMED","P",1.7915920750041836,"TESTER_A",20260115,"temporal_parametric_v1.0.0","DTL_TEMPORAL_PARAMETRIC_V1","DTL_TEMPORAL_ACTUAL_DIE_V1","DTL_TEMPORAL_POPULATION_V1"
"2026-03","March 2026",3,"DTL_CENTER_002","DTL_CENTER_002_D002","die_002",2,"CENTER","COND_RT_NOM",25,1,"NOMINAL","T_ON_R","ON_RESISTANCE",26.290994195409453,"ohm","UPPER",25,"NOT_DEFINED",18,50,"NOT_UNIFORM","18.0,20.0,22.0,25.0,28.0,30.0,35.0,40.0,50.0","SYNTHETIC_ASSUMED","F",1.7915920750041836,"TESTER_A",20260115,"temporal_parametric_v1.0.0","DTL_TEMPORAL_PARAMETRIC_V1","DTL_TEMPORAL_ACTUAL_DIE_V1","DTL_TEMPORAL_POPULATION_V1"
"2026-03","March 2026",3,"DTL_CENTER_002","DTL_CENTER_002_D002","die_002",2,"CENTER","COND_RT_NOM",25,1,"NOMINAL","T_VMIN","VMIN",0.8491641758359632,"V","UPPER",0.85,"NOT_DEFINED",0.75,1,"NOT_UNIFORM","0.75,0.78,0.8,0.82,0.85,0.88,0.9,0.92,0.95,1.0","SYNTHETIC_ASSUMED","P",1.7915920750041836,"TESTER_A",20260115,"temporal_parametric_v1.0.0","DTL_TEMPORAL_PARAMETRIC_V1","DTL_TEMPORAL_ACTUAL_DIE_V1","DTL_TEMPORAL_POPULATION_V1"
"2026-03","March 2026",3,"DTL_CENTER_002","DTL_CENTER_002_D002","die_002",2,"CENTER","COND_RT_NOM",25,1,"NOMINAL","T_VMAX","VMAX",1.1110352461881796,"V","LOWER",1.15,"NOT_DEFINED",1.05,1.25,"NOT_UNIFORM","1.05,1.08,1.1,1.12,1.15,1.18,1.2,1.22,1.25","SYNTHETIC_ASSUMED","F",1.7915920750041836,"TESTER_A",20260115,"temporal_parametric_v1.0.0","DTL_TEMPORAL_PARAMETRIC_V1","DTL_TEMPORAL_ACTUAL_DIE_V1","DTL_TEMPORAL_POPULATION_V1"
"2026-03","March 2026",3,"DTL_CENTER_002","DTL_CENTER_002_D002","die_002",2,"CENTER","COND_RT_NOM",25,1,"NOMINAL","T_IDDQ","IDDQ",48.82931138425372,"uA","UPPER",50,"NOT_DEFINED",30,100,"NOT_UNIFORM","30.0,35.0,40.0,45.0,50.0,55.0,60.0,70.0,80.0,100.0","SYNTHETIC_ASSUMED","P",1.7915920750041836,"TESTER_A",20260115,"temporal_parametric_v1.0.0","DTL_TEMPORAL_PARAMETRIC_V1","DTL_TEMPORAL_ACTUAL_DIE_V1","DTL_TEMPORAL_POPULATION_V1"
"2026-03","March 2026",3,"DTL_CENTER_002","DTL_CENTER_002_D002","die_002",2,"CENTER","COND_RT_NOM",25,1,"NOMINAL","T_SUPPLY_CURRENT","SUPPLY_CURRENT",112.83649120757674,"mA","UPPER",120,"NOT_DEFINED",90,200,"NOT_UNIFORM","90.0,100.0,110.0,120.0,130.0,140.0,150.0,170.0,200.0","SYNTHETIC_ASSUMED","P",1.7915920750041836,"TESTER_A",20260115,"temporal_parametric_v1.0.0","DTL_TEMPORAL_PARAMETRIC_V1","DTL_TEMPORAL_ACTUAL_DIE_V1","DTL_TEMPORAL_POPULATION_V1"
"2026-03","March 2026",3,"DTL_CENTER_002","DTL_CENTER_002_D002","die_002",2,"CENTER","COND_HOT_NOM",85,1,"HOT","T_CONTACT_R","CONTACT_RESISTANCE",4.807582512534932,"ohm","UPPER",5,"NOT_DEFINED",3.5,10,"NOT_UNIFORM","3.5,4.0,4.5,5.0,5.5,6.0,7.0,8.0,10.0","SYNTHETIC_ASSUMED","P",1.7915920750041836,"TESTER_A",20260115,"temporal_parametric_v1.0.0","DTL_TEMPORAL_PARAMETRIC_V1","DTL_TEMPORAL_ACTUAL_DIE_V1","DTL_TEMPORAL_POPULATION_V1"
"2026-03","March 2026",3,"DTL_CENTER_002","DTL_CENTER_002_D002","die_002",2,"CENTER","COND_HOT_NOM",85,1,"HOT","T_INTERCONNECT_R","INTERCONNECT_RESISTANCE",15.406615360680355,"ohm","UPPER",15,"NOT_DEFINED",11,25,"NOT_UNIFORM","11.0,12.0,13.0,14.0,15.0,16.0,18.0,20.0,25.0","SYNTHETIC_ASSUMED","F",1.7915920750041836,"TESTER_A",20260115,"temporal_parametric_v1.0.0","DTL_TEMPORAL_PARAMETRIC_V1","DTL_TEMPORAL_ACTUAL_DIE_V1","DTL_TEMPORAL_POPULATION_V1"
"2026-03","March 2026",3,"DTL_CENTER_002","DTL_CENTER_002_D002","die_002",2,"CENTER","COND_HOT_NOM",85,1,"HOT","T_ON_R","ON_RESISTANCE",24.34845759800744,"ohm","UPPER",25,"NOT_DEFINED",18,50,"NOT_UNIFORM","18.0,20.0,22.0,25.0,28.0,30.0,35.0,40.0,50.0","SYNTHETIC_ASSUMED","P",1.7915920750041836,"TESTER_A",20260115,"temporal_parametric_v1.0.0","DTL_TEMPORAL_PARAMETRIC_V1","DTL_TEMPORAL_ACTUAL_DIE_V1","DTL_TEMPORAL_POPULATION_V1"
"2026-03","March 2026",3,"DTL_CENTER_002","DTL_CENTER_002_D002","die_002",2,"CENTER","COND_HOT_NOM",85,1,"HOT","T_VMIN","VMIN",0.9045834086266956,"V","UPPER",0.85,"NOT_DEFINED",0.75,1,"NOT_UNIFORM","0.75,0.78,0.8,0.82,0.85,0.88,0.9,0.92,0.95,1.0","SYNTHETIC_ASSUMED","F",1.7915920750041836,"TESTER_A",20260115,"temporal_parametric_v1.0.0","DTL_TEMPORAL_PARAMETRIC_V1","DTL_TEMPORAL_ACTUAL_DIE_V1","DTL_TEMPORAL_POPULATION_V1"
"2026-03","March 2026",3,"DTL_CENTER_002","DTL_CENTER_002_D002","die_002",2,"CENTER","COND_HOT_NOM",85,1,"HOT","T_VMAX","VMAX",1.1723413050427474,"V","LOWER",1.15,"NOT_DEFINED",1.05,1.25,"NOT_UNIFORM","1.05,1.08,1.1,1.12,1.15,1.18,1.2,1.22,1.25","SYNTHETIC_ASSUMED","P",1.7915920750041836,"TESTER_A",20260115,"temporal_parametric_v1.0.0","DTL_TEMPORAL_PARAMETRIC_V1","DTL_TEMPORAL_ACTUAL_DIE_V1","DTL_TEMPORAL_POPULATION_V1"
"2026-03","March 2026",3,"DTL_CENTER_002","DTL_CENTER_002_D002","die_002",2,"CENTER","COND_HOT_NOM",85,1,"HOT","T_IDDQ","IDDQ",65.9888083486054,"uA","UPPER",50,"NOT_DEFINED",30,100,"NOT_UNIFORM","30.0,35.0,40.0,45.0,50.0,55.0,60.0,70.0,80.0,100.0","SYNTHETIC_ASSUMED","F",1.7915920750041836,"TESTER_A",20260115,"temporal_parametric_v1.0.0","DTL_TEMPORAL_PARAMETRIC_V1","DTL_TEMPORAL_ACTUAL_DIE_V1","DTL_TEMPORAL_POPULATION_V1"
"2026-03","March 2026",3,"DTL_CENTER_002","DTL_CENTER_002_D002","die_002",2,"CENTER","COND_HOT_NOM",85,1,"HOT","T_SUPPLY_CURRENT","SUPPLY_CURRENT",120.45266592612714,"mA","UPPER",120,"NOT_DEFINED",90,200,"NOT_UNIFORM","90.0,100.0,110.0,120.0,130.0,140.0,150.0,170.0,200.0","SYNTHETIC_ASSUMED","F",1.7915920750041836,"TESTER_A",20260115,"temporal_parametric_v1.0.0","DTL_TEMPORAL_PARAMETRIC_V1","DTL_TEMPORAL_ACTUAL_DIE_V1","DTL_TEMPORAL_POPULATION_V1"
"2026-03","March 2026",3,"DTL_CENTER_002","DTL_CENTER_002_D002","die_002",2,"CENTER","COND_RT_LOWV",25,0.9,"LOW_VDD","T_CONTACT_R","CONTACT_RESISTANCE",4.650822076235002,"ohm","UPPER",5,"NOT_DEFINED",3.5,10,"NOT_UNIFORM","3.5,4.0,4.5,5.0,5.5,6.0,7.0,8.0,10.0","SYNTHETIC_ASSUMED","P",1.7915920750041836,"TESTER_A",20260115,"temporal_parametric_v1.0.0","DTL_TEMPORAL_PARAMETRIC_V1","DTL_TEMPORAL_ACTUAL_DIE_V1","DTL_TEMPORAL_POPULATION_V1"
"2026-03","March 2026",3,"DTL_CENTER_002","DTL_CENTER_002_D002","die_002",2,"CENTER","COND_RT_LOWV",25,0.9,"LOW_VDD","T_INTERCONNECT_R","INTERCONNECT_RESISTANCE",13.134715331685015,"ohm","UPPER",15,"NOT_DEFINED",11,25,"NOT_UNIFORM","11.0,12.0,13.0,14.0,15.0,16.0,18.0,20.0,25.0","SYNTHETIC_ASSUMED","P",1.7915920750041836,"TESTER_A",20260115,"temporal_parametric_v1.0.0","DTL_TEMPORAL_PARAMETRIC_V1","DTL_TEMPORAL_ACTUAL_DIE_V1","DTL_TEMPORAL_POPULATION_V1"
"2026-03","March 2026",3,"DTL_CENTER_002","DTL_CENTER_002_D002","die_002",2,"CENTER","COND_RT_LOWV",25,0.9,"LOW_VDD","T_ON_R","ON_RESISTANCE",21.66864745680687,"ohm","UPPER",25,"NOT_DEFINED",18,50,"NOT_UNIFORM","18.0,20.0,22.0,25.0,28.0,30.0,35.0,40.0,50.0","SYNTHETIC_ASSUMED","P",1.7915920750041836,"TESTER_A",20260115,"temporal_parametric_v1.0.0","DTL_TEMPORAL_PARAMETRIC_V1","DTL_TEMPORAL_ACTUAL_DIE_V1","DTL_TEMPORAL_POPULATION_V1"
"2026-03","March 2026",3,"DTL_CENTER_002","DTL_CENTER_002_D002","die_002",2,"CENTER","COND_RT_LOWV",25,0.9,"LOW_VDD","T_VMIN","VMIN",0.8522020397209465,"V","UPPER",0.85,"NOT_DEFINED",0.75,1,"NOT_UNIFORM","0.75,0.78,0.8,0.82,0.85,0.88,0.9,0.92,0.95,1.0","SYNTHETIC_ASSUMED","F",1.7915920750041836,"TESTER_A",20260115,"temporal_parametric_v1.0.0","DTL_TEMPORAL_PARAMETRIC_V1","DTL_TEMPORAL_ACTUAL_DIE_V1","DTL_TEMPORAL_POPULATION_V1"
"2026-03","March 2026",3,"DTL_CENTER_002","DTL_CENTER_002_D002","die_002",2,"CENTER","COND_RT_LOWV",25,0.9,"LOW_VDD","T_VMAX","VMAX",1.0337664913706832,"V","LOWER",1.15,"NOT_DEFINED",1.05,1.25,"NOT_UNIFORM","1.05,1.08,1.1,1.12,1.15,1.18,1.2,1.22,1.25","SYNTHETIC_ASSUMED","F",1.7915920750041836,"TESTER_A",20260115,"temporal_parametric_v1.0.0","DTL_TEMPORAL_PARAMETRIC_V1","DTL_TEMPORAL_ACTUAL_DIE_V1","DTL_TEMPORAL_POPULATION_V1"
"2026-03","March 2026",3,"DTL_CENTER_002","DTL_CENTER_002_D002","die_002",2,"CENTER","COND_RT_LOWV",25,0.9,"LOW_VDD","T_IDDQ","IDDQ",49.48681626745914,"uA","UPPER",50,"NOT_DEFINED",30,100,"NOT_UNIFORM","30.0,35.0,40.0,45.0,50.0,55.0,60.0,70.0,80.0,100.0","SYNTHETIC_ASSUMED","P",1.7915920750041836,"TESTER_A",20260115,"temporal_parametric_v1.0.0","DTL_TEMPORAL_PARAMETRIC_V1","DTL_TEMPORAL_ACTUAL_DIE_V1","DTL_TEMPORAL_POPULATION_V1"
"2026-03","March 2026",3,"DTL_CENTER_002","DTL_CENTER_002_D002","die_002",2,"CENTER","COND_RT_LOWV",25,0.9,"LOW_VDD","T_SUPPLY_CURRENT","SUPPLY_CURRENT",103.38510498419237,"mA","UPPER",120,"NOT_DEFINED",90,200,"NOT_UNIFORM","90.0,100.0,110.0,120.0,130.0,140.0,150.0,170.0,200.0","SYNTHETIC_ASSUMED","P",1.7915920750041836,"TESTER_A",20260115,"temporal_parametric_v1.0.0","DTL_TEMPORAL_PARAMETRIC_V1","DTL_TEMPORAL_ACTUAL_DIE_V1","DTL_TEMPORAL_POPULATION_V1"
"2026-03","March 2026",3,"DTL_CENTER_002","DTL_CENTER_002_D002","die_002",2,"CENTER","COND_HOT_HIGHV",85,1.1,"HIGH_VDD","T_CONTACT_R","CONTACT_RESISTANCE",5.227197480078699,"ohm","UPPER",5,"NOT_DEFINED",3.5,10,"NOT_UNIFORM","3.5,4.0,4.5,5.0,5.5,6.0,7.0,8.0,10.0","SYNTHETIC_ASSUMED","F",1.7915920750041836,"TESTER_A",20260115,"temporal_parametric_v1.0.0","DTL_TEMPORAL_PARAMETRIC_V1","DTL_TEMPORAL_ACTUAL_DIE_V1","DTL_TEMPORAL_POPULATION_V1"
"2026-03","March 2026",3,"DTL_CENTER_002","DTL_CENTER_002_D002","die_002",2,"CENTER","COND_HOT_HIGHV",85,1.1,"HIGH_VDD","T_INTERCONNECT_R","INTERCONNECT_RESISTANCE",13.481563931026226,"ohm","UPPER",15,"NOT_DEFINED",11,25,"NOT_UNIFORM","11.0,12.0,13.0,14.0,15.0,16.0,18.0,20.0,25.0","SYNTHETIC_ASSUMED","P",1.7915920750041836,"TESTER_A",20260115,"temporal_parametric_v1.0.0","DTL_TEMPORAL_PARAMETRIC_V1","DTL_TEMPORAL_ACTUAL_DIE_V1","DTL_TEMPORAL_POPULATION_V1"
"2026-03","March 2026",3,"DTL_CENTER_002","DTL_CENTER_002_D002","die_002",2,"CENTER","COND_HOT_HIGHV",85,1.1,"HIGH_VDD","T_ON_R","ON_RESISTANCE",27.059279365973858,"ohm","UPPER",25,"NOT_DEFINED",18,50,"NOT_UNIFORM","18.0,20.0,22.0,25.0,28.0,30.0,35.0,40.0,50.0","SYNTHETIC_ASSUMED","F",1.7915920750041836,"TESTER_A",20260115,"temporal_parametric_v1.0.0","DTL_TEMPORAL_PARAMETRIC_V1","DTL_TEMPORAL_ACTUAL_DIE_V1","DTL_TEMPORAL_POPULATION_V1"
"2026-03","March 2026",3,"DTL_CENTER_002","DTL_CENTER_002_D002","die_002",2,"CENTER","COND_HOT_HIGHV",85,1.1,"HIGH_VDD","T_VMIN","VMIN",0.8825306832051498,"V","UPPER",0.85,"NOT_DEFINED",0.75,1,"NOT_UNIFORM","0.75,0.78,0.8,0.82,0.85,0.88,0.9,0.92,0.95,1.0","SYNTHETIC_ASSUMED","F",1.7915920750041836,"TESTER_A",20260115,"temporal_parametric_v1.0.0","DTL_TEMPORAL_PARAMETRIC_V1","DTL_TEMPORAL_ACTUAL_DIE_V1","DTL_TEMPORAL_POPULATION_V1"
"2026-03","March 2026",3,"DTL_CENTER_002","DTL_CENTER_002_D002","die_002",2,"CENTER","COND_HOT_HIGHV",85,1.1,"HIGH_VDD","T_VMAX","VMAX",1.1501313451892878,"V","LOWER",1.15,"NOT_DEFINED",1.05,1.25,"NOT_UNIFORM","1.05,1.08,1.1,1.12,1.15,1.18,1.2,1.22,1.25","SYNTHETIC_ASSUMED","P",1.7915920750041836,"TESTER_A",20260115,"temporal_parametric_v1.0.0","DTL_TEMPORAL_PARAMETRIC_V1","DTL_TEMPORAL_ACTUAL_DIE_V1","DTL_TEMPORAL_POPULATION_V1"
"2026-03","March 2026",3,"DTL_CENTER_002","DTL_CENTER_002_D002","die_002",2,"CENTER","COND_HOT_HIGHV",85,1.1,"HIGH_VDD","T_IDDQ","IDDQ",64.0028176506004,"uA","UPPER",50,"NOT_DEFINED",30,100,"NOT_UNIFORM","30.0,35.0,40.0,45.0,50.0,55.0,60.0,70.0,80.0,100.0","SYNTHETIC_ASSUMED","F",1.7915920750041836,"TESTER_A",20260115,"temporal_parametric_v1.0.0","DTL_TEMPORAL_PARAMETRIC_V1","DTL_TEMPORAL_ACTUAL_DIE_V1","DTL_TEMPORAL_POPULATION_V1"
"2026-03","March 2026",3,"DTL_CENTER_002","DTL_CENTER_002_D002","die_002",2,"CENTER","COND_HOT_HIGHV",85,1.1,"HIGH_VDD","T_SUPPLY_CURRENT","SUPPLY_CURRENT",125.11234559563042,"mA","UPPER",120,"NOT_DEFINED",90,200,"NOT_UNIFORM","90.0,100.0,110.0,120.0,130.0,140.0,150.0,170.0,200.0","SYNTHETIC_ASSUMED","F",1.7915920750041836,"TESTER_A",20260115,"temporal_parametric_v1.0.0","DTL_TEMPORAL_PARAMETRIC_V1","DTL_TEMPORAL_ACTUAL_DIE_V1","DTL_TEMPORAL_POPULATION_V1"
"2026-03","March 2026",3,"DTL_CENTER_002","DTL_CENTER_002_D003","die_003",3,"CENTER","COND_RT_NOM",25,1,"NOMINAL","T_CONTACT_R","CONTACT_RESISTANCE",4.937789600325544,"ohm","UPPER",5,"NOT_DEFINED",3.5,10,"NOT_UNIFORM","3.5,4.0,4.5,5.0,5.5,6.0,7.0,8.0,10.0","SYNTHETIC_ASSUMED","P",2.6460699762951942,"TESTER_A",20260115,"temporal_parametric_v1.0.0","DTL_TEMPORAL_PARAMETRIC_V1","DTL_TEMPORAL_ACTUAL_DIE_V1","DTL_TEMPORAL_POPULATION_V1"
"2026-03","March 2026",3,"DTL_CENTER_002","DTL_CENTER_002_D003","die_003",3,"CENTER","COND_RT_NOM",25,1,"NOMINAL","T_INTERCONNECT_R","INTERCONNECT_RESISTANCE",15.950083245862796,"ohm","UPPER",15,"NOT_DEFINED",11,25,"NOT_UNIFORM","11.0,12.0,13.0,14.0,15.0,16.0,18.0,20.0,25.0","SYNTHETIC_ASSUMED","F",2.6460699762951942,"TESTER_A",20260115,"temporal_parametric_v1.0.0","DTL_TEMPORAL_PARAMETRIC_V1","DTL_TEMPORAL_ACTUAL_DIE_V1","DTL_TEMPORAL_POPULATION_V1"
"2026-03","March 2026",3,"DTL_CENTER_002","DTL_CENTER_002_D003","die_003",3,"CENTER","COND_RT_NOM",25,1,"NOMINAL","T_ON_R","ON_RESISTANCE",27.12662083133509,"ohm","UPPER",25,"NOT_DEFINED",18,50,"NOT_UNIFORM","18.0,20.0,22.0,25.0,28.0,30.0,35.0,40.0,50.0","SYNTHETIC_ASSUMED","F",2.6460699762951942,"TESTER_A",20260115,"temporal_parametric_v1.0.0","DTL_TEMPORAL_PARAMETRIC_V1","DTL_TEMPORAL_ACTUAL_DIE_V1","DTL_TEMPORAL_POPULATION_V1"
"2026-03","March 2026",3,"DTL_CENTER_002","DTL_CENTER_002_D003","die_003",3,"CENTER","COND_RT_NOM",25,1,"NOMINAL","T_VMIN","VMIN",0.8891747217469708,"V","UPPER",0.85,"NOT_DEFINED",0.75,1,"NOT_UNIFORM","0.75,0.78,0.8,0.82,0.85,0.88,0.9,0.92,0.95,1.0","SYNTHETIC_ASSUMED","F",2.6460699762951942,"TESTER_A",20260115,"temporal_parametric_v1.0.0","DTL_TEMPORAL_PARAMETRIC_V1","DTL_TEMPORAL_ACTUAL_DIE_V1","DTL_TEMPORAL_POPULATION_V1"
"2026-03","March 2026",3,"DTL_CENTER_002","DTL_CENTER_002_D003","die_003",3,"CENTER","COND_RT_NOM",25,1,"NOMINAL","T_VMAX","VMAX",1.109736059881531,"V","LOWER",1.15,"NOT_DEFINED",1.05,1.25,"NOT_UNIFORM","1.05,1.08,1.1,1.12,1.15,1.18,1.2,1.22,1.25","SYNTHETIC_ASSUMED","F",2.6460699762951942,"TESTER_A",20260115,"temporal_parametric_v1.0.0","DTL_TEMPORAL_PARAMETRIC_V1","DTL_TEMPORAL_ACTUAL_DIE_V1","DTL_TEMPORAL_POPULATION_V1"
"2026-03","March 2026",3,"DTL_CENTER_002","DTL_CENTER_002_D003","die_003",3,"CENTER","COND_RT_NOM",25,1,"NOMINAL","T_IDDQ","IDDQ",48.671916417071934,"uA","UPPER",50,"NOT_DEFINED",30,100,"NOT_UNIFORM","30.0,35.0,40.0,45.0,50.0,55.0,60.0,70.0,80.0,100.0","SYNTHETIC_ASSUMED","P",2.6460699762951942,"TESTER_A",20260115,"temporal_parametric_v1.0.0","DTL_TEMPORAL_PARAMETRIC_V1","DTL_TEMPORAL_ACTUAL_DIE_V1","DTL_TEMPORAL_POPULATION_V1"
"2026-03","March 2026",3,"DTL_CENTER_002","DTL_CENTER_002_D003","die_003",3,"CENTER","COND_RT_NOM",25,1,"NOMINAL","T_SUPPLY_CURRENT","SUPPLY_CURRENT",130.25042139023972,"mA","UPPER",120,"NOT_DEFINED",90,200,"NOT_UNIFORM","90.0,100.0,110.0,120.0,130.0,140.0,150.0,170.0,200.0","SYNTHETIC_ASSUMED","F",2.6460699762951942,"TESTER_A",20260115,"temporal_parametric_v1.0.0","DTL_TEMPORAL_PARAMETRIC_V1","DTL_TEMPORAL_ACTUAL_DIE_V1","DTL_TEMPORAL_POPULATION_V1"
"2026-03","March 2026",3,"DTL_CENTER_002","DTL_CENTER_002_D003","die_003",3,"CENTER","COND_HOT_NOM",85,1,"HOT","T_CONTACT_R","CONTACT_RESISTANCE",6.08361951457609,"ohm","UPPER",5,"NOT_DEFINED",3.5,10,"NOT_UNIFORM","3.5,4.0,4.5,5.0,5.5,6.0,7.0,8.0,10.0","SYNTHETIC_ASSUMED","F",2.6460699762951942,"TESTER_A",20260115,"temporal_parametric_v1.0.0","DTL_TEMPORAL_PARAMETRIC_V1","DTL_TEMPORAL_ACTUAL_DIE_V1","DTL_TEMPORAL_POPULATION_V1"
"2026-03","March 2026",3,"DTL_CENTER_002","DTL_CENTER_002_D003","die_003",3,"CENTER","COND_HOT_NOM",85,1,"HOT","T_INTERCONNECT_R","INTERCONNECT_RESISTANCE",16.554011260422357,"ohm","UPPER",15,"NOT_DEFINED",11,25,"NOT_UNIFORM","11.0,12.0,13.0,14.0,15.0,16.0,18.0,20.0,25.0","SYNTHETIC_ASSUMED","F",2.6460699762951942,"TESTER_A",20260115,"temporal_parametric_v1.0.0","DTL_TEMPORAL_PARAMETRIC_V1","DTL_TEMPORAL_ACTUAL_DIE_V1","DTL_TEMPORAL_POPULATION_V1"
"2026-03","March 2026",3,"DTL_CENTER_002","DTL_CENTER_002_D003","die_003",3,"CENTER","COND_HOT_NOM",85,1,"HOT","T_ON_R","ON_RESISTANCE",28.255294922405497,"ohm","UPPER",25,"NOT_DEFINED",18,50,"NOT_UNIFORM","18.0,20.0,22.0,25.0,28.0,30.0,35.0,40.0,50.0","SYNTHETIC_ASSUMED","F",2.6460699762951942,"TESTER_A",20260115,"temporal_parametric_v1.0.0","DTL_TEMPORAL_PARAMETRIC_V1","DTL_TEMPORAL_ACTUAL_DIE_V1","DTL_TEMPORAL_POPULATION_V1"
"2026-03","March 2026",3,"DTL_CENTER_002","DTL_CENTER_002_D003","die_003",3,"CENTER","COND_HOT_NOM",85,1,"HOT","T_VMIN","VMIN",0.976541908010996,"V","UPPER",0.85,"NOT_DEFINED",0.75,1,"NOT_UNIFORM","0.75,0.78,0.8,0.82,0.85,0.88,0.9,0.92,0.95,1.0","SYNTHETIC_ASSUMED","F",2.6460699762951942,"TESTER_A",20260115,"temporal_parametric_v1.0.0","DTL_TEMPORAL_PARAMETRIC_V1","DTL_TEMPORAL_ACTUAL_DIE_V1","DTL_TEMPORAL_POPULATION_V1"
"2026-03","March 2026",3,"DTL_CENTER_002","DTL_CENTER_002_D003","die_003",3,"CENTER","COND_HOT_NOM",85,1,"HOT","T_VMAX","VMAX",1.1497273415579057,"V","LOWER",1.15,"NOT_DEFINED",1.05,1.25,"NOT_UNIFORM","1.05,1.08,1.1,1.12,1.15,1.18,1.2,1.22,1.25","SYNTHETIC_ASSUMED","F",2.6460699762951942,"TESTER_A",20260115,"temporal_parametric_v1.0.0","DTL_TEMPORAL_PARAMETRIC_V1","DTL_TEMPORAL_ACTUAL_DIE_V1","DTL_TEMPORAL_POPULATION_V1"
"2026-03","March 2026",3,"DTL_CENTER_002","DTL_CENTER_002_D003","die_003",3,"CENTER","COND_HOT_NOM",85,1,"HOT","T_IDDQ","IDDQ",71.79147452046591,"uA","UPPER",50,"NOT_DEFINED",30,100,"NOT_UNIFORM","30.0,35.0,40.0,45.0,50.0,55.0,60.0,70.0,80.0,100.0","SYNTHETIC_ASSUMED","F",2.6460699762951942,"TESTER_A",20260115,"temporal_parametric_v1.0.0","DTL_TEMPORAL_PARAMETRIC_V1","DTL_TEMPORAL_ACTUAL_DIE_V1","DTL_TEMPORAL_POPULATION_V1"
"2026-03","March 2026",3,"DTL_CENTER_002","DTL_CENTER_002_D003","die_003",3,"CENTER","COND_HOT_NOM",85,1,"HOT","T_SUPPLY_CURRENT","SUPPLY_CURRENT",130.65164920660064,"mA","UPPER",120,"NOT_DEFINED",90,200,"NOT_UNIFORM","90.0,100.0,110.0,120.0,130.0,140.0,150.0,170.0,200.0","SYNTHETIC_ASSUMED","F",2.6460699762951942,"TESTER_A",20260115,"temporal_parametric_v1.0.0","DTL_TEMPORAL_PARAMETRIC_V1","DTL_TEMPORAL_ACTUAL_DIE_V1","DTL_TEMPORAL_POPULATION_V1"
"2026-03","March 2026",3,"DTL_CENTER_002","DTL_CENTER_002_D003","die_003",3,"CENTER","COND_RT_LOWV",25,0.9,"LOW_VDD","T_CONTACT_R","CONTACT_RESISTANCE",5.274853110088001,"ohm","UPPER",5,"NOT_DEFINED",3.5,10,"NOT_UNIFORM","3.5,4.0,4.5,5.0,5.5,6.0,7.0,8.0,10.0","SYNTHETIC_ASSUMED","F",2.6460699762951942,"TESTER_A",20260115,"temporal_parametric_v1.0.0","DTL_TEMPORAL_PARAMETRIC_V1","DTL_TEMPORAL_ACTUAL_DIE_V1","DTL_TEMPORAL_POPULATION_V1"
"2026-03","March 2026",3,"DTL_CENTER_002","DTL_CENTER_002_D003","die_003",3,"CENTER","COND_RT_LOWV",25,0.9,"LOW_VDD","T_INTERCONNECT_R","INTERCONNECT_RESISTANCE",16.21433922606091,"ohm","UPPER",15,"NOT_DEFINED",11,25,"NOT_UNIFORM","11.0,12.0,13.0,14.0,15.0,16.0,18.0,20.0,25.0","SYNTHETIC_ASSUMED","F",2.6460699762951942,"TESTER_A",20260115,"temporal_parametric_v1.0.0","DTL_TEMPORAL_PARAMETRIC_V1","DTL_TEMPORAL_ACTUAL_DIE_V1","DTL_TEMPORAL_POPULATION_V1"
"2026-03","March 2026",3,"DTL_CENTER_002","DTL_CENTER_002_D003","die_003",3,"CENTER","COND_RT_LOWV",25,0.9,"LOW_VDD","T_ON_R","ON_RESISTANCE",27.966960571805657,"ohm","UPPER",25,"NOT_DEFINED",18,50,"NOT_UNIFORM","18.0,20.0,22.0,25.0,28.0,30.0,35.0,40.0,50.0","SYNTHETIC_ASSUMED","F",2.6460699762951942,"TESTER_A",20260115,"temporal_parametric_v1.0.0","DTL_TEMPORAL_PARAMETRIC_V1","DTL_TEMPORAL_ACTUAL_DIE_V1","DTL_TEMPORAL_POPULATION_V1"
"2026-03","March 2026",3,"DTL_CENTER_002","DTL_CENTER_002_D003","die_003",3,"CENTER","COND_RT_LOWV",25,0.9,"LOW_VDD","T_VMIN","VMIN",0.9336687692834764,"V","UPPER",0.85,"NOT_DEFINED",0.75,1,"NOT_UNIFORM","0.75,0.78,0.8,0.82,0.85,0.88,0.9,0.92,0.95,1.0","SYNTHETIC_ASSUMED","F",2.6460699762951942,"TESTER_A",20260115,"temporal_parametric_v1.0.0","DTL_TEMPORAL_PARAMETRIC_V1","DTL_TEMPORAL_ACTUAL_DIE_V1","DTL_TEMPORAL_POPULATION_V1"
"2026-03","March 2026",3,"DTL_CENTER_002","DTL_CENTER_002_D003","die_003",3,"CENTER","COND_RT_LOWV",25,0.9,"LOW_VDD","T_VMAX","VMAX",1.092504274250912,"V","LOWER",1.15,"NOT_DEFINED",1.05,1.25,"NOT_UNIFORM","1.05,1.08,1.1,1.12,1.15,1.18,1.2,1.22,1.25","SYNTHETIC_ASSUMED","F",2.6460699762951942,"TESTER_A",20260115,"temporal_parametric_v1.0.0","DTL_TEMPORAL_PARAMETRIC_V1","DTL_TEMPORAL_ACTUAL_DIE_V1","DTL_TEMPORAL_POPULATION_V1"
"2026-03","March 2026",3,"DTL_CENTER_002","DTL_CENTER_002_D003","die_003",3,"CENTER","COND_RT_LOWV",25,0.9,"LOW_VDD","T_IDDQ","IDDQ",52.15234146719267,"uA","UPPER",50,"NOT_DEFINED",30,100,"NOT_UNIFORM","30.0,35.0,40.0,45.0,50.0,55.0,60.0,70.0,80.0,100.0","SYNTHETIC_ASSUMED","F",2.6460699762951942,"TESTER_A",20260115,"temporal_parametric_v1.0.0","DTL_TEMPORAL_PARAMETRIC_V1","DTL_TEMPORAL_ACTUAL_DIE_V1","DTL_TEMPORAL_POPULATION_V1"
"2026-03","March 2026",3,"DTL_CENTER_002","DTL_CENTER_002_D003","die_003",3,"CENTER","COND_RT_LOWV",25,0.9,"LOW_VDD","T_SUPPLY_CURRENT","SUPPLY_CURRENT",120.46954736313565,"mA","UPPER",120,"NOT_DEFINED",90,200,"NOT_UNIFORM","90.0,100.0,110.0,120.0,130.0,140.0,150.0,170.0,200.0","SYNTHETIC_ASSUMED","F",2.6460699762951942,"TESTER_A",20260115,"temporal_parametric_v1.0.0","DTL_TEMPORAL_PARAMETRIC_V1","DTL_TEMPORAL_ACTUAL_DIE_V1","DTL_TEMPORAL_POPULATION_V1"
"2026-03","March 2026",3,"DTL_CENTER_002","DTL_CENTER_002_D003","die_003",3,"CENTER","COND_HOT_HIGHV",85,1.1,"HIGH_VDD","T_CONTACT_R","CONTACT_RESISTANCE",5.555800073913726,"ohm","UPPER",5,"NOT_DEFINED",3.5,10,"NOT_UNIFORM","3.5,4.0,4.5,5.0,5.5,6.0,7.0,8.0,10.0","SYNTHETIC_ASSUMED","F",2.6460699762951942,"TESTER_A",20260115,"temporal_parametric_v1.0.0","DTL_TEMPORAL_PARAMETRIC_V1","DTL_TEMPORAL_ACTUAL_DIE_V1","DTL_TEMPORAL_POPULATION_V1"
"2026-03","March 2026",3,"DTL_CENTER_002","DTL_CENTER_002_D003","die_003",3,"CENTER","COND_HOT_HIGHV",85,1.1,"HIGH_VDD","T_INTERCONNECT_R","INTERCONNECT_RESISTANCE",15.98894089983044,"ohm","UPPER",15,"NOT_DEFINED",11,25,"NOT_UNIFORM","11.0,12.0,13.0,14.0,15.0,16.0,18.0,20.0,25.0","SYNTHETIC_ASSUMED","F",2.6460699762951942,"TESTER_A",20260115,"temporal_parametric_v1.0.0","DTL_TEMPORAL_PARAMETRIC_V1","DTL_TEMPORAL_ACTUAL_DIE_V1","DTL_TEMPORAL_POPULATION_V1"
"2026-03","March 2026",3,"DTL_CENTER_002","DTL_CENTER_002_D003","die_003",3,"CENTER","COND_HOT_HIGHV",85,1.1,"HIGH_VDD","T_ON_R","ON_RESISTANCE",28.312320920631308,"ohm","UPPER",25,"NOT_DEFINED",18,50,"NOT_UNIFORM","18.0,20.0,22.0,25.0,28.0,30.0,35.0,40.0,50.0","SYNTHETIC_ASSUMED","F",2.6460699762951942,"TESTER_A",20260115,"temporal_parametric_v1.0.0","DTL_TEMPORAL_PARAMETRIC_V1","DTL_TEMPORAL_ACTUAL_DIE_V1","DTL_TEMPORAL_POPULATION_V1"
"2026-03","March 2026",3,"DTL_CENTER_002","DTL_CENTER_002_D003","die_003",3,"CENTER","COND_HOT_HIGHV",85,1.1,"HIGH_VDD","T_VMIN","VMIN",0.9361855525530428,"V","UPPER",0.85,"NOT_DEFINED",0.75,1,"NOT_UNIFORM","0.75,0.78,0.8,0.82,0.85,0.88,0.9,0.92,0.95,1.0","SYNTHETIC_ASSUMED","F",2.6460699762951942,"TESTER_A",20260115,"temporal_parametric_v1.0.0","DTL_TEMPORAL_PARAMETRIC_V1","DTL_TEMPORAL_ACTUAL_DIE_V1","DTL_TEMPORAL_POPULATION_V1"
"2026-03","March 2026",3,"DTL_CENTER_002","DTL_CENTER_002_D003","die_003",3,"CENTER","COND_HOT_HIGHV",85,1.1,"HIGH_VDD","T_VMAX","VMAX",1.0954709849224271,"V","LOWER",1.15,"NOT_DEFINED",1.05,1.25,"NOT_UNIFORM","1.05,1.08,1.1,1.12,1.15,1.18,1.2,1.22,1.25","SYNTHETIC_ASSUMED","F",2.6460699762951942,"TESTER_A",20260115,"temporal_parametric_v1.0.0","DTL_TEMPORAL_PARAMETRIC_V1","DTL_TEMPORAL_ACTUAL_DIE_V1","DTL_TEMPORAL_POPULATION_V1"
"2026-03","March 2026",3,"DTL_CENTER_002","DTL_CENTER_002_D003","die_003",3,"CENTER","COND_HOT_HIGHV",85,1.1,"HIGH_VDD","T_IDDQ","IDDQ",71.57192629825398,"uA","UPPER",50,"NOT_DEFINED",30,100,"NOT_UNIFORM","30.0,35.0,40.0,45.0,50.0,55.0,60.0,70.0,80.0,100.0","SYNTHETIC_ASSUMED","F",2.6460699762951942,"TESTER_A",20260115,"temporal_parametric_v1.0.0","DTL_TEMPORAL_PARAMETRIC_V1","DTL_TEMPORAL_ACTUAL_DIE_V1","DTL_TEMPORAL_POPULATION_V1"
"2026-03","March 2026",3,"DTL_CENTER_002","DTL_CENTER_002_D003","die_003",3,"CENTER","COND_HOT_HIGHV",85,1.1,"HIGH_VDD","T_SUPPLY_CURRENT","SUPPLY_CURRENT",129.91618190413735,"mA","UPPER",120,"NOT_DEFINED",90,200,"NOT_UNIFORM","90.0,100.0,110.0,120.0,130.0,140.0,150.0,170.0,200.0","SYNTHETIC_ASSUMED","F",2.6460699762951942,"TESTER_A",20260115,"temporal_parametric_v1.0.0","DTL_TEMPORAL_PARAMETRIC_V1","DTL_TEMPORAL_ACTUAL_DIE_V1","DTL_TEMPORAL_POPULATION_V1"
