"production_month","production_month_label","month_index","lot_id","die_id","die_label","die_index","lot_category","condition_id","temperature_c","vdd_applied","test_mode","test_id","parameter","measurement_value","unit","limit_type","current_dtl","current_engineering_range","candidate_min","candidate_max","candidate_step","candidate_catalog","limit_source","pass_fail_condition","shared_process_severity","tester_id","generation_seed","generator_version","dataset_version","actual_die_version","population_version"
"2026-01","January 2026",1,"DTL_NORM_001","DTL_NORM_001_D001","die_001",1,"NORMAL","COND_RT_NOM",25,1,"NOMINAL","T_CONTACT_R","CONTACT_RESISTANCE",4.248352313673479,"ohm","UPPER",5,"NOT_DEFINED",3.5,10,"NOT_UNIFORM","3.5,4.0,4.5,5.0,5.5,6.0,7.0,8.0,10.0","SYNTHETIC_ASSUMED","P",1.7829188402208769,"TESTER_A",20260115,"temporal_parametric_v1.0.0","DTL_TEMPORAL_PARAMETRIC_V1","DTL_TEMPORAL_ACTUAL_DIE_V1","DTL_TEMPORAL_POPULATION_V1"
"2026-01","January 2026",1,"DTL_NORM_001","DTL_NORM_001_D001","die_001",1,"NORMAL","COND_RT_NOM",25,1,"NOMINAL","T_INTERCONNECT_R","INTERCONNECT_RESISTANCE",13.376425050243366,"ohm","UPPER",15,"NOT_DEFINED",11,25,"NOT_UNIFORM","11.0,12.0,13.0,14.0,15.0,16.0,18.0,20.0,25.0","SYNTHETIC_ASSUMED","P",1.7829188402208769,"TESTER_A",20260115,"temporal_parametric_v1.0.0","DTL_TEMPORAL_PARAMETRIC_V1","DTL_TEMPORAL_ACTUAL_DIE_V1","DTL_TEMPORAL_POPULATION_V1"
"2026-01","January 2026",1,"DTL_NORM_001","DTL_NORM_001_D001","die_001",1,"NORMAL","COND_RT_NOM",25,1,"NOMINAL","T_ON_R","ON_RESISTANCE",25.137315435796754,"ohm","UPPER",25,"NOT_DEFINED",18,50,"NOT_UNIFORM","18.0,20.0,22.0,25.0,28.0,30.0,35.0,40.0,50.0","SYNTHETIC_ASSUMED","F",1.7829188402208769,"TESTER_A",20260115,"temporal_parametric_v1.0.0","DTL_TEMPORAL_PARAMETRIC_V1","DTL_TEMPORAL_ACTUAL_DIE_V1","DTL_TEMPORAL_POPULATION_V1"
"2026-01","January 2026",1,"DTL_NORM_001","DTL_NORM_001_D001","die_001",1,"NORMAL","COND_RT_NOM",25,1,"NOMINAL","T_VMIN","VMIN",0.8486015803827575,"V","UPPER",0.85,"NOT_DEFINED",0.75,1,"NOT_UNIFORM","0.75,0.78,0.8,0.82,0.85,0.88,0.9,0.92,0.95,1.0","SYNTHETIC_ASSUMED","P",1.7829188402208769,"TESTER_A",20260115,"temporal_parametric_v1.0.0","DTL_TEMPORAL_PARAMETRIC_V1","DTL_TEMPORAL_ACTUAL_DIE_V1","DTL_TEMPORAL_POPULATION_V1"
"2026-01","January 2026",1,"DTL_NORM_001","DTL_NORM_001_D001","die_001",1,"NORMAL","COND_RT_NOM",25,1,"NOMINAL","T_VMAX","VMAX",1.1351742675870788,"V","LOWER",1.15,"NOT_DEFINED",1.05,1.25,"NOT_UNIFORM","1.05,1.08,1.1,1.12,1.15,1.18,1.2,1.22,1.25","SYNTHETIC_ASSUMED","F",1.7829188402208769,"TESTER_A",20260115,"temporal_parametric_v1.0.0","DTL_TEMPORAL_PARAMETRIC_V1","DTL_TEMPORAL_ACTUAL_DIE_V1","DTL_TEMPORAL_POPULATION_V1"
"2026-01","January 2026",1,"DTL_NORM_001","DTL_NORM_001_D001","die_001",1,"NORMAL","COND_RT_NOM",25,1,"NOMINAL","T_IDDQ","IDDQ",53.03873590441896,"uA","UPPER",50,"NOT_DEFINED",30,100,"NOT_UNIFORM","30.0,35.0,40.0,45.0,50.0,55.0,60.0,70.0,80.0,100.0","SYNTHETIC_ASSUMED","F",1.7829188402208769,"TESTER_A",20260115,"temporal_parametric_v1.0.0","DTL_TEMPORAL_PARAMETRIC_V1","DTL_TEMPORAL_ACTUAL_DIE_V1","DTL_TEMPORAL_POPULATION_V1"
"2026-01","January 2026",1,"DTL_NORM_001","DTL_NORM_001_D001","die_001",1,"NORMAL","COND_RT_NOM",25,1,"NOMINAL","T_SUPPLY_CURRENT","SUPPLY_CURRENT",107.96310812263631,"mA","UPPER",120,"NOT_DEFINED",90,200,"NOT_UNIFORM","90.0,100.0,110.0,120.0,130.0,140.0,150.0,170.0,200.0","SYNTHETIC_ASSUMED","P",1.7829188402208769,"TESTER_A",20260115,"temporal_parametric_v1.0.0","DTL_TEMPORAL_PARAMETRIC_V1","DTL_TEMPORAL_ACTUAL_DIE_V1","DTL_TEMPORAL_POPULATION_V1"
"2026-01","January 2026",1,"DTL_NORM_001","DTL_NORM_001_D001","die_001",1,"NORMAL","COND_HOT_NOM",85,1,"HOT","T_CONTACT_R","CONTACT_RESISTANCE",4.187635100873298,"ohm","UPPER",5,"NOT_DEFINED",3.5,10,"NOT_UNIFORM","3.5,4.0,4.5,5.0,5.5,6.0,7.0,8.0,10.0","SYNTHETIC_ASSUMED","P",1.7829188402208769,"TESTER_A",20260115,"temporal_parametric_v1.0.0","DTL_TEMPORAL_PARAMETRIC_V1","DTL_TEMPORAL_ACTUAL_DIE_V1","DTL_TEMPORAL_POPULATION_V1"
"2026-01","January 2026",1,"DTL_NORM_001","DTL_NORM_001_D001","die_001",1,"NORMAL","COND_HOT_NOM",85,1,"HOT","T_INTERCONNECT_R","INTERCONNECT_RESISTANCE",15.793807624853695,"ohm","UPPER",15,"NOT_DEFINED",11,25,"NOT_UNIFORM","11.0,12.0,13.0,14.0,15.0,16.0,18.0,20.0,25.0","SYNTHETIC_ASSUMED","F",1.7829188402208769,"TESTER_A",20260115,"temporal_parametric_v1.0.0","DTL_TEMPORAL_PARAMETRIC_V1","DTL_TEMPORAL_ACTUAL_DIE_V1","DTL_TEMPORAL_POPULATION_V1"
"2026-01","January 2026",1,"DTL_NORM_001","DTL_NORM_001_D001","die_001",1,"NORMAL","COND_HOT_NOM",85,1,"HOT","T_ON_R","ON_RESISTANCE",27.942480539958044,"ohm","UPPER",25,"NOT_DEFINED",18,50,"NOT_UNIFORM","18.0,20.0,22.0,25.0,28.0,30.0,35.0,40.0,50.0","SYNTHETIC_ASSUMED","F",1.7829188402208769,"TESTER_A",20260115,"temporal_parametric_v1.0.0","DTL_TEMPORAL_PARAMETRIC_V1","DTL_TEMPORAL_ACTUAL_DIE_V1","DTL_TEMPORAL_POPULATION_V1"
"2026-01","January 2026",1,"DTL_NORM_001","DTL_NORM_001_D001","die_001",1,"NORMAL","COND_HOT_NOM",85,1,"HOT","T_VMIN","VMIN",0.870740861835281,"V","UPPER",0.85,"NOT_DEFINED",0.75,1,"NOT_UNIFORM","0.75,0.78,0.8,0.82,0.85,0.88,0.9,0.92,0.95,1.0","SYNTHETIC_ASSUMED","F",1.7829188402208769,"TESTER_A",20260115,"temporal_parametric_v1.0.0","DTL_TEMPORAL_PARAMETRIC_V1","DTL_TEMPORAL_ACTUAL_DIE_V1","DTL_TEMPORAL_POPULATION_V1"
"2026-01","January 2026",1,"DTL_NORM_001","DTL_NORM_001_D001","die_001",1,"NORMAL","COND_HOT_NOM",85,1,"HOT","T_VMAX","VMAX",1.0955530695836335,"V","LOWER",1.15,"NOT_DEFINED",1.05,1.25,"NOT_UNIFORM","1.05,1.08,1.1,1.12,1.15,1.18,1.2,1.22,1.25","SYNTHETIC_ASSUMED","F",1.7829188402208769,"TESTER_A",20260115,"temporal_parametric_v1.0.0","DTL_TEMPORAL_PARAMETRIC_V1","DTL_TEMPORAL_ACTUAL_DIE_V1","DTL_TEMPORAL_POPULATION_V1"
"2026-01","January 2026",1,"DTL_NORM_001","DTL_NORM_001_D001","die_001",1,"NORMAL","COND_HOT_NOM",85,1,"HOT","T_IDDQ","IDDQ",59.59777114411763,"uA","UPPER",50,"NOT_DEFINED",30,100,"NOT_UNIFORM","30.0,35.0,40.0,45.0,50.0,55.0,60.0,70.0,80.0,100.0","SYNTHETIC_ASSUMED","F",1.7829188402208769,"TESTER_A",20260115,"temporal_parametric_v1.0.0","DTL_TEMPORAL_PARAMETRIC_V1","DTL_TEMPORAL_ACTUAL_DIE_V1","DTL_TEMPORAL_POPULATION_V1"
"2026-01","January 2026",1,"DTL_NORM_001","DTL_NORM_001_D001","die_001",1,"NORMAL","COND_HOT_NOM",85,1,"HOT","T_SUPPLY_CURRENT","SUPPLY_CURRENT",120.48339916310732,"mA","UPPER",120,"NOT_DEFINED",90,200,"NOT_UNIFORM","90.0,100.0,110.0,120.0,130.0,140.0,150.0,170.0,200.0","SYNTHETIC_ASSUMED","F",1.7829188402208769,"TESTER_A",20260115,"temporal_parametric_v1.0.0","DTL_TEMPORAL_PARAMETRIC_V1","DTL_TEMPORAL_ACTUAL_DIE_V1","DTL_TEMPORAL_POPULATION_V1"
"2026-01","January 2026",1,"DTL_NORM_001","DTL_NORM_001_D001","die_001",1,"NORMAL","COND_RT_LOWV",25,0.9,"LOW_VDD","T_CONTACT_R","CONTACT_RESISTANCE",4.661539251578994,"ohm","UPPER",5,"NOT_DEFINED",3.5,10,"NOT_UNIFORM","3.5,4.0,4.5,5.0,5.5,6.0,7.0,8.0,10.0","SYNTHETIC_ASSUMED","P",1.7829188402208769,"TESTER_A",20260115,"temporal_parametric_v1.0.0","DTL_TEMPORAL_PARAMETRIC_V1","DTL_TEMPORAL_ACTUAL_DIE_V1","DTL_TEMPORAL_POPULATION_V1"
"2026-01","January 2026",1,"DTL_NORM_001","DTL_NORM_001_D001","die_001",1,"NORMAL","COND_RT_LOWV",25,0.9,"LOW_VDD","T_INTERCONNECT_R","INTERCONNECT_RESISTANCE",14.355027440319976,"ohm","UPPER",15,"NOT_DEFINED",11,25,"NOT_UNIFORM","11.0,12.0,13.0,14.0,15.0,16.0,18.0,20.0,25.0","SYNTHETIC_ASSUMED","P",1.7829188402208769,"TESTER_A",20260115,"temporal_parametric_v1.0.0","DTL_TEMPORAL_PARAMETRIC_V1","DTL_TEMPORAL_ACTUAL_DIE_V1","DTL_TEMPORAL_POPULATION_V1"
"2026-01","January 2026",1,"DTL_NORM_001","DTL_NORM_001_D001","die_001",1,"NORMAL","COND_RT_LOWV",25,0.9,"LOW_VDD","T_ON_R","ON_RESISTANCE",24.84856073576077,"ohm","UPPER",25,"NOT_DEFINED",18,50,"NOT_UNIFORM","18.0,20.0,22.0,25.0,28.0,30.0,35.0,40.0,50.0","SYNTHETIC_ASSUMED","P",1.7829188402208769,"TESTER_A",20260115,"temporal_parametric_v1.0.0","DTL_TEMPORAL_PARAMETRIC_V1","DTL_TEMPORAL_ACTUAL_DIE_V1","DTL_TEMPORAL_POPULATION_V1"
"2026-01","January 2026",1,"DTL_NORM_001","DTL_NORM_001_D001","die_001",1,"NORMAL","COND_RT_LOWV",25,0.9,"LOW_VDD","T_VMIN","VMIN",0.8542892930558169,"V","UPPER",0.85,"NOT_DEFINED",0.75,1,"NOT_UNIFORM","0.75,0.78,0.8,0.82,0.85,0.88,0.9,0.92,0.95,1.0","SYNTHETIC_ASSUMED","F",1.7829188402208769,"TESTER_A",20260115,"temporal_parametric_v1.0.0","DTL_TEMPORAL_PARAMETRIC_V1","DTL_TEMPORAL_ACTUAL_DIE_V1","DTL_TEMPORAL_POPULATION_V1"
"2026-01","January 2026",1,"DTL_NORM_001","DTL_NORM_001_D001","die_001",1,"NORMAL","COND_RT_LOWV",25,0.9,"LOW_VDD","T_VMAX","VMAX",1.08158154809437,"V","LOWER",1.15,"NOT_DEFINED",1.05,1.25,"NOT_UNIFORM","1.05,1.08,1.1,1.12,1.15,1.18,1.2,1.22,1.25","SYNTHETIC_ASSUMED","F",1.7829188402208769,"TESTER_A",20260115,"temporal_parametric_v1.0.0","DTL_TEMPORAL_PARAMETRIC_V1","DTL_TEMPORAL_ACTUAL_DIE_V1","DTL_TEMPORAL_POPULATION_V1"
"2026-01","January 2026",1,"DTL_NORM_001","DTL_NORM_001_D001","die_001",1,"NORMAL","COND_RT_LOWV",25,0.9,"LOW_VDD","T_IDDQ","IDDQ",50.45136614745931,"uA","UPPER",50,"NOT_DEFINED",30,100,"NOT_UNIFORM","30.0,35.0,40.0,45.0,50.0,55.0,60.0,70.0,80.0,100.0","SYNTHETIC_ASSUMED","F",1.7829188402208769,"TESTER_A",20260115,"temporal_parametric_v1.0.0","DTL_TEMPORAL_PARAMETRIC_V1","DTL_TEMPORAL_ACTUAL_DIE_V1","DTL_TEMPORAL_POPULATION_V1"
"2026-01","January 2026",1,"DTL_NORM_001","DTL_NORM_001_D001","die_001",1,"NORMAL","COND_RT_LOWV",25,0.9,"LOW_VDD","T_SUPPLY_CURRENT","SUPPLY_CURRENT",105.56422285470792,"mA","UPPER",120,"NOT_DEFINED",90,200,"NOT_UNIFORM","90.0,100.0,110.0,120.0,130.0,140.0,150.0,170.0,200.0","SYNTHETIC_ASSUMED","P",1.7829188402208769,"TESTER_A",20260115,"temporal_parametric_v1.0.0","DTL_TEMPORAL_PARAMETRIC_V1","DTL_TEMPORAL_ACTUAL_DIE_V1","DTL_TEMPORAL_POPULATION_V1"
"2026-01","January 2026",1,"DTL_NORM_001","DTL_NORM_001_D001","die_001",1,"NORMAL","COND_HOT_HIGHV",85,1.1,"HIGH_VDD","T_CONTACT_R","CONTACT_RESISTANCE",4.472540116768673,"ohm","UPPER",5,"NOT_DEFINED",3.5,10,"NOT_UNIFORM","3.5,4.0,4.5,5.0,5.5,6.0,7.0,8.0,10.0","SYNTHETIC_ASSUMED","P",1.7829188402208769,"TESTER_A",20260115,"temporal_parametric_v1.0.0","DTL_TEMPORAL_PARAMETRIC_V1","DTL_TEMPORAL_ACTUAL_DIE_V1","DTL_TEMPORAL_POPULATION_V1"
"2026-01","January 2026",1,"DTL_NORM_001","DTL_NORM_001_D001","die_001",1,"NORMAL","COND_HOT_HIGHV",85,1.1,"HIGH_VDD","T_INTERCONNECT_R","INTERCONNECT_RESISTANCE",14.180765716561805,"ohm","UPPER",15,"NOT_DEFINED",11,25,"NOT_UNIFORM","11.0,12.0,13.0,14.0,15.0,16.0,18.0,20.0,25.0","SYNTHETIC_ASSUMED","P",1.7829188402208769,"TESTER_A",20260115,"temporal_parametric_v1.0.0","DTL_TEMPORAL_PARAMETRIC_V1","DTL_TEMPORAL_ACTUAL_DIE_V1","DTL_TEMPORAL_POPULATION_V1"
"2026-01","January 2026",1,"DTL_NORM_001","DTL_NORM_001_D001","die_001",1,"NORMAL","COND_HOT_HIGHV",85,1.1,"HIGH_VDD","T_ON_R","ON_RESISTANCE",23.644739329197307,"ohm","UPPER",25,"NOT_DEFINED",18,50,"NOT_UNIFORM","18.0,20.0,22.0,25.0,28.0,30.0,35.0,40.0,50.0","SYNTHETIC_ASSUMED","P",1.7829188402208769,"TESTER_A",20260115,"temporal_parametric_v1.0.0","DTL_TEMPORAL_PARAMETRIC_V1","DTL_TEMPORAL_ACTUAL_DIE_V1","DTL_TEMPORAL_POPULATION_V1"
"2026-01","January 2026",1,"DTL_NORM_001","DTL_NORM_001_D001","die_001",1,"NORMAL","COND_HOT_HIGHV",85,1.1,"HIGH_VDD","T_VMIN","VMIN",0.9018425105019148,"V","UPPER",0.85,"NOT_DEFINED",0.75,1,"NOT_UNIFORM","0.75,0.78,0.8,0.82,0.85,0.88,0.9,0.92,0.95,1.0","SYNTHETIC_ASSUMED","F",1.7829188402208769,"TESTER_A",20260115,"temporal_parametric_v1.0.0","DTL_TEMPORAL_PARAMETRIC_V1","DTL_TEMPORAL_ACTUAL_DIE_V1","DTL_TEMPORAL_POPULATION_V1"
"2026-01","January 2026",1,"DTL_NORM_001","DTL_NORM_001_D001","die_001",1,"NORMAL","COND_HOT_HIGHV",85,1.1,"HIGH_VDD","T_VMAX","VMAX",1.1736599530929033,"V","LOWER",1.15,"NOT_DEFINED",1.05,1.25,"NOT_UNIFORM","1.05,1.08,1.1,1.12,1.15,1.18,1.2,1.22,1.25","SYNTHETIC_ASSUMED","P",1.7829188402208769,"TESTER_A",20260115,"temporal_parametric_v1.0.0","DTL_TEMPORAL_PARAMETRIC_V1","DTL_TEMPORAL_ACTUAL_DIE_V1","DTL_TEMPORAL_POPULATION_V1"
"2026-01","January 2026",1,"DTL_NORM_001","DTL_NORM_001_D001","die_001",1,"NORMAL","COND_HOT_HIGHV",85,1.1,"HIGH_VDD","T_IDDQ","IDDQ",56.189433032725255,"uA","UPPER",50,"NOT_DEFINED",30,100,"NOT_UNIFORM","30.0,35.0,40.0,45.0,50.0,55.0,60.0,70.0,80.0,100.0","SYNTHETIC_ASSUMED","F",1.7829188402208769,"TESTER_A",20260115,"temporal_parametric_v1.0.0","DTL_TEMPORAL_PARAMETRIC_V1","DTL_TEMPORAL_ACTUAL_DIE_V1","DTL_TEMPORAL_POPULATION_V1"
"2026-01","January 2026",1,"DTL_NORM_001","DTL_NORM_001_D001","die_001",1,"NORMAL","COND_HOT_HIGHV",85,1.1,"HIGH_VDD","T_SUPPLY_CURRENT","SUPPLY_CURRENT",106.89911219348774,"mA","UPPER",120,"NOT_DEFINED",90,200,"NOT_UNIFORM","90.0,100.0,110.0,120.0,130.0,140.0,150.0,170.0,200.0","SYNTHETIC_ASSUMED","P",1.7829188402208769,"TESTER_A",20260115,"temporal_parametric_v1.0.0","DTL_TEMPORAL_PARAMETRIC_V1","DTL_TEMPORAL_ACTUAL_DIE_V1","DTL_TEMPORAL_POPULATION_V1"
"2026-01","January 2026",1,"DTL_NORM_001","DTL_NORM_001_D002","die_002",2,"NORMAL","COND_RT_NOM",25,1,"NOMINAL","T_CONTACT_R","CONTACT_RESISTANCE",3.176792561743945,"ohm","UPPER",5,"NOT_DEFINED",3.5,10,"NOT_UNIFORM","3.5,4.0,4.5,5.0,5.5,6.0,7.0,8.0,10.0","SYNTHETIC_ASSUMED","P",0.6522879931581304,"TESTER_A",20260115,"temporal_parametric_v1.0.0","DTL_TEMPORAL_PARAMETRIC_V1","DTL_TEMPORAL_ACTUAL_DIE_V1","DTL_TEMPORAL_POPULATION_V1"
"2026-01","January 2026",1,"DTL_NORM_001","DTL_NORM_001_D002","die_002",2,"NORMAL","COND_RT_NOM",25,1,"NOMINAL","T_INTERCONNECT_R","INTERCONNECT_RESISTANCE",11.896708096140909,"ohm","UPPER",15,"NOT_DEFINED",11,25,"NOT_UNIFORM","11.0,12.0,13.0,14.0,15.0,16.0,18.0,20.0,25.0","SYNTHETIC_ASSUMED","P",0.6522879931581304,"TESTER_A",20260115,"temporal_parametric_v1.0.0","DTL_TEMPORAL_PARAMETRIC_V1","DTL_TEMPORAL_ACTUAL_DIE_V1","DTL_TEMPORAL_POPULATION_V1"
"2026-01","January 2026",1,"DTL_NORM_001","DTL_NORM_001_D002","die_002",2,"NORMAL","COND_RT_NOM",25,1,"NOMINAL","T_ON_R","ON_RESISTANCE",21.645559999324885,"ohm","UPPER",25,"NOT_DEFINED",18,50,"NOT_UNIFORM","18.0,20.0,22.0,25.0,28.0,30.0,35.0,40.0,50.0","SYNTHETIC_ASSUMED","P",0.6522879931581304,"TESTER_A",20260115,"temporal_parametric_v1.0.0","DTL_TEMPORAL_PARAMETRIC_V1","DTL_TEMPORAL_ACTUAL_DIE_V1","DTL_TEMPORAL_POPULATION_V1"
"2026-01","January 2026",1,"DTL_NORM_001","DTL_NORM_001_D002","die_002",2,"NORMAL","COND_RT_NOM",25,1,"NOMINAL","T_VMIN","VMIN",0.8183628265822573,"V","UPPER",0.85,"NOT_DEFINED",0.75,1,"NOT_UNIFORM","0.75,0.78,0.8,0.82,0.85,0.88,0.9,0.92,0.95,1.0","SYNTHETIC_ASSUMED","P",0.6522879931581304,"TESTER_A",20260115,"temporal_parametric_v1.0.0","DTL_TEMPORAL_PARAMETRIC_V1","DTL_TEMPORAL_ACTUAL_DIE_V1","DTL_TEMPORAL_POPULATION_V1"
"2026-01","January 2026",1,"DTL_NORM_001","DTL_NORM_001_D002","die_002",2,"NORMAL","COND_RT_NOM",25,1,"NOMINAL","T_VMAX","VMAX",1.2429249384733745,"V","LOWER",1.15,"NOT_DEFINED",1.05,1.25,"NOT_UNIFORM","1.05,1.08,1.1,1.12,1.15,1.18,1.2,1.22,1.25","SYNTHETIC_ASSUMED","P",0.6522879931581304,"TESTER_A",20260115,"temporal_parametric_v1.0.0","DTL_TEMPORAL_PARAMETRIC_V1","DTL_TEMPORAL_ACTUAL_DIE_V1","DTL_TEMPORAL_POPULATION_V1"
"2026-01","January 2026",1,"DTL_NORM_001","DTL_NORM_001_D002","die_002",2,"NORMAL","COND_RT_NOM",25,1,"NOMINAL","T_IDDQ","IDDQ",42.8033666993958,"uA","UPPER",50,"NOT_DEFINED",30,100,"NOT_UNIFORM","30.0,35.0,40.0,45.0,50.0,55.0,60.0,70.0,80.0,100.0","SYNTHETIC_ASSUMED","P",0.6522879931581304,"TESTER_A",20260115,"temporal_parametric_v1.0.0","DTL_TEMPORAL_PARAMETRIC_V1","DTL_TEMPORAL_ACTUAL_DIE_V1","DTL_TEMPORAL_POPULATION_V1"
"2026-01","January 2026",1,"DTL_NORM_001","DTL_NORM_001_D002","die_002",2,"NORMAL","COND_RT_NOM",25,1,"NOMINAL","T_SUPPLY_CURRENT","SUPPLY_CURRENT",101.339215692999,"mA","UPPER",120,"NOT_DEFINED",90,200,"NOT_UNIFORM","90.0,100.0,110.0,120.0,130.0,140.0,150.0,170.0,200.0","SYNTHETIC_ASSUMED","P",0.6522879931581304,"TESTER_A",20260115,"temporal_parametric_v1.0.0","DTL_TEMPORAL_PARAMETRIC_V1","DTL_TEMPORAL_ACTUAL_DIE_V1","DTL_TEMPORAL_POPULATION_V1"
"2026-01","January 2026",1,"DTL_NORM_001","DTL_NORM_001_D002","die_002",2,"NORMAL","COND_HOT_NOM",85,1,"HOT","T_CONTACT_R","CONTACT_RESISTANCE",4.19691703049542,"ohm","UPPER",5,"NOT_DEFINED",3.5,10,"NOT_UNIFORM","3.5,4.0,4.5,5.0,5.5,6.0,7.0,8.0,10.0","SYNTHETIC_ASSUMED","P",0.6522879931581304,"TESTER_A",20260115,"temporal_parametric_v1.0.0","DTL_TEMPORAL_PARAMETRIC_V1","DTL_TEMPORAL_ACTUAL_DIE_V1","DTL_TEMPORAL_POPULATION_V1"
"2026-01","January 2026",1,"DTL_NORM_001","DTL_NORM_001_D002","die_002",2,"NORMAL","COND_HOT_NOM",85,1,"HOT","T_INTERCONNECT_R","INTERCONNECT_RESISTANCE",12.321486605352312,"ohm","UPPER",15,"NOT_DEFINED",11,25,"NOT_UNIFORM","11.0,12.0,13.0,14.0,15.0,16.0,18.0,20.0,25.0","SYNTHETIC_ASSUMED","P",0.6522879931581304,"TESTER_A",20260115,"temporal_parametric_v1.0.0","DTL_TEMPORAL_PARAMETRIC_V1","DTL_TEMPORAL_ACTUAL_DIE_V1","DTL_TEMPORAL_POPULATION_V1"
"2026-01","January 2026",1,"DTL_NORM_001","DTL_NORM_001_D002","die_002",2,"NORMAL","COND_HOT_NOM",85,1,"HOT","T_ON_R","ON_RESISTANCE",21.85677126741552,"ohm","UPPER",25,"NOT_DEFINED",18,50,"NOT_UNIFORM","18.0,20.0,22.0,25.0,28.0,30.0,35.0,40.0,50.0","SYNTHETIC_ASSUMED","P",0.6522879931581304,"TESTER_A",20260115,"temporal_parametric_v1.0.0","DTL_TEMPORAL_PARAMETRIC_V1","DTL_TEMPORAL_ACTUAL_DIE_V1","DTL_TEMPORAL_POPULATION_V1"
"2026-01","January 2026",1,"DTL_NORM_001","DTL_NORM_001_D002","die_002",2,"NORMAL","COND_HOT_NOM",85,1,"HOT","T_VMIN","VMIN",0.8266496642647126,"V","UPPER",0.85,"NOT_DEFINED",0.75,1,"NOT_UNIFORM","0.75,0.78,0.8,0.82,0.85,0.88,0.9,0.92,0.95,1.0","SYNTHETIC_ASSUMED","P",0.6522879931581304,"TESTER_A",20260115,"temporal_parametric_v1.0.0","DTL_TEMPORAL_PARAMETRIC_V1","DTL_TEMPORAL_ACTUAL_DIE_V1","DTL_TEMPORAL_POPULATION_V1"
"2026-01","January 2026",1,"DTL_NORM_001","DTL_NORM_001_D002","die_002",2,"NORMAL","COND_HOT_NOM",85,1,"HOT","T_VMAX","VMAX",1.1940995785275428,"V","LOWER",1.15,"NOT_DEFINED",1.05,1.25,"NOT_UNIFORM","1.05,1.08,1.1,1.12,1.15,1.18,1.2,1.22,1.25","SYNTHETIC_ASSUMED","P",0.6522879931581304,"TESTER_A",20260115,"temporal_parametric_v1.0.0","DTL_TEMPORAL_PARAMETRIC_V1","DTL_TEMPORAL_ACTUAL_DIE_V1","DTL_TEMPORAL_POPULATION_V1"
"2026-01","January 2026",1,"DTL_NORM_001","DTL_NORM_001_D002","die_002",2,"NORMAL","COND_HOT_NOM",85,1,"HOT","T_IDDQ","IDDQ",51.98701611182676,"uA","UPPER",50,"NOT_DEFINED",30,100,"NOT_UNIFORM","30.0,35.0,40.0,45.0,50.0,55.0,60.0,70.0,80.0,100.0","SYNTHETIC_ASSUMED","F",0.6522879931581304,"TESTER_A",20260115,"temporal_parametric_v1.0.0","DTL_TEMPORAL_PARAMETRIC_V1","DTL_TEMPORAL_ACTUAL_DIE_V1","DTL_TEMPORAL_POPULATION_V1"
"2026-01","January 2026",1,"DTL_NORM_001","DTL_NORM_001_D002","die_002",2,"NORMAL","COND_HOT_NOM",85,1,"HOT","T_SUPPLY_CURRENT","SUPPLY_CURRENT",97.12609072898655,"mA","UPPER",120,"NOT_DEFINED",90,200,"NOT_UNIFORM","90.0,100.0,110.0,120.0,130.0,140.0,150.0,170.0,200.0","SYNTHETIC_ASSUMED","P",0.6522879931581304,"TESTER_A",20260115,"temporal_parametric_v1.0.0","DTL_TEMPORAL_PARAMETRIC_V1","DTL_TEMPORAL_ACTUAL_DIE_V1","DTL_TEMPORAL_POPULATION_V1"
"2026-01","January 2026",1,"DTL_NORM_001","DTL_NORM_001_D002","die_002",2,"NORMAL","COND_RT_LOWV",25,0.9,"LOW_VDD","T_CONTACT_R","CONTACT_RESISTANCE",4.011175601706929,"ohm","UPPER",5,"NOT_DEFINED",3.5,10,"NOT_UNIFORM","3.5,4.0,4.5,5.0,5.5,6.0,7.0,8.0,10.0","SYNTHETIC_ASSUMED","P",0.6522879931581304,"TESTER_A",20260115,"temporal_parametric_v1.0.0","DTL_TEMPORAL_PARAMETRIC_V1","DTL_TEMPORAL_ACTUAL_DIE_V1","DTL_TEMPORAL_POPULATION_V1"
"2026-01","January 2026",1,"DTL_NORM_001","DTL_NORM_001_D002","die_002",2,"NORMAL","COND_RT_LOWV",25,0.9,"LOW_VDD","T_INTERCONNECT_R","INTERCONNECT_RESISTANCE",13.046788083832382,"ohm","UPPER",15,"NOT_DEFINED",11,25,"NOT_UNIFORM","11.0,12.0,13.0,14.0,15.0,16.0,18.0,20.0,25.0","SYNTHETIC_ASSUMED","P",0.6522879931581304,"TESTER_A",20260115,"temporal_parametric_v1.0.0","DTL_TEMPORAL_PARAMETRIC_V1","DTL_TEMPORAL_ACTUAL_DIE_V1","DTL_TEMPORAL_POPULATION_V1"
"2026-01","January 2026",1,"DTL_NORM_001","DTL_NORM_001_D002","die_002",2,"NORMAL","COND_RT_LOWV",25,0.9,"LOW_VDD","T_ON_R","ON_RESISTANCE",20.09632348540337,"ohm","UPPER",25,"NOT_DEFINED",18,50,"NOT_UNIFORM","18.0,20.0,22.0,25.0,28.0,30.0,35.0,40.0,50.0","SYNTHETIC_ASSUMED","P",0.6522879931581304,"TESTER_A",20260115,"temporal_parametric_v1.0.0","DTL_TEMPORAL_PARAMETRIC_V1","DTL_TEMPORAL_ACTUAL_DIE_V1","DTL_TEMPORAL_POPULATION_V1"
"2026-01","January 2026",1,"DTL_NORM_001","DTL_NORM_001_D002","die_002",2,"NORMAL","COND_RT_LOWV",25,0.9,"LOW_VDD","T_VMIN","VMIN",0.8279934474069301,"V","UPPER",0.85,"NOT_DEFINED",0.75,1,"NOT_UNIFORM","0.75,0.78,0.8,0.82,0.85,0.88,0.9,0.92,0.95,1.0","SYNTHETIC_ASSUMED","P",0.6522879931581304,"TESTER_A",20260115,"temporal_parametric_v1.0.0","DTL_TEMPORAL_PARAMETRIC_V1","DTL_TEMPORAL_ACTUAL_DIE_V1","DTL_TEMPORAL_POPULATION_V1"
"2026-01","January 2026",1,"DTL_NORM_001","DTL_NORM_001_D002","die_002",2,"NORMAL","COND_RT_LOWV",25,0.9,"LOW_VDD","T_VMAX","VMAX",1.209679898759626,"V","LOWER",1.15,"NOT_DEFINED",1.05,1.25,"NOT_UNIFORM","1.05,1.08,1.1,1.12,1.15,1.18,1.2,1.22,1.25","SYNTHETIC_ASSUMED","P",0.6522879931581304,"TESTER_A",20260115,"temporal_parametric_v1.0.0","DTL_TEMPORAL_PARAMETRIC_V1","DTL_TEMPORAL_ACTUAL_DIE_V1","DTL_TEMPORAL_POPULATION_V1"
"2026-01","January 2026",1,"DTL_NORM_001","DTL_NORM_001_D002","die_002",2,"NORMAL","COND_RT_LOWV",25,0.9,"LOW_VDD","T_IDDQ","IDDQ",41.65477243496769,"uA","UPPER",50,"NOT_DEFINED",30,100,"NOT_UNIFORM","30.0,35.0,40.0,45.0,50.0,55.0,60.0,70.0,80.0,100.0","SYNTHETIC_ASSUMED","P",0.6522879931581304,"TESTER_A",20260115,"temporal_parametric_v1.0.0","DTL_TEMPORAL_PARAMETRIC_V1","DTL_TEMPORAL_ACTUAL_DIE_V1","DTL_TEMPORAL_POPULATION_V1"
"2026-01","January 2026",1,"DTL_NORM_001","DTL_NORM_001_D002","die_002",2,"NORMAL","COND_RT_LOWV",25,0.9,"LOW_VDD","T_SUPPLY_CURRENT","SUPPLY_CURRENT",96.8700951624556,"mA","UPPER",120,"NOT_DEFINED",90,200,"NOT_UNIFORM","90.0,100.0,110.0,120.0,130.0,140.0,150.0,170.0,200.0","SYNTHETIC_ASSUMED","P",0.6522879931581304,"TESTER_A",20260115,"temporal_parametric_v1.0.0","DTL_TEMPORAL_PARAMETRIC_V1","DTL_TEMPORAL_ACTUAL_DIE_V1","DTL_TEMPORAL_POPULATION_V1"
"2026-01","January 2026",1,"DTL_NORM_001","DTL_NORM_001_D002","die_002",2,"NORMAL","COND_HOT_HIGHV",85,1.1,"HIGH_VDD","T_CONTACT_R","CONTACT_RESISTANCE",3.716423879135657,"ohm","UPPER",5,"NOT_DEFINED",3.5,10,"NOT_UNIFORM","3.5,4.0,4.5,5.0,5.5,6.0,7.0,8.0,10.0","SYNTHETIC_ASSUMED","P",0.6522879931581304,"TESTER_A",20260115,"temporal_parametric_v1.0.0","DTL_TEMPORAL_PARAMETRIC_V1","DTL_TEMPORAL_ACTUAL_DIE_V1","DTL_TEMPORAL_POPULATION_V1"
"2026-01","January 2026",1,"DTL_NORM_001","DTL_NORM_001_D002","die_002",2,"NORMAL","COND_HOT_HIGHV",85,1.1,"HIGH_VDD","T_INTERCONNECT_R","INTERCONNECT_RESISTANCE",11.396188142529615,"ohm","UPPER",15,"NOT_DEFINED",11,25,"NOT_UNIFORM","11.0,12.0,13.0,14.0,15.0,16.0,18.0,20.0,25.0","SYNTHETIC_ASSUMED","P",0.6522879931581304,"TESTER_A",20260115,"temporal_parametric_v1.0.0","DTL_TEMPORAL_PARAMETRIC_V1","DTL_TEMPORAL_ACTUAL_DIE_V1","DTL_TEMPORAL_POPULATION_V1"
"2026-01","January 2026",1,"DTL_NORM_001","DTL_NORM_001_D002","die_002",2,"NORMAL","COND_HOT_HIGHV",85,1.1,"HIGH_VDD","T_ON_R","ON_RESISTANCE",21.52397349072569,"ohm","UPPER",25,"NOT_DEFINED",18,50,"NOT_UNIFORM","18.0,20.0,22.0,25.0,28.0,30.0,35.0,40.0,50.0","SYNTHETIC_ASSUMED","P",0.6522879931581304,"TESTER_A",20260115,"temporal_parametric_v1.0.0","DTL_TEMPORAL_PARAMETRIC_V1","DTL_TEMPORAL_ACTUAL_DIE_V1","DTL_TEMPORAL_POPULATION_V1"
"2026-01","January 2026",1,"DTL_NORM_001","DTL_NORM_001_D002","die_002",2,"NORMAL","COND_HOT_HIGHV",85,1.1,"HIGH_VDD","T_VMIN","VMIN",0.8809905451394127,"V","UPPER",0.85,"NOT_DEFINED",0.75,1,"NOT_UNIFORM","0.75,0.78,0.8,0.82,0.85,0.88,0.9,0.92,0.95,1.0","SYNTHETIC_ASSUMED","F",0.6522879931581304,"TESTER_A",20260115,"temporal_parametric_v1.0.0","DTL_TEMPORAL_PARAMETRIC_V1","DTL_TEMPORAL_ACTUAL_DIE_V1","DTL_TEMPORAL_POPULATION_V1"
"2026-01","January 2026",1,"DTL_NORM_001","DTL_NORM_001_D002","die_002",2,"NORMAL","COND_HOT_HIGHV",85,1.1,"HIGH_VDD","T_VMAX","VMAX",1.1789792567056514,"V","LOWER",1.15,"NOT_DEFINED",1.05,1.25,"NOT_UNIFORM","1.05,1.08,1.1,1.12,1.15,1.18,1.2,1.22,1.25","SYNTHETIC_ASSUMED","P",0.6522879931581304,"TESTER_A",20260115,"temporal_parametric_v1.0.0","DTL_TEMPORAL_PARAMETRIC_V1","DTL_TEMPORAL_ACTUAL_DIE_V1","DTL_TEMPORAL_POPULATION_V1"
"2026-01","January 2026",1,"DTL_NORM_001","DTL_NORM_001_D002","die_002",2,"NORMAL","COND_HOT_HIGHV",85,1.1,"HIGH_VDD","T_IDDQ","IDDQ",47.74604528834111,"uA","UPPER",50,"NOT_DEFINED",30,100,"NOT_UNIFORM","30.0,35.0,40.0,45.0,50.0,55.0,60.0,70.0,80.0,100.0","SYNTHETIC_ASSUMED","P",0.6522879931581304,"TESTER_A",20260115,"temporal_parametric_v1.0.0","DTL_TEMPORAL_PARAMETRIC_V1","DTL_TEMPORAL_ACTUAL_DIE_V1","DTL_TEMPORAL_POPULATION_V1"
"2026-01","January 2026",1,"DTL_NORM_001","DTL_NORM_001_D002","die_002",2,"NORMAL","COND_HOT_HIGHV",85,1.1,"HIGH_VDD","T_SUPPLY_CURRENT","SUPPLY_CURRENT",112.30190175227014,"mA","UPPER",120,"NOT_DEFINED",90,200,"NOT_UNIFORM","90.0,100.0,110.0,120.0,130.0,140.0,150.0,170.0,200.0","SYNTHETIC_ASSUMED","P",0.6522879931581304,"TESTER_A",20260115,"temporal_parametric_v1.0.0","DTL_TEMPORAL_PARAMETRIC_V1","DTL_TEMPORAL_ACTUAL_DIE_V1","DTL_TEMPORAL_POPULATION_V1"
"2026-01","January 2026",1,"DTL_NORM_001","DTL_NORM_001_D003","die_003",3,"NORMAL","COND_RT_NOM",25,1,"NOMINAL","T_CONTACT_R","CONTACT_RESISTANCE",4.644165197165086,"ohm","UPPER",5,"NOT_DEFINED",3.5,10,"NOT_UNIFORM","3.5,4.0,4.5,5.0,5.5,6.0,7.0,8.0,10.0","SYNTHETIC_ASSUMED","P",1.95589567142109,"TESTER_A",20260115,"temporal_parametric_v1.0.0","DTL_TEMPORAL_PARAMETRIC_V1","DTL_TEMPORAL_ACTUAL_DIE_V1","DTL_TEMPORAL_POPULATION_V1"
"2026-01","January 2026",1,"DTL_NORM_001","DTL_NORM_001_D003","die_003",3,"NORMAL","COND_RT_NOM",25,1,"NOMINAL","T_INTERCONNECT_R","INTERCONNECT_RESISTANCE",14.438901524896425,"ohm","UPPER",15,"NOT_DEFINED",11,25,"NOT_UNIFORM","11.0,12.0,13.0,14.0,15.0,16.0,18.0,20.0,25.0","SYNTHETIC_ASSUMED","P",1.95589567142109,"TESTER_A",20260115,"temporal_parametric_v1.0.0","DTL_TEMPORAL_PARAMETRIC_V1","DTL_TEMPORAL_ACTUAL_DIE_V1","DTL_TEMPORAL_POPULATION_V1"
"2026-01","January 2026",1,"DTL_NORM_001","DTL_NORM_001_D003","die_003",3,"NORMAL","COND_RT_NOM",25,1,"NOMINAL","T_ON_R","ON_RESISTANCE",26.387308852203923,"ohm","UPPER",25,"NOT_DEFINED",18,50,"NOT_UNIFORM","18.0,20.0,22.0,25.0,28.0,30.0,35.0,40.0,50.0","SYNTHETIC_ASSUMED","F",1.95589567142109,"TESTER_A",20260115,"temporal_parametric_v1.0.0","DTL_TEMPORAL_PARAMETRIC_V1","DTL_TEMPORAL_ACTUAL_DIE_V1","DTL_TEMPORAL_POPULATION_V1"
"2026-01","January 2026",1,"DTL_NORM_001","DTL_NORM_001_D003","die_003",3,"NORMAL","COND_RT_NOM",25,1,"NOMINAL","T_VMIN","VMIN",0.9077469460964896,"V","UPPER",0.85,"NOT_DEFINED",0.75,1,"NOT_UNIFORM","0.75,0.78,0.8,0.82,0.85,0.88,0.9,0.92,0.95,1.0","SYNTHETIC_ASSUMED","F",1.95589567142109,"TESTER_A",20260115,"temporal_parametric_v1.0.0","DTL_TEMPORAL_PARAMETRIC_V1","DTL_TEMPORAL_ACTUAL_DIE_V1","DTL_TEMPORAL_POPULATION_V1"
"2026-01","January 2026",1,"DTL_NORM_001","DTL_NORM_001_D003","die_003",3,"NORMAL","COND_RT_NOM",25,1,"NOMINAL","T_VMAX","VMAX",1.092057435666606,"V","LOWER",1.15,"NOT_DEFINED",1.05,1.25,"NOT_UNIFORM","1.05,1.08,1.1,1.12,1.15,1.18,1.2,1.22,1.25","SYNTHETIC_ASSUMED","F",1.95589567142109,"TESTER_A",20260115,"temporal_parametric_v1.0.0","DTL_TEMPORAL_PARAMETRIC_V1","DTL_TEMPORAL_ACTUAL_DIE_V1","DTL_TEMPORAL_POPULATION_V1"
"2026-01","January 2026",1,"DTL_NORM_001","DTL_NORM_001_D003","die_003",3,"NORMAL","COND_RT_NOM",25,1,"NOMINAL","T_IDDQ","IDDQ",53.77408049697878,"uA","UPPER",50,"NOT_DEFINED",30,100,"NOT_UNIFORM","30.0,35.0,40.0,45.0,50.0,55.0,60.0,70.0,80.0,100.0","SYNTHETIC_ASSUMED","F",1.95589567142109,"TESTER_A",20260115,"temporal_parametric_v1.0.0","DTL_TEMPORAL_PARAMETRIC_V1","DTL_TEMPORAL_ACTUAL_DIE_V1","DTL_TEMPORAL_POPULATION_V1"
"2026-01","January 2026",1,"DTL_NORM_001","DTL_NORM_001_D003","die_003",3,"NORMAL","COND_RT_NOM",25,1,"NOMINAL","T_SUPPLY_CURRENT","SUPPLY_CURRENT",110.11697210437823,"mA","UPPER",120,"NOT_DEFINED",90,200,"NOT_UNIFORM","90.0,100.0,110.0,120.0,130.0,140.0,150.0,170.0,200.0","SYNTHETIC_ASSUMED","P",1.95589567142109,"TESTER_A",20260115,"temporal_parametric_v1.0.0","DTL_TEMPORAL_PARAMETRIC_V1","DTL_TEMPORAL_ACTUAL_DIE_V1","DTL_TEMPORAL_POPULATION_V1"
"2026-01","January 2026",1,"DTL_NORM_001","DTL_NORM_001_D003","die_003",3,"NORMAL","COND_HOT_NOM",85,1,"HOT","T_CONTACT_R","CONTACT_RESISTANCE",4.912741419464138,"ohm","UPPER",5,"NOT_DEFINED",3.5,10,"NOT_UNIFORM","3.5,4.0,4.5,5.0,5.5,6.0,7.0,8.0,10.0","SYNTHETIC_ASSUMED","P",1.95589567142109,"TESTER_A",20260115,"temporal_parametric_v1.0.0","DTL_TEMPORAL_PARAMETRIC_V1","DTL_TEMPORAL_ACTUAL_DIE_V1","DTL_TEMPORAL_POPULATION_V1"
"2026-01","January 2026",1,"DTL_NORM_001","DTL_NORM_001_D003","die_003",3,"NORMAL","COND_HOT_NOM",85,1,"HOT","T_INTERCONNECT_R","INTERCONNECT_RESISTANCE",14.755644115440878,"ohm","UPPER",15,"NOT_DEFINED",11,25,"NOT_UNIFORM","11.0,12.0,13.0,14.0,15.0,16.0,18.0,20.0,25.0","SYNTHETIC_ASSUMED","P",1.95589567142109,"TESTER_A",20260115,"temporal_parametric_v1.0.0","DTL_TEMPORAL_PARAMETRIC_V1","DTL_TEMPORAL_ACTUAL_DIE_V1","DTL_TEMPORAL_POPULATION_V1"
"2026-01","January 2026",1,"DTL_NORM_001","DTL_NORM_001_D003","die_003",3,"NORMAL","COND_HOT_NOM",85,1,"HOT","T_ON_R","ON_RESISTANCE",22.42477044878562,"ohm","UPPER",25,"NOT_DEFINED",18,50,"NOT_UNIFORM","18.0,20.0,22.0,25.0,28.0,30.0,35.0,40.0,50.0","SYNTHETIC_ASSUMED","P",1.95589567142109,"TESTER_A",20260115,"temporal_parametric_v1.0.0","DTL_TEMPORAL_PARAMETRIC_V1","DTL_TEMPORAL_ACTUAL_DIE_V1","DTL_TEMPORAL_POPULATION_V1"
"2026-01","January 2026",1,"DTL_NORM_001","DTL_NORM_001_D003","die_003",3,"NORMAL","COND_HOT_NOM",85,1,"HOT","T_VMIN","VMIN",0.881895443215482,"V","UPPER",0.85,"NOT_DEFINED",0.75,1,"NOT_UNIFORM","0.75,0.78,0.8,0.82,0.85,0.88,0.9,0.92,0.95,1.0","SYNTHETIC_ASSUMED","F",1.95589567142109,"TESTER_A",20260115,"temporal_parametric_v1.0.0","DTL_TEMPORAL_PARAMETRIC_V1","DTL_TEMPORAL_ACTUAL_DIE_V1","DTL_TEMPORAL_POPULATION_V1"
"2026-01","January 2026",1,"DTL_NORM_001","DTL_NORM_001_D003","die_003",3,"NORMAL","COND_HOT_NOM",85,1,"HOT","T_VMAX","VMAX",1.057905820037598,"V","LOWER",1.15,"NOT_DEFINED",1.05,1.25,"NOT_UNIFORM","1.05,1.08,1.1,1.12,1.15,1.18,1.2,1.22,1.25","SYNTHETIC_ASSUMED","F",1.95589567142109,"TESTER_A",20260115,"temporal_parametric_v1.0.0","DTL_TEMPORAL_PARAMETRIC_V1","DTL_TEMPORAL_ACTUAL_DIE_V1","DTL_TEMPORAL_POPULATION_V1"
"2026-01","January 2026",1,"DTL_NORM_001","DTL_NORM_001_D003","die_003",3,"NORMAL","COND_HOT_NOM",85,1,"HOT","T_IDDQ","IDDQ",60.76853549922272,"uA","UPPER",50,"NOT_DEFINED",30,100,"NOT_UNIFORM","30.0,35.0,40.0,45.0,50.0,55.0,60.0,70.0,80.0,100.0","SYNTHETIC_ASSUMED","F",1.95589567142109,"TESTER_A",20260115,"temporal_parametric_v1.0.0","DTL_TEMPORAL_PARAMETRIC_V1","DTL_TEMPORAL_ACTUAL_DIE_V1","DTL_TEMPORAL_POPULATION_V1"
"2026-01","January 2026",1,"DTL_NORM_001","DTL_NORM_001_D003","die_003",3,"NORMAL","COND_HOT_NOM",85,1,"HOT","T_SUPPLY_CURRENT","SUPPLY_CURRENT",119.55372380326564,"mA","UPPER",120,"NOT_DEFINED",90,200,"NOT_UNIFORM","90.0,100.0,110.0,120.0,130.0,140.0,150.0,170.0,200.0","SYNTHETIC_ASSUMED","P",1.95589567142109,"TESTER_A",20260115,"temporal_parametric_v1.0.0","DTL_TEMPORAL_PARAMETRIC_V1","DTL_TEMPORAL_ACTUAL_DIE_V1","DTL_TEMPORAL_POPULATION_V1"
"2026-01","January 2026",1,"DTL_NORM_001","DTL_NORM_001_D003","die_003",3,"NORMAL","COND_RT_LOWV",25,0.9,"LOW_VDD","T_CONTACT_R","CONTACT_RESISTANCE",4.9412555051698215,"ohm","UPPER",5,"NOT_DEFINED",3.5,10,"NOT_UNIFORM","3.5,4.0,4.5,5.0,5.5,6.0,7.0,8.0,10.0","SYNTHETIC_ASSUMED","P",1.95589567142109,"TESTER_A",20260115,"temporal_parametric_v1.0.0","DTL_TEMPORAL_PARAMETRIC_V1","DTL_TEMPORAL_ACTUAL_DIE_V1","DTL_TEMPORAL_POPULATION_V1"
"2026-01","January 2026",1,"DTL_NORM_001","DTL_NORM_001_D003","die_003",3,"NORMAL","COND_RT_LOWV",25,0.9,"LOW_VDD","T_INTERCONNECT_R","INTERCONNECT_RESISTANCE",14.433468124029254,"ohm","UPPER",15,"NOT_DEFINED",11,25,"NOT_UNIFORM","11.0,12.0,13.0,14.0,15.0,16.0,18.0,20.0,25.0","SYNTHETIC_ASSUMED","P",1.95589567142109,"TESTER_A",20260115,"temporal_parametric_v1.0.0","DTL_TEMPORAL_PARAMETRIC_V1","DTL_TEMPORAL_ACTUAL_DIE_V1","DTL_TEMPORAL_POPULATION_V1"
"2026-01","January 2026",1,"DTL_NORM_001","DTL_NORM_001_D003","die_003",3,"NORMAL","COND_RT_LOWV",25,0.9,"LOW_VDD","T_ON_R","ON_RESISTANCE",25.60904113231852,"ohm","UPPER",25,"NOT_DEFINED",18,50,"NOT_UNIFORM","18.0,20.0,22.0,25.0,28.0,30.0,35.0,40.0,50.0","SYNTHETIC_ASSUMED","F",1.95589567142109,"TESTER_A",20260115,"temporal_parametric_v1.0.0","DTL_TEMPORAL_PARAMETRIC_V1","DTL_TEMPORAL_ACTUAL_DIE_V1","DTL_TEMPORAL_POPULATION_V1"
"2026-01","January 2026",1,"DTL_NORM_001","DTL_NORM_001_D003","die_003",3,"NORMAL","COND_RT_LOWV",25,0.9,"LOW_VDD","T_VMIN","VMIN",0.8655914713951774,"V","UPPER",0.85,"NOT_DEFINED",0.75,1,"NOT_UNIFORM","0.75,0.78,0.8,0.82,0.85,0.88,0.9,0.92,0.95,1.0","SYNTHETIC_ASSUMED","F",1.95589567142109,"TESTER_A",20260115,"temporal_parametric_v1.0.0","DTL_TEMPORAL_PARAMETRIC_V1","DTL_TEMPORAL_ACTUAL_DIE_V1","DTL_TEMPORAL_POPULATION_V1"
"2026-01","January 2026",1,"DTL_NORM_001","DTL_NORM_001_D003","die_003",3,"NORMAL","COND_RT_LOWV",25,0.9,"LOW_VDD","T_VMAX","VMAX",1.0971343674240734,"V","LOWER",1.15,"NOT_DEFINED",1.05,1.25,"NOT_UNIFORM","1.05,1.08,1.1,1.12,1.15,1.18,1.2,1.22,1.25","SYNTHETIC_ASSUMED","F",1.95589567142109,"TESTER_A",20260115,"temporal_parametric_v1.0.0","DTL_TEMPORAL_PARAMETRIC_V1","DTL_TEMPORAL_ACTUAL_DIE_V1","DTL_TEMPORAL_POPULATION_V1"
"2026-01","January 2026",1,"DTL_NORM_001","DTL_NORM_001_D003","die_003",3,"NORMAL","COND_RT_LOWV",25,0.9,"LOW_VDD","T_IDDQ","IDDQ",46.40202214878798,"uA","UPPER",50,"NOT_DEFINED",30,100,"NOT_UNIFORM","30.0,35.0,40.0,45.0,50.0,55.0,60.0,70.0,80.0,100.0","SYNTHETIC_ASSUMED","P",1.95589567142109,"TESTER_A",20260115,"temporal_parametric_v1.0.0","DTL_TEMPORAL_PARAMETRIC_V1","DTL_TEMPORAL_ACTUAL_DIE_V1","DTL_TEMPORAL_POPULATION_V1"
"2026-01","January 2026",1,"DTL_NORM_001","DTL_NORM_001_D003","die_003",3,"NORMAL","COND_RT_LOWV",25,0.9,"LOW_VDD","T_SUPPLY_CURRENT","SUPPLY_CURRENT",110.3279498547362,"mA","UPPER",120,"NOT_DEFINED",90,200,"NOT_UNIFORM","90.0,100.0,110.0,120.0,130.0,140.0,150.0,170.0,200.0","SYNTHETIC_ASSUMED","P",1.95589567142109,"TESTER_A",20260115,"temporal_parametric_v1.0.0","DTL_TEMPORAL_PARAMETRIC_V1","DTL_TEMPORAL_ACTUAL_DIE_V1","DTL_TEMPORAL_POPULATION_V1"
"2026-01","January 2026",1,"DTL_NORM_001","DTL_NORM_001_D003","die_003",3,"NORMAL","COND_HOT_HIGHV",85,1.1,"HIGH_VDD","T_CONTACT_R","CONTACT_RESISTANCE",4.655418711389451,"ohm","UPPER",5,"NOT_DEFINED",3.5,10,"NOT_UNIFORM","3.5,4.0,4.5,5.0,5.5,6.0,7.0,8.0,10.0","SYNTHETIC_ASSUMED","P",1.95589567142109,"TESTER_A",20260115,"temporal_parametric_v1.0.0","DTL_TEMPORAL_PARAMETRIC_V1","DTL_TEMPORAL_ACTUAL_DIE_V1","DTL_TEMPORAL_POPULATION_V1"
"2026-01","January 2026",1,"DTL_NORM_001","DTL_NORM_001_D003","die_003",3,"NORMAL","COND_HOT_HIGHV",85,1.1,"HIGH_VDD","T_INTERCONNECT_R","INTERCONNECT_RESISTANCE",14.126657260118613,"ohm","UPPER",15,"NOT_DEFINED",11,25,"NOT_UNIFORM","11.0,12.0,13.0,14.0,15.0,16.0,18.0,20.0,25.0","SYNTHETIC_ASSUMED","P",1.95589567142109,"TESTER_A",20260115,"temporal_parametric_v1.0.0","DTL_TEMPORAL_PARAMETRIC_V1","DTL_TEMPORAL_ACTUAL_DIE_V1","DTL_TEMPORAL_POPULATION_V1"
"2026-01","January 2026",1,"DTL_NORM_001","DTL_NORM_001_D003","die_003",3,"NORMAL","COND_HOT_HIGHV",85,1.1,"HIGH_VDD","T_ON_R","ON_RESISTANCE",26.373539407217883,"ohm","UPPER",25,"NOT_DEFINED",18,50,"NOT_UNIFORM","18.0,20.0,22.0,25.0,28.0,30.0,35.0,40.0,50.0","SYNTHETIC_ASSUMED","F",1.95589567142109,"TESTER_A",20260115,"temporal_parametric_v1.0.0","DTL_TEMPORAL_PARAMETRIC_V1","DTL_TEMPORAL_ACTUAL_DIE_V1","DTL_TEMPORAL_POPULATION_V1"
"2026-01","January 2026",1,"DTL_NORM_001","DTL_NORM_001_D003","die_003",3,"NORMAL","COND_HOT_HIGHV",85,1.1,"HIGH_VDD","T_VMIN","VMIN",0.939021724570376,"V","UPPER",0.85,"NOT_DEFINED",0.75,1,"NOT_UNIFORM","0.75,0.78,0.8,0.82,0.85,0.88,0.9,0.92,0.95,1.0","SYNTHETIC_ASSUMED","F",1.95589567142109,"TESTER_A",20260115,"temporal_parametric_v1.0.0","DTL_TEMPORAL_PARAMETRIC_V1","DTL_TEMPORAL_ACTUAL_DIE_V1","DTL_TEMPORAL_POPULATION_V1"
"2026-01","January 2026",1,"DTL_NORM_001","DTL_NORM_001_D003","die_003",3,"NORMAL","COND_HOT_HIGHV",85,1.1,"HIGH_VDD","T_VMAX","VMAX",1.1435239774795938,"V","LOWER",1.15,"NOT_DEFINED",1.05,1.25,"NOT_UNIFORM","1.05,1.08,1.1,1.12,1.15,1.18,1.2,1.22,1.25","SYNTHETIC_ASSUMED","F",1.95589567142109,"TESTER_A",20260115,"temporal_parametric_v1.0.0","DTL_TEMPORAL_PARAMETRIC_V1","DTL_TEMPORAL_ACTUAL_DIE_V1","DTL_TEMPORAL_POPULATION_V1"
"2026-01","January 2026",1,"DTL_NORM_001","DTL_NORM_001_D003","die_003",3,"NORMAL","COND_HOT_HIGHV",85,1.1,"HIGH_VDD","T_IDDQ","IDDQ",68.62794092504276,"uA","UPPER",50,"NOT_DEFINED",30,100,"NOT_UNIFORM","30.0,35.0,40.0,45.0,50.0,55.0,60.0,70.0,80.0,100.0","SYNTHETIC_ASSUMED","F",1.95589567142109,"TESTER_A",20260115,"temporal_parametric_v1.0.0","DTL_TEMPORAL_PARAMETRIC_V1","DTL_TEMPORAL_ACTUAL_DIE_V1","DTL_TEMPORAL_POPULATION_V1"
"2026-01","January 2026",1,"DTL_NORM_001","DTL_NORM_001_D003","die_003",3,"NORMAL","COND_HOT_HIGHV",85,1.1,"HIGH_VDD","T_SUPPLY_CURRENT","SUPPLY_CURRENT",119.47613051465206,"mA","UPPER",120,"NOT_DEFINED",90,200,"NOT_UNIFORM","90.0,100.0,110.0,120.0,130.0,140.0,150.0,170.0,200.0","SYNTHETIC_ASSUMED","P",1.95589567142109,"TESTER_A",20260115,"temporal_parametric_v1.0.0","DTL_TEMPORAL_PARAMETRIC_V1","DTL_TEMPORAL_ACTUAL_DIE_V1","DTL_TEMPORAL_POPULATION_V1"
"2026-01","January 2026",1,"DTL_NORM_002","DTL_NORM_002_D001","die_001",1,"NORMAL","COND_RT_NOM",25,1,"NOMINAL","T_CONTACT_R","CONTACT_RESISTANCE",5.525834517696016,"ohm","UPPER",5,"NOT_DEFINED",3.5,10,"NOT_UNIFORM","3.5,4.0,4.5,5.0,5.5,6.0,7.0,8.0,10.0","SYNTHETIC_ASSUMED","F",1.983841919067931,"TESTER_A",20260115,"temporal_parametric_v1.0.0","DTL_TEMPORAL_PARAMETRIC_V1","DTL_TEMPORAL_ACTUAL_DIE_V1","DTL_TEMPORAL_POPULATION_V1"
"2026-01","January 2026",1,"DTL_NORM_002","DTL_NORM_002_D001","die_001",1,"NORMAL","COND_RT_NOM",25,1,"NOMINAL","T_INTERCONNECT_R","INTERCONNECT_RESISTANCE",14.65431610326998,"ohm","UPPER",15,"NOT_DEFINED",11,25,"NOT_UNIFORM","11.0,12.0,13.0,14.0,15.0,16.0,18.0,20.0,25.0","SYNTHETIC_ASSUMED","P",1.983841919067931,"TESTER_A",20260115,"temporal_parametric_v1.0.0","DTL_TEMPORAL_PARAMETRIC_V1","DTL_TEMPORAL_ACTUAL_DIE_V1","DTL_TEMPORAL_POPULATION_V1"
"2026-01","January 2026",1,"DTL_NORM_002","DTL_NORM_002_D001","die_001",1,"NORMAL","COND_RT_NOM",25,1,"NOMINAL","T_ON_R","ON_RESISTANCE",23.85009256744552,"ohm","UPPER",25,"NOT_DEFINED",18,50,"NOT_UNIFORM","18.0,20.0,22.0,25.0,28.0,30.0,35.0,40.0,50.0","SYNTHETIC_ASSUMED","P",1.983841919067931,"TESTER_A",20260115,"temporal_parametric_v1.0.0","DTL_TEMPORAL_PARAMETRIC_V1","DTL_TEMPORAL_ACTUAL_DIE_V1","DTL_TEMPORAL_POPULATION_V1"
"2026-01","January 2026",1,"DTL_NORM_002","DTL_NORM_002_D001","die_001",1,"NORMAL","COND_RT_NOM",25,1,"NOMINAL","T_VMIN","VMIN",0.8661445247533293,"V","UPPER",0.85,"NOT_DEFINED",0.75,1,"NOT_UNIFORM","0.75,0.78,0.8,0.82,0.85,0.88,0.9,0.92,0.95,1.0","SYNTHETIC_ASSUMED","F",1.983841919067931,"TESTER_A",20260115,"temporal_parametric_v1.0.0","DTL_TEMPORAL_PARAMETRIC_V1","DTL_TEMPORAL_ACTUAL_DIE_V1","DTL_TEMPORAL_POPULATION_V1"
"2026-01","January 2026",1,"DTL_NORM_002","DTL_NORM_002_D001","die_001",1,"NORMAL","COND_RT_NOM",25,1,"NOMINAL","T_VMAX","VMAX",1.1101329036385712,"V","LOWER",1.15,"NOT_DEFINED",1.05,1.25,"NOT_UNIFORM","1.05,1.08,1.1,1.12,1.15,1.18,1.2,1.22,1.25","SYNTHETIC_ASSUMED","F",1.983841919067931,"TESTER_A",20260115,"temporal_parametric_v1.0.0","DTL_TEMPORAL_PARAMETRIC_V1","DTL_TEMPORAL_ACTUAL_DIE_V1","DTL_TEMPORAL_POPULATION_V1"
"2026-01","January 2026",1,"DTL_NORM_002","DTL_NORM_002_D001","die_001",1,"NORMAL","COND_RT_NOM",25,1,"NOMINAL","T_IDDQ","IDDQ",44.93325924524213,"uA","UPPER",50,"NOT_DEFINED",30,100,"NOT_UNIFORM","30.0,35.0,40.0,45.0,50.0,55.0,60.0,70.0,80.0,100.0","SYNTHETIC_ASSUMED","P",1.983841919067931,"TESTER_A",20260115,"temporal_parametric_v1.0.0","DTL_TEMPORAL_PARAMETRIC_V1","DTL_TEMPORAL_ACTUAL_DIE_V1","DTL_TEMPORAL_POPULATION_V1"
"2026-01","January 2026",1,"DTL_NORM_002","DTL_NORM_002_D001","die_001",1,"NORMAL","COND_RT_NOM",25,1,"NOMINAL","T_SUPPLY_CURRENT","SUPPLY_CURRENT",106.70456801806104,"mA","UPPER",120,"NOT_DEFINED",90,200,"NOT_UNIFORM","90.0,100.0,110.0,120.0,130.0,140.0,150.0,170.0,200.0","SYNTHETIC_ASSUMED","P",1.983841919067931,"TESTER_A",20260115,"temporal_parametric_v1.0.0","DTL_TEMPORAL_PARAMETRIC_V1","DTL_TEMPORAL_ACTUAL_DIE_V1","DTL_TEMPORAL_POPULATION_V1"
"2026-01","January 2026",1,"DTL_NORM_002","DTL_NORM_002_D001","die_001",1,"NORMAL","COND_HOT_NOM",85,1,"HOT","T_CONTACT_R","CONTACT_RESISTANCE",5.023795889919134,"ohm","UPPER",5,"NOT_DEFINED",3.5,10,"NOT_UNIFORM","3.5,4.0,4.5,5.0,5.5,6.0,7.0,8.0,10.0","SYNTHETIC_ASSUMED","F",1.983841919067931,"TESTER_A",20260115,"temporal_parametric_v1.0.0","DTL_TEMPORAL_PARAMETRIC_V1","DTL_TEMPORAL_ACTUAL_DIE_V1","DTL_TEMPORAL_POPULATION_V1"
"2026-01","January 2026",1,"DTL_NORM_002","DTL_NORM_002_D001","die_001",1,"NORMAL","COND_HOT_NOM",85,1,"HOT","T_INTERCONNECT_R","INTERCONNECT_RESISTANCE",14.232495325260317,"ohm","UPPER",15,"NOT_DEFINED",11,25,"NOT_UNIFORM","11.0,12.0,13.0,14.0,15.0,16.0,18.0,20.0,25.0","SYNTHETIC_ASSUMED","P",1.983841919067931,"TESTER_A",20260115,"temporal_parametric_v1.0.0","DTL_TEMPORAL_PARAMETRIC_V1","DTL_TEMPORAL_ACTUAL_DIE_V1","DTL_TEMPORAL_POPULATION_V1"
"2026-01","January 2026",1,"DTL_NORM_002","DTL_NORM_002_D001","die_001",1,"NORMAL","COND_HOT_NOM",85,1,"HOT","T_ON_R","ON_RESISTANCE",25.56853860292559,"ohm","UPPER",25,"NOT_DEFINED",18,50,"NOT_UNIFORM","18.0,20.0,22.0,25.0,28.0,30.0,35.0,40.0,50.0","SYNTHETIC_ASSUMED","F",1.983841919067931,"TESTER_A",20260115,"temporal_parametric_v1.0.0","DTL_TEMPORAL_PARAMETRIC_V1","DTL_TEMPORAL_ACTUAL_DIE_V1","DTL_TEMPORAL_POPULATION_V1"
"2026-01","January 2026",1,"DTL_NORM_002","DTL_NORM_002_D001","die_001",1,"NORMAL","COND_HOT_NOM",85,1,"HOT","T_VMIN","VMIN",0.9023870549336676,"V","UPPER",0.85,"NOT_DEFINED",0.75,1,"NOT_UNIFORM","0.75,0.78,0.8,0.82,0.85,0.88,0.9,0.92,0.95,1.0","SYNTHETIC_ASSUMED","F",1.983841919067931,"TESTER_A",20260115,"temporal_parametric_v1.0.0","DTL_TEMPORAL_PARAMETRIC_V1","DTL_TEMPORAL_ACTUAL_DIE_V1","DTL_TEMPORAL_POPULATION_V1"
"2026-01","January 2026",1,"DTL_NORM_002","DTL_NORM_002_D001","die_001",1,"NORMAL","COND_HOT_NOM",85,1,"HOT","T_VMAX","VMAX",1.1452381990469278,"V","LOWER",1.15,"NOT_DEFINED",1.05,1.25,"NOT_UNIFORM","1.05,1.08,1.1,1.12,1.15,1.18,1.2,1.22,1.25","SYNTHETIC_ASSUMED","F",1.983841919067931,"TESTER_A",20260115,"temporal_parametric_v1.0.0","DTL_TEMPORAL_PARAMETRIC_V1","DTL_TEMPORAL_ACTUAL_DIE_V1","DTL_TEMPORAL_POPULATION_V1"
"2026-01","January 2026",1,"DTL_NORM_002","DTL_NORM_002_D001","die_001",1,"NORMAL","COND_HOT_NOM",85,1,"HOT","T_IDDQ","IDDQ",60.874051760988806,"uA","UPPER",50,"NOT_DEFINED",30,100,"NOT_UNIFORM","30.0,35.0,40.0,45.0,50.0,55.0,60.0,70.0,80.0,100.0","SYNTHETIC_ASSUMED","F",1.983841919067931,"TESTER_A",20260115,"temporal_parametric_v1.0.0","DTL_TEMPORAL_PARAMETRIC_V1","DTL_TEMPORAL_ACTUAL_DIE_V1","DTL_TEMPORAL_POPULATION_V1"
"2026-01","January 2026",1,"DTL_NORM_002","DTL_NORM_002_D001","die_001",1,"NORMAL","COND_HOT_NOM",85,1,"HOT","T_SUPPLY_CURRENT","SUPPLY_CURRENT",134.30455277669705,"mA","UPPER",120,"NOT_DEFINED",90,200,"NOT_UNIFORM","90.0,100.0,110.0,120.0,130.0,140.0,150.0,170.0,200.0","SYNTHETIC_ASSUMED","F",1.983841919067931,"TESTER_A",20260115,"temporal_parametric_v1.0.0","DTL_TEMPORAL_PARAMETRIC_V1","DTL_TEMPORAL_ACTUAL_DIE_V1","DTL_TEMPORAL_POPULATION_V1"
"2026-01","January 2026",1,"DTL_NORM_002","DTL_NORM_002_D001","die_001",1,"NORMAL","COND_RT_LOWV",25,0.9,"LOW_VDD","T_CONTACT_R","CONTACT_RESISTANCE",4.357739870910617,"ohm","UPPER",5,"NOT_DEFINED",3.5,10,"NOT_UNIFORM","3.5,4.0,4.5,5.0,5.5,6.0,7.0,8.0,10.0","SYNTHETIC_ASSUMED","P",1.983841919067931,"TESTER_A",20260115,"temporal_parametric_v1.0.0","DTL_TEMPORAL_PARAMETRIC_V1","DTL_TEMPORAL_ACTUAL_DIE_V1","DTL_TEMPORAL_POPULATION_V1"
"2026-01","January 2026",1,"DTL_NORM_002","DTL_NORM_002_D001","die_001",1,"NORMAL","COND_RT_LOWV",25,0.9,"LOW_VDD","T_INTERCONNECT_R","INTERCONNECT_RESISTANCE",14.688508838107408,"ohm","UPPER",15,"NOT_DEFINED",11,25,"NOT_UNIFORM","11.0,12.0,13.0,14.0,15.0,16.0,18.0,20.0,25.0","SYNTHETIC_ASSUMED","P",1.983841919067931,"TESTER_A",20260115,"temporal_parametric_v1.0.0","DTL_TEMPORAL_PARAMETRIC_V1","DTL_TEMPORAL_ACTUAL_DIE_V1","DTL_TEMPORAL_POPULATION_V1"
"2026-01","January 2026",1,"DTL_NORM_002","DTL_NORM_002_D001","die_001",1,"NORMAL","COND_RT_LOWV",25,0.9,"LOW_VDD","T_ON_R","ON_RESISTANCE",25.361038761050377,"ohm","UPPER",25,"NOT_DEFINED",18,50,"NOT_UNIFORM","18.0,20.0,22.0,25.0,28.0,30.0,35.0,40.0,50.0","SYNTHETIC_ASSUMED","F",1.983841919067931,"TESTER_A",20260115,"temporal_parametric_v1.0.0","DTL_TEMPORAL_PARAMETRIC_V1","DTL_TEMPORAL_ACTUAL_DIE_V1","DTL_TEMPORAL_POPULATION_V1"
"2026-01","January 2026",1,"DTL_NORM_002","DTL_NORM_002_D001","die_001",1,"NORMAL","COND_RT_LOWV",25,0.9,"LOW_VDD","T_VMIN","VMIN",0.8535491378930367,"V","UPPER",0.85,"NOT_DEFINED",0.75,1,"NOT_UNIFORM","0.75,0.78,0.8,0.82,0.85,0.88,0.9,0.92,0.95,1.0","SYNTHETIC_ASSUMED","F",1.983841919067931,"TESTER_A",20260115,"temporal_parametric_v1.0.0","DTL_TEMPORAL_PARAMETRIC_V1","DTL_TEMPORAL_ACTUAL_DIE_V1","DTL_TEMPORAL_POPULATION_V1"
"2026-01","January 2026",1,"DTL_NORM_002","DTL_NORM_002_D001","die_001",1,"NORMAL","COND_RT_LOWV",25,0.9,"LOW_VDD","T_VMAX","VMAX",1.1366413380171452,"V","LOWER",1.15,"NOT_DEFINED",1.05,1.25,"NOT_UNIFORM","1.05,1.08,1.1,1.12,1.15,1.18,1.2,1.22,1.25","SYNTHETIC_ASSUMED","F",1.983841919067931,"TESTER_A",20260115,"temporal_parametric_v1.0.0","DTL_TEMPORAL_PARAMETRIC_V1","DTL_TEMPORAL_ACTUAL_DIE_V1","DTL_TEMPORAL_POPULATION_V1"
"2026-01","January 2026",1,"DTL_NORM_002","DTL_NORM_002_D001","die_001",1,"NORMAL","COND_RT_LOWV",25,0.9,"LOW_VDD","T_IDDQ","IDDQ",55.98027361614597,"uA","UPPER",50,"NOT_DEFINED",30,100,"NOT_UNIFORM","30.0,35.0,40.0,45.0,50.0,55.0,60.0,70.0,80.0,100.0","SYNTHETIC_ASSUMED","F",1.983841919067931,"TESTER_A",20260115,"temporal_parametric_v1.0.0","DTL_TEMPORAL_PARAMETRIC_V1","DTL_TEMPORAL_ACTUAL_DIE_V1","DTL_TEMPORAL_POPULATION_V1"
"2026-01","January 2026",1,"DTL_NORM_002","DTL_NORM_002_D001","die_001",1,"NORMAL","COND_RT_LOWV",25,0.9,"LOW_VDD","T_SUPPLY_CURRENT","SUPPLY_CURRENT",109.7019669059166,"mA","UPPER",120,"NOT_DEFINED",90,200,"NOT_UNIFORM","90.0,100.0,110.0,120.0,130.0,140.0,150.0,170.0,200.0","SYNTHETIC_ASSUMED","P",1.983841919067931,"TESTER_A",20260115,"temporal_parametric_v1.0.0","DTL_TEMPORAL_PARAMETRIC_V1","DTL_TEMPORAL_ACTUAL_DIE_V1","DTL_TEMPORAL_POPULATION_V1"
"2026-01","January 2026",1,"DTL_NORM_002","DTL_NORM_002_D001","die_001",1,"NORMAL","COND_HOT_HIGHV",85,1.1,"HIGH_VDD","T_CONTACT_R","CONTACT_RESISTANCE",4.966442840923107,"ohm","UPPER",5,"NOT_DEFINED",3.5,10,"NOT_UNIFORM","3.5,4.0,4.5,5.0,5.5,6.0,7.0,8.0,10.0","SYNTHETIC_ASSUMED","P",1.983841919067931,"TESTER_A",20260115,"temporal_parametric_v1.0.0","DTL_TEMPORAL_PARAMETRIC_V1","DTL_TEMPORAL_ACTUAL_DIE_V1","DTL_TEMPORAL_POPULATION_V1"
"2026-01","January 2026",1,"DTL_NORM_002","DTL_NORM_002_D001","die_001",1,"NORMAL","COND_HOT_HIGHV",85,1.1,"HIGH_VDD","T_INTERCONNECT_R","INTERCONNECT_RESISTANCE",13.90950642522753,"ohm","UPPER",15,"NOT_DEFINED",11,25,"NOT_UNIFORM","11.0,12.0,13.0,14.0,15.0,16.0,18.0,20.0,25.0","SYNTHETIC_ASSUMED","P",1.983841919067931,"TESTER_A",20260115,"temporal_parametric_v1.0.0","DTL_TEMPORAL_PARAMETRIC_V1","DTL_TEMPORAL_ACTUAL_DIE_V1","DTL_TEMPORAL_POPULATION_V1"
"2026-01","January 2026",1,"DTL_NORM_002","DTL_NORM_002_D001","die_001",1,"NORMAL","COND_HOT_HIGHV",85,1.1,"HIGH_VDD","T_ON_R","ON_RESISTANCE",25.978065942461708,"ohm","UPPER",25,"NOT_DEFINED",18,50,"NOT_UNIFORM","18.0,20.0,22.0,25.0,28.0,30.0,35.0,40.0,50.0","SYNTHETIC_ASSUMED","F",1.983841919067931,"TESTER_A",20260115,"temporal_parametric_v1.0.0","DTL_TEMPORAL_PARAMETRIC_V1","DTL_TEMPORAL_ACTUAL_DIE_V1","DTL_TEMPORAL_POPULATION_V1"
"2026-01","January 2026",1,"DTL_NORM_002","DTL_NORM_002_D001","die_001",1,"NORMAL","COND_HOT_HIGHV",85,1.1,"HIGH_VDD","T_VMIN","VMIN",0.9339956473538388,"V","UPPER",0.85,"NOT_DEFINED",0.75,1,"NOT_UNIFORM","0.75,0.78,0.8,0.82,0.85,0.88,0.9,0.92,0.95,1.0","SYNTHETIC_ASSUMED","F",1.983841919067931,"TESTER_A",20260115,"temporal_parametric_v1.0.0","DTL_TEMPORAL_PARAMETRIC_V1","DTL_TEMPORAL_ACTUAL_DIE_V1","DTL_TEMPORAL_POPULATION_V1"
"2026-01","January 2026",1,"DTL_NORM_002","DTL_NORM_002_D001","die_001",1,"NORMAL","COND_HOT_HIGHV",85,1.1,"HIGH_VDD","T_VMAX","VMAX",1.1323412913139388,"V","LOWER",1.15,"NOT_DEFINED",1.05,1.25,"NOT_UNIFORM","1.05,1.08,1.1,1.12,1.15,1.18,1.2,1.22,1.25","SYNTHETIC_ASSUMED","F",1.983841919067931,"TESTER_A",20260115,"temporal_parametric_v1.0.0","DTL_TEMPORAL_PARAMETRIC_V1","DTL_TEMPORAL_ACTUAL_DIE_V1","DTL_TEMPORAL_POPULATION_V1"
"2026-01","January 2026",1,"DTL_NORM_002","DTL_NORM_002_D001","die_001",1,"NORMAL","COND_HOT_HIGHV",85,1.1,"HIGH_VDD","T_IDDQ","IDDQ",62.85056843100918,"uA","UPPER",50,"NOT_DEFINED",30,100,"NOT_UNIFORM","30.0,35.0,40.0,45.0,50.0,55.0,60.0,70.0,80.0,100.0","SYNTHETIC_ASSUMED","F",1.983841919067931,"TESTER_A",20260115,"temporal_parametric_v1.0.0","DTL_TEMPORAL_PARAMETRIC_V1","DTL_TEMPORAL_ACTUAL_DIE_V1","DTL_TEMPORAL_POPULATION_V1"
"2026-01","January 2026",1,"DTL_NORM_002","DTL_NORM_002_D001","die_001",1,"NORMAL","COND_HOT_HIGHV",85,1.1,"HIGH_VDD","T_SUPPLY_CURRENT","SUPPLY_CURRENT",125.0568882354029,"mA","UPPER",120,"NOT_DEFINED",90,200,"NOT_UNIFORM","90.0,100.0,110.0,120.0,130.0,140.0,150.0,170.0,200.0","SYNTHETIC_ASSUMED","F",1.983841919067931,"TESTER_A",20260115,"temporal_parametric_v1.0.0","DTL_TEMPORAL_PARAMETRIC_V1","DTL_TEMPORAL_ACTUAL_DIE_V1","DTL_TEMPORAL_POPULATION_V1"
"2026-01","January 2026",1,"DTL_NORM_002","DTL_NORM_002_D002","die_002",2,"NORMAL","COND_RT_NOM",25,1,"NOMINAL","T_CONTACT_R","CONTACT_RESISTANCE",4.418515863465149,"ohm","UPPER",5,"NOT_DEFINED",3.5,10,"NOT_UNIFORM","3.5,4.0,4.5,5.0,5.5,6.0,7.0,8.0,10.0","SYNTHETIC_ASSUMED","P",1.664099783201952,"TESTER_A",20260115,"temporal_parametric_v1.0.0","DTL_TEMPORAL_PARAMETRIC_V1","DTL_TEMPORAL_ACTUAL_DIE_V1","DTL_TEMPORAL_POPULATION_V1"
"2026-01","January 2026",1,"DTL_NORM_002","DTL_NORM_002_D002","die_002",2,"NORMAL","COND_RT_NOM",25,1,"NOMINAL","T_INTERCONNECT_R","INTERCONNECT_RESISTANCE",14.695495353496876,"ohm","UPPER",15,"NOT_DEFINED",11,25,"NOT_UNIFORM","11.0,12.0,13.0,14.0,15.0,16.0,18.0,20.0,25.0","SYNTHETIC_ASSUMED","P",1.664099783201952,"TESTER_A",20260115,"temporal_parametric_v1.0.0","DTL_TEMPORAL_PARAMETRIC_V1","DTL_TEMPORAL_ACTUAL_DIE_V1","DTL_TEMPORAL_POPULATION_V1"
"2026-01","January 2026",1,"DTL_NORM_002","DTL_NORM_002_D002","die_002",2,"NORMAL","COND_RT_NOM",25,1,"NOMINAL","T_ON_R","ON_RESISTANCE",22.76300102151936,"ohm","UPPER",25,"NOT_DEFINED",18,50,"NOT_UNIFORM","18.0,20.0,22.0,25.0,28.0,30.0,35.0,40.0,50.0","SYNTHETIC_ASSUMED","P",1.664099783201952,"TESTER_A",20260115,"temporal_parametric_v1.0.0","DTL_TEMPORAL_PARAMETRIC_V1","DTL_TEMPORAL_ACTUAL_DIE_V1","DTL_TEMPORAL_POPULATION_V1"
"2026-01","January 2026",1,"DTL_NORM_002","DTL_NORM_002_D002","die_002",2,"NORMAL","COND_RT_NOM",25,1,"NOMINAL","T_VMIN","VMIN",0.8550009974220599,"V","UPPER",0.85,"NOT_DEFINED",0.75,1,"NOT_UNIFORM","0.75,0.78,0.8,0.82,0.85,0.88,0.9,0.92,0.95,1.0","SYNTHETIC_ASSUMED","F",1.664099783201952,"TESTER_A",20260115,"temporal_parametric_v1.0.0","DTL_TEMPORAL_PARAMETRIC_V1","DTL_TEMPORAL_ACTUAL_DIE_V1","DTL_TEMPORAL_POPULATION_V1"
"2026-01","January 2026",1,"DTL_NORM_002","DTL_NORM_002_D002","die_002",2,"NORMAL","COND_RT_NOM",25,1,"NOMINAL","T_VMAX","VMAX",1.1566062831044055,"V","LOWER",1.15,"NOT_DEFINED",1.05,1.25,"NOT_UNIFORM","1.05,1.08,1.1,1.12,1.15,1.18,1.2,1.22,1.25","SYNTHETIC_ASSUMED","P",1.664099783201952,"TESTER_A",20260115,"temporal_parametric_v1.0.0","DTL_TEMPORAL_PARAMETRIC_V1","DTL_TEMPORAL_ACTUAL_DIE_V1","DTL_TEMPORAL_POPULATION_V1"
"2026-01","January 2026",1,"DTL_NORM_002","DTL_NORM_002_D002","die_002",2,"NORMAL","COND_RT_NOM",25,1,"NOMINAL","T_IDDQ","IDDQ",43.499117167905325,"uA","UPPER",50,"NOT_DEFINED",30,100,"NOT_UNIFORM","30.0,35.0,40.0,45.0,50.0,55.0,60.0,70.0,80.0,100.0","SYNTHETIC_ASSUMED","P",1.664099783201952,"TESTER_A",20260115,"temporal_parametric_v1.0.0","DTL_TEMPORAL_PARAMETRIC_V1","DTL_TEMPORAL_ACTUAL_DIE_V1","DTL_TEMPORAL_POPULATION_V1"
"2026-01","January 2026",1,"DTL_NORM_002","DTL_NORM_002_D002","die_002",2,"NORMAL","COND_RT_NOM",25,1,"NOMINAL","T_SUPPLY_CURRENT","SUPPLY_CURRENT",113.63213539739486,"mA","UPPER",120,"NOT_DEFINED",90,200,"NOT_UNIFORM","90.0,100.0,110.0,120.0,130.0,140.0,150.0,170.0,200.0","SYNTHETIC_ASSUMED","P",1.664099783201952,"TESTER_A",20260115,"temporal_parametric_v1.0.0","DTL_TEMPORAL_PARAMETRIC_V1","DTL_TEMPORAL_ACTUAL_DIE_V1","DTL_TEMPORAL_POPULATION_V1"
"2026-01","January 2026",1,"DTL_NORM_002","DTL_NORM_002_D002","die_002",2,"NORMAL","COND_HOT_NOM",85,1,"HOT","T_CONTACT_R","CONTACT_RESISTANCE",4.833800540030243,"ohm","UPPER",5,"NOT_DEFINED",3.5,10,"NOT_UNIFORM","3.5,4.0,4.5,5.0,5.5,6.0,7.0,8.0,10.0","SYNTHETIC_ASSUMED","P",1.664099783201952,"TESTER_A",20260115,"temporal_parametric_v1.0.0","DTL_TEMPORAL_PARAMETRIC_V1","DTL_TEMPORAL_ACTUAL_DIE_V1","DTL_TEMPORAL_POPULATION_V1"
"2026-01","January 2026",1,"DTL_NORM_002","DTL_NORM_002_D002","die_002",2,"NORMAL","COND_HOT_NOM",85,1,"HOT","T_INTERCONNECT_R","INTERCONNECT_RESISTANCE",14.514961746477326,"ohm","UPPER",15,"NOT_DEFINED",11,25,"NOT_UNIFORM","11.0,12.0,13.0,14.0,15.0,16.0,18.0,20.0,25.0","SYNTHETIC_ASSUMED","P",1.664099783201952,"TESTER_A",20260115,"temporal_parametric_v1.0.0","DTL_TEMPORAL_PARAMETRIC_V1","DTL_TEMPORAL_ACTUAL_DIE_V1","DTL_TEMPORAL_POPULATION_V1"
"2026-01","January 2026",1,"DTL_NORM_002","DTL_NORM_002_D002","die_002",2,"NORMAL","COND_HOT_NOM",85,1,"HOT","T_ON_R","ON_RESISTANCE",27.624117501749456,"ohm","UPPER",25,"NOT_DEFINED",18,50,"NOT_UNIFORM","18.0,20.0,22.0,25.0,28.0,30.0,35.0,40.0,50.0","SYNTHETIC_ASSUMED","F",1.664099783201952,"TESTER_A",20260115,"temporal_parametric_v1.0.0","DTL_TEMPORAL_PARAMETRIC_V1","DTL_TEMPORAL_ACTUAL_DIE_V1","DTL_TEMPORAL_POPULATION_V1"
"2026-01","January 2026",1,"DTL_NORM_002","DTL_NORM_002_D002","die_002",2,"NORMAL","COND_HOT_NOM",85,1,"HOT","T_VMIN","VMIN",0.8924581473276516,"V","UPPER",0.85,"NOT_DEFINED",0.75,1,"NOT_UNIFORM","0.75,0.78,0.8,0.82,0.85,0.88,0.9,0.92,0.95,1.0","SYNTHETIC_ASSUMED","F",1.664099783201952,"TESTER_A",20260115,"temporal_parametric_v1.0.0","DTL_TEMPORAL_PARAMETRIC_V1","DTL_TEMPORAL_ACTUAL_DIE_V1","DTL_TEMPORAL_POPULATION_V1"
"2026-01","January 2026",1,"DTL_NORM_002","DTL_NORM_002_D002","die_002",2,"NORMAL","COND_HOT_NOM",85,1,"HOT","T_VMAX","VMAX",1.122575480819253,"V","LOWER",1.15,"NOT_DEFINED",1.05,1.25,"NOT_UNIFORM","1.05,1.08,1.1,1.12,1.15,1.18,1.2,1.22,1.25","SYNTHETIC_ASSUMED","F",1.664099783201952,"TESTER_A",20260115,"temporal_parametric_v1.0.0","DTL_TEMPORAL_PARAMETRIC_V1","DTL_TEMPORAL_ACTUAL_DIE_V1","DTL_TEMPORAL_POPULATION_V1"
"2026-01","January 2026",1,"DTL_NORM_002","DTL_NORM_002_D002","die_002",2,"NORMAL","COND_HOT_NOM",85,1,"HOT","T_IDDQ","IDDQ",60.30711022526253,"uA","UPPER",50,"NOT_DEFINED",30,100,"NOT_UNIFORM","30.0,35.0,40.0,45.0,50.0,55.0,60.0,70.0,80.0,100.0","SYNTHETIC_ASSUMED","F",1.664099783201952,"TESTER_A",20260115,"temporal_parametric_v1.0.0","DTL_TEMPORAL_PARAMETRIC_V1","DTL_TEMPORAL_ACTUAL_DIE_V1","DTL_TEMPORAL_POPULATION_V1"
"2026-01","January 2026",1,"DTL_NORM_002","DTL_NORM_002_D002","die_002",2,"NORMAL","COND_HOT_NOM",85,1,"HOT","T_SUPPLY_CURRENT","SUPPLY_CURRENT",112.2363967399398,"mA","UPPER",120,"NOT_DEFINED",90,200,"NOT_UNIFORM","90.0,100.0,110.0,120.0,130.0,140.0,150.0,170.0,200.0","SYNTHETIC_ASSUMED","P",1.664099783201952,"TESTER_A",20260115,"temporal_parametric_v1.0.0","DTL_TEMPORAL_PARAMETRIC_V1","DTL_TEMPORAL_ACTUAL_DIE_V1","DTL_TEMPORAL_POPULATION_V1"
"2026-01","January 2026",1,"DTL_NORM_002","DTL_NORM_002_D002","die_002",2,"NORMAL","COND_RT_LOWV",25,0.9,"LOW_VDD","T_CONTACT_R","CONTACT_RESISTANCE",4.336366633022882,"ohm","UPPER",5,"NOT_DEFINED",3.5,10,"NOT_UNIFORM","3.5,4.0,4.5,5.0,5.5,6.0,7.0,8.0,10.0","SYNTHETIC_ASSUMED","P",1.664099783201952,"TESTER_A",20260115,"temporal_parametric_v1.0.0","DTL_TEMPORAL_PARAMETRIC_V1","DTL_TEMPORAL_ACTUAL_DIE_V1","DTL_TEMPORAL_POPULATION_V1"
"2026-01","January 2026",1,"DTL_NORM_002","DTL_NORM_002_D002","die_002",2,"NORMAL","COND_RT_LOWV",25,0.9,"LOW_VDD","T_INTERCONNECT_R","INTERCONNECT_RESISTANCE",13.624560908340252,"ohm","UPPER",15,"NOT_DEFINED",11,25,"NOT_UNIFORM","11.0,12.0,13.0,14.0,15.0,16.0,18.0,20.0,25.0","SYNTHETIC_ASSUMED","P",1.664099783201952,"TESTER_A",20260115,"temporal_parametric_v1.0.0","DTL_TEMPORAL_PARAMETRIC_V1","DTL_TEMPORAL_ACTUAL_DIE_V1","DTL_TEMPORAL_POPULATION_V1"
"2026-01","January 2026",1,"DTL_NORM_002","DTL_NORM_002_D002","die_002",2,"NORMAL","COND_RT_LOWV",25,0.9,"LOW_VDD","T_ON_R","ON_RESISTANCE",23.690409176672887,"ohm","UPPER",25,"NOT_DEFINED",18,50,"NOT_UNIFORM","18.0,20.0,22.0,25.0,28.0,30.0,35.0,40.0,50.0","SYNTHETIC_ASSUMED","P",1.664099783201952,"TESTER_A",20260115,"temporal_parametric_v1.0.0","DTL_TEMPORAL_PARAMETRIC_V1","DTL_TEMPORAL_ACTUAL_DIE_V1","DTL_TEMPORAL_POPULATION_V1"
"2026-01","January 2026",1,"DTL_NORM_002","DTL_NORM_002_D002","die_002",2,"NORMAL","COND_RT_LOWV",25,0.9,"LOW_VDD","T_VMIN","VMIN",0.8770823443707643,"V","UPPER",0.85,"NOT_DEFINED",0.75,1,"NOT_UNIFORM","0.75,0.78,0.8,0.82,0.85,0.88,0.9,0.92,0.95,1.0","SYNTHETIC_ASSUMED","F",1.664099783201952,"TESTER_A",20260115,"temporal_parametric_v1.0.0","DTL_TEMPORAL_PARAMETRIC_V1","DTL_TEMPORAL_ACTUAL_DIE_V1","DTL_TEMPORAL_POPULATION_V1"
"2026-01","January 2026",1,"DTL_NORM_002","DTL_NORM_002_D002","die_002",2,"NORMAL","COND_RT_LOWV",25,0.9,"LOW_VDD","T_VMAX","VMAX",1.19851075838659,"V","LOWER",1.15,"NOT_DEFINED",1.05,1.25,"NOT_UNIFORM","1.05,1.08,1.1,1.12,1.15,1.18,1.2,1.22,1.25","SYNTHETIC_ASSUMED","P",1.664099783201952,"TESTER_A",20260115,"temporal_parametric_v1.0.0","DTL_TEMPORAL_PARAMETRIC_V1","DTL_TEMPORAL_ACTUAL_DIE_V1","DTL_TEMPORAL_POPULATION_V1"
"2026-01","January 2026",1,"DTL_NORM_002","DTL_NORM_002_D002","die_002",2,"NORMAL","COND_RT_LOWV",25,0.9,"LOW_VDD","T_IDDQ","IDDQ",44.817532132066304,"uA","UPPER",50,"NOT_DEFINED",30,100,"NOT_UNIFORM","30.0,35.0,40.0,45.0,50.0,55.0,60.0,70.0,80.0,100.0","SYNTHETIC_ASSUMED","P",1.664099783201952,"TESTER_A",20260115,"temporal_parametric_v1.0.0","DTL_TEMPORAL_PARAMETRIC_V1","DTL_TEMPORAL_ACTUAL_DIE_V1","DTL_TEMPORAL_POPULATION_V1"
"2026-01","January 2026",1,"DTL_NORM_002","DTL_NORM_002_D002","die_002",2,"NORMAL","COND_RT_LOWV",25,0.9,"LOW_VDD","T_SUPPLY_CURRENT","SUPPLY_CURRENT",109.5767205929452,"mA","UPPER",120,"NOT_DEFINED",90,200,"NOT_UNIFORM","90.0,100.0,110.0,120.0,130.0,140.0,150.0,170.0,200.0","SYNTHETIC_ASSUMED","P",1.664099783201952,"TESTER_A",20260115,"temporal_parametric_v1.0.0","DTL_TEMPORAL_PARAMETRIC_V1","DTL_TEMPORAL_ACTUAL_DIE_V1","DTL_TEMPORAL_POPULATION_V1"
"2026-01","January 2026",1,"DTL_NORM_002","DTL_NORM_002_D002","die_002",2,"NORMAL","COND_HOT_HIGHV",85,1.1,"HIGH_VDD","T_CONTACT_R","CONTACT_RESISTANCE",4.298131941850085,"ohm","UPPER",5,"NOT_DEFINED",3.5,10,"NOT_UNIFORM","3.5,4.0,4.5,5.0,5.5,6.0,7.0,8.0,10.0","SYNTHETIC_ASSUMED","P",1.664099783201952,"TESTER_A",20260115,"temporal_parametric_v1.0.0","DTL_TEMPORAL_PARAMETRIC_V1","DTL_TEMPORAL_ACTUAL_DIE_V1","DTL_TEMPORAL_POPULATION_V1"
"2026-01","January 2026",1,"DTL_NORM_002","DTL_NORM_002_D002","die_002",2,"NORMAL","COND_HOT_HIGHV",85,1.1,"HIGH_VDD","T_INTERCONNECT_R","INTERCONNECT_RESISTANCE",15.27198735476582,"ohm","UPPER",15,"NOT_DEFINED",11,25,"NOT_UNIFORM","11.0,12.0,13.0,14.0,15.0,16.0,18.0,20.0,25.0","SYNTHETIC_ASSUMED","F",1.664099783201952,"TESTER_A",20260115,"temporal_parametric_v1.0.0","DTL_TEMPORAL_PARAMETRIC_V1","DTL_TEMPORAL_ACTUAL_DIE_V1","DTL_TEMPORAL_POPULATION_V1"
"2026-01","January 2026",1,"DTL_NORM_002","DTL_NORM_002_D002","die_002",2,"NORMAL","COND_HOT_HIGHV",85,1.1,"HIGH_VDD","T_ON_R","ON_RESISTANCE",24.02425623061776,"ohm","UPPER",25,"NOT_DEFINED",18,50,"NOT_UNIFORM","18.0,20.0,22.0,25.0,28.0,30.0,35.0,40.0,50.0","SYNTHETIC_ASSUMED","P",1.664099783201952,"TESTER_A",20260115,"temporal_parametric_v1.0.0","DTL_TEMPORAL_PARAMETRIC_V1","DTL_TEMPORAL_ACTUAL_DIE_V1","DTL_TEMPORAL_POPULATION_V1"
"2026-01","January 2026",1,"DTL_NORM_002","DTL_NORM_002_D002","die_002",2,"NORMAL","COND_HOT_HIGHV",85,1.1,"HIGH_VDD","T_VMIN","VMIN",0.9041366179822372,"V","UPPER",0.85,"NOT_DEFINED",0.75,1,"NOT_UNIFORM","0.75,0.78,0.8,0.82,0.85,0.88,0.9,0.92,0.95,1.0","SYNTHETIC_ASSUMED","F",1.664099783201952,"TESTER_A",20260115,"temporal_parametric_v1.0.0","DTL_TEMPORAL_PARAMETRIC_V1","DTL_TEMPORAL_ACTUAL_DIE_V1","DTL_TEMPORAL_POPULATION_V1"
"2026-01","January 2026",1,"DTL_NORM_002","DTL_NORM_002_D002","die_002",2,"NORMAL","COND_HOT_HIGHV",85,1.1,"HIGH_VDD","T_VMAX","VMAX",1.1451729603649354,"V","LOWER",1.15,"NOT_DEFINED",1.05,1.25,"NOT_UNIFORM","1.05,1.08,1.1,1.12,1.15,1.18,1.2,1.22,1.25","SYNTHETIC_ASSUMED","F",1.664099783201952,"TESTER_A",20260115,"temporal_parametric_v1.0.0","DTL_TEMPORAL_PARAMETRIC_V1","DTL_TEMPORAL_ACTUAL_DIE_V1","DTL_TEMPORAL_POPULATION_V1"
"2026-01","January 2026",1,"DTL_NORM_002","DTL_NORM_002_D002","die_002",2,"NORMAL","COND_HOT_HIGHV",85,1.1,"HIGH_VDD","T_IDDQ","IDDQ",65.08771816357124,"uA","UPPER",50,"NOT_DEFINED",30,100,"NOT_UNIFORM","30.0,35.0,40.0,45.0,50.0,55.0,60.0,70.0,80.0,100.0","SYNTHETIC_ASSUMED","F",1.664099783201952,"TESTER_A",20260115,"temporal_parametric_v1.0.0","DTL_TEMPORAL_PARAMETRIC_V1","DTL_TEMPORAL_ACTUAL_DIE_V1","DTL_TEMPORAL_POPULATION_V1"
"2026-01","January 2026",1,"DTL_NORM_002","DTL_NORM_002_D002","die_002",2,"NORMAL","COND_HOT_HIGHV",85,1.1,"HIGH_VDD","T_SUPPLY_CURRENT","SUPPLY_CURRENT",125.85808997876232,"mA","UPPER",120,"NOT_DEFINED",90,200,"NOT_UNIFORM","90.0,100.0,110.0,120.0,130.0,140.0,150.0,170.0,200.0","SYNTHETIC_ASSUMED","F",1.664099783201952,"TESTER_A",20260115,"temporal_parametric_v1.0.0","DTL_TEMPORAL_PARAMETRIC_V1","DTL_TEMPORAL_ACTUAL_DIE_V1","DTL_TEMPORAL_POPULATION_V1"
"2026-01","January 2026",1,"DTL_NORM_002","DTL_NORM_002_D003","die_003",3,"NORMAL","COND_RT_NOM",25,1,"NOMINAL","T_CONTACT_R","CONTACT_RESISTANCE",3.9043082355357615,"ohm","UPPER",5,"NOT_DEFINED",3.5,10,"NOT_UNIFORM","3.5,4.0,4.5,5.0,5.5,6.0,7.0,8.0,10.0","SYNTHETIC_ASSUMED","P",0.8983802601240165,"TESTER_A",20260115,"temporal_parametric_v1.0.0","DTL_TEMPORAL_PARAMETRIC_V1","DTL_TEMPORAL_ACTUAL_DIE_V1","DTL_TEMPORAL_POPULATION_V1"
"2026-01","January 2026",1,"DTL_NORM_002","DTL_NORM_002_D003","die_003",3,"NORMAL","COND_RT_NOM",25,1,"NOMINAL","T_INTERCONNECT_R","INTERCONNECT_RESISTANCE",11.617615863498248,"ohm","UPPER",15,"NOT_DEFINED",11,25,"NOT_UNIFORM","11.0,12.0,13.0,14.0,15.0,16.0,18.0,20.0,25.0","SYNTHETIC_ASSUMED","P",0.8983802601240165,"TESTER_A",20260115,"temporal_parametric_v1.0.0","DTL_TEMPORAL_PARAMETRIC_V1","DTL_TEMPORAL_ACTUAL_DIE_V1","DTL_TEMPORAL_POPULATION_V1"
"2026-01","January 2026",1,"DTL_NORM_002","DTL_NORM_002_D003","die_003",3,"NORMAL","COND_RT_NOM",25,1,"NOMINAL","T_ON_R","ON_RESISTANCE",20.88009018069498,"ohm","UPPER",25,"NOT_DEFINED",18,50,"NOT_UNIFORM","18.0,20.0,22.0,25.0,28.0,30.0,35.0,40.0,50.0","SYNTHETIC_ASSUMED","P",0.8983802601240165,"TESTER_A",20260115,"temporal_parametric_v1.0.0","DTL_TEMPORAL_PARAMETRIC_V1","DTL_TEMPORAL_ACTUAL_DIE_V1","DTL_TEMPORAL_POPULATION_V1"
"2026-01","January 2026",1,"DTL_NORM_002","DTL_NORM_002_D003","die_003",3,"NORMAL","COND_RT_NOM",25,1,"NOMINAL","T_VMIN","VMIN",0.8069774942887336,"V","UPPER",0.85,"NOT_DEFINED",0.75,1,"NOT_UNIFORM","0.75,0.78,0.8,0.82,0.85,0.88,0.9,0.92,0.95,1.0","SYNTHETIC_ASSUMED","P",0.8983802601240165,"TESTER_A",20260115,"temporal_parametric_v1.0.0","DTL_TEMPORAL_PARAMETRIC_V1","DTL_TEMPORAL_ACTUAL_DIE_V1","DTL_TEMPORAL_POPULATION_V1"
"2026-01","January 2026",1,"DTL_NORM_002","DTL_NORM_002_D003","die_003",3,"NORMAL","COND_RT_NOM",25,1,"NOMINAL","T_VMAX","VMAX",1.2214751471122245,"V","LOWER",1.15,"NOT_DEFINED",1.05,1.25,"NOT_UNIFORM","1.05,1.08,1.1,1.12,1.15,1.18,1.2,1.22,1.25","SYNTHETIC_ASSUMED","P",0.8983802601240165,"TESTER_A",20260115,"temporal_parametric_v1.0.0","DTL_TEMPORAL_PARAMETRIC_V1","DTL_TEMPORAL_ACTUAL_DIE_V1","DTL_TEMPORAL_POPULATION_V1"
"2026-01","January 2026",1,"DTL_NORM_002","DTL_NORM_002_D003","die_003",3,"NORMAL","COND_RT_NOM",25,1,"NOMINAL","T_IDDQ","IDDQ",44.521100406912375,"uA","UPPER",50,"NOT_DEFINED",30,100,"NOT_UNIFORM","30.0,35.0,40.0,45.0,50.0,55.0,60.0,70.0,80.0,100.0","SYNTHETIC_ASSUMED","P",0.8983802601240165,"TESTER_A",20260115,"temporal_parametric_v1.0.0","DTL_TEMPORAL_PARAMETRIC_V1","DTL_TEMPORAL_ACTUAL_DIE_V1","DTL_TEMPORAL_POPULATION_V1"
"2026-01","January 2026",1,"DTL_NORM_002","DTL_NORM_002_D003","die_003",3,"NORMAL","COND_RT_NOM",25,1,"NOMINAL","T_SUPPLY_CURRENT","SUPPLY_CURRENT",103.2214755672267,"mA","UPPER",120,"NOT_DEFINED",90,200,"NOT_UNIFORM","90.0,100.0,110.0,120.0,130.0,140.0,150.0,170.0,200.0","SYNTHETIC_ASSUMED","P",0.8983802601240165,"TESTER_A",20260115,"temporal_parametric_v1.0.0","DTL_TEMPORAL_PARAMETRIC_V1","DTL_TEMPORAL_ACTUAL_DIE_V1","DTL_TEMPORAL_POPULATION_V1"
"2026-01","January 2026",1,"DTL_NORM_002","DTL_NORM_002_D003","die_003",3,"NORMAL","COND_HOT_NOM",85,1,"HOT","T_CONTACT_R","CONTACT_RESISTANCE",3.581735689997446,"ohm","UPPER",5,"NOT_DEFINED",3.5,10,"NOT_UNIFORM","3.5,4.0,4.5,5.0,5.5,6.0,7.0,8.0,10.0","SYNTHETIC_ASSUMED","P",0.8983802601240165,"TESTER_A",20260115,"temporal_parametric_v1.0.0","DTL_TEMPORAL_PARAMETRIC_V1","DTL_TEMPORAL_ACTUAL_DIE_V1","DTL_TEMPORAL_POPULATION_V1"
"2026-01","January 2026",1,"DTL_NORM_002","DTL_NORM_002_D003","die_003",3,"NORMAL","COND_HOT_NOM",85,1,"HOT","T_INTERCONNECT_R","INTERCONNECT_RESISTANCE",13.112460246480415,"ohm","UPPER",15,"NOT_DEFINED",11,25,"NOT_UNIFORM","11.0,12.0,13.0,14.0,15.0,16.0,18.0,20.0,25.0","SYNTHETIC_ASSUMED","P",0.8983802601240165,"TESTER_A",20260115,"temporal_parametric_v1.0.0","DTL_TEMPORAL_PARAMETRIC_V1","DTL_TEMPORAL_ACTUAL_DIE_V1","DTL_TEMPORAL_POPULATION_V1"
"2026-01","January 2026",1,"DTL_NORM_002","DTL_NORM_002_D003","die_003",3,"NORMAL","COND_HOT_NOM",85,1,"HOT","T_ON_R","ON_RESISTANCE",22.87323069291279,"ohm","UPPER",25,"NOT_DEFINED",18,50,"NOT_UNIFORM","18.0,20.0,22.0,25.0,28.0,30.0,35.0,40.0,50.0","SYNTHETIC_ASSUMED","P",0.8983802601240165,"TESTER_A",20260115,"temporal_parametric_v1.0.0","DTL_TEMPORAL_PARAMETRIC_V1","DTL_TEMPORAL_ACTUAL_DIE_V1","DTL_TEMPORAL_POPULATION_V1"
"2026-01","January 2026",1,"DTL_NORM_002","DTL_NORM_002_D003","die_003",3,"NORMAL","COND_HOT_NOM",85,1,"HOT","T_VMIN","VMIN",0.8372674623611597,"V","UPPER",0.85,"NOT_DEFINED",0.75,1,"NOT_UNIFORM","0.75,0.78,0.8,0.82,0.85,0.88,0.9,0.92,0.95,1.0","SYNTHETIC_ASSUMED","P",0.8983802601240165,"TESTER_A",20260115,"temporal_parametric_v1.0.0","DTL_TEMPORAL_PARAMETRIC_V1","DTL_TEMPORAL_ACTUAL_DIE_V1","DTL_TEMPORAL_POPULATION_V1"
"2026-01","January 2026",1,"DTL_NORM_002","DTL_NORM_002_D003","die_003",3,"NORMAL","COND_HOT_NOM",85,1,"HOT","T_VMAX","VMAX",1.1928415206443816,"V","LOWER",1.15,"NOT_DEFINED",1.05,1.25,"NOT_UNIFORM","1.05,1.08,1.1,1.12,1.15,1.18,1.2,1.22,1.25","SYNTHETIC_ASSUMED","P",0.8983802601240165,"TESTER_A",20260115,"temporal_parametric_v1.0.0","DTL_TEMPORAL_PARAMETRIC_V1","DTL_TEMPORAL_ACTUAL_DIE_V1","DTL_TEMPORAL_POPULATION_V1"
"2026-01","January 2026",1,"DTL_NORM_002","DTL_NORM_002_D003","die_003",3,"NORMAL","COND_HOT_NOM",85,1,"HOT","T_IDDQ","IDDQ",45.82148373294629,"uA","UPPER",50,"NOT_DEFINED",30,100,"NOT_UNIFORM","30.0,35.0,40.0,45.0,50.0,55.0,60.0,70.0,80.0,100.0","SYNTHETIC_ASSUMED","P",0.8983802601240165,"TESTER_A",20260115,"temporal_parametric_v1.0.0","DTL_TEMPORAL_PARAMETRIC_V1","DTL_TEMPORAL_ACTUAL_DIE_V1","DTL_TEMPORAL_POPULATION_V1"
"2026-01","January 2026",1,"DTL_NORM_002","DTL_NORM_002_D003","die_003",3,"NORMAL","COND_HOT_NOM",85,1,"HOT","T_SUPPLY_CURRENT","SUPPLY_CURRENT",104.87847830031468,"mA","UPPER",120,"NOT_DEFINED",90,200,"NOT_UNIFORM","90.0,100.0,110.0,120.0,130.0,140.0,150.0,170.0,200.0","SYNTHETIC_ASSUMED","P",0.8983802601240165,"TESTER_A",20260115,"temporal_parametric_v1.0.0","DTL_TEMPORAL_PARAMETRIC_V1","DTL_TEMPORAL_ACTUAL_DIE_V1","DTL_TEMPORAL_POPULATION_V1"
"2026-01","January 2026",1,"DTL_NORM_002","DTL_NORM_002_D003","die_003",3,"NORMAL","COND_RT_LOWV",25,0.9,"LOW_VDD","T_CONTACT_R","CONTACT_RESISTANCE",4.20259738092996,"ohm","UPPER",5,"NOT_DEFINED",3.5,10,"NOT_UNIFORM","3.5,4.0,4.5,5.0,5.5,6.0,7.0,8.0,10.0","SYNTHETIC_ASSUMED","P",0.8983802601240165,"TESTER_A",20260115,"temporal_parametric_v1.0.0","DTL_TEMPORAL_PARAMETRIC_V1","DTL_TEMPORAL_ACTUAL_DIE_V1","DTL_TEMPORAL_POPULATION_V1"
"2026-01","January 2026",1,"DTL_NORM_002","DTL_NORM_002_D003","die_003",3,"NORMAL","COND_RT_LOWV",25,0.9,"LOW_VDD","T_INTERCONNECT_R","INTERCONNECT_RESISTANCE",11.00209456254746,"ohm","UPPER",15,"NOT_DEFINED",11,25,"NOT_UNIFORM","11.0,12.0,13.0,14.0,15.0,16.0,18.0,20.0,25.0","SYNTHETIC_ASSUMED","P",0.8983802601240165,"TESTER_A",20260115,"temporal_parametric_v1.0.0","DTL_TEMPORAL_PARAMETRIC_V1","DTL_TEMPORAL_ACTUAL_DIE_V1","DTL_TEMPORAL_POPULATION_V1"
"2026-01","January 2026",1,"DTL_NORM_002","DTL_NORM_002_D003","die_003",3,"NORMAL","COND_RT_LOWV",25,0.9,"LOW_VDD","T_ON_R","ON_RESISTANCE",22.50793053762543,"ohm","UPPER",25,"NOT_DEFINED",18,50,"NOT_UNIFORM","18.0,20.0,22.0,25.0,28.0,30.0,35.0,40.0,50.0","SYNTHETIC_ASSUMED","P",0.8983802601240165,"TESTER_A",20260115,"temporal_parametric_v1.0.0","DTL_TEMPORAL_PARAMETRIC_V1","DTL_TEMPORAL_ACTUAL_DIE_V1","DTL_TEMPORAL_POPULATION_V1"
"2026-01","January 2026",1,"DTL_NORM_002","DTL_NORM_002_D003","die_003",3,"NORMAL","COND_RT_LOWV",25,0.9,"LOW_VDD","T_VMIN","VMIN",0.8178078637180511,"V","UPPER",0.85,"NOT_DEFINED",0.75,1,"NOT_UNIFORM","0.75,0.78,0.8,0.82,0.85,0.88,0.9,0.92,0.95,1.0","SYNTHETIC_ASSUMED","P",0.8983802601240165,"TESTER_A",20260115,"temporal_parametric_v1.0.0","DTL_TEMPORAL_PARAMETRIC_V1","DTL_TEMPORAL_ACTUAL_DIE_V1","DTL_TEMPORAL_POPULATION_V1"
"2026-01","January 2026",1,"DTL_NORM_002","DTL_NORM_002_D003","die_003",3,"NORMAL","COND_RT_LOWV",25,0.9,"LOW_VDD","T_VMAX","VMAX",1.1355485086747823,"V","LOWER",1.15,"NOT_DEFINED",1.05,1.25,"NOT_UNIFORM","1.05,1.08,1.1,1.12,1.15,1.18,1.2,1.22,1.25","SYNTHETIC_ASSUMED","F",0.8983802601240165,"TESTER_A",20260115,"temporal_parametric_v1.0.0","DTL_TEMPORAL_PARAMETRIC_V1","DTL_TEMPORAL_ACTUAL_DIE_V1","DTL_TEMPORAL_POPULATION_V1"
"2026-01","January 2026",1,"DTL_NORM_002","DTL_NORM_002_D003","die_003",3,"NORMAL","COND_RT_LOWV",25,0.9,"LOW_VDD","T_IDDQ","IDDQ",43.598907510297366,"uA","UPPER",50,"NOT_DEFINED",30,100,"NOT_UNIFORM","30.0,35.0,40.0,45.0,50.0,55.0,60.0,70.0,80.0,100.0","SYNTHETIC_ASSUMED","P",0.8983802601240165,"TESTER_A",20260115,"temporal_parametric_v1.0.0","DTL_TEMPORAL_PARAMETRIC_V1","DTL_TEMPORAL_ACTUAL_DIE_V1","DTL_TEMPORAL_POPULATION_V1"
"2026-01","January 2026",1,"DTL_NORM_002","DTL_NORM_002_D003","die_003",3,"NORMAL","COND_RT_LOWV",25,0.9,"LOW_VDD","T_SUPPLY_CURRENT","SUPPLY_CURRENT",103.45344197281104,"mA","UPPER",120,"NOT_DEFINED",90,200,"NOT_UNIFORM","90.0,100.0,110.0,120.0,130.0,140.0,150.0,170.0,200.0","SYNTHETIC_ASSUMED","P",0.8983802601240165,"TESTER_A",20260115,"temporal_parametric_v1.0.0","DTL_TEMPORAL_PARAMETRIC_V1","DTL_TEMPORAL_ACTUAL_DIE_V1","DTL_TEMPORAL_POPULATION_V1"
"2026-01","January 2026",1,"DTL_NORM_002","DTL_NORM_002_D003","die_003",3,"NORMAL","COND_HOT_HIGHV",85,1.1,"HIGH_VDD","T_CONTACT_R","CONTACT_RESISTANCE",3.6657524032120334,"ohm","UPPER",5,"NOT_DEFINED",3.5,10,"NOT_UNIFORM","3.5,4.0,4.5,5.0,5.5,6.0,7.0,8.0,10.0","SYNTHETIC_ASSUMED","P",0.8983802601240165,"TESTER_A",20260115,"temporal_parametric_v1.0.0","DTL_TEMPORAL_PARAMETRIC_V1","DTL_TEMPORAL_ACTUAL_DIE_V1","DTL_TEMPORAL_POPULATION_V1"
"2026-01","January 2026",1,"DTL_NORM_002","DTL_NORM_002_D003","die_003",3,"NORMAL","COND_HOT_HIGHV",85,1.1,"HIGH_VDD","T_INTERCONNECT_R","INTERCONNECT_RESISTANCE",13.222791557480194,"ohm","UPPER",15,"NOT_DEFINED",11,25,"NOT_UNIFORM","11.0,12.0,13.0,14.0,15.0,16.0,18.0,20.0,25.0","SYNTHETIC_ASSUMED","P",0.8983802601240165,"TESTER_A",20260115,"temporal_parametric_v1.0.0","DTL_TEMPORAL_PARAMETRIC_V1","DTL_TEMPORAL_ACTUAL_DIE_V1","DTL_TEMPORAL_POPULATION_V1"
"2026-01","January 2026",1,"DTL_NORM_002","DTL_NORM_002_D003","die_003",3,"NORMAL","COND_HOT_HIGHV",85,1.1,"HIGH_VDD","T_ON_R","ON_RESISTANCE",21.746822581272937,"ohm","UPPER",25,"NOT_DEFINED",18,50,"NOT_UNIFORM","18.0,20.0,22.0,25.0,28.0,30.0,35.0,40.0,50.0","SYNTHETIC_ASSUMED","P",0.8983802601240165,"TESTER_A",20260115,"temporal_parametric_v1.0.0","DTL_TEMPORAL_PARAMETRIC_V1","DTL_TEMPORAL_ACTUAL_DIE_V1","DTL_TEMPORAL_POPULATION_V1"
"2026-01","January 2026",1,"DTL_NORM_002","DTL_NORM_002_D003","die_003",3,"NORMAL","COND_HOT_HIGHV",85,1.1,"HIGH_VDD","T_VMIN","VMIN",0.8373569270405821,"V","UPPER",0.85,"NOT_DEFINED",0.75,1,"NOT_UNIFORM","0.75,0.78,0.8,0.82,0.85,0.88,0.9,0.92,0.95,1.0","SYNTHETIC_ASSUMED","P",0.8983802601240165,"TESTER_A",20260115,"temporal_parametric_v1.0.0","DTL_TEMPORAL_PARAMETRIC_V1","DTL_TEMPORAL_ACTUAL_DIE_V1","DTL_TEMPORAL_POPULATION_V1"
"2026-01","January 2026",1,"DTL_NORM_002","DTL_NORM_002_D003","die_003",3,"NORMAL","COND_HOT_HIGHV",85,1.1,"HIGH_VDD","T_VMAX","VMAX",1.1495492298311047,"V","LOWER",1.15,"NOT_DEFINED",1.05,1.25,"NOT_UNIFORM","1.05,1.08,1.1,1.12,1.15,1.18,1.2,1.22,1.25","SYNTHETIC_ASSUMED","F",0.8983802601240165,"TESTER_A",20260115,"temporal_parametric_v1.0.0","DTL_TEMPORAL_PARAMETRIC_V1","DTL_TEMPORAL_ACTUAL_DIE_V1","DTL_TEMPORAL_POPULATION_V1"
"2026-01","January 2026",1,"DTL_NORM_002","DTL_NORM_002_D003","die_003",3,"NORMAL","COND_HOT_HIGHV",85,1.1,"HIGH_VDD","T_IDDQ","IDDQ",47.1929315390311,"uA","UPPER",50,"NOT_DEFINED",30,100,"NOT_UNIFORM","30.0,35.0,40.0,45.0,50.0,55.0,60.0,70.0,80.0,100.0","SYNTHETIC_ASSUMED","P",0.8983802601240165,"TESTER_A",20260115,"temporal_parametric_v1.0.0","DTL_TEMPORAL_PARAMETRIC_V1","DTL_TEMPORAL_ACTUAL_DIE_V1","DTL_TEMPORAL_POPULATION_V1"
"2026-01","January 2026",1,"DTL_NORM_002","DTL_NORM_002_D003","die_003",3,"NORMAL","COND_HOT_HIGHV",85,1.1,"HIGH_VDD","T_SUPPLY_CURRENT","SUPPLY_CURRENT",119.39250727038367,"mA","UPPER",120,"NOT_DEFINED",90,200,"NOT_UNIFORM","90.0,100.0,110.0,120.0,130.0,140.0,150.0,170.0,200.0","SYNTHETIC_ASSUMED","P",0.8983802601240165,"TESTER_A",20260115,"temporal_parametric_v1.0.0","DTL_TEMPORAL_PARAMETRIC_V1","DTL_TEMPORAL_ACTUAL_DIE_V1","DTL_TEMPORAL_POPULATION_V1"
"2026-01","January 2026",1,"DTL_SCRATCH_001","DTL_SCRATCH_001_D001","die_001",1,"SCRATCH","COND_RT_NOM",25,1,"NOMINAL","T_CONTACT_R","CONTACT_RESISTANCE",6.144792377665819,"ohm","UPPER",5,"NOT_DEFINED",3.5,10,"NOT_UNIFORM","3.5,4.0,4.5,5.0,5.5,6.0,7.0,8.0,10.0","SYNTHETIC_ASSUMED","F",3.232380318216825,"TESTER_A",20260115,"temporal_parametric_v1.0.0","DTL_TEMPORAL_PARAMETRIC_V1","DTL_TEMPORAL_ACTUAL_DIE_V1","DTL_TEMPORAL_POPULATION_V1"
"2026-01","January 2026",1,"DTL_SCRATCH_001","DTL_SCRATCH_001_D001","die_001",1,"SCRATCH","COND_RT_NOM",25,1,"NOMINAL","T_INTERCONNECT_R","INTERCONNECT_RESISTANCE",18.33413807995101,"ohm","UPPER",15,"NOT_DEFINED",11,25,"NOT_UNIFORM","11.0,12.0,13.0,14.0,15.0,16.0,18.0,20.0,25.0","SYNTHETIC_ASSUMED","F",3.232380318216825,"TESTER_A",20260115,"temporal_parametric_v1.0.0","DTL_TEMPORAL_PARAMETRIC_V1","DTL_TEMPORAL_ACTUAL_DIE_V1","DTL_TEMPORAL_POPULATION_V1"
"2026-01","January 2026",1,"DTL_SCRATCH_001","DTL_SCRATCH_001_D001","die_001",1,"SCRATCH","COND_RT_NOM",25,1,"NOMINAL","T_ON_R","ON_RESISTANCE",28.41361957565752,"ohm","UPPER",25,"NOT_DEFINED",18,50,"NOT_UNIFORM","18.0,20.0,22.0,25.0,28.0,30.0,35.0,40.0,50.0","SYNTHETIC_ASSUMED","F",3.232380318216825,"TESTER_A",20260115,"temporal_parametric_v1.0.0","DTL_TEMPORAL_PARAMETRIC_V1","DTL_TEMPORAL_ACTUAL_DIE_V1","DTL_TEMPORAL_POPULATION_V1"
"2026-01","January 2026",1,"DTL_SCRATCH_001","DTL_SCRATCH_001_D001","die_001",1,"SCRATCH","COND_RT_NOM",25,1,"NOMINAL","T_VMIN","VMIN",0.8924936247742151,"V","UPPER",0.85,"NOT_DEFINED",0.75,1,"NOT_UNIFORM","0.75,0.78,0.8,0.82,0.85,0.88,0.9,0.92,0.95,1.0","SYNTHETIC_ASSUMED","F",3.232380318216825,"TESTER_A",20260115,"temporal_parametric_v1.0.0","DTL_TEMPORAL_PARAMETRIC_V1","DTL_TEMPORAL_ACTUAL_DIE_V1","DTL_TEMPORAL_POPULATION_V1"
"2026-01","January 2026",1,"DTL_SCRATCH_001","DTL_SCRATCH_001_D001","die_001",1,"SCRATCH","COND_RT_NOM",25,1,"NOMINAL","T_VMAX","VMAX",1.0463683074578902,"V","LOWER",1.15,"NOT_DEFINED",1.05,1.25,"NOT_UNIFORM","1.05,1.08,1.1,1.12,1.15,1.18,1.2,1.22,1.25","SYNTHETIC_ASSUMED","F",3.232380318216825,"TESTER_A",20260115,"temporal_parametric_v1.0.0","DTL_TEMPORAL_PARAMETRIC_V1","DTL_TEMPORAL_ACTUAL_DIE_V1","DTL_TEMPORAL_POPULATION_V1"
"2026-01","January 2026",1,"DTL_SCRATCH_001","DTL_SCRATCH_001_D001","die_001",1,"SCRATCH","COND_RT_NOM",25,1,"NOMINAL","T_IDDQ","IDDQ",57.74882227849344,"uA","UPPER",50,"NOT_DEFINED",30,100,"NOT_UNIFORM","30.0,35.0,40.0,45.0,50.0,55.0,60.0,70.0,80.0,100.0","SYNTHETIC_ASSUMED","F",3.232380318216825,"TESTER_A",20260115,"temporal_parametric_v1.0.0","DTL_TEMPORAL_PARAMETRIC_V1","DTL_TEMPORAL_ACTUAL_DIE_V1","DTL_TEMPORAL_POPULATION_V1"
"2026-01","January 2026",1,"DTL_SCRATCH_001","DTL_SCRATCH_001_D001","die_001",1,"SCRATCH","COND_RT_NOM",25,1,"NOMINAL","T_SUPPLY_CURRENT","SUPPLY_CURRENT",109.43528730564095,"mA","UPPER",120,"NOT_DEFINED",90,200,"NOT_UNIFORM","90.0,100.0,110.0,120.0,130.0,140.0,150.0,170.0,200.0","SYNTHETIC_ASSUMED","P",3.232380318216825,"TESTER_A",20260115,"temporal_parametric_v1.0.0","DTL_TEMPORAL_PARAMETRIC_V1","DTL_TEMPORAL_ACTUAL_DIE_V1","DTL_TEMPORAL_POPULATION_V1"
"2026-01","January 2026",1,"DTL_SCRATCH_001","DTL_SCRATCH_001_D001","die_001",1,"SCRATCH","COND_HOT_NOM",85,1,"HOT","T_CONTACT_R","CONTACT_RESISTANCE",6.314843426560725,"ohm","UPPER",5,"NOT_DEFINED",3.5,10,"NOT_UNIFORM","3.5,4.0,4.5,5.0,5.5,6.0,7.0,8.0,10.0","SYNTHETIC_ASSUMED","F",3.232380318216825,"TESTER_A",20260115,"temporal_parametric_v1.0.0","DTL_TEMPORAL_PARAMETRIC_V1","DTL_TEMPORAL_ACTUAL_DIE_V1","DTL_TEMPORAL_POPULATION_V1"
"2026-01","January 2026",1,"DTL_SCRATCH_001","DTL_SCRATCH_001_D001","die_001",1,"SCRATCH","COND_HOT_NOM",85,1,"HOT","T_INTERCONNECT_R","INTERCONNECT_RESISTANCE",18.93752231257028,"ohm","UPPER",15,"NOT_DEFINED",11,25,"NOT_UNIFORM","11.0,12.0,13.0,14.0,15.0,16.0,18.0,20.0,25.0","SYNTHETIC_ASSUMED","F",3.232380318216825,"TESTER_A",20260115,"temporal_parametric_v1.0.0","DTL_TEMPORAL_PARAMETRIC_V1","DTL_TEMPORAL_ACTUAL_DIE_V1","DTL_TEMPORAL_POPULATION_V1"
"2026-01","January 2026",1,"DTL_SCRATCH_001","DTL_SCRATCH_001_D001","die_001",1,"SCRATCH","COND_HOT_NOM",85,1,"HOT","T_ON_R","ON_RESISTANCE",26.042820877940148,"ohm","UPPER",25,"NOT_DEFINED",18,50,"NOT_UNIFORM","18.0,20.0,22.0,25.0,28.0,30.0,35.0,40.0,50.0","SYNTHETIC_ASSUMED","F",3.232380318216825,"TESTER_A",20260115,"temporal_parametric_v1.0.0","DTL_TEMPORAL_PARAMETRIC_V1","DTL_TEMPORAL_ACTUAL_DIE_V1","DTL_TEMPORAL_POPULATION_V1"
"2026-01","January 2026",1,"DTL_SCRATCH_001","DTL_SCRATCH_001_D001","die_001",1,"SCRATCH","COND_HOT_NOM",85,1,"HOT","T_VMIN","VMIN",0.923838979394669,"V","UPPER",0.85,"NOT_DEFINED",0.75,1,"NOT_UNIFORM","0.75,0.78,0.8,0.82,0.85,0.88,0.9,0.92,0.95,1.0","SYNTHETIC_ASSUMED","F",3.232380318216825,"TESTER_A",20260115,"temporal_parametric_v1.0.0","DTL_TEMPORAL_PARAMETRIC_V1","DTL_TEMPORAL_ACTUAL_DIE_V1","DTL_TEMPORAL_POPULATION_V1"
"2026-01","January 2026",1,"DTL_SCRATCH_001","DTL_SCRATCH_001_D001","die_001",1,"SCRATCH","COND_HOT_NOM",85,1,"HOT","T_VMAX","VMAX",1.1172764411705405,"V","LOWER",1.15,"NOT_DEFINED",1.05,1.25,"NOT_UNIFORM","1.05,1.08,1.1,1.12,1.15,1.18,1.2,1.22,1.25","SYNTHETIC_ASSUMED","F",3.232380318216825,"TESTER_A",20260115,"temporal_parametric_v1.0.0","DTL_TEMPORAL_PARAMETRIC_V1","DTL_TEMPORAL_ACTUAL_DIE_V1","DTL_TEMPORAL_POPULATION_V1"
"2026-01","January 2026",1,"DTL_SCRATCH_001","DTL_SCRATCH_001_D001","die_001",1,"SCRATCH","COND_HOT_NOM",85,1,"HOT","T_IDDQ","IDDQ",75.12549744720069,"uA","UPPER",50,"NOT_DEFINED",30,100,"NOT_UNIFORM","30.0,35.0,40.0,45.0,50.0,55.0,60.0,70.0,80.0,100.0","SYNTHETIC_ASSUMED","F",3.232380318216825,"TESTER_A",20260115,"temporal_parametric_v1.0.0","DTL_TEMPORAL_PARAMETRIC_V1","DTL_TEMPORAL_ACTUAL_DIE_V1","DTL_TEMPORAL_POPULATION_V1"
"2026-01","January 2026",1,"DTL_SCRATCH_001","DTL_SCRATCH_001_D001","die_001",1,"SCRATCH","COND_HOT_NOM",85,1,"HOT","T_SUPPLY_CURRENT","SUPPLY_CURRENT",130.5636120252848,"mA","UPPER",120,"NOT_DEFINED",90,200,"NOT_UNIFORM","90.0,100.0,110.0,120.0,130.0,140.0,150.0,170.0,200.0","SYNTHETIC_ASSUMED","F",3.232380318216825,"TESTER_A",20260115,"temporal_parametric_v1.0.0","DTL_TEMPORAL_PARAMETRIC_V1","DTL_TEMPORAL_ACTUAL_DIE_V1","DTL_TEMPORAL_POPULATION_V1"
"2026-01","January 2026",1,"DTL_SCRATCH_001","DTL_SCRATCH_001_D001","die_001",1,"SCRATCH","COND_RT_LOWV",25,0.9,"LOW_VDD","T_CONTACT_R","CONTACT_RESISTANCE",7.222557452520367,"ohm","UPPER",5,"NOT_DEFINED",3.5,10,"NOT_UNIFORM","3.5,4.0,4.5,5.0,5.5,6.0,7.0,8.0,10.0","SYNTHETIC_ASSUMED","F",3.232380318216825,"TESTER_A",20260115,"temporal_parametric_v1.0.0","DTL_TEMPORAL_PARAMETRIC_V1","DTL_TEMPORAL_ACTUAL_DIE_V1","DTL_TEMPORAL_POPULATION_V1"
"2026-01","January 2026",1,"DTL_SCRATCH_001","DTL_SCRATCH_001_D001","die_001",1,"SCRATCH","COND_RT_LOWV",25,0.9,"LOW_VDD","T_INTERCONNECT_R","INTERCONNECT_RESISTANCE",19.1198188410428,"ohm","UPPER",15,"NOT_DEFINED",11,25,"NOT_UNIFORM","11.0,12.0,13.0,14.0,15.0,16.0,18.0,20.0,25.0","SYNTHETIC_ASSUMED","F",3.232380318216825,"TESTER_A",20260115,"temporal_parametric_v1.0.0","DTL_TEMPORAL_PARAMETRIC_V1","DTL_TEMPORAL_ACTUAL_DIE_V1","DTL_TEMPORAL_POPULATION_V1"
"2026-01","January 2026",1,"DTL_SCRATCH_001","DTL_SCRATCH_001_D001","die_001",1,"SCRATCH","COND_RT_LOWV",25,0.9,"LOW_VDD","T_ON_R","ON_RESISTANCE",32.695046827763115,"ohm","UPPER",25,"NOT_DEFINED",18,50,"NOT_UNIFORM","18.0,20.0,22.0,25.0,28.0,30.0,35.0,40.0,50.0","SYNTHETIC_ASSUMED","F",3.232380318216825,"TESTER_A",20260115,"temporal_parametric_v1.0.0","DTL_TEMPORAL_PARAMETRIC_V1","DTL_TEMPORAL_ACTUAL_DIE_V1","DTL_TEMPORAL_POPULATION_V1"
"2026-01","January 2026",1,"DTL_SCRATCH_001","DTL_SCRATCH_001_D001","die_001",1,"SCRATCH","COND_RT_LOWV",25,0.9,"LOW_VDD","T_VMIN","VMIN",0.989295062917774,"V","UPPER",0.85,"NOT_DEFINED",0.75,1,"NOT_UNIFORM","0.75,0.78,0.8,0.82,0.85,0.88,0.9,0.92,0.95,1.0","SYNTHETIC_ASSUMED","F",3.232380318216825,"TESTER_A",20260115,"temporal_parametric_v1.0.0","DTL_TEMPORAL_PARAMETRIC_V1","DTL_TEMPORAL_ACTUAL_DIE_V1","DTL_TEMPORAL_POPULATION_V1"
"2026-01","January 2026",1,"DTL_SCRATCH_001","DTL_SCRATCH_001_D001","die_001",1,"SCRATCH","COND_RT_LOWV",25,0.9,"LOW_VDD","T_VMAX","VMAX",1.0819305464984048,"V","LOWER",1.15,"NOT_DEFINED",1.05,1.25,"NOT_UNIFORM","1.05,1.08,1.1,1.12,1.15,1.18,1.2,1.22,1.25","SYNTHETIC_ASSUMED","F",3.232380318216825,"TESTER_A",20260115,"temporal_parametric_v1.0.0","DTL_TEMPORAL_PARAMETRIC_V1","DTL_TEMPORAL_ACTUAL_DIE_V1","DTL_TEMPORAL_POPULATION_V1"
"2026-01","January 2026",1,"DTL_SCRATCH_001","DTL_SCRATCH_001_D001","die_001",1,"SCRATCH","COND_RT_LOWV",25,0.9,"LOW_VDD","T_IDDQ","IDDQ",70.6144704776989,"uA","UPPER",50,"NOT_DEFINED",30,100,"NOT_UNIFORM","30.0,35.0,40.0,45.0,50.0,55.0,60.0,70.0,80.0,100.0","SYNTHETIC_ASSUMED","F",3.232380318216825,"TESTER_A",20260115,"temporal_parametric_v1.0.0","DTL_TEMPORAL_PARAMETRIC_V1","DTL_TEMPORAL_ACTUAL_DIE_V1","DTL_TEMPORAL_POPULATION_V1"
"2026-01","January 2026",1,"DTL_SCRATCH_001","DTL_SCRATCH_001_D001","die_001",1,"SCRATCH","COND_RT_LOWV",25,0.9,"LOW_VDD","T_SUPPLY_CURRENT","SUPPLY_CURRENT",128.59924122715145,"mA","UPPER",120,"NOT_DEFINED",90,200,"NOT_UNIFORM","90.0,100.0,110.0,120.0,130.0,140.0,150.0,170.0,200.0","SYNTHETIC_ASSUMED","F",3.232380318216825,"TESTER_A",20260115,"temporal_parametric_v1.0.0","DTL_TEMPORAL_PARAMETRIC_V1","DTL_TEMPORAL_ACTUAL_DIE_V1","DTL_TEMPORAL_POPULATION_V1"
"2026-01","January 2026",1,"DTL_SCRATCH_001","DTL_SCRATCH_001_D001","die_001",1,"SCRATCH","COND_HOT_HIGHV",85,1.1,"HIGH_VDD","T_CONTACT_R","CONTACT_RESISTANCE",5.737256535529313,"ohm","UPPER",5,"NOT_DEFINED",3.5,10,"NOT_UNIFORM","3.5,4.0,4.5,5.0,5.5,6.0,7.0,8.0,10.0","SYNTHETIC_ASSUMED","F",3.232380318216825,"TESTER_A",20260115,"temporal_parametric_v1.0.0","DTL_TEMPORAL_PARAMETRIC_V1","DTL_TEMPORAL_ACTUAL_DIE_V1","DTL_TEMPORAL_POPULATION_V1"
"2026-01","January 2026",1,"DTL_SCRATCH_001","DTL_SCRATCH_001_D001","die_001",1,"SCRATCH","COND_HOT_HIGHV",85,1.1,"HIGH_VDD","T_INTERCONNECT_R","INTERCONNECT_RESISTANCE",17.2652860919763,"ohm","UPPER",15,"NOT_DEFINED",11,25,"NOT_UNIFORM","11.0,12.0,13.0,14.0,15.0,16.0,18.0,20.0,25.0","SYNTHETIC_ASSUMED","F",3.232380318216825,"TESTER_A",20260115,"temporal_parametric_v1.0.0","DTL_TEMPORAL_PARAMETRIC_V1","DTL_TEMPORAL_ACTUAL_DIE_V1","DTL_TEMPORAL_POPULATION_V1"
"2026-01","January 2026",1,"DTL_SCRATCH_001","DTL_SCRATCH_001_D001","die_001",1,"SCRATCH","COND_HOT_HIGHV",85,1.1,"HIGH_VDD","T_ON_R","ON_RESISTANCE",28.70330457132736,"ohm","UPPER",25,"NOT_DEFINED",18,50,"NOT_UNIFORM","18.0,20.0,22.0,25.0,28.0,30.0,35.0,40.0,50.0","SYNTHETIC_ASSUMED","F",3.232380318216825,"TESTER_A",20260115,"temporal_parametric_v1.0.0","DTL_TEMPORAL_PARAMETRIC_V1","DTL_TEMPORAL_ACTUAL_DIE_V1","DTL_TEMPORAL_POPULATION_V1"
"2026-01","January 2026",1,"DTL_SCRATCH_001","DTL_SCRATCH_001_D001","die_001",1,"SCRATCH","COND_HOT_HIGHV",85,1.1,"HIGH_VDD","T_VMIN","VMIN",0.911463517839778,"V","UPPER",0.85,"NOT_DEFINED",0.75,1,"NOT_UNIFORM","0.75,0.78,0.8,0.82,0.85,0.88,0.9,0.92,0.95,1.0","SYNTHETIC_ASSUMED","F",3.232380318216825,"TESTER_A",20260115,"temporal_parametric_v1.0.0","DTL_TEMPORAL_PARAMETRIC_V1","DTL_TEMPORAL_ACTUAL_DIE_V1","DTL_TEMPORAL_POPULATION_V1"
"2026-01","January 2026",1,"DTL_SCRATCH_001","DTL_SCRATCH_001_D001","die_001",1,"SCRATCH","COND_HOT_HIGHV",85,1.1,"HIGH_VDD","T_VMAX","VMAX",1.1087676838086304,"V","LOWER",1.15,"NOT_DEFINED",1.05,1.25,"NOT_UNIFORM","1.05,1.08,1.1,1.12,1.15,1.18,1.2,1.22,1.25","SYNTHETIC_ASSUMED","F",3.232380318216825,"TESTER_A",20260115,"temporal_parametric_v1.0.0","DTL_TEMPORAL_PARAMETRIC_V1","DTL_TEMPORAL_ACTUAL_DIE_V1","DTL_TEMPORAL_POPULATION_V1"
"2026-01","January 2026",1,"DTL_SCRATCH_001","DTL_SCRATCH_001_D001","die_001",1,"SCRATCH","COND_HOT_HIGHV",85,1.1,"HIGH_VDD","T_IDDQ","IDDQ",72.57801280516902,"uA","UPPER",50,"NOT_DEFINED",30,100,"NOT_UNIFORM","30.0,35.0,40.0,45.0,50.0,55.0,60.0,70.0,80.0,100.0","SYNTHETIC_ASSUMED","F",3.232380318216825,"TESTER_A",20260115,"temporal_parametric_v1.0.0","DTL_TEMPORAL_PARAMETRIC_V1","DTL_TEMPORAL_ACTUAL_DIE_V1","DTL_TEMPORAL_POPULATION_V1"
"2026-01","January 2026",1,"DTL_SCRATCH_001","DTL_SCRATCH_001_D001","die_001",1,"SCRATCH","COND_HOT_HIGHV",85,1.1,"HIGH_VDD","T_SUPPLY_CURRENT","SUPPLY_CURRENT",140.57962632116863,"mA","UPPER",120,"NOT_DEFINED",90,200,"NOT_UNIFORM","90.0,100.0,110.0,120.0,130.0,140.0,150.0,170.0,200.0","SYNTHETIC_ASSUMED","F",3.232380318216825,"TESTER_A",20260115,"temporal_parametric_v1.0.0","DTL_TEMPORAL_PARAMETRIC_V1","DTL_TEMPORAL_ACTUAL_DIE_V1","DTL_TEMPORAL_POPULATION_V1"
"2026-01","January 2026",1,"DTL_SCRATCH_001","DTL_SCRATCH_001_D002","die_002",2,"SCRATCH","COND_RT_NOM",25,1,"NOMINAL","T_CONTACT_R","CONTACT_RESISTANCE",4.307537410532417,"ohm","UPPER",5,"NOT_DEFINED",3.5,10,"NOT_UNIFORM","3.5,4.0,4.5,5.0,5.5,6.0,7.0,8.0,10.0","SYNTHETIC_ASSUMED","P",2.201838043909828,"TESTER_A",20260115,"temporal_parametric_v1.0.0","DTL_TEMPORAL_PARAMETRIC_V1","DTL_TEMPORAL_ACTUAL_DIE_V1","DTL_TEMPORAL_POPULATION_V1"
"2026-01","January 2026",1,"DTL_SCRATCH_001","DTL_SCRATCH_001_D002","die_002",2,"SCRATCH","COND_RT_NOM",25,1,"NOMINAL","T_INTERCONNECT_R","INTERCONNECT_RESISTANCE",17.095113634504763,"ohm","UPPER",15,"NOT_DEFINED",11,25,"NOT_UNIFORM","11.0,12.0,13.0,14.0,15.0,16.0,18.0,20.0,25.0","SYNTHETIC_ASSUMED","F",2.201838043909828,"TESTER_A",20260115,"temporal_parametric_v1.0.0","DTL_TEMPORAL_PARAMETRIC_V1","DTL_TEMPORAL_ACTUAL_DIE_V1","DTL_TEMPORAL_POPULATION_V1"
"2026-01","January 2026",1,"DTL_SCRATCH_001","DTL_SCRATCH_001_D002","die_002",2,"SCRATCH","COND_RT_NOM",25,1,"NOMINAL","T_ON_R","ON_RESISTANCE",25.393069029591537,"ohm","UPPER",25,"NOT_DEFINED",18,50,"NOT_UNIFORM","18.0,20.0,22.0,25.0,28.0,30.0,35.0,40.0,50.0","SYNTHETIC_ASSUMED","F",2.201838043909828,"TESTER_A",20260115,"temporal_parametric_v1.0.0","DTL_TEMPORAL_PARAMETRIC_V1","DTL_TEMPORAL_ACTUAL_DIE_V1","DTL_TEMPORAL_POPULATION_V1"
"2026-01","January 2026",1,"DTL_SCRATCH_001","DTL_SCRATCH_001_D002","die_002",2,"SCRATCH","COND_RT_NOM",25,1,"NOMINAL","T_VMIN","VMIN",0.9143732866894506,"V","UPPER",0.85,"NOT_DEFINED",0.75,1,"NOT_UNIFORM","0.75,0.78,0.8,0.82,0.85,0.88,0.9,0.92,0.95,1.0","SYNTHETIC_ASSUMED","F",2.201838043909828,"TESTER_A",20260115,"temporal_parametric_v1.0.0","DTL_TEMPORAL_PARAMETRIC_V1","DTL_TEMPORAL_ACTUAL_DIE_V1","DTL_TEMPORAL_POPULATION_V1"
"2026-01","January 2026",1,"DTL_SCRATCH_001","DTL_SCRATCH_001_D002","die_002",2,"SCRATCH","COND_RT_NOM",25,1,"NOMINAL","T_VMAX","VMAX",1.1218742216926012,"V","LOWER",1.15,"NOT_DEFINED",1.05,1.25,"NOT_UNIFORM","1.05,1.08,1.1,1.12,1.15,1.18,1.2,1.22,1.25","SYNTHETIC_ASSUMED","F",2.201838043909828,"TESTER_A",20260115,"temporal_parametric_v1.0.0","DTL_TEMPORAL_PARAMETRIC_V1","DTL_TEMPORAL_ACTUAL_DIE_V1","DTL_TEMPORAL_POPULATION_V1"
"2026-01","January 2026",1,"DTL_SCRATCH_001","DTL_SCRATCH_001_D002","die_002",2,"SCRATCH","COND_RT_NOM",25,1,"NOMINAL","T_IDDQ","IDDQ",49.37177730526835,"uA","UPPER",50,"NOT_DEFINED",30,100,"NOT_UNIFORM","30.0,35.0,40.0,45.0,50.0,55.0,60.0,70.0,80.0,100.0","SYNTHETIC_ASSUMED","P",2.201838043909828,"TESTER_A",20260115,"temporal_parametric_v1.0.0","DTL_TEMPORAL_PARAMETRIC_V1","DTL_TEMPORAL_ACTUAL_DIE_V1","DTL_TEMPORAL_POPULATION_V1"
"2026-01","January 2026",1,"DTL_SCRATCH_001","DTL_SCRATCH_001_D002","die_002",2,"SCRATCH","COND_RT_NOM",25,1,"NOMINAL","T_SUPPLY_CURRENT","SUPPLY_CURRENT",118.78046812417456,"mA","UPPER",120,"NOT_DEFINED",90,200,"NOT_UNIFORM","90.0,100.0,110.0,120.0,130.0,140.0,150.0,170.0,200.0","SYNTHETIC_ASSUMED","P",2.201838043909828,"TESTER_A",20260115,"temporal_parametric_v1.0.0","DTL_TEMPORAL_PARAMETRIC_V1","DTL_TEMPORAL_ACTUAL_DIE_V1","DTL_TEMPORAL_POPULATION_V1"
"2026-01","January 2026",1,"DTL_SCRATCH_001","DTL_SCRATCH_001_D002","die_002",2,"SCRATCH","COND_HOT_NOM",85,1,"HOT","T_CONTACT_R","CONTACT_RESISTANCE",5.34013354116462,"ohm","UPPER",5,"NOT_DEFINED",3.5,10,"NOT_UNIFORM","3.5,4.0,4.5,5.0,5.5,6.0,7.0,8.0,10.0","SYNTHETIC_ASSUMED","F",2.201838043909828,"TESTER_A",20260115,"temporal_parametric_v1.0.0","DTL_TEMPORAL_PARAMETRIC_V1","DTL_TEMPORAL_ACTUAL_DIE_V1","DTL_TEMPORAL_POPULATION_V1"
"2026-01","January 2026",1,"DTL_SCRATCH_001","DTL_SCRATCH_001_D002","die_002",2,"SCRATCH","COND_HOT_NOM",85,1,"HOT","T_INTERCONNECT_R","INTERCONNECT_RESISTANCE",16.274192469586378,"ohm","UPPER",15,"NOT_DEFINED",11,25,"NOT_UNIFORM","11.0,12.0,13.0,14.0,15.0,16.0,18.0,20.0,25.0","SYNTHETIC_ASSUMED","F",2.201838043909828,"TESTER_A",20260115,"temporal_parametric_v1.0.0","DTL_TEMPORAL_PARAMETRIC_V1","DTL_TEMPORAL_ACTUAL_DIE_V1","DTL_TEMPORAL_POPULATION_V1"
"2026-01","January 2026",1,"DTL_SCRATCH_001","DTL_SCRATCH_001_D002","die_002",2,"SCRATCH","COND_HOT_NOM",85,1,"HOT","T_ON_R","ON_RESISTANCE",25.67790527988344,"ohm","UPPER",25,"NOT_DEFINED",18,50,"NOT_UNIFORM","18.0,20.0,22.0,25.0,28.0,30.0,35.0,40.0,50.0","SYNTHETIC_ASSUMED","F",2.201838043909828,"TESTER_A",20260115,"temporal_parametric_v1.0.0","DTL_TEMPORAL_PARAMETRIC_V1","DTL_TEMPORAL_ACTUAL_DIE_V1","DTL_TEMPORAL_POPULATION_V1"
"2026-01","January 2026",1,"DTL_SCRATCH_001","DTL_SCRATCH_001_D002","die_002",2,"SCRATCH","COND_HOT_NOM",85,1,"HOT","T_VMIN","VMIN",0.8766182315016587,"V","UPPER",0.85,"NOT_DEFINED",0.75,1,"NOT_UNIFORM","0.75,0.78,0.8,0.82,0.85,0.88,0.9,0.92,0.95,1.0","SYNTHETIC_ASSUMED","F",2.201838043909828,"TESTER_A",20260115,"temporal_parametric_v1.0.0","DTL_TEMPORAL_PARAMETRIC_V1","DTL_TEMPORAL_ACTUAL_DIE_V1","DTL_TEMPORAL_POPULATION_V1"
"2026-01","January 2026",1,"DTL_SCRATCH_001","DTL_SCRATCH_001_D002","die_002",2,"SCRATCH","COND_HOT_NOM",85,1,"HOT","T_VMAX","VMAX",1.1020851082897327,"V","LOWER",1.15,"NOT_DEFINED",1.05,1.25,"NOT_UNIFORM","1.05,1.08,1.1,1.12,1.15,1.18,1.2,1.22,1.25","SYNTHETIC_ASSUMED","F",2.201838043909828,"TESTER_A",20260115,"temporal_parametric_v1.0.0","DTL_TEMPORAL_PARAMETRIC_V1","DTL_TEMPORAL_ACTUAL_DIE_V1","DTL_TEMPORAL_POPULATION_V1"
"2026-01","January 2026",1,"DTL_SCRATCH_001","DTL_SCRATCH_001_D002","die_002",2,"SCRATCH","COND_HOT_NOM",85,1,"HOT","T_IDDQ","IDDQ",65.36803068736232,"uA","UPPER",50,"NOT_DEFINED",30,100,"NOT_UNIFORM","30.0,35.0,40.0,45.0,50.0,55.0,60.0,70.0,80.0,100.0","SYNTHETIC_ASSUMED","F",2.201838043909828,"TESTER_A",20260115,"temporal_parametric_v1.0.0","DTL_TEMPORAL_PARAMETRIC_V1","DTL_TEMPORAL_ACTUAL_DIE_V1","DTL_TEMPORAL_POPULATION_V1"
"2026-01","January 2026",1,"DTL_SCRATCH_001","DTL_SCRATCH_001_D002","die_002",2,"SCRATCH","COND_HOT_NOM",85,1,"HOT","T_SUPPLY_CURRENT","SUPPLY_CURRENT",117.66980635090916,"mA","UPPER",120,"NOT_DEFINED",90,200,"NOT_UNIFORM","90.0,100.0,110.0,120.0,130.0,140.0,150.0,170.0,200.0","SYNTHETIC_ASSUMED","P",2.201838043909828,"TESTER_A",20260115,"temporal_parametric_v1.0.0","DTL_TEMPORAL_PARAMETRIC_V1","DTL_TEMPORAL_ACTUAL_DIE_V1","DTL_TEMPORAL_POPULATION_V1"
"2026-01","January 2026",1,"DTL_SCRATCH_001","DTL_SCRATCH_001_D002","die_002",2,"SCRATCH","COND_RT_LOWV",25,0.9,"LOW_VDD","T_CONTACT_R","CONTACT_RESISTANCE",6.265584436174211,"ohm","UPPER",5,"NOT_DEFINED",3.5,10,"NOT_UNIFORM","3.5,4.0,4.5,5.0,5.5,6.0,7.0,8.0,10.0","SYNTHETIC_ASSUMED","F",2.201838043909828,"TESTER_A",20260115,"temporal_parametric_v1.0.0","DTL_TEMPORAL_PARAMETRIC_V1","DTL_TEMPORAL_ACTUAL_DIE_V1","DTL_TEMPORAL_POPULATION_V1"
"2026-01","January 2026",1,"DTL_SCRATCH_001","DTL_SCRATCH_001_D002","die_002",2,"SCRATCH","COND_RT_LOWV",25,0.9,"LOW_VDD","T_INTERCONNECT_R","INTERCONNECT_RESISTANCE",15.453250956053433,"ohm","UPPER",15,"NOT_DEFINED",11,25,"NOT_UNIFORM","11.0,12.0,13.0,14.0,15.0,16.0,18.0,20.0,25.0","SYNTHETIC_ASSUMED","F",2.201838043909828,"TESTER_A",20260115,"temporal_parametric_v1.0.0","DTL_TEMPORAL_PARAMETRIC_V1","DTL_TEMPORAL_ACTUAL_DIE_V1","DTL_TEMPORAL_POPULATION_V1"
"2026-01","January 2026",1,"DTL_SCRATCH_001","DTL_SCRATCH_001_D002","die_002",2,"SCRATCH","COND_RT_LOWV",25,0.9,"LOW_VDD","T_ON_R","ON_RESISTANCE",22.25866485044762,"ohm","UPPER",25,"NOT_DEFINED",18,50,"NOT_UNIFORM","18.0,20.0,22.0,25.0,28.0,30.0,35.0,40.0,50.0","SYNTHETIC_ASSUMED","P",2.201838043909828,"TESTER_A",20260115,"temporal_parametric_v1.0.0","DTL_TEMPORAL_PARAMETRIC_V1","DTL_TEMPORAL_ACTUAL_DIE_V1","DTL_TEMPORAL_POPULATION_V1"
"2026-01","January 2026",1,"DTL_SCRATCH_001","DTL_SCRATCH_001_D002","die_002",2,"SCRATCH","COND_RT_LOWV",25,0.9,"LOW_VDD","T_VMIN","VMIN",0.8765233183120724,"V","UPPER",0.85,"NOT_DEFINED",0.75,1,"NOT_UNIFORM","0.75,0.78,0.8,0.82,0.85,0.88,0.9,0.92,0.95,1.0","SYNTHETIC_ASSUMED","F",2.201838043909828,"TESTER_A",20260115,"temporal_parametric_v1.0.0","DTL_TEMPORAL_PARAMETRIC_V1","DTL_TEMPORAL_ACTUAL_DIE_V1","DTL_TEMPORAL_POPULATION_V1"
"2026-01","January 2026",1,"DTL_SCRATCH_001","DTL_SCRATCH_001_D002","die_002",2,"SCRATCH","COND_RT_LOWV",25,0.9,"LOW_VDD","T_VMAX","VMAX",1.146545249605727,"V","LOWER",1.15,"NOT_DEFINED",1.05,1.25,"NOT_UNIFORM","1.05,1.08,1.1,1.12,1.15,1.18,1.2,1.22,1.25","SYNTHETIC_ASSUMED","F",2.201838043909828,"TESTER_A",20260115,"temporal_parametric_v1.0.0","DTL_TEMPORAL_PARAMETRIC_V1","DTL_TEMPORAL_ACTUAL_DIE_V1","DTL_TEMPORAL_POPULATION_V1"
"2026-01","January 2026",1,"DTL_SCRATCH_001","DTL_SCRATCH_001_D002","die_002",2,"SCRATCH","COND_RT_LOWV",25,0.9,"LOW_VDD","T_IDDQ","IDDQ",54.97009864639851,"uA","UPPER",50,"NOT_DEFINED",30,100,"NOT_UNIFORM","30.0,35.0,40.0,45.0,50.0,55.0,60.0,70.0,80.0,100.0","SYNTHETIC_ASSUMED","F",2.201838043909828,"TESTER_A",20260115,"temporal_parametric_v1.0.0","DTL_TEMPORAL_PARAMETRIC_V1","DTL_TEMPORAL_ACTUAL_DIE_V1","DTL_TEMPORAL_POPULATION_V1"
"2026-01","January 2026",1,"DTL_SCRATCH_001","DTL_SCRATCH_001_D002","die_002",2,"SCRATCH","COND_RT_LOWV",25,0.9,"LOW_VDD","T_SUPPLY_CURRENT","SUPPLY_CURRENT",106.16884216240736,"mA","UPPER",120,"NOT_DEFINED",90,200,"NOT_UNIFORM","90.0,100.0,110.0,120.0,130.0,140.0,150.0,170.0,200.0","SYNTHETIC_ASSUMED","P",2.201838043909828,"TESTER_A",20260115,"temporal_parametric_v1.0.0","DTL_TEMPORAL_PARAMETRIC_V1","DTL_TEMPORAL_ACTUAL_DIE_V1","DTL_TEMPORAL_POPULATION_V1"
"2026-01","January 2026",1,"DTL_SCRATCH_001","DTL_SCRATCH_001_D002","die_002",2,"SCRATCH","COND_HOT_HIGHV",85,1.1,"HIGH_VDD","T_CONTACT_R","CONTACT_RESISTANCE",5.413472530636596,"ohm","UPPER",5,"NOT_DEFINED",3.5,10,"NOT_UNIFORM","3.5,4.0,4.5,5.0,5.5,6.0,7.0,8.0,10.0","SYNTHETIC_ASSUMED","F",2.201838043909828,"TESTER_A",20260115,"temporal_parametric_v1.0.0","DTL_TEMPORAL_PARAMETRIC_V1","DTL_TEMPORAL_ACTUAL_DIE_V1","DTL_TEMPORAL_POPULATION_V1"
"2026-01","January 2026",1,"DTL_SCRATCH_001","DTL_SCRATCH_001_D002","die_002",2,"SCRATCH","COND_HOT_HIGHV",85,1.1,"HIGH_VDD","T_INTERCONNECT_R","INTERCONNECT_RESISTANCE",14.49218996053924,"ohm","UPPER",15,"NOT_DEFINED",11,25,"NOT_UNIFORM","11.0,12.0,13.0,14.0,15.0,16.0,18.0,20.0,25.0","SYNTHETIC_ASSUMED","P",2.201838043909828,"TESTER_A",20260115,"temporal_parametric_v1.0.0","DTL_TEMPORAL_PARAMETRIC_V1","DTL_TEMPORAL_ACTUAL_DIE_V1","DTL_TEMPORAL_POPULATION_V1"
"2026-01","January 2026",1,"DTL_SCRATCH_001","DTL_SCRATCH_001_D002","die_002",2,"SCRATCH","COND_HOT_HIGHV",85,1.1,"HIGH_VDD","T_ON_R","ON_RESISTANCE",25.958664087997,"ohm","UPPER",25,"NOT_DEFINED",18,50,"NOT_UNIFORM","18.0,20.0,22.0,25.0,28.0,30.0,35.0,40.0,50.0","SYNTHETIC_ASSUMED","F",2.201838043909828,"TESTER_A",20260115,"temporal_parametric_v1.0.0","DTL_TEMPORAL_PARAMETRIC_V1","DTL_TEMPORAL_ACTUAL_DIE_V1","DTL_TEMPORAL_POPULATION_V1"
"2026-01","January 2026",1,"DTL_SCRATCH_001","DTL_SCRATCH_001_D002","die_002",2,"SCRATCH","COND_HOT_HIGHV",85,1.1,"HIGH_VDD","T_VMIN","VMIN",0.9089104079790248,"V","UPPER",0.85,"NOT_DEFINED",0.75,1,"NOT_UNIFORM","0.75,0.78,0.8,0.82,0.85,0.88,0.9,0.92,0.95,1.0","SYNTHETIC_ASSUMED","F",2.201838043909828,"TESTER_A",20260115,"temporal_parametric_v1.0.0","DTL_TEMPORAL_PARAMETRIC_V1","DTL_TEMPORAL_ACTUAL_DIE_V1","DTL_TEMPORAL_POPULATION_V1"
"2026-01","January 2026",1,"DTL_SCRATCH_001","DTL_SCRATCH_001_D002","die_002",2,"SCRATCH","COND_HOT_HIGHV",85,1.1,"HIGH_VDD","T_VMAX","VMAX",1.1183240491374768,"V","LOWER",1.15,"NOT_DEFINED",1.05,1.25,"NOT_UNIFORM","1.05,1.08,1.1,1.12,1.15,1.18,1.2,1.22,1.25","SYNTHETIC_ASSUMED","F",2.201838043909828,"TESTER_A",20260115,"temporal_parametric_v1.0.0","DTL_TEMPORAL_PARAMETRIC_V1","DTL_TEMPORAL_ACTUAL_DIE_V1","DTL_TEMPORAL_POPULATION_V1"
"2026-01","January 2026",1,"DTL_SCRATCH_001","DTL_SCRATCH_001_D002","die_002",2,"SCRATCH","COND_HOT_HIGHV",85,1.1,"HIGH_VDD","T_IDDQ","IDDQ",60.9673756938582,"uA","UPPER",50,"NOT_DEFINED",30,100,"NOT_UNIFORM","30.0,35.0,40.0,45.0,50.0,55.0,60.0,70.0,80.0,100.0","SYNTHETIC_ASSUMED","F",2.201838043909828,"TESTER_A",20260115,"temporal_parametric_v1.0.0","DTL_TEMPORAL_PARAMETRIC_V1","DTL_TEMPORAL_ACTUAL_DIE_V1","DTL_TEMPORAL_POPULATION_V1"
"2026-01","January 2026",1,"DTL_SCRATCH_001","DTL_SCRATCH_001_D002","die_002",2,"SCRATCH","COND_HOT_HIGHV",85,1.1,"HIGH_VDD","T_SUPPLY_CURRENT","SUPPLY_CURRENT",130.84058483483687,"mA","UPPER",120,"NOT_DEFINED",90,200,"NOT_UNIFORM","90.0,100.0,110.0,120.0,130.0,140.0,150.0,170.0,200.0","SYNTHETIC_ASSUMED","F",2.201838043909828,"TESTER_A",20260115,"temporal_parametric_v1.0.0","DTL_TEMPORAL_PARAMETRIC_V1","DTL_TEMPORAL_ACTUAL_DIE_V1","DTL_TEMPORAL_POPULATION_V1"
"2026-01","January 2026",1,"DTL_SCRATCH_001","DTL_SCRATCH_001_D003","die_003",3,"SCRATCH","COND_RT_NOM",25,1,"NOMINAL","T_CONTACT_R","CONTACT_RESISTANCE",6.180033861731376,"ohm","UPPER",5,"NOT_DEFINED",3.5,10,"NOT_UNIFORM","3.5,4.0,4.5,5.0,5.5,6.0,7.0,8.0,10.0","SYNTHETIC_ASSUMED","F",3.143920154687364,"TESTER_A",20260115,"temporal_parametric_v1.0.0","DTL_TEMPORAL_PARAMETRIC_V1","DTL_TEMPORAL_ACTUAL_DIE_V1","DTL_TEMPORAL_POPULATION_V1"
"2026-01","January 2026",1,"DTL_SCRATCH_001","DTL_SCRATCH_001_D003","die_003",3,"SCRATCH","COND_RT_NOM",25,1,"NOMINAL","T_INTERCONNECT_R","INTERCONNECT_RESISTANCE",15.66838574018694,"ohm","UPPER",15,"NOT_DEFINED",11,25,"NOT_UNIFORM","11.0,12.0,13.0,14.0,15.0,16.0,18.0,20.0,25.0","SYNTHETIC_ASSUMED","F",3.143920154687364,"TESTER_A",20260115,"temporal_parametric_v1.0.0","DTL_TEMPORAL_PARAMETRIC_V1","DTL_TEMPORAL_ACTUAL_DIE_V1","DTL_TEMPORAL_POPULATION_V1"
"2026-01","January 2026",1,"DTL_SCRATCH_001","DTL_SCRATCH_001_D003","die_003",3,"SCRATCH","COND_RT_NOM",25,1,"NOMINAL","T_ON_R","ON_RESISTANCE",28.453588406605373,"ohm","UPPER",25,"NOT_DEFINED",18,50,"NOT_UNIFORM","18.0,20.0,22.0,25.0,28.0,30.0,35.0,40.0,50.0","SYNTHETIC_ASSUMED","F",3.143920154687364,"TESTER_A",20260115,"temporal_parametric_v1.0.0","DTL_TEMPORAL_PARAMETRIC_V1","DTL_TEMPORAL_ACTUAL_DIE_V1","DTL_TEMPORAL_POPULATION_V1"
"2026-01","January 2026",1,"DTL_SCRATCH_001","DTL_SCRATCH_001_D003","die_003",3,"SCRATCH","COND_RT_NOM",25,1,"NOMINAL","T_VMIN","VMIN",0.976294973676503,"V","UPPER",0.85,"NOT_DEFINED",0.75,1,"NOT_UNIFORM","0.75,0.78,0.8,0.82,0.85,0.88,0.9,0.92,0.95,1.0","SYNTHETIC_ASSUMED","F",3.143920154687364,"TESTER_A",20260115,"temporal_parametric_v1.0.0","DTL_TEMPORAL_PARAMETRIC_V1","DTL_TEMPORAL_ACTUAL_DIE_V1","DTL_TEMPORAL_POPULATION_V1"
"2026-01","January 2026",1,"DTL_SCRATCH_001","DTL_SCRATCH_001_D003","die_003",3,"SCRATCH","COND_RT_NOM",25,1,"NOMINAL","T_VMAX","VMAX",1.0569294155122306,"V","LOWER",1.15,"NOT_DEFINED",1.05,1.25,"NOT_UNIFORM","1.05,1.08,1.1,1.12,1.15,1.18,1.2,1.22,1.25","SYNTHETIC_ASSUMED","F",3.143920154687364,"TESTER_A",20260115,"temporal_parametric_v1.0.0","DTL_TEMPORAL_PARAMETRIC_V1","DTL_TEMPORAL_ACTUAL_DIE_V1","DTL_TEMPORAL_POPULATION_V1"
"2026-01","January 2026",1,"DTL_SCRATCH_001","DTL_SCRATCH_001_D003","die_003",3,"SCRATCH","COND_RT_NOM",25,1,"NOMINAL","T_IDDQ","IDDQ",50.79787817229879,"uA","UPPER",50,"NOT_DEFINED",30,100,"NOT_UNIFORM","30.0,35.0,40.0,45.0,50.0,55.0,60.0,70.0,80.0,100.0","SYNTHETIC_ASSUMED","F",3.143920154687364,"TESTER_A",20260115,"temporal_parametric_v1.0.0","DTL_TEMPORAL_PARAMETRIC_V1","DTL_TEMPORAL_ACTUAL_DIE_V1","DTL_TEMPORAL_POPULATION_V1"
"2026-01","January 2026",1,"DTL_SCRATCH_001","DTL_SCRATCH_001_D003","die_003",3,"SCRATCH","COND_RT_NOM",25,1,"NOMINAL","T_SUPPLY_CURRENT","SUPPLY_CURRENT",134.46257543932776,"mA","UPPER",120,"NOT_DEFINED",90,200,"NOT_UNIFORM","90.0,100.0,110.0,120.0,130.0,140.0,150.0,170.0,200.0","SYNTHETIC_ASSUMED","F",3.143920154687364,"TESTER_A",20260115,"temporal_parametric_v1.0.0","DTL_TEMPORAL_PARAMETRIC_V1","DTL_TEMPORAL_ACTUAL_DIE_V1","DTL_TEMPORAL_POPULATION_V1"
"2026-01","January 2026",1,"DTL_SCRATCH_001","DTL_SCRATCH_001_D003","die_003",3,"SCRATCH","COND_HOT_NOM",85,1,"HOT","T_CONTACT_R","CONTACT_RESISTANCE",6.807589104255815,"ohm","UPPER",5,"NOT_DEFINED",3.5,10,"NOT_UNIFORM","3.5,4.0,4.5,5.0,5.5,6.0,7.0,8.0,10.0","SYNTHETIC_ASSUMED","F",3.143920154687364,"TESTER_A",20260115,"temporal_parametric_v1.0.0","DTL_TEMPORAL_PARAMETRIC_V1","DTL_TEMPORAL_ACTUAL_DIE_V1","DTL_TEMPORAL_POPULATION_V1"
"2026-01","January 2026",1,"DTL_SCRATCH_001","DTL_SCRATCH_001_D003","die_003",3,"SCRATCH","COND_HOT_NOM",85,1,"HOT","T_INTERCONNECT_R","INTERCONNECT_RESISTANCE",16.76862012561821,"ohm","UPPER",15,"NOT_DEFINED",11,25,"NOT_UNIFORM","11.0,12.0,13.0,14.0,15.0,16.0,18.0,20.0,25.0","SYNTHETIC_ASSUMED","F",3.143920154687364,"TESTER_A",20260115,"temporal_parametric_v1.0.0","DTL_TEMPORAL_PARAMETRIC_V1","DTL_TEMPORAL_ACTUAL_DIE_V1","DTL_TEMPORAL_POPULATION_V1"
"2026-01","January 2026",1,"DTL_SCRATCH_001","DTL_SCRATCH_001_D003","die_003",3,"SCRATCH","COND_HOT_NOM",85,1,"HOT","T_ON_R","ON_RESISTANCE",27.971804832561133,"ohm","UPPER",25,"NOT_DEFINED",18,50,"NOT_UNIFORM","18.0,20.0,22.0,25.0,28.0,30.0,35.0,40.0,50.0","SYNTHETIC_ASSUMED","F",3.143920154687364,"TESTER_A",20260115,"temporal_parametric_v1.0.0","DTL_TEMPORAL_PARAMETRIC_V1","DTL_TEMPORAL_ACTUAL_DIE_V1","DTL_TEMPORAL_POPULATION_V1"
"2026-01","January 2026",1,"DTL_SCRATCH_001","DTL_SCRATCH_001_D003","die_003",3,"SCRATCH","COND_HOT_NOM",85,1,"HOT","T_VMIN","VMIN",0.9902488882090704,"V","UPPER",0.85,"NOT_DEFINED",0.75,1,"NOT_UNIFORM","0.75,0.78,0.8,0.82,0.85,0.88,0.9,0.92,0.95,1.0","SYNTHETIC_ASSUMED","F",3.143920154687364,"TESTER_A",20260115,"temporal_parametric_v1.0.0","DTL_TEMPORAL_PARAMETRIC_V1","DTL_TEMPORAL_ACTUAL_DIE_V1","DTL_TEMPORAL_POPULATION_V1"
"2026-01","January 2026",1,"DTL_SCRATCH_001","DTL_SCRATCH_001_D003","die_003",3,"SCRATCH","COND_HOT_NOM",85,1,"HOT","T_VMAX","VMAX",1.0807655384029111,"V","LOWER",1.15,"NOT_DEFINED",1.05,1.25,"NOT_UNIFORM","1.05,1.08,1.1,1.12,1.15,1.18,1.2,1.22,1.25","SYNTHETIC_ASSUMED","F",3.143920154687364,"TESTER_A",20260115,"temporal_parametric_v1.0.0","DTL_TEMPORAL_PARAMETRIC_V1","DTL_TEMPORAL_ACTUAL_DIE_V1","DTL_TEMPORAL_POPULATION_V1"
"2026-01","January 2026",1,"DTL_SCRATCH_001","DTL_SCRATCH_001_D003","die_003",3,"SCRATCH","COND_HOT_NOM",85,1,"HOT","T_IDDQ","IDDQ",71.19272622045588,"uA","UPPER",50,"NOT_DEFINED",30,100,"NOT_UNIFORM","30.0,35.0,40.0,45.0,50.0,55.0,60.0,70.0,80.0,100.0","SYNTHETIC_ASSUMED","F",3.143920154687364,"TESTER_A",20260115,"temporal_parametric_v1.0.0","DTL_TEMPORAL_PARAMETRIC_V1","DTL_TEMPORAL_ACTUAL_DIE_V1","DTL_TEMPORAL_POPULATION_V1"
"2026-01","January 2026",1,"DTL_SCRATCH_001","DTL_SCRATCH_001_D003","die_003",3,"SCRATCH","COND_HOT_NOM",85,1,"HOT","T_SUPPLY_CURRENT","SUPPLY_CURRENT",130.8737191115791,"mA","UPPER",120,"NOT_DEFINED",90,200,"NOT_UNIFORM","90.0,100.0,110.0,120.0,130.0,140.0,150.0,170.0,200.0","SYNTHETIC_ASSUMED","F",3.143920154687364,"TESTER_A",20260115,"temporal_parametric_v1.0.0","DTL_TEMPORAL_PARAMETRIC_V1","DTL_TEMPORAL_ACTUAL_DIE_V1","DTL_TEMPORAL_POPULATION_V1"
"2026-01","January 2026",1,"DTL_SCRATCH_001","DTL_SCRATCH_001_D003","die_003",3,"SCRATCH","COND_RT_LOWV",25,0.9,"LOW_VDD","T_CONTACT_R","CONTACT_RESISTANCE",5.009662414556504,"ohm","UPPER",5,"NOT_DEFINED",3.5,10,"NOT_UNIFORM","3.5,4.0,4.5,5.0,5.5,6.0,7.0,8.0,10.0","SYNTHETIC_ASSUMED","F",3.143920154687364,"TESTER_A",20260115,"temporal_parametric_v1.0.0","DTL_TEMPORAL_PARAMETRIC_V1","DTL_TEMPORAL_ACTUAL_DIE_V1","DTL_TEMPORAL_POPULATION_V1"
"2026-01","January 2026",1,"DTL_SCRATCH_001","DTL_SCRATCH_001_D003","die_003",3,"SCRATCH","COND_RT_LOWV",25,0.9,"LOW_VDD","T_INTERCONNECT_R","INTERCONNECT_RESISTANCE",16.196060644653834,"ohm","UPPER",15,"NOT_DEFINED",11,25,"NOT_UNIFORM","11.0,12.0,13.0,14.0,15.0,16.0,18.0,20.0,25.0","SYNTHETIC_ASSUMED","F",3.143920154687364,"TESTER_A",20260115,"temporal_parametric_v1.0.0","DTL_TEMPORAL_PARAMETRIC_V1","DTL_TEMPORAL_ACTUAL_DIE_V1","DTL_TEMPORAL_POPULATION_V1"
"2026-01","January 2026",1,"DTL_SCRATCH_001","DTL_SCRATCH_001_D003","die_003",3,"SCRATCH","COND_RT_LOWV",25,0.9,"LOW_VDD","T_ON_R","ON_RESISTANCE",28.03368616105329,"ohm","UPPER",25,"NOT_DEFINED",18,50,"NOT_UNIFORM","18.0,20.0,22.0,25.0,28.0,30.0,35.0,40.0,50.0","SYNTHETIC_ASSUMED","F",3.143920154687364,"TESTER_A",20260115,"temporal_parametric_v1.0.0","DTL_TEMPORAL_PARAMETRIC_V1","DTL_TEMPORAL_ACTUAL_DIE_V1","DTL_TEMPORAL_POPULATION_V1"
"2026-01","January 2026",1,"DTL_SCRATCH_001","DTL_SCRATCH_001_D003","die_003",3,"SCRATCH","COND_RT_LOWV",25,0.9,"LOW_VDD","T_VMIN","VMIN",1.0251816568130871,"V","UPPER",0.85,"NOT_DEFINED",0.75,1,"NOT_UNIFORM","0.75,0.78,0.8,0.82,0.85,0.88,0.9,0.92,0.95,1.0","SYNTHETIC_ASSUMED","F",3.143920154687364,"TESTER_A",20260115,"temporal_parametric_v1.0.0","DTL_TEMPORAL_PARAMETRIC_V1","DTL_TEMPORAL_ACTUAL_DIE_V1","DTL_TEMPORAL_POPULATION_V1"
"2026-01","January 2026",1,"DTL_SCRATCH_001","DTL_SCRATCH_001_D003","die_003",3,"SCRATCH","COND_RT_LOWV",25,0.9,"LOW_VDD","T_VMAX","VMAX",1.048291893628021,"V","LOWER",1.15,"NOT_DEFINED",1.05,1.25,"NOT_UNIFORM","1.05,1.08,1.1,1.12,1.15,1.18,1.2,1.22,1.25","SYNTHETIC_ASSUMED","F",3.143920154687364,"TESTER_A",20260115,"temporal_parametric_v1.0.0","DTL_TEMPORAL_PARAMETRIC_V1","DTL_TEMPORAL_ACTUAL_DIE_V1","DTL_TEMPORAL_POPULATION_V1"
"2026-01","January 2026",1,"DTL_SCRATCH_001","DTL_SCRATCH_001_D003","die_003",3,"SCRATCH","COND_RT_LOWV",25,0.9,"LOW_VDD","T_IDDQ","IDDQ",53.22661036409848,"uA","UPPER",50,"NOT_DEFINED",30,100,"NOT_UNIFORM","30.0,35.0,40.0,45.0,50.0,55.0,60.0,70.0,80.0,100.0","SYNTHETIC_ASSUMED","F",3.143920154687364,"TESTER_A",20260115,"temporal_parametric_v1.0.0","DTL_TEMPORAL_PARAMETRIC_V1","DTL_TEMPORAL_ACTUAL_DIE_V1","DTL_TEMPORAL_POPULATION_V1"
"2026-01","January 2026",1,"DTL_SCRATCH_001","DTL_SCRATCH_001_D003","die_003",3,"SCRATCH","COND_RT_LOWV",25,0.9,"LOW_VDD","T_SUPPLY_CURRENT","SUPPLY_CURRENT",116.0962285906512,"mA","UPPER",120,"NOT_DEFINED",90,200,"NOT_UNIFORM","90.0,100.0,110.0,120.0,130.0,140.0,150.0,170.0,200.0","SYNTHETIC_ASSUMED","P",3.143920154687364,"TESTER_A",20260115,"temporal_parametric_v1.0.0","DTL_TEMPORAL_PARAMETRIC_V1","DTL_TEMPORAL_ACTUAL_DIE_V1","DTL_TEMPORAL_POPULATION_V1"
"2026-01","January 2026",1,"DTL_SCRATCH_001","DTL_SCRATCH_001_D003","die_003",3,"SCRATCH","COND_HOT_HIGHV",85,1.1,"HIGH_VDD","T_CONTACT_R","CONTACT_RESISTANCE",5.847558588541983,"ohm","UPPER",5,"NOT_DEFINED",3.5,10,"NOT_UNIFORM","3.5,4.0,4.5,5.0,5.5,6.0,7.0,8.0,10.0","SYNTHETIC_ASSUMED","F",3.143920154687364,"TESTER_A",20260115,"temporal_parametric_v1.0.0","DTL_TEMPORAL_PARAMETRIC_V1","DTL_TEMPORAL_ACTUAL_DIE_V1","DTL_TEMPORAL_POPULATION_V1"
"2026-01","January 2026",1,"DTL_SCRATCH_001","DTL_SCRATCH_001_D003","die_003",3,"SCRATCH","COND_HOT_HIGHV",85,1.1,"HIGH_VDD","T_INTERCONNECT_R","INTERCONNECT_RESISTANCE",16.51911524732976,"ohm","UPPER",15,"NOT_DEFINED",11,25,"NOT_UNIFORM","11.0,12.0,13.0,14.0,15.0,16.0,18.0,20.0,25.0","SYNTHETIC_ASSUMED","F",3.143920154687364,"TESTER_A",20260115,"temporal_parametric_v1.0.0","DTL_TEMPORAL_PARAMETRIC_V1","DTL_TEMPORAL_ACTUAL_DIE_V1","DTL_TEMPORAL_POPULATION_V1"
"2026-01","January 2026",1,"DTL_SCRATCH_001","DTL_SCRATCH_001_D003","die_003",3,"SCRATCH","COND_HOT_HIGHV",85,1.1,"HIGH_VDD","T_ON_R","ON_RESISTANCE",28.555997949971093,"ohm","UPPER",25,"NOT_DEFINED",18,50,"NOT_UNIFORM","18.0,20.0,22.0,25.0,28.0,30.0,35.0,40.0,50.0","SYNTHETIC_ASSUMED","F",3.143920154687364,"TESTER_A",20260115,"temporal_parametric_v1.0.0","DTL_TEMPORAL_PARAMETRIC_V1","DTL_TEMPORAL_ACTUAL_DIE_V1","DTL_TEMPORAL_POPULATION_V1"
"2026-01","January 2026",1,"DTL_SCRATCH_001","DTL_SCRATCH_001_D003","die_003",3,"SCRATCH","COND_HOT_HIGHV",85,1.1,"HIGH_VDD","T_VMIN","VMIN",0.957249004711078,"V","UPPER",0.85,"NOT_DEFINED",0.75,1,"NOT_UNIFORM","0.75,0.78,0.8,0.82,0.85,0.88,0.9,0.92,0.95,1.0","SYNTHETIC_ASSUMED","F",3.143920154687364,"TESTER_A",20260115,"temporal_parametric_v1.0.0","DTL_TEMPORAL_PARAMETRIC_V1","DTL_TEMPORAL_ACTUAL_DIE_V1","DTL_TEMPORAL_POPULATION_V1"
"2026-01","January 2026",1,"DTL_SCRATCH_001","DTL_SCRATCH_001_D003","die_003",3,"SCRATCH","COND_HOT_HIGHV",85,1.1,"HIGH_VDD","T_VMAX","VMAX",1.095424769101901,"V","LOWER",1.15,"NOT_DEFINED",1.05,1.25,"NOT_UNIFORM","1.05,1.08,1.1,1.12,1.15,1.18,1.2,1.22,1.25","SYNTHETIC_ASSUMED","F",3.143920154687364,"TESTER_A",20260115,"temporal_parametric_v1.0.0","DTL_TEMPORAL_PARAMETRIC_V1","DTL_TEMPORAL_ACTUAL_DIE_V1","DTL_TEMPORAL_POPULATION_V1"
"2026-01","January 2026",1,"DTL_SCRATCH_001","DTL_SCRATCH_001_D003","die_003",3,"SCRATCH","COND_HOT_HIGHV",85,1.1,"HIGH_VDD","T_IDDQ","IDDQ",63.60561077667006,"uA","UPPER",50,"NOT_DEFINED",30,100,"NOT_UNIFORM","30.0,35.0,40.0,45.0,50.0,55.0,60.0,70.0,80.0,100.0","SYNTHETIC_ASSUMED","F",3.143920154687364,"TESTER_A",20260115,"temporal_parametric_v1.0.0","DTL_TEMPORAL_PARAMETRIC_V1","DTL_TEMPORAL_ACTUAL_DIE_V1","DTL_TEMPORAL_POPULATION_V1"
"2026-01","January 2026",1,"DTL_SCRATCH_001","DTL_SCRATCH_001_D003","die_003",3,"SCRATCH","COND_HOT_HIGHV",85,1.1,"HIGH_VDD","T_SUPPLY_CURRENT","SUPPLY_CURRENT",121.75110969692668,"mA","UPPER",120,"NOT_DEFINED",90,200,"NOT_UNIFORM","90.0,100.0,110.0,120.0,130.0,140.0,150.0,170.0,200.0","SYNTHETIC_ASSUMED","F",3.143920154687364,"TESTER_A",20260115,"temporal_parametric_v1.0.0","DTL_TEMPORAL_PARAMETRIC_V1","DTL_TEMPORAL_ACTUAL_DIE_V1","DTL_TEMPORAL_POPULATION_V1"
"2026-01","January 2026",1,"DTL_SCRATCH_002","DTL_SCRATCH_002_D001","die_001",1,"SCRATCH","COND_RT_NOM",25,1,"NOMINAL","T_CONTACT_R","CONTACT_RESISTANCE",4.65294437851966,"ohm","UPPER",5,"NOT_DEFINED",3.5,10,"NOT_UNIFORM","3.5,4.0,4.5,5.0,5.5,6.0,7.0,8.0,10.0","SYNTHETIC_ASSUMED","P",1.8702347264874577,"TESTER_A",20260115,"temporal_parametric_v1.0.0","DTL_TEMPORAL_PARAMETRIC_V1","DTL_TEMPORAL_ACTUAL_DIE_V1","DTL_TEMPORAL_POPULATION_V1"
"2026-01","January 2026",1,"DTL_SCRATCH_002","DTL_SCRATCH_002_D001","die_001",1,"SCRATCH","COND_RT_NOM",25,1,"NOMINAL","T_INTERCONNECT_R","INTERCONNECT_RESISTANCE",15.059031216399688,"ohm","UPPER",15,"NOT_DEFINED",11,25,"NOT_UNIFORM","11.0,12.0,13.0,14.0,15.0,16.0,18.0,20.0,25.0","SYNTHETIC_ASSUMED","F",1.8702347264874577,"TESTER_A",20260115,"temporal_parametric_v1.0.0","DTL_TEMPORAL_PARAMETRIC_V1","DTL_TEMPORAL_ACTUAL_DIE_V1","DTL_TEMPORAL_POPULATION_V1"
"2026-01","January 2026",1,"DTL_SCRATCH_002","DTL_SCRATCH_002_D001","die_001",1,"SCRATCH","COND_RT_NOM",25,1,"NOMINAL","T_ON_R","ON_RESISTANCE",24.291133429228392,"ohm","UPPER",25,"NOT_DEFINED",18,50,"NOT_UNIFORM","18.0,20.0,22.0,25.0,28.0,30.0,35.0,40.0,50.0","SYNTHETIC_ASSUMED","P",1.8702347264874577,"TESTER_A",20260115,"temporal_parametric_v1.0.0","DTL_TEMPORAL_PARAMETRIC_V1","DTL_TEMPORAL_ACTUAL_DIE_V1","DTL_TEMPORAL_POPULATION_V1"
"2026-01","January 2026",1,"DTL_SCRATCH_002","DTL_SCRATCH_002_D001","die_001",1,"SCRATCH","COND_RT_NOM",25,1,"NOMINAL","T_VMIN","VMIN",0.764163206447013,"V","UPPER",0.85,"NOT_DEFINED",0.75,1,"NOT_UNIFORM","0.75,0.78,0.8,0.82,0.85,0.88,0.9,0.92,0.95,1.0","SYNTHETIC_ASSUMED","P",1.8702347264874577,"TESTER_A",20260115,"temporal_parametric_v1.0.0","DTL_TEMPORAL_PARAMETRIC_V1","DTL_TEMPORAL_ACTUAL_DIE_V1","DTL_TEMPORAL_POPULATION_V1"
"2026-01","January 2026",1,"DTL_SCRATCH_002","DTL_SCRATCH_002_D001","die_001",1,"SCRATCH","COND_RT_NOM",25,1,"NOMINAL","T_VMAX","VMAX",1.1148955170033448,"V","LOWER",1.15,"NOT_DEFINED",1.05,1.25,"NOT_UNIFORM","1.05,1.08,1.1,1.12,1.15,1.18,1.2,1.22,1.25","SYNTHETIC_ASSUMED","F",1.8702347264874577,"TESTER_A",20260115,"temporal_parametric_v1.0.0","DTL_TEMPORAL_PARAMETRIC_V1","DTL_TEMPORAL_ACTUAL_DIE_V1","DTL_TEMPORAL_POPULATION_V1"
"2026-01","January 2026",1,"DTL_SCRATCH_002","DTL_SCRATCH_002_D001","die_001",1,"SCRATCH","COND_RT_NOM",25,1,"NOMINAL","T_IDDQ","IDDQ",49.646474213572496,"uA","UPPER",50,"NOT_DEFINED",30,100,"NOT_UNIFORM","30.0,35.0,40.0,45.0,50.0,55.0,60.0,70.0,80.0,100.0","SYNTHETIC_ASSUMED","P",1.8702347264874577,"TESTER_A",20260115,"temporal_parametric_v1.0.0","DTL_TEMPORAL_PARAMETRIC_V1","DTL_TEMPORAL_ACTUAL_DIE_V1","DTL_TEMPORAL_POPULATION_V1"
"2026-01","January 2026",1,"DTL_SCRATCH_002","DTL_SCRATCH_002_D001","die_001",1,"SCRATCH","COND_RT_NOM",25,1,"NOMINAL","T_SUPPLY_CURRENT","SUPPLY_CURRENT",124.7916699848137,"mA","UPPER",120,"NOT_DEFINED",90,200,"NOT_UNIFORM","90.0,100.0,110.0,120.0,130.0,140.0,150.0,170.0,200.0","SYNTHETIC_ASSUMED","F",1.8702347264874577,"TESTER_A",20260115,"temporal_parametric_v1.0.0","DTL_TEMPORAL_PARAMETRIC_V1","DTL_TEMPORAL_ACTUAL_DIE_V1","DTL_TEMPORAL_POPULATION_V1"
"2026-01","January 2026",1,"DTL_SCRATCH_002","DTL_SCRATCH_002_D001","die_001",1,"SCRATCH","COND_HOT_NOM",85,1,"HOT","T_CONTACT_R","CONTACT_RESISTANCE",4.978237982180904,"ohm","UPPER",5,"NOT_DEFINED",3.5,10,"NOT_UNIFORM","3.5,4.0,4.5,5.0,5.5,6.0,7.0,8.0,10.0","SYNTHETIC_ASSUMED","P",1.8702347264874577,"TESTER_A",20260115,"temporal_parametric_v1.0.0","DTL_TEMPORAL_PARAMETRIC_V1","DTL_TEMPORAL_ACTUAL_DIE_V1","DTL_TEMPORAL_POPULATION_V1"
"2026-01","January 2026",1,"DTL_SCRATCH_002","DTL_SCRATCH_002_D001","die_001",1,"SCRATCH","COND_HOT_NOM",85,1,"HOT","T_INTERCONNECT_R","INTERCONNECT_RESISTANCE",13.77226674726828,"ohm","UPPER",15,"NOT_DEFINED",11,25,"NOT_UNIFORM","11.0,12.0,13.0,14.0,15.0,16.0,18.0,20.0,25.0","SYNTHETIC_ASSUMED","P",1.8702347264874577,"TESTER_A",20260115,"temporal_parametric_v1.0.0","DTL_TEMPORAL_PARAMETRIC_V1","DTL_TEMPORAL_ACTUAL_DIE_V1","DTL_TEMPORAL_POPULATION_V1"
"2026-01","January 2026",1,"DTL_SCRATCH_002","DTL_SCRATCH_002_D001","die_001",1,"SCRATCH","COND_HOT_NOM",85,1,"HOT","T_ON_R","ON_RESISTANCE",29.47202370538796,"ohm","UPPER",25,"NOT_DEFINED",18,50,"NOT_UNIFORM","18.0,20.0,22.0,25.0,28.0,30.0,35.0,40.0,50.0","SYNTHETIC_ASSUMED","F",1.8702347264874577,"TESTER_A",20260115,"temporal_parametric_v1.0.0","DTL_TEMPORAL_PARAMETRIC_V1","DTL_TEMPORAL_ACTUAL_DIE_V1","DTL_TEMPORAL_POPULATION_V1"
"2026-01","January 2026",1,"DTL_SCRATCH_002","DTL_SCRATCH_002_D001","die_001",1,"SCRATCH","COND_HOT_NOM",85,1,"HOT","T_VMIN","VMIN",0.8736616084075971,"V","UPPER",0.85,"NOT_DEFINED",0.75,1,"NOT_UNIFORM","0.75,0.78,0.8,0.82,0.85,0.88,0.9,0.92,0.95,1.0","SYNTHETIC_ASSUMED","F",1.8702347264874577,"TESTER_A",20260115,"temporal_parametric_v1.0.0","DTL_TEMPORAL_PARAMETRIC_V1","DTL_TEMPORAL_ACTUAL_DIE_V1","DTL_TEMPORAL_POPULATION_V1"
"2026-01","January 2026",1,"DTL_SCRATCH_002","DTL_SCRATCH_002_D001","die_001",1,"SCRATCH","COND_HOT_NOM",85,1,"HOT","T_VMAX","VMAX",1.134267091371337,"V","LOWER",1.15,"NOT_DEFINED",1.05,1.25,"NOT_UNIFORM","1.05,1.08,1.1,1.12,1.15,1.18,1.2,1.22,1.25","SYNTHETIC_ASSUMED","F",1.8702347264874577,"TESTER_A",20260115,"temporal_parametric_v1.0.0","DTL_TEMPORAL_PARAMETRIC_V1","DTL_TEMPORAL_ACTUAL_DIE_V1","DTL_TEMPORAL_POPULATION_V1"
"2026-01","January 2026",1,"DTL_SCRATCH_002","DTL_SCRATCH_002_D001","die_001",1,"SCRATCH","COND_HOT_NOM",85,1,"HOT","T_IDDQ","IDDQ",68.71054702476474,"uA","UPPER",50,"NOT_DEFINED",30,100,"NOT_UNIFORM","30.0,35.0,40.0,45.0,50.0,55.0,60.0,70.0,80.0,100.0","SYNTHETIC_ASSUMED","F",1.8702347264874577,"TESTER_A",20260115,"temporal_parametric_v1.0.0","DTL_TEMPORAL_PARAMETRIC_V1","DTL_TEMPORAL_ACTUAL_DIE_V1","DTL_TEMPORAL_POPULATION_V1"
"2026-01","January 2026",1,"DTL_SCRATCH_002","DTL_SCRATCH_002_D001","die_001",1,"SCRATCH","COND_HOT_NOM",85,1,"HOT","T_SUPPLY_CURRENT","SUPPLY_CURRENT",123.77507190477458,"mA","UPPER",120,"NOT_DEFINED",90,200,"NOT_UNIFORM","90.0,100.0,110.0,120.0,130.0,140.0,150.0,170.0,200.0","SYNTHETIC_ASSUMED","F",1.8702347264874577,"TESTER_A",20260115,"temporal_parametric_v1.0.0","DTL_TEMPORAL_PARAMETRIC_V1","DTL_TEMPORAL_ACTUAL_DIE_V1","DTL_TEMPORAL_POPULATION_V1"
"2026-01","January 2026",1,"DTL_SCRATCH_002","DTL_SCRATCH_002_D001","die_001",1,"SCRATCH","COND_RT_LOWV",25,0.9,"LOW_VDD","T_CONTACT_R","CONTACT_RESISTANCE",4.120300983895134,"ohm","UPPER",5,"NOT_DEFINED",3.5,10,"NOT_UNIFORM","3.5,4.0,4.5,5.0,5.5,6.0,7.0,8.0,10.0","SYNTHETIC_ASSUMED","P",1.8702347264874577,"TESTER_A",20260115,"temporal_parametric_v1.0.0","DTL_TEMPORAL_PARAMETRIC_V1","DTL_TEMPORAL_ACTUAL_DIE_V1","DTL_TEMPORAL_POPULATION_V1"
"2026-01","January 2026",1,"DTL_SCRATCH_002","DTL_SCRATCH_002_D001","die_001",1,"SCRATCH","COND_RT_LOWV",25,0.9,"LOW_VDD","T_INTERCONNECT_R","INTERCONNECT_RESISTANCE",12.211808449476129,"ohm","UPPER",15,"NOT_DEFINED",11,25,"NOT_UNIFORM","11.0,12.0,13.0,14.0,15.0,16.0,18.0,20.0,25.0","SYNTHETIC_ASSUMED","P",1.8702347264874577,"TESTER_A",20260115,"temporal_parametric_v1.0.0","DTL_TEMPORAL_PARAMETRIC_V1","DTL_TEMPORAL_ACTUAL_DIE_V1","DTL_TEMPORAL_POPULATION_V1"
"2026-01","January 2026",1,"DTL_SCRATCH_002","DTL_SCRATCH_002_D001","die_001",1,"SCRATCH","COND_RT_LOWV",25,0.9,"LOW_VDD","T_ON_R","ON_RESISTANCE",22.70044657441641,"ohm","UPPER",25,"NOT_DEFINED",18,50,"NOT_UNIFORM","18.0,20.0,22.0,25.0,28.0,30.0,35.0,40.0,50.0","SYNTHETIC_ASSUMED","P",1.8702347264874577,"TESTER_A",20260115,"temporal_parametric_v1.0.0","DTL_TEMPORAL_PARAMETRIC_V1","DTL_TEMPORAL_ACTUAL_DIE_V1","DTL_TEMPORAL_POPULATION_V1"
"2026-01","January 2026",1,"DTL_SCRATCH_002","DTL_SCRATCH_002_D001","die_001",1,"SCRATCH","COND_RT_LOWV",25,0.9,"LOW_VDD","T_VMIN","VMIN",0.8740892447328454,"V","UPPER",0.85,"NOT_DEFINED",0.75,1,"NOT_UNIFORM","0.75,0.78,0.8,0.82,0.85,0.88,0.9,0.92,0.95,1.0","SYNTHETIC_ASSUMED","F",1.8702347264874577,"TESTER_A",20260115,"temporal_parametric_v1.0.0","DTL_TEMPORAL_PARAMETRIC_V1","DTL_TEMPORAL_ACTUAL_DIE_V1","DTL_TEMPORAL_POPULATION_V1"
"2026-01","January 2026",1,"DTL_SCRATCH_002","DTL_SCRATCH_002_D001","die_001",1,"SCRATCH","COND_RT_LOWV",25,0.9,"LOW_VDD","T_VMAX","VMAX",1.1239267934324966,"V","LOWER",1.15,"NOT_DEFINED",1.05,1.25,"NOT_UNIFORM","1.05,1.08,1.1,1.12,1.15,1.18,1.2,1.22,1.25","SYNTHETIC_ASSUMED","F",1.8702347264874577,"TESTER_A",20260115,"temporal_parametric_v1.0.0","DTL_TEMPORAL_PARAMETRIC_V1","DTL_TEMPORAL_ACTUAL_DIE_V1","DTL_TEMPORAL_POPULATION_V1"
"2026-01","January 2026",1,"DTL_SCRATCH_002","DTL_SCRATCH_002_D001","die_001",1,"SCRATCH","COND_RT_LOWV",25,0.9,"LOW_VDD","T_IDDQ","IDDQ",47.78682813966646,"uA","UPPER",50,"NOT_DEFINED",30,100,"NOT_UNIFORM","30.0,35.0,40.0,45.0,50.0,55.0,60.0,70.0,80.0,100.0","SYNTHETIC_ASSUMED","P",1.8702347264874577,"TESTER_A",20260115,"temporal_parametric_v1.0.0","DTL_TEMPORAL_PARAMETRIC_V1","DTL_TEMPORAL_ACTUAL_DIE_V1","DTL_TEMPORAL_POPULATION_V1"
"2026-01","January 2026",1,"DTL_SCRATCH_002","DTL_SCRATCH_002_D001","die_001",1,"SCRATCH","COND_RT_LOWV",25,0.9,"LOW_VDD","T_SUPPLY_CURRENT","SUPPLY_CURRENT",100.8984074416326,"mA","UPPER",120,"NOT_DEFINED",90,200,"NOT_UNIFORM","90.0,100.0,110.0,120.0,130.0,140.0,150.0,170.0,200.0","SYNTHETIC_ASSUMED","P",1.8702347264874577,"TESTER_A",20260115,"temporal_parametric_v1.0.0","DTL_TEMPORAL_PARAMETRIC_V1","DTL_TEMPORAL_ACTUAL_DIE_V1","DTL_TEMPORAL_POPULATION_V1"
"2026-01","January 2026",1,"DTL_SCRATCH_002","DTL_SCRATCH_002_D001","die_001",1,"SCRATCH","COND_HOT_HIGHV",85,1.1,"HIGH_VDD","T_CONTACT_R","CONTACT_RESISTANCE",4.580752374680451,"ohm","UPPER",5,"NOT_DEFINED",3.5,10,"NOT_UNIFORM","3.5,4.0,4.5,5.0,5.5,6.0,7.0,8.0,10.0","SYNTHETIC_ASSUMED","P",1.8702347264874577,"TESTER_A",20260115,"temporal_parametric_v1.0.0","DTL_TEMPORAL_PARAMETRIC_V1","DTL_TEMPORAL_ACTUAL_DIE_V1","DTL_TEMPORAL_POPULATION_V1"
"2026-01","January 2026",1,"DTL_SCRATCH_002","DTL_SCRATCH_002_D001","die_001",1,"SCRATCH","COND_HOT_HIGHV",85,1.1,"HIGH_VDD","T_INTERCONNECT_R","INTERCONNECT_RESISTANCE",17.055065335706175,"ohm","UPPER",15,"NOT_DEFINED",11,25,"NOT_UNIFORM","11.0,12.0,13.0,14.0,15.0,16.0,18.0,20.0,25.0","SYNTHETIC_ASSUMED","F",1.8702347264874577,"TESTER_A",20260115,"temporal_parametric_v1.0.0","DTL_TEMPORAL_PARAMETRIC_V1","DTL_TEMPORAL_ACTUAL_DIE_V1","DTL_TEMPORAL_POPULATION_V1"
"2026-01","January 2026",1,"DTL_SCRATCH_002","DTL_SCRATCH_002_D001","die_001",1,"SCRATCH","COND_HOT_HIGHV",85,1.1,"HIGH_VDD","T_ON_R","ON_RESISTANCE",26.60034534587964,"ohm","UPPER",25,"NOT_DEFINED",18,50,"NOT_UNIFORM","18.0,20.0,22.0,25.0,28.0,30.0,35.0,40.0,50.0","SYNTHETIC_ASSUMED","F",1.8702347264874577,"TESTER_A",20260115,"temporal_parametric_v1.0.0","DTL_TEMPORAL_PARAMETRIC_V1","DTL_TEMPORAL_ACTUAL_DIE_V1","DTL_TEMPORAL_POPULATION_V1"
"2026-01","January 2026",1,"DTL_SCRATCH_002","DTL_SCRATCH_002_D001","die_001",1,"SCRATCH","COND_HOT_HIGHV",85,1.1,"HIGH_VDD","T_VMIN","VMIN",0.9288488601961358,"V","UPPER",0.85,"NOT_DEFINED",0.75,1,"NOT_UNIFORM","0.75,0.78,0.8,0.82,0.85,0.88,0.9,0.92,0.95,1.0","SYNTHETIC_ASSUMED","F",1.8702347264874577,"TESTER_A",20260115,"temporal_parametric_v1.0.0","DTL_TEMPORAL_PARAMETRIC_V1","DTL_TEMPORAL_ACTUAL_DIE_V1","DTL_TEMPORAL_POPULATION_V1"
"2026-01","January 2026",1,"DTL_SCRATCH_002","DTL_SCRATCH_002_D001","die_001",1,"SCRATCH","COND_HOT_HIGHV",85,1.1,"HIGH_VDD","T_VMAX","VMAX",1.1896061919464564,"V","LOWER",1.15,"NOT_DEFINED",1.05,1.25,"NOT_UNIFORM","1.05,1.08,1.1,1.12,1.15,1.18,1.2,1.22,1.25","SYNTHETIC_ASSUMED","P",1.8702347264874577,"TESTER_A",20260115,"temporal_parametric_v1.0.0","DTL_TEMPORAL_PARAMETRIC_V1","DTL_TEMPORAL_ACTUAL_DIE_V1","DTL_TEMPORAL_POPULATION_V1"
"2026-01","January 2026",1,"DTL_SCRATCH_002","DTL_SCRATCH_002_D001","die_001",1,"SCRATCH","COND_HOT_HIGHV",85,1.1,"HIGH_VDD","T_IDDQ","IDDQ",62.07859823303052,"uA","UPPER",50,"NOT_DEFINED",30,100,"NOT_UNIFORM","30.0,35.0,40.0,45.0,50.0,55.0,60.0,70.0,80.0,100.0","SYNTHETIC_ASSUMED","F",1.8702347264874577,"TESTER_A",20260115,"temporal_parametric_v1.0.0","DTL_TEMPORAL_PARAMETRIC_V1","DTL_TEMPORAL_ACTUAL_DIE_V1","DTL_TEMPORAL_POPULATION_V1"
"2026-01","January 2026",1,"DTL_SCRATCH_002","DTL_SCRATCH_002_D001","die_001",1,"SCRATCH","COND_HOT_HIGHV",85,1.1,"HIGH_VDD","T_SUPPLY_CURRENT","SUPPLY_CURRENT",135.43474535116223,"mA","UPPER",120,"NOT_DEFINED",90,200,"NOT_UNIFORM","90.0,100.0,110.0,120.0,130.0,140.0,150.0,170.0,200.0","SYNTHETIC_ASSUMED","F",1.8702347264874577,"TESTER_A",20260115,"temporal_parametric_v1.0.0","DTL_TEMPORAL_PARAMETRIC_V1","DTL_TEMPORAL_ACTUAL_DIE_V1","DTL_TEMPORAL_POPULATION_V1"
"2026-01","January 2026",1,"DTL_SCRATCH_002","DTL_SCRATCH_002_D002","die_002",2,"SCRATCH","COND_RT_NOM",25,1,"NOMINAL","T_CONTACT_R","CONTACT_RESISTANCE",5.833124259976619,"ohm","UPPER",5,"NOT_DEFINED",3.5,10,"NOT_UNIFORM","3.5,4.0,4.5,5.0,5.5,6.0,7.0,8.0,10.0","SYNTHETIC_ASSUMED","F",2.604150225287915,"TESTER_A",20260115,"temporal_parametric_v1.0.0","DTL_TEMPORAL_PARAMETRIC_V1","DTL_TEMPORAL_ACTUAL_DIE_V1","DTL_TEMPORAL_POPULATION_V1"
"2026-01","January 2026",1,"DTL_SCRATCH_002","DTL_SCRATCH_002_D002","die_002",2,"SCRATCH","COND_RT_NOM",25,1,"NOMINAL","T_INTERCONNECT_R","INTERCONNECT_RESISTANCE",14.767685445260147,"ohm","UPPER",15,"NOT_DEFINED",11,25,"NOT_UNIFORM","11.0,12.0,13.0,14.0,15.0,16.0,18.0,20.0,25.0","SYNTHETIC_ASSUMED","P",2.604150225287915,"TESTER_A",20260115,"temporal_parametric_v1.0.0","DTL_TEMPORAL_PARAMETRIC_V1","DTL_TEMPORAL_ACTUAL_DIE_V1","DTL_TEMPORAL_POPULATION_V1"
"2026-01","January 2026",1,"DTL_SCRATCH_002","DTL_SCRATCH_002_D002","die_002",2,"SCRATCH","COND_RT_NOM",25,1,"NOMINAL","T_ON_R","ON_RESISTANCE",24.61465609583571,"ohm","UPPER",25,"NOT_DEFINED",18,50,"NOT_UNIFORM","18.0,20.0,22.0,25.0,28.0,30.0,35.0,40.0,50.0","SYNTHETIC_ASSUMED","P",2.604150225287915,"TESTER_A",20260115,"temporal_parametric_v1.0.0","DTL_TEMPORAL_PARAMETRIC_V1","DTL_TEMPORAL_ACTUAL_DIE_V1","DTL_TEMPORAL_POPULATION_V1"
"2026-01","January 2026",1,"DTL_SCRATCH_002","DTL_SCRATCH_002_D002","die_002",2,"SCRATCH","COND_RT_NOM",25,1,"NOMINAL","T_VMIN","VMIN",0.9336174263031216,"V","UPPER",0.85,"NOT_DEFINED",0.75,1,"NOT_UNIFORM","0.75,0.78,0.8,0.82,0.85,0.88,0.9,0.92,0.95,1.0","SYNTHETIC_ASSUMED","F",2.604150225287915,"TESTER_A",20260115,"temporal_parametric_v1.0.0","DTL_TEMPORAL_PARAMETRIC_V1","DTL_TEMPORAL_ACTUAL_DIE_V1","DTL_TEMPORAL_POPULATION_V1"
"2026-01","January 2026",1,"DTL_SCRATCH_002","DTL_SCRATCH_002_D002","die_002",2,"SCRATCH","COND_RT_NOM",25,1,"NOMINAL","T_VMAX","VMAX",1.1383957052788338,"V","LOWER",1.15,"NOT_DEFINED",1.05,1.25,"NOT_UNIFORM","1.05,1.08,1.1,1.12,1.15,1.18,1.2,1.22,1.25","SYNTHETIC_ASSUMED","F",2.604150225287915,"TESTER_A",20260115,"temporal_parametric_v1.0.0","DTL_TEMPORAL_PARAMETRIC_V1","DTL_TEMPORAL_ACTUAL_DIE_V1","DTL_TEMPORAL_POPULATION_V1"
"2026-01","January 2026",1,"DTL_SCRATCH_002","DTL_SCRATCH_002_D002","die_002",2,"SCRATCH","COND_RT_NOM",25,1,"NOMINAL","T_IDDQ","IDDQ",59.6546075122049,"uA","UPPER",50,"NOT_DEFINED",30,100,"NOT_UNIFORM","30.0,35.0,40.0,45.0,50.0,55.0,60.0,70.0,80.0,100.0","SYNTHETIC_ASSUMED","F",2.604150225287915,"TESTER_A",20260115,"temporal_parametric_v1.0.0","DTL_TEMPORAL_PARAMETRIC_V1","DTL_TEMPORAL_ACTUAL_DIE_V1","DTL_TEMPORAL_POPULATION_V1"
"2026-01","January 2026",1,"DTL_SCRATCH_002","DTL_SCRATCH_002_D002","die_002",2,"SCRATCH","COND_RT_NOM",25,1,"NOMINAL","T_SUPPLY_CURRENT","SUPPLY_CURRENT",116.6293006579034,"mA","UPPER",120,"NOT_DEFINED",90,200,"NOT_UNIFORM","90.0,100.0,110.0,120.0,130.0,140.0,150.0,170.0,200.0","SYNTHETIC_ASSUMED","P",2.604150225287915,"TESTER_A",20260115,"temporal_parametric_v1.0.0","DTL_TEMPORAL_PARAMETRIC_V1","DTL_TEMPORAL_ACTUAL_DIE_V1","DTL_TEMPORAL_POPULATION_V1"
"2026-01","January 2026",1,"DTL_SCRATCH_002","DTL_SCRATCH_002_D002","die_002",2,"SCRATCH","COND_HOT_NOM",85,1,"HOT","T_CONTACT_R","CONTACT_RESISTANCE",5.885939017273795,"ohm","UPPER",5,"NOT_DEFINED",3.5,10,"NOT_UNIFORM","3.5,4.0,4.5,5.0,5.5,6.0,7.0,8.0,10.0","SYNTHETIC_ASSUMED","F",2.604150225287915,"TESTER_A",20260115,"temporal_parametric_v1.0.0","DTL_TEMPORAL_PARAMETRIC_V1","DTL_TEMPORAL_ACTUAL_DIE_V1","DTL_TEMPORAL_POPULATION_V1"
"2026-01","January 2026",1,"DTL_SCRATCH_002","DTL_SCRATCH_002_D002","die_002",2,"SCRATCH","COND_HOT_NOM",85,1,"HOT","T_INTERCONNECT_R","INTERCONNECT_RESISTANCE",16.56174504656996,"ohm","UPPER",15,"NOT_DEFINED",11,25,"NOT_UNIFORM","11.0,12.0,13.0,14.0,15.0,16.0,18.0,20.0,25.0","SYNTHETIC_ASSUMED","F",2.604150225287915,"TESTER_A",20260115,"temporal_parametric_v1.0.0","DTL_TEMPORAL_PARAMETRIC_V1","DTL_TEMPORAL_ACTUAL_DIE_V1","DTL_TEMPORAL_POPULATION_V1"
"2026-01","January 2026",1,"DTL_SCRATCH_002","DTL_SCRATCH_002_D002","die_002",2,"SCRATCH","COND_HOT_NOM",85,1,"HOT","T_ON_R","ON_RESISTANCE",24.97917998548706,"ohm","UPPER",25,"NOT_DEFINED",18,50,"NOT_UNIFORM","18.0,20.0,22.0,25.0,28.0,30.0,35.0,40.0,50.0","SYNTHETIC_ASSUMED","P",2.604150225287915,"TESTER_A",20260115,"temporal_parametric_v1.0.0","DTL_TEMPORAL_PARAMETRIC_V1","DTL_TEMPORAL_ACTUAL_DIE_V1","DTL_TEMPORAL_POPULATION_V1"
"2026-01","January 2026",1,"DTL_SCRATCH_002","DTL_SCRATCH_002_D002","die_002",2,"SCRATCH","COND_HOT_NOM",85,1,"HOT","T_VMIN","VMIN",0.918798304311105,"V","UPPER",0.85,"NOT_DEFINED",0.75,1,"NOT_UNIFORM","0.75,0.78,0.8,0.82,0.85,0.88,0.9,0.92,0.95,1.0","SYNTHETIC_ASSUMED","F",2.604150225287915,"TESTER_A",20260115,"temporal_parametric_v1.0.0","DTL_TEMPORAL_PARAMETRIC_V1","DTL_TEMPORAL_ACTUAL_DIE_V1","DTL_TEMPORAL_POPULATION_V1"
"2026-01","January 2026",1,"DTL_SCRATCH_002","DTL_SCRATCH_002_D002","die_002",2,"SCRATCH","COND_HOT_NOM",85,1,"HOT","T_VMAX","VMAX",1.0786644092656803,"V","LOWER",1.15,"NOT_DEFINED",1.05,1.25,"NOT_UNIFORM","1.05,1.08,1.1,1.12,1.15,1.18,1.2,1.22,1.25","SYNTHETIC_ASSUMED","F",2.604150225287915,"TESTER_A",20260115,"temporal_parametric_v1.0.0","DTL_TEMPORAL_PARAMETRIC_V1","DTL_TEMPORAL_ACTUAL_DIE_V1","DTL_TEMPORAL_POPULATION_V1"
"2026-01","January 2026",1,"DTL_SCRATCH_002","DTL_SCRATCH_002_D002","die_002",2,"SCRATCH","COND_HOT_NOM",85,1,"HOT","T_IDDQ","IDDQ",66.97614904458031,"uA","UPPER",50,"NOT_DEFINED",30,100,"NOT_UNIFORM","30.0,35.0,40.0,45.0,50.0,55.0,60.0,70.0,80.0,100.0","SYNTHETIC_ASSUMED","F",2.604150225287915,"TESTER_A",20260115,"temporal_parametric_v1.0.0","DTL_TEMPORAL_PARAMETRIC_V1","DTL_TEMPORAL_ACTUAL_DIE_V1","DTL_TEMPORAL_POPULATION_V1"
"2026-01","January 2026",1,"DTL_SCRATCH_002","DTL_SCRATCH_002_D002","die_002",2,"SCRATCH","COND_HOT_NOM",85,1,"HOT","T_SUPPLY_CURRENT","SUPPLY_CURRENT",128.30438203574167,"mA","UPPER",120,"NOT_DEFINED",90,200,"NOT_UNIFORM","90.0,100.0,110.0,120.0,130.0,140.0,150.0,170.0,200.0","SYNTHETIC_ASSUMED","F",2.604150225287915,"TESTER_A",20260115,"temporal_parametric_v1.0.0","DTL_TEMPORAL_PARAMETRIC_V1","DTL_TEMPORAL_ACTUAL_DIE_V1","DTL_TEMPORAL_POPULATION_V1"
"2026-01","January 2026",1,"DTL_SCRATCH_002","DTL_SCRATCH_002_D002","die_002",2,"SCRATCH","COND_RT_LOWV",25,0.9,"LOW_VDD","T_CONTACT_R","CONTACT_RESISTANCE",5.011267787147854,"ohm","UPPER",5,"NOT_DEFINED",3.5,10,"NOT_UNIFORM","3.5,4.0,4.5,5.0,5.5,6.0,7.0,8.0,10.0","SYNTHETIC_ASSUMED","F",2.604150225287915,"TESTER_A",20260115,"temporal_parametric_v1.0.0","DTL_TEMPORAL_PARAMETRIC_V1","DTL_TEMPORAL_ACTUAL_DIE_V1","DTL_TEMPORAL_POPULATION_V1"
"2026-01","January 2026",1,"DTL_SCRATCH_002","DTL_SCRATCH_002_D002","die_002",2,"SCRATCH","COND_RT_LOWV",25,0.9,"LOW_VDD","T_INTERCONNECT_R","INTERCONNECT_RESISTANCE",15.96278279870399,"ohm","UPPER",15,"NOT_DEFINED",11,25,"NOT_UNIFORM","11.0,12.0,13.0,14.0,15.0,16.0,18.0,20.0,25.0","SYNTHETIC_ASSUMED","F",2.604150225287915,"TESTER_A",20260115,"temporal_parametric_v1.0.0","DTL_TEMPORAL_PARAMETRIC_V1","DTL_TEMPORAL_ACTUAL_DIE_V1","DTL_TEMPORAL_POPULATION_V1"
"2026-01","January 2026",1,"DTL_SCRATCH_002","DTL_SCRATCH_002_D002","die_002",2,"SCRATCH","COND_RT_LOWV",25,0.9,"LOW_VDD","T_ON_R","ON_RESISTANCE",27.31248789015824,"ohm","UPPER",25,"NOT_DEFINED",18,50,"NOT_UNIFORM","18.0,20.0,22.0,25.0,28.0,30.0,35.0,40.0,50.0","SYNTHETIC_ASSUMED","F",2.604150225287915,"TESTER_A",20260115,"temporal_parametric_v1.0.0","DTL_TEMPORAL_PARAMETRIC_V1","DTL_TEMPORAL_ACTUAL_DIE_V1","DTL_TEMPORAL_POPULATION_V1"
"2026-01","January 2026",1,"DTL_SCRATCH_002","DTL_SCRATCH_002_D002","die_002",2,"SCRATCH","COND_RT_LOWV",25,0.9,"LOW_VDD","T_VMIN","VMIN",0.9242213262557948,"V","UPPER",0.85,"NOT_DEFINED",0.75,1,"NOT_UNIFORM","0.75,0.78,0.8,0.82,0.85,0.88,0.9,0.92,0.95,1.0","SYNTHETIC_ASSUMED","F",2.604150225287915,"TESTER_A",20260115,"temporal_parametric_v1.0.0","DTL_TEMPORAL_PARAMETRIC_V1","DTL_TEMPORAL_ACTUAL_DIE_V1","DTL_TEMPORAL_POPULATION_V1"
"2026-01","January 2026",1,"DTL_SCRATCH_002","DTL_SCRATCH_002_D002","die_002",2,"SCRATCH","COND_RT_LOWV",25,0.9,"LOW_VDD","T_VMAX","VMAX",1.0629144680680138,"V","LOWER",1.15,"NOT_DEFINED",1.05,1.25,"NOT_UNIFORM","1.05,1.08,1.1,1.12,1.15,1.18,1.2,1.22,1.25","SYNTHETIC_ASSUMED","F",2.604150225287915,"TESTER_A",20260115,"temporal_parametric_v1.0.0","DTL_TEMPORAL_PARAMETRIC_V1","DTL_TEMPORAL_ACTUAL_DIE_V1","DTL_TEMPORAL_POPULATION_V1"
"2026-01","January 2026",1,"DTL_SCRATCH_002","DTL_SCRATCH_002_D002","die_002",2,"SCRATCH","COND_RT_LOWV",25,0.9,"LOW_VDD","T_IDDQ","IDDQ",58.7781467295535,"uA","UPPER",50,"NOT_DEFINED",30,100,"NOT_UNIFORM","30.0,35.0,40.0,45.0,50.0,55.0,60.0,70.0,80.0,100.0","SYNTHETIC_ASSUMED","F",2.604150225287915,"TESTER_A",20260115,"temporal_parametric_v1.0.0","DTL_TEMPORAL_PARAMETRIC_V1","DTL_TEMPORAL_ACTUAL_DIE_V1","DTL_TEMPORAL_POPULATION_V1"
"2026-01","January 2026",1,"DTL_SCRATCH_002","DTL_SCRATCH_002_D002","die_002",2,"SCRATCH","COND_RT_LOWV",25,0.9,"LOW_VDD","T_SUPPLY_CURRENT","SUPPLY_CURRENT",109.31724689491035,"mA","UPPER",120,"NOT_DEFINED",90,200,"NOT_UNIFORM","90.0,100.0,110.0,120.0,130.0,140.0,150.0,170.0,200.0","SYNTHETIC_ASSUMED","P",2.604150225287915,"TESTER_A",20260115,"temporal_parametric_v1.0.0","DTL_TEMPORAL_PARAMETRIC_V1","DTL_TEMPORAL_ACTUAL_DIE_V1","DTL_TEMPORAL_POPULATION_V1"
"2026-01","January 2026",1,"DTL_SCRATCH_002","DTL_SCRATCH_002_D002","die_002",2,"SCRATCH","COND_HOT_HIGHV",85,1.1,"HIGH_VDD","T_CONTACT_R","CONTACT_RESISTANCE",5.57203240084227,"ohm","UPPER",5,"NOT_DEFINED",3.5,10,"NOT_UNIFORM","3.5,4.0,4.5,5.0,5.5,6.0,7.0,8.0,10.0","SYNTHETIC_ASSUMED","F",2.604150225287915,"TESTER_A",20260115,"temporal_parametric_v1.0.0","DTL_TEMPORAL_PARAMETRIC_V1","DTL_TEMPORAL_ACTUAL_DIE_V1","DTL_TEMPORAL_POPULATION_V1"
"2026-01","January 2026",1,"DTL_SCRATCH_002","DTL_SCRATCH_002_D002","die_002",2,"SCRATCH","COND_HOT_HIGHV",85,1.1,"HIGH_VDD","T_INTERCONNECT_R","INTERCONNECT_RESISTANCE",14.680724421418187,"ohm","UPPER",15,"NOT_DEFINED",11,25,"NOT_UNIFORM","11.0,12.0,13.0,14.0,15.0,16.0,18.0,20.0,25.0","SYNTHETIC_ASSUMED","P",2.604150225287915,"TESTER_A",20260115,"temporal_parametric_v1.0.0","DTL_TEMPORAL_PARAMETRIC_V1","DTL_TEMPORAL_ACTUAL_DIE_V1","DTL_TEMPORAL_POPULATION_V1"
"2026-01","January 2026",1,"DTL_SCRATCH_002","DTL_SCRATCH_002_D002","die_002",2,"SCRATCH","COND_HOT_HIGHV",85,1.1,"HIGH_VDD","T_ON_R","ON_RESISTANCE",28.141979819084565,"ohm","UPPER",25,"NOT_DEFINED",18,50,"NOT_UNIFORM","18.0,20.0,22.0,25.0,28.0,30.0,35.0,40.0,50.0","SYNTHETIC_ASSUMED","F",2.604150225287915,"TESTER_A",20260115,"temporal_parametric_v1.0.0","DTL_TEMPORAL_PARAMETRIC_V1","DTL_TEMPORAL_ACTUAL_DIE_V1","DTL_TEMPORAL_POPULATION_V1"
"2026-01","January 2026",1,"DTL_SCRATCH_002","DTL_SCRATCH_002_D002","die_002",2,"SCRATCH","COND_HOT_HIGHV",85,1.1,"HIGH_VDD","T_VMIN","VMIN",0.9182790186670596,"V","UPPER",0.85,"NOT_DEFINED",0.75,1,"NOT_UNIFORM","0.75,0.78,0.8,0.82,0.85,0.88,0.9,0.92,0.95,1.0","SYNTHETIC_ASSUMED","F",2.604150225287915,"TESTER_A",20260115,"temporal_parametric_v1.0.0","DTL_TEMPORAL_PARAMETRIC_V1","DTL_TEMPORAL_ACTUAL_DIE_V1","DTL_TEMPORAL_POPULATION_V1"
"2026-01","January 2026",1,"DTL_SCRATCH_002","DTL_SCRATCH_002_D002","die_002",2,"SCRATCH","COND_HOT_HIGHV",85,1.1,"HIGH_VDD","T_VMAX","VMAX",1.1319552248702274,"V","LOWER",1.15,"NOT_DEFINED",1.05,1.25,"NOT_UNIFORM","1.05,1.08,1.1,1.12,1.15,1.18,1.2,1.22,1.25","SYNTHETIC_ASSUMED","F",2.604150225287915,"TESTER_A",20260115,"temporal_parametric_v1.0.0","DTL_TEMPORAL_PARAMETRIC_V1","DTL_TEMPORAL_ACTUAL_DIE_V1","DTL_TEMPORAL_POPULATION_V1"
"2026-01","January 2026",1,"DTL_SCRATCH_002","DTL_SCRATCH_002_D002","die_002",2,"SCRATCH","COND_HOT_HIGHV",85,1.1,"HIGH_VDD","T_IDDQ","IDDQ",77.31509245084253,"uA","UPPER",50,"NOT_DEFINED",30,100,"NOT_UNIFORM","30.0,35.0,40.0,45.0,50.0,55.0,60.0,70.0,80.0,100.0","SYNTHETIC_ASSUMED","F",2.604150225287915,"TESTER_A",20260115,"temporal_parametric_v1.0.0","DTL_TEMPORAL_PARAMETRIC_V1","DTL_TEMPORAL_ACTUAL_DIE_V1","DTL_TEMPORAL_POPULATION_V1"
"2026-01","January 2026",1,"DTL_SCRATCH_002","DTL_SCRATCH_002_D002","die_002",2,"SCRATCH","COND_HOT_HIGHV",85,1.1,"HIGH_VDD","T_SUPPLY_CURRENT","SUPPLY_CURRENT",130.47430951180016,"mA","UPPER",120,"NOT_DEFINED",90,200,"NOT_UNIFORM","90.0,100.0,110.0,120.0,130.0,140.0,150.0,170.0,200.0","SYNTHETIC_ASSUMED","F",2.604150225287915,"TESTER_A",20260115,"temporal_parametric_v1.0.0","DTL_TEMPORAL_PARAMETRIC_V1","DTL_TEMPORAL_ACTUAL_DIE_V1","DTL_TEMPORAL_POPULATION_V1"
"2026-01","January 2026",1,"DTL_SCRATCH_002","DTL_SCRATCH_002_D003","die_003",3,"SCRATCH","COND_RT_NOM",25,1,"NOMINAL","T_CONTACT_R","CONTACT_RESISTANCE",4.620511683953339,"ohm","UPPER",5,"NOT_DEFINED",3.5,10,"NOT_UNIFORM","3.5,4.0,4.5,5.0,5.5,6.0,7.0,8.0,10.0","SYNTHETIC_ASSUMED","P",1.4318061118251064,"TESTER_A",20260115,"temporal_parametric_v1.0.0","DTL_TEMPORAL_PARAMETRIC_V1","DTL_TEMPORAL_ACTUAL_DIE_V1","DTL_TEMPORAL_POPULATION_V1"
"2026-01","January 2026",1,"DTL_SCRATCH_002","DTL_SCRATCH_002_D003","die_003",3,"SCRATCH","COND_RT_NOM",25,1,"NOMINAL","T_INTERCONNECT_R","INTERCONNECT_RESISTANCE",13.996329064975534,"ohm","UPPER",15,"NOT_DEFINED",11,25,"NOT_UNIFORM","11.0,12.0,13.0,14.0,15.0,16.0,18.0,20.0,25.0","SYNTHETIC_ASSUMED","P",1.4318061118251064,"TESTER_A",20260115,"temporal_parametric_v1.0.0","DTL_TEMPORAL_PARAMETRIC_V1","DTL_TEMPORAL_ACTUAL_DIE_V1","DTL_TEMPORAL_POPULATION_V1"
"2026-01","January 2026",1,"DTL_SCRATCH_002","DTL_SCRATCH_002_D003","die_003",3,"SCRATCH","COND_RT_NOM",25,1,"NOMINAL","T_ON_R","ON_RESISTANCE",23.073041194467027,"ohm","UPPER",25,"NOT_DEFINED",18,50,"NOT_UNIFORM","18.0,20.0,22.0,25.0,28.0,30.0,35.0,40.0,50.0","SYNTHETIC_ASSUMED","P",1.4318061118251064,"TESTER_A",20260115,"temporal_parametric_v1.0.0","DTL_TEMPORAL_PARAMETRIC_V1","DTL_TEMPORAL_ACTUAL_DIE_V1","DTL_TEMPORAL_POPULATION_V1"
"2026-01","January 2026",1,"DTL_SCRATCH_002","DTL_SCRATCH_002_D003","die_003",3,"SCRATCH","COND_RT_NOM",25,1,"NOMINAL","T_VMIN","VMIN",0.8910446525522465,"V","UPPER",0.85,"NOT_DEFINED",0.75,1,"NOT_UNIFORM","0.75,0.78,0.8,0.82,0.85,0.88,0.9,0.92,0.95,1.0","SYNTHETIC_ASSUMED","F",1.4318061118251064,"TESTER_A",20260115,"temporal_parametric_v1.0.0","DTL_TEMPORAL_PARAMETRIC_V1","DTL_TEMPORAL_ACTUAL_DIE_V1","DTL_TEMPORAL_POPULATION_V1"
"2026-01","January 2026",1,"DTL_SCRATCH_002","DTL_SCRATCH_002_D003","die_003",3,"SCRATCH","COND_RT_NOM",25,1,"NOMINAL","T_VMAX","VMAX",1.2199666468721826,"V","LOWER",1.15,"NOT_DEFINED",1.05,1.25,"NOT_UNIFORM","1.05,1.08,1.1,1.12,1.15,1.18,1.2,1.22,1.25","SYNTHETIC_ASSUMED","P",1.4318061118251064,"TESTER_A",20260115,"temporal_parametric_v1.0.0","DTL_TEMPORAL_PARAMETRIC_V1","DTL_TEMPORAL_ACTUAL_DIE_V1","DTL_TEMPORAL_POPULATION_V1"
"2026-01","January 2026",1,"DTL_SCRATCH_002","DTL_SCRATCH_002_D003","die_003",3,"SCRATCH","COND_RT_NOM",25,1,"NOMINAL","T_IDDQ","IDDQ",52.0637876578087,"uA","UPPER",50,"NOT_DEFINED",30,100,"NOT_UNIFORM","30.0,35.0,40.0,45.0,50.0,55.0,60.0,70.0,80.0,100.0","SYNTHETIC_ASSUMED","F",1.4318061118251064,"TESTER_A",20260115,"temporal_parametric_v1.0.0","DTL_TEMPORAL_PARAMETRIC_V1","DTL_TEMPORAL_ACTUAL_DIE_V1","DTL_TEMPORAL_POPULATION_V1"
"2026-01","January 2026",1,"DTL_SCRATCH_002","DTL_SCRATCH_002_D003","die_003",3,"SCRATCH","COND_RT_NOM",25,1,"NOMINAL","T_SUPPLY_CURRENT","SUPPLY_CURRENT",96.98387188482089,"mA","UPPER",120,"NOT_DEFINED",90,200,"NOT_UNIFORM","90.0,100.0,110.0,120.0,130.0,140.0,150.0,170.0,200.0","SYNTHETIC_ASSUMED","P",1.4318061118251064,"TESTER_A",20260115,"temporal_parametric_v1.0.0","DTL_TEMPORAL_PARAMETRIC_V1","DTL_TEMPORAL_ACTUAL_DIE_V1","DTL_TEMPORAL_POPULATION_V1"
"2026-01","January 2026",1,"DTL_SCRATCH_002","DTL_SCRATCH_002_D003","die_003",3,"SCRATCH","COND_HOT_NOM",85,1,"HOT","T_CONTACT_R","CONTACT_RESISTANCE",4.1066741516279865,"ohm","UPPER",5,"NOT_DEFINED",3.5,10,"NOT_UNIFORM","3.5,4.0,4.5,5.0,5.5,6.0,7.0,8.0,10.0","SYNTHETIC_ASSUMED","P",1.4318061118251064,"TESTER_A",20260115,"temporal_parametric_v1.0.0","DTL_TEMPORAL_PARAMETRIC_V1","DTL_TEMPORAL_ACTUAL_DIE_V1","DTL_TEMPORAL_POPULATION_V1"
"2026-01","January 2026",1,"DTL_SCRATCH_002","DTL_SCRATCH_002_D003","die_003",3,"SCRATCH","COND_HOT_NOM",85,1,"HOT","T_INTERCONNECT_R","INTERCONNECT_RESISTANCE",14.899097989235283,"ohm","UPPER",15,"NOT_DEFINED",11,25,"NOT_UNIFORM","11.0,12.0,13.0,14.0,15.0,16.0,18.0,20.0,25.0","SYNTHETIC_ASSUMED","P",1.4318061118251064,"TESTER_A",20260115,"temporal_parametric_v1.0.0","DTL_TEMPORAL_PARAMETRIC_V1","DTL_TEMPORAL_ACTUAL_DIE_V1","DTL_TEMPORAL_POPULATION_V1"
"2026-01","January 2026",1,"DTL_SCRATCH_002","DTL_SCRATCH_002_D003","die_003",3,"SCRATCH","COND_HOT_NOM",85,1,"HOT","T_ON_R","ON_RESISTANCE",25.1248709102194,"ohm","UPPER",25,"NOT_DEFINED",18,50,"NOT_UNIFORM","18.0,20.0,22.0,25.0,28.0,30.0,35.0,40.0,50.0","SYNTHETIC_ASSUMED","F",1.4318061118251064,"TESTER_A",20260115,"temporal_parametric_v1.0.0","DTL_TEMPORAL_PARAMETRIC_V1","DTL_TEMPORAL_ACTUAL_DIE_V1","DTL_TEMPORAL_POPULATION_V1"
"2026-01","January 2026",1,"DTL_SCRATCH_002","DTL_SCRATCH_002_D003","die_003",3,"SCRATCH","COND_HOT_NOM",85,1,"HOT","T_VMIN","VMIN",0.8735024540648497,"V","UPPER",0.85,"NOT_DEFINED",0.75,1,"NOT_UNIFORM","0.75,0.78,0.8,0.82,0.85,0.88,0.9,0.92,0.95,1.0","SYNTHETIC_ASSUMED","F",1.4318061118251064,"TESTER_A",20260115,"temporal_parametric_v1.0.0","DTL_TEMPORAL_PARAMETRIC_V1","DTL_TEMPORAL_ACTUAL_DIE_V1","DTL_TEMPORAL_POPULATION_V1"
"2026-01","January 2026",1,"DTL_SCRATCH_002","DTL_SCRATCH_002_D003","die_003",3,"SCRATCH","COND_HOT_NOM",85,1,"HOT","T_VMAX","VMAX",1.19863209793895,"V","LOWER",1.15,"NOT_DEFINED",1.05,1.25,"NOT_UNIFORM","1.05,1.08,1.1,1.12,1.15,1.18,1.2,1.22,1.25","SYNTHETIC_ASSUMED","P",1.4318061118251064,"TESTER_A",20260115,"temporal_parametric_v1.0.0","DTL_TEMPORAL_PARAMETRIC_V1","DTL_TEMPORAL_ACTUAL_DIE_V1","DTL_TEMPORAL_POPULATION_V1"
"2026-01","January 2026",1,"DTL_SCRATCH_002","DTL_SCRATCH_002_D003","die_003",3,"SCRATCH","COND_HOT_NOM",85,1,"HOT","T_IDDQ","IDDQ",60.63886899360003,"uA","UPPER",50,"NOT_DEFINED",30,100,"NOT_UNIFORM","30.0,35.0,40.0,45.0,50.0,55.0,60.0,70.0,80.0,100.0","SYNTHETIC_ASSUMED","F",1.4318061118251064,"TESTER_A",20260115,"temporal_parametric_v1.0.0","DTL_TEMPORAL_PARAMETRIC_V1","DTL_TEMPORAL_ACTUAL_DIE_V1","DTL_TEMPORAL_POPULATION_V1"
"2026-01","January 2026",1,"DTL_SCRATCH_002","DTL_SCRATCH_002_D003","die_003",3,"SCRATCH","COND_HOT_NOM",85,1,"HOT","T_SUPPLY_CURRENT","SUPPLY_CURRENT",109.11444441908613,"mA","UPPER",120,"NOT_DEFINED",90,200,"NOT_UNIFORM","90.0,100.0,110.0,120.0,130.0,140.0,150.0,170.0,200.0","SYNTHETIC_ASSUMED","P",1.4318061118251064,"TESTER_A",20260115,"temporal_parametric_v1.0.0","DTL_TEMPORAL_PARAMETRIC_V1","DTL_TEMPORAL_ACTUAL_DIE_V1","DTL_TEMPORAL_POPULATION_V1"
"2026-01","January 2026",1,"DTL_SCRATCH_002","DTL_SCRATCH_002_D003","die_003",3,"SCRATCH","COND_RT_LOWV",25,0.9,"LOW_VDD","T_CONTACT_R","CONTACT_RESISTANCE",4.458824079148851,"ohm","UPPER",5,"NOT_DEFINED",3.5,10,"NOT_UNIFORM","3.5,4.0,4.5,5.0,5.5,6.0,7.0,8.0,10.0","SYNTHETIC_ASSUMED","P",1.4318061118251064,"TESTER_A",20260115,"temporal_parametric_v1.0.0","DTL_TEMPORAL_PARAMETRIC_V1","DTL_TEMPORAL_ACTUAL_DIE_V1","DTL_TEMPORAL_POPULATION_V1"
"2026-01","January 2026",1,"DTL_SCRATCH_002","DTL_SCRATCH_002_D003","die_003",3,"SCRATCH","COND_RT_LOWV",25,0.9,"LOW_VDD","T_INTERCONNECT_R","INTERCONNECT_RESISTANCE",14.358090034589347,"ohm","UPPER",15,"NOT_DEFINED",11,25,"NOT_UNIFORM","11.0,12.0,13.0,14.0,15.0,16.0,18.0,20.0,25.0","SYNTHETIC_ASSUMED","P",1.4318061118251064,"TESTER_A",20260115,"temporal_parametric_v1.0.0","DTL_TEMPORAL_PARAMETRIC_V1","DTL_TEMPORAL_ACTUAL_DIE_V1","DTL_TEMPORAL_POPULATION_V1"
"2026-01","January 2026",1,"DTL_SCRATCH_002","DTL_SCRATCH_002_D003","die_003",3,"SCRATCH","COND_RT_LOWV",25,0.9,"LOW_VDD","T_ON_R","ON_RESISTANCE",19.27044356541851,"ohm","UPPER",25,"NOT_DEFINED",18,50,"NOT_UNIFORM","18.0,20.0,22.0,25.0,28.0,30.0,35.0,40.0,50.0","SYNTHETIC_ASSUMED","P",1.4318061118251064,"TESTER_A",20260115,"temporal_parametric_v1.0.0","DTL_TEMPORAL_PARAMETRIC_V1","DTL_TEMPORAL_ACTUAL_DIE_V1","DTL_TEMPORAL_POPULATION_V1"
"2026-01","January 2026",1,"DTL_SCRATCH_002","DTL_SCRATCH_002_D003","die_003",3,"SCRATCH","COND_RT_LOWV",25,0.9,"LOW_VDD","T_VMIN","VMIN",0.8193090200901209,"V","UPPER",0.85,"NOT_DEFINED",0.75,1,"NOT_UNIFORM","0.75,0.78,0.8,0.82,0.85,0.88,0.9,0.92,0.95,1.0","SYNTHETIC_ASSUMED","P",1.4318061118251064,"TESTER_A",20260115,"temporal_parametric_v1.0.0","DTL_TEMPORAL_PARAMETRIC_V1","DTL_TEMPORAL_ACTUAL_DIE_V1","DTL_TEMPORAL_POPULATION_V1"
"2026-01","January 2026",1,"DTL_SCRATCH_002","DTL_SCRATCH_002_D003","die_003",3,"SCRATCH","COND_RT_LOWV",25,0.9,"LOW_VDD","T_VMAX","VMAX",1.1894106563824507,"V","LOWER",1.15,"NOT_DEFINED",1.05,1.25,"NOT_UNIFORM","1.05,1.08,1.1,1.12,1.15,1.18,1.2,1.22,1.25","SYNTHETIC_ASSUMED","P",1.4318061118251064,"TESTER_A",20260115,"temporal_parametric_v1.0.0","DTL_TEMPORAL_PARAMETRIC_V1","DTL_TEMPORAL_ACTUAL_DIE_V1","DTL_TEMPORAL_POPULATION_V1"
"2026-01","January 2026",1,"DTL_SCRATCH_002","DTL_SCRATCH_002_D003","die_003",3,"SCRATCH","COND_RT_LOWV",25,0.9,"LOW_VDD","T_IDDQ","IDDQ",38.10354494064249,"uA","UPPER",50,"NOT_DEFINED",30,100,"NOT_UNIFORM","30.0,35.0,40.0,45.0,50.0,55.0,60.0,70.0,80.0,100.0","SYNTHETIC_ASSUMED","P",1.4318061118251064,"TESTER_A",20260115,"temporal_parametric_v1.0.0","DTL_TEMPORAL_PARAMETRIC_V1","DTL_TEMPORAL_ACTUAL_DIE_V1","DTL_TEMPORAL_POPULATION_V1"
"2026-01","January 2026",1,"DTL_SCRATCH_002","DTL_SCRATCH_002_D003","die_003",3,"SCRATCH","COND_RT_LOWV",25,0.9,"LOW_VDD","T_SUPPLY_CURRENT","SUPPLY_CURRENT",111.14453987370588,"mA","UPPER",120,"NOT_DEFINED",90,200,"NOT_UNIFORM","90.0,100.0,110.0,120.0,130.0,140.0,150.0,170.0,200.0","SYNTHETIC_ASSUMED","P",1.4318061118251064,"TESTER_A",20260115,"temporal_parametric_v1.0.0","DTL_TEMPORAL_PARAMETRIC_V1","DTL_TEMPORAL_ACTUAL_DIE_V1","DTL_TEMPORAL_POPULATION_V1"
"2026-01","January 2026",1,"DTL_SCRATCH_002","DTL_SCRATCH_002_D003","die_003",3,"SCRATCH","COND_HOT_HIGHV",85,1.1,"HIGH_VDD","T_CONTACT_R","CONTACT_RESISTANCE",5.4443144057271,"ohm","UPPER",5,"NOT_DEFINED",3.5,10,"NOT_UNIFORM","3.5,4.0,4.5,5.0,5.5,6.0,7.0,8.0,10.0","SYNTHETIC_ASSUMED","F",1.4318061118251064,"TESTER_A",20260115,"temporal_parametric_v1.0.0","DTL_TEMPORAL_PARAMETRIC_V1","DTL_TEMPORAL_ACTUAL_DIE_V1","DTL_TEMPORAL_POPULATION_V1"
"2026-01","January 2026",1,"DTL_SCRATCH_002","DTL_SCRATCH_002_D003","die_003",3,"SCRATCH","COND_HOT_HIGHV",85,1.1,"HIGH_VDD","T_INTERCONNECT_R","INTERCONNECT_RESISTANCE",13.75335012295974,"ohm","UPPER",15,"NOT_DEFINED",11,25,"NOT_UNIFORM","11.0,12.0,13.0,14.0,15.0,16.0,18.0,20.0,25.0","SYNTHETIC_ASSUMED","P",1.4318061118251064,"TESTER_A",20260115,"temporal_parametric_v1.0.0","DTL_TEMPORAL_PARAMETRIC_V1","DTL_TEMPORAL_ACTUAL_DIE_V1","DTL_TEMPORAL_POPULATION_V1"
"2026-01","January 2026",1,"DTL_SCRATCH_002","DTL_SCRATCH_002_D003","die_003",3,"SCRATCH","COND_HOT_HIGHV",85,1.1,"HIGH_VDD","T_ON_R","ON_RESISTANCE",20.646857798564795,"ohm","UPPER",25,"NOT_DEFINED",18,50,"NOT_UNIFORM","18.0,20.0,22.0,25.0,28.0,30.0,35.0,40.0,50.0","SYNTHETIC_ASSUMED","P",1.4318061118251064,"TESTER_A",20260115,"temporal_parametric_v1.0.0","DTL_TEMPORAL_PARAMETRIC_V1","DTL_TEMPORAL_ACTUAL_DIE_V1","DTL_TEMPORAL_POPULATION_V1"
"2026-01","January 2026",1,"DTL_SCRATCH_002","DTL_SCRATCH_002_D003","die_003",3,"SCRATCH","COND_HOT_HIGHV",85,1.1,"HIGH_VDD","T_VMIN","VMIN",0.8829357721619638,"V","UPPER",0.85,"NOT_DEFINED",0.75,1,"NOT_UNIFORM","0.75,0.78,0.8,0.82,0.85,0.88,0.9,0.92,0.95,1.0","SYNTHETIC_ASSUMED","F",1.4318061118251064,"TESTER_A",20260115,"temporal_parametric_v1.0.0","DTL_TEMPORAL_PARAMETRIC_V1","DTL_TEMPORAL_ACTUAL_DIE_V1","DTL_TEMPORAL_POPULATION_V1"
"2026-01","January 2026",1,"DTL_SCRATCH_002","DTL_SCRATCH_002_D003","die_003",3,"SCRATCH","COND_HOT_HIGHV",85,1.1,"HIGH_VDD","T_VMAX","VMAX",1.202698541782664,"V","LOWER",1.15,"NOT_DEFINED",1.05,1.25,"NOT_UNIFORM","1.05,1.08,1.1,1.12,1.15,1.18,1.2,1.22,1.25","SYNTHETIC_ASSUMED","P",1.4318061118251064,"TESTER_A",20260115,"temporal_parametric_v1.0.0","DTL_TEMPORAL_PARAMETRIC_V1","DTL_TEMPORAL_ACTUAL_DIE_V1","DTL_TEMPORAL_POPULATION_V1"
"2026-01","January 2026",1,"DTL_SCRATCH_002","DTL_SCRATCH_002_D003","die_003",3,"SCRATCH","COND_HOT_HIGHV",85,1.1,"HIGH_VDD","T_IDDQ","IDDQ",56.202898092120286,"uA","UPPER",50,"NOT_DEFINED",30,100,"NOT_UNIFORM","30.0,35.0,40.0,45.0,50.0,55.0,60.0,70.0,80.0,100.0","SYNTHETIC_ASSUMED","F",1.4318061118251064,"TESTER_A",20260115,"temporal_parametric_v1.0.0","DTL_TEMPORAL_PARAMETRIC_V1","DTL_TEMPORAL_ACTUAL_DIE_V1","DTL_TEMPORAL_POPULATION_V1"
"2026-01","January 2026",1,"DTL_SCRATCH_002","DTL_SCRATCH_002_D003","die_003",3,"SCRATCH","COND_HOT_HIGHV",85,1.1,"HIGH_VDD","T_SUPPLY_CURRENT","SUPPLY_CURRENT",127.6945713586042,"mA","UPPER",120,"NOT_DEFINED",90,200,"NOT_UNIFORM","90.0,100.0,110.0,120.0,130.0,140.0,150.0,170.0,200.0","SYNTHETIC_ASSUMED","F",1.4318061118251064,"TESTER_A",20260115,"temporal_parametric_v1.0.0","DTL_TEMPORAL_PARAMETRIC_V1","DTL_TEMPORAL_ACTUAL_DIE_V1","DTL_TEMPORAL_POPULATION_V1"
"2026-01","January 2026",1,"DTL_EDGE_001","DTL_EDGE_001_D001","die_001",1,"EDGE","COND_RT_NOM",25,1,"NOMINAL","T_CONTACT_R","CONTACT_RESISTANCE",5.563328772525024,"ohm","UPPER",5,"NOT_DEFINED",3.5,10,"NOT_UNIFORM","3.5,4.0,4.5,5.0,5.5,6.0,7.0,8.0,10.0","SYNTHETIC_ASSUMED","F",2.833939437404592,"TESTER_A",20260115,"temporal_parametric_v1.0.0","DTL_TEMPORAL_PARAMETRIC_V1","DTL_TEMPORAL_ACTUAL_DIE_V1","DTL_TEMPORAL_POPULATION_V1"
"2026-01","January 2026",1,"DTL_EDGE_001","DTL_EDGE_001_D001","die_001",1,"EDGE","COND_RT_NOM",25,1,"NOMINAL","T_INTERCONNECT_R","INTERCONNECT_RESISTANCE",16.804566781745752,"ohm","UPPER",15,"NOT_DEFINED",11,25,"NOT_UNIFORM","11.0,12.0,13.0,14.0,15.0,16.0,18.0,20.0,25.0","SYNTHETIC_ASSUMED","F",2.833939437404592,"TESTER_A",20260115,"temporal_parametric_v1.0.0","DTL_TEMPORAL_PARAMETRIC_V1","DTL_TEMPORAL_ACTUAL_DIE_V1","DTL_TEMPORAL_POPULATION_V1"
"2026-01","January 2026",1,"DTL_EDGE_001","DTL_EDGE_001_D001","die_001",1,"EDGE","COND_RT_NOM",25,1,"NOMINAL","T_ON_R","ON_RESISTANCE",26.693172287978555,"ohm","UPPER",25,"NOT_DEFINED",18,50,"NOT_UNIFORM","18.0,20.0,22.0,25.0,28.0,30.0,35.0,40.0,50.0","SYNTHETIC_ASSUMED","F",2.833939437404592,"TESTER_A",20260115,"temporal_parametric_v1.0.0","DTL_TEMPORAL_PARAMETRIC_V1","DTL_TEMPORAL_ACTUAL_DIE_V1","DTL_TEMPORAL_POPULATION_V1"
"2026-01","January 2026",1,"DTL_EDGE_001","DTL_EDGE_001_D001","die_001",1,"EDGE","COND_RT_NOM",25,1,"NOMINAL","T_VMIN","VMIN",0.922006111626774,"V","UPPER",0.85,"NOT_DEFINED",0.75,1,"NOT_UNIFORM","0.75,0.78,0.8,0.82,0.85,0.88,0.9,0.92,0.95,1.0","SYNTHETIC_ASSUMED","F",2.833939437404592,"TESTER_A",20260115,"temporal_parametric_v1.0.0","DTL_TEMPORAL_PARAMETRIC_V1","DTL_TEMPORAL_ACTUAL_DIE_V1","DTL_TEMPORAL_POPULATION_V1"
"2026-01","January 2026",1,"DTL_EDGE_001","DTL_EDGE_001_D001","die_001",1,"EDGE","COND_RT_NOM",25,1,"NOMINAL","T_VMAX","VMAX",1.088200316913555,"V","LOWER",1.15,"NOT_DEFINED",1.05,1.25,"NOT_UNIFORM","1.05,1.08,1.1,1.12,1.15,1.18,1.2,1.22,1.25","SYNTHETIC_ASSUMED","F",2.833939437404592,"TESTER_A",20260115,"temporal_parametric_v1.0.0","DTL_TEMPORAL_PARAMETRIC_V1","DTL_TEMPORAL_ACTUAL_DIE_V1","DTL_TEMPORAL_POPULATION_V1"
"2026-01","January 2026",1,"DTL_EDGE_001","DTL_EDGE_001_D001","die_001",1,"EDGE","COND_RT_NOM",25,1,"NOMINAL","T_IDDQ","IDDQ",58.56677685614802,"uA","UPPER",50,"NOT_DEFINED",30,100,"NOT_UNIFORM","30.0,35.0,40.0,45.0,50.0,55.0,60.0,70.0,80.0,100.0","SYNTHETIC_ASSUMED","F",2.833939437404592,"TESTER_A",20260115,"temporal_parametric_v1.0.0","DTL_TEMPORAL_PARAMETRIC_V1","DTL_TEMPORAL_ACTUAL_DIE_V1","DTL_TEMPORAL_POPULATION_V1"
"2026-01","January 2026",1,"DTL_EDGE_001","DTL_EDGE_001_D001","die_001",1,"EDGE","COND_RT_NOM",25,1,"NOMINAL","T_SUPPLY_CURRENT","SUPPLY_CURRENT",118.63659624258476,"mA","UPPER",120,"NOT_DEFINED",90,200,"NOT_UNIFORM","90.0,100.0,110.0,120.0,130.0,140.0,150.0,170.0,200.0","SYNTHETIC_ASSUMED","P",2.833939437404592,"TESTER_A",20260115,"temporal_parametric_v1.0.0","DTL_TEMPORAL_PARAMETRIC_V1","DTL_TEMPORAL_ACTUAL_DIE_V1","DTL_TEMPORAL_POPULATION_V1"
"2026-01","January 2026",1,"DTL_EDGE_001","DTL_EDGE_001_D001","die_001",1,"EDGE","COND_HOT_NOM",85,1,"HOT","T_CONTACT_R","CONTACT_RESISTANCE",5.394558362160407,"ohm","UPPER",5,"NOT_DEFINED",3.5,10,"NOT_UNIFORM","3.5,4.0,4.5,5.0,5.5,6.0,7.0,8.0,10.0","SYNTHETIC_ASSUMED","F",2.833939437404592,"TESTER_A",20260115,"temporal_parametric_v1.0.0","DTL_TEMPORAL_PARAMETRIC_V1","DTL_TEMPORAL_ACTUAL_DIE_V1","DTL_TEMPORAL_POPULATION_V1"
"2026-01","January 2026",1,"DTL_EDGE_001","DTL_EDGE_001_D001","die_001",1,"EDGE","COND_HOT_NOM",85,1,"HOT","T_INTERCONNECT_R","INTERCONNECT_RESISTANCE",16.75900453503752,"ohm","UPPER",15,"NOT_DEFINED",11,25,"NOT_UNIFORM","11.0,12.0,13.0,14.0,15.0,16.0,18.0,20.0,25.0","SYNTHETIC_ASSUMED","F",2.833939437404592,"TESTER_A",20260115,"temporal_parametric_v1.0.0","DTL_TEMPORAL_PARAMETRIC_V1","DTL_TEMPORAL_ACTUAL_DIE_V1","DTL_TEMPORAL_POPULATION_V1"
"2026-01","January 2026",1,"DTL_EDGE_001","DTL_EDGE_001_D001","die_001",1,"EDGE","COND_HOT_NOM",85,1,"HOT","T_ON_R","ON_RESISTANCE",27.75134548946568,"ohm","UPPER",25,"NOT_DEFINED",18,50,"NOT_UNIFORM","18.0,20.0,22.0,25.0,28.0,30.0,35.0,40.0,50.0","SYNTHETIC_ASSUMED","F",2.833939437404592,"TESTER_A",20260115,"temporal_parametric_v1.0.0","DTL_TEMPORAL_PARAMETRIC_V1","DTL_TEMPORAL_ACTUAL_DIE_V1","DTL_TEMPORAL_POPULATION_V1"
"2026-01","January 2026",1,"DTL_EDGE_001","DTL_EDGE_001_D001","die_001",1,"EDGE","COND_HOT_NOM",85,1,"HOT","T_VMIN","VMIN",0.9018878038027234,"V","UPPER",0.85,"NOT_DEFINED",0.75,1,"NOT_UNIFORM","0.75,0.78,0.8,0.82,0.85,0.88,0.9,0.92,0.95,1.0","SYNTHETIC_ASSUMED","F",2.833939437404592,"TESTER_A",20260115,"temporal_parametric_v1.0.0","DTL_TEMPORAL_PARAMETRIC_V1","DTL_TEMPORAL_ACTUAL_DIE_V1","DTL_TEMPORAL_POPULATION_V1"
"2026-01","January 2026",1,"DTL_EDGE_001","DTL_EDGE_001_D001","die_001",1,"EDGE","COND_HOT_NOM",85,1,"HOT","T_VMAX","VMAX",1.0824987844109624,"V","LOWER",1.15,"NOT_DEFINED",1.05,1.25,"NOT_UNIFORM","1.05,1.08,1.1,1.12,1.15,1.18,1.2,1.22,1.25","SYNTHETIC_ASSUMED","F",2.833939437404592,"TESTER_A",20260115,"temporal_parametric_v1.0.0","DTL_TEMPORAL_PARAMETRIC_V1","DTL_TEMPORAL_ACTUAL_DIE_V1","DTL_TEMPORAL_POPULATION_V1"
"2026-01","January 2026",1,"DTL_EDGE_001","DTL_EDGE_001_D001","die_001",1,"EDGE","COND_HOT_NOM",85,1,"HOT","T_IDDQ","IDDQ",64.72926494114829,"uA","UPPER",50,"NOT_DEFINED",30,100,"NOT_UNIFORM","30.0,35.0,40.0,45.0,50.0,55.0,60.0,70.0,80.0,100.0","SYNTHETIC_ASSUMED","F",2.833939437404592,"TESTER_A",20260115,"temporal_parametric_v1.0.0","DTL_TEMPORAL_PARAMETRIC_V1","DTL_TEMPORAL_ACTUAL_DIE_V1","DTL_TEMPORAL_POPULATION_V1"
"2026-01","January 2026",1,"DTL_EDGE_001","DTL_EDGE_001_D001","die_001",1,"EDGE","COND_HOT_NOM",85,1,"HOT","T_SUPPLY_CURRENT","SUPPLY_CURRENT",123.65072433431256,"mA","UPPER",120,"NOT_DEFINED",90,200,"NOT_UNIFORM","90.0,100.0,110.0,120.0,130.0,140.0,150.0,170.0,200.0","SYNTHETIC_ASSUMED","F",2.833939437404592,"TESTER_A",20260115,"temporal_parametric_v1.0.0","DTL_TEMPORAL_PARAMETRIC_V1","DTL_TEMPORAL_ACTUAL_DIE_V1","DTL_TEMPORAL_POPULATION_V1"
"2026-01","January 2026",1,"DTL_EDGE_001","DTL_EDGE_001_D001","die_001",1,"EDGE","COND_RT_LOWV",25,0.9,"LOW_VDD","T_CONTACT_R","CONTACT_RESISTANCE",6.187050551228017,"ohm","UPPER",5,"NOT_DEFINED",3.5,10,"NOT_UNIFORM","3.5,4.0,4.5,5.0,5.5,6.0,7.0,8.0,10.0","SYNTHETIC_ASSUMED","F",2.833939437404592,"TESTER_A",20260115,"temporal_parametric_v1.0.0","DTL_TEMPORAL_PARAMETRIC_V1","DTL_TEMPORAL_ACTUAL_DIE_V1","DTL_TEMPORAL_POPULATION_V1"
"2026-01","January 2026",1,"DTL_EDGE_001","DTL_EDGE_001_D001","die_001",1,"EDGE","COND_RT_LOWV",25,0.9,"LOW_VDD","T_INTERCONNECT_R","INTERCONNECT_RESISTANCE",16.70831210148925,"ohm","UPPER",15,"NOT_DEFINED",11,25,"NOT_UNIFORM","11.0,12.0,13.0,14.0,15.0,16.0,18.0,20.0,25.0","SYNTHETIC_ASSUMED","F",2.833939437404592,"TESTER_A",20260115,"temporal_parametric_v1.0.0","DTL_TEMPORAL_PARAMETRIC_V1","DTL_TEMPORAL_ACTUAL_DIE_V1","DTL_TEMPORAL_POPULATION_V1"
"2026-01","January 2026",1,"DTL_EDGE_001","DTL_EDGE_001_D001","die_001",1,"EDGE","COND_RT_LOWV",25,0.9,"LOW_VDD","T_ON_R","ON_RESISTANCE",27.03596618377006,"ohm","UPPER",25,"NOT_DEFINED",18,50,"NOT_UNIFORM","18.0,20.0,22.0,25.0,28.0,30.0,35.0,40.0,50.0","SYNTHETIC_ASSUMED","F",2.833939437404592,"TESTER_A",20260115,"temporal_parametric_v1.0.0","DTL_TEMPORAL_PARAMETRIC_V1","DTL_TEMPORAL_ACTUAL_DIE_V1","DTL_TEMPORAL_POPULATION_V1"
"2026-01","January 2026",1,"DTL_EDGE_001","DTL_EDGE_001_D001","die_001",1,"EDGE","COND_RT_LOWV",25,0.9,"LOW_VDD","T_VMIN","VMIN",0.9780086340321016,"V","UPPER",0.85,"NOT_DEFINED",0.75,1,"NOT_UNIFORM","0.75,0.78,0.8,0.82,0.85,0.88,0.9,0.92,0.95,1.0","SYNTHETIC_ASSUMED","F",2.833939437404592,"TESTER_A",20260115,"temporal_parametric_v1.0.0","DTL_TEMPORAL_PARAMETRIC_V1","DTL_TEMPORAL_ACTUAL_DIE_V1","DTL_TEMPORAL_POPULATION_V1"
"2026-01","January 2026",1,"DTL_EDGE_001","DTL_EDGE_001_D001","die_001",1,"EDGE","COND_RT_LOWV",25,0.9,"LOW_VDD","T_VMAX","VMAX",1.0774290608096833,"V","LOWER",1.15,"NOT_DEFINED",1.05,1.25,"NOT_UNIFORM","1.05,1.08,1.1,1.12,1.15,1.18,1.2,1.22,1.25","SYNTHETIC_ASSUMED","F",2.833939437404592,"TESTER_A",20260115,"temporal_parametric_v1.0.0","DTL_TEMPORAL_PARAMETRIC_V1","DTL_TEMPORAL_ACTUAL_DIE_V1","DTL_TEMPORAL_POPULATION_V1"
"2026-01","January 2026",1,"DTL_EDGE_001","DTL_EDGE_001_D001","die_001",1,"EDGE","COND_RT_LOWV",25,0.9,"LOW_VDD","T_IDDQ","IDDQ",52.86719847003144,"uA","UPPER",50,"NOT_DEFINED",30,100,"NOT_UNIFORM","30.0,35.0,40.0,45.0,50.0,55.0,60.0,70.0,80.0,100.0","SYNTHETIC_ASSUMED","F",2.833939437404592,"TESTER_A",20260115,"temporal_parametric_v1.0.0","DTL_TEMPORAL_PARAMETRIC_V1","DTL_TEMPORAL_ACTUAL_DIE_V1","DTL_TEMPORAL_POPULATION_V1"
"2026-01","January 2026",1,"DTL_EDGE_001","DTL_EDGE_001_D001","die_001",1,"EDGE","COND_RT_LOWV",25,0.9,"LOW_VDD","T_SUPPLY_CURRENT","SUPPLY_CURRENT",113.37064307233165,"mA","UPPER",120,"NOT_DEFINED",90,200,"NOT_UNIFORM","90.0,100.0,110.0,120.0,130.0,140.0,150.0,170.0,200.0","SYNTHETIC_ASSUMED","P",2.833939437404592,"TESTER_A",20260115,"temporal_parametric_v1.0.0","DTL_TEMPORAL_PARAMETRIC_V1","DTL_TEMPORAL_ACTUAL_DIE_V1","DTL_TEMPORAL_POPULATION_V1"
"2026-01","January 2026",1,"DTL_EDGE_001","DTL_EDGE_001_D001","die_001",1,"EDGE","COND_HOT_HIGHV",85,1.1,"HIGH_VDD","T_CONTACT_R","CONTACT_RESISTANCE",5.477567076360091,"ohm","UPPER",5,"NOT_DEFINED",3.5,10,"NOT_UNIFORM","3.5,4.0,4.5,5.0,5.5,6.0,7.0,8.0,10.0","SYNTHETIC_ASSUMED","F",2.833939437404592,"TESTER_A",20260115,"temporal_parametric_v1.0.0","DTL_TEMPORAL_PARAMETRIC_V1","DTL_TEMPORAL_ACTUAL_DIE_V1","DTL_TEMPORAL_POPULATION_V1"
"2026-01","January 2026",1,"DTL_EDGE_001","DTL_EDGE_001_D001","die_001",1,"EDGE","COND_HOT_HIGHV",85,1.1,"HIGH_VDD","T_INTERCONNECT_R","INTERCONNECT_RESISTANCE",15.667509659971564,"ohm","UPPER",15,"NOT_DEFINED",11,25,"NOT_UNIFORM","11.0,12.0,13.0,14.0,15.0,16.0,18.0,20.0,25.0","SYNTHETIC_ASSUMED","F",2.833939437404592,"TESTER_A",20260115,"temporal_parametric_v1.0.0","DTL_TEMPORAL_PARAMETRIC_V1","DTL_TEMPORAL_ACTUAL_DIE_V1","DTL_TEMPORAL_POPULATION_V1"
"2026-01","January 2026",1,"DTL_EDGE_001","DTL_EDGE_001_D001","die_001",1,"EDGE","COND_HOT_HIGHV",85,1.1,"HIGH_VDD","T_ON_R","ON_RESISTANCE",29.14492488931375,"ohm","UPPER",25,"NOT_DEFINED",18,50,"NOT_UNIFORM","18.0,20.0,22.0,25.0,28.0,30.0,35.0,40.0,50.0","SYNTHETIC_ASSUMED","F",2.833939437404592,"TESTER_A",20260115,"temporal_parametric_v1.0.0","DTL_TEMPORAL_PARAMETRIC_V1","DTL_TEMPORAL_ACTUAL_DIE_V1","DTL_TEMPORAL_POPULATION_V1"
"2026-01","January 2026",1,"DTL_EDGE_001","DTL_EDGE_001_D001","die_001",1,"EDGE","COND_HOT_HIGHV",85,1.1,"HIGH_VDD","T_VMIN","VMIN",0.9104891278881724,"V","UPPER",0.85,"NOT_DEFINED",0.75,1,"NOT_UNIFORM","0.75,0.78,0.8,0.82,0.85,0.88,0.9,0.92,0.95,1.0","SYNTHETIC_ASSUMED","F",2.833939437404592,"TESTER_A",20260115,"temporal_parametric_v1.0.0","DTL_TEMPORAL_PARAMETRIC_V1","DTL_TEMPORAL_ACTUAL_DIE_V1","DTL_TEMPORAL_POPULATION_V1"
"2026-01","January 2026",1,"DTL_EDGE_001","DTL_EDGE_001_D001","die_001",1,"EDGE","COND_HOT_HIGHV",85,1.1,"HIGH_VDD","T_VMAX","VMAX",1.111421834128315,"V","LOWER",1.15,"NOT_DEFINED",1.05,1.25,"NOT_UNIFORM","1.05,1.08,1.1,1.12,1.15,1.18,1.2,1.22,1.25","SYNTHETIC_ASSUMED","F",2.833939437404592,"TESTER_A",20260115,"temporal_parametric_v1.0.0","DTL_TEMPORAL_PARAMETRIC_V1","DTL_TEMPORAL_ACTUAL_DIE_V1","DTL_TEMPORAL_POPULATION_V1"
"2026-01","January 2026",1,"DTL_EDGE_001","DTL_EDGE_001_D001","die_001",1,"EDGE","COND_HOT_HIGHV",85,1.1,"HIGH_VDD","T_IDDQ","IDDQ",65.42895097699656,"uA","UPPER",50,"NOT_DEFINED",30,100,"NOT_UNIFORM","30.0,35.0,40.0,45.0,50.0,55.0,60.0,70.0,80.0,100.0","SYNTHETIC_ASSUMED","F",2.833939437404592,"TESTER_A",20260115,"temporal_parametric_v1.0.0","DTL_TEMPORAL_PARAMETRIC_V1","DTL_TEMPORAL_ACTUAL_DIE_V1","DTL_TEMPORAL_POPULATION_V1"
"2026-01","January 2026",1,"DTL_EDGE_001","DTL_EDGE_001_D001","die_001",1,"EDGE","COND_HOT_HIGHV",85,1.1,"HIGH_VDD","T_SUPPLY_CURRENT","SUPPLY_CURRENT",135.02636685334275,"mA","UPPER",120,"NOT_DEFINED",90,200,"NOT_UNIFORM","90.0,100.0,110.0,120.0,130.0,140.0,150.0,170.0,200.0","SYNTHETIC_ASSUMED","F",2.833939437404592,"TESTER_A",20260115,"temporal_parametric_v1.0.0","DTL_TEMPORAL_PARAMETRIC_V1","DTL_TEMPORAL_ACTUAL_DIE_V1","DTL_TEMPORAL_POPULATION_V1"
"2026-01","January 2026",1,"DTL_EDGE_001","DTL_EDGE_001_D002","die_002",2,"EDGE","COND_RT_NOM",25,1,"NOMINAL","T_CONTACT_R","CONTACT_RESISTANCE",4.954074548557606,"ohm","UPPER",5,"NOT_DEFINED",3.5,10,"NOT_UNIFORM","3.5,4.0,4.5,5.0,5.5,6.0,7.0,8.0,10.0","SYNTHETIC_ASSUMED","P",2.5675089190184046,"TESTER_A",20260115,"temporal_parametric_v1.0.0","DTL_TEMPORAL_PARAMETRIC_V1","DTL_TEMPORAL_ACTUAL_DIE_V1","DTL_TEMPORAL_POPULATION_V1"
"2026-01","January 2026",1,"DTL_EDGE_001","DTL_EDGE_001_D002","die_002",2,"EDGE","COND_RT_NOM",25,1,"NOMINAL","T_INTERCONNECT_R","INTERCONNECT_RESISTANCE",16.475197779398815,"ohm","UPPER",15,"NOT_DEFINED",11,25,"NOT_UNIFORM","11.0,12.0,13.0,14.0,15.0,16.0,18.0,20.0,25.0","SYNTHETIC_ASSUMED","F",2.5675089190184046,"TESTER_A",20260115,"temporal_parametric_v1.0.0","DTL_TEMPORAL_PARAMETRIC_V1","DTL_TEMPORAL_ACTUAL_DIE_V1","DTL_TEMPORAL_POPULATION_V1"
"2026-01","January 2026",1,"DTL_EDGE_001","DTL_EDGE_001_D002","die_002",2,"EDGE","COND_RT_NOM",25,1,"NOMINAL","T_ON_R","ON_RESISTANCE",27.220682139114142,"ohm","UPPER",25,"NOT_DEFINED",18,50,"NOT_UNIFORM","18.0,20.0,22.0,25.0,28.0,30.0,35.0,40.0,50.0","SYNTHETIC_ASSUMED","F",2.5675089190184046,"TESTER_A",20260115,"temporal_parametric_v1.0.0","DTL_TEMPORAL_PARAMETRIC_V1","DTL_TEMPORAL_ACTUAL_DIE_V1","DTL_TEMPORAL_POPULATION_V1"
"2026-01","January 2026",1,"DTL_EDGE_001","DTL_EDGE_001_D002","die_002",2,"EDGE","COND_RT_NOM",25,1,"NOMINAL","T_VMIN","VMIN",0.9582642181617724,"V","UPPER",0.85,"NOT_DEFINED",0.75,1,"NOT_UNIFORM","0.75,0.78,0.8,0.82,0.85,0.88,0.9,0.92,0.95,1.0","SYNTHETIC_ASSUMED","F",2.5675089190184046,"TESTER_A",20260115,"temporal_parametric_v1.0.0","DTL_TEMPORAL_PARAMETRIC_V1","DTL_TEMPORAL_ACTUAL_DIE_V1","DTL_TEMPORAL_POPULATION_V1"
"2026-01","January 2026",1,"DTL_EDGE_001","DTL_EDGE_001_D002","die_002",2,"EDGE","COND_RT_NOM",25,1,"NOMINAL","T_VMAX","VMAX",1.132553270963779,"V","LOWER",1.15,"NOT_DEFINED",1.05,1.25,"NOT_UNIFORM","1.05,1.08,1.1,1.12,1.15,1.18,1.2,1.22,1.25","SYNTHETIC_ASSUMED","F",2.5675089190184046,"TESTER_A",20260115,"temporal_parametric_v1.0.0","DTL_TEMPORAL_PARAMETRIC_V1","DTL_TEMPORAL_ACTUAL_DIE_V1","DTL_TEMPORAL_POPULATION_V1"
"2026-01","January 2026",1,"DTL_EDGE_001","DTL_EDGE_001_D002","die_002",2,"EDGE","COND_RT_NOM",25,1,"NOMINAL","T_IDDQ","IDDQ",58.90210838851037,"uA","UPPER",50,"NOT_DEFINED",30,100,"NOT_UNIFORM","30.0,35.0,40.0,45.0,50.0,55.0,60.0,70.0,80.0,100.0","SYNTHETIC_ASSUMED","F",2.5675089190184046,"TESTER_A",20260115,"temporal_parametric_v1.0.0","DTL_TEMPORAL_PARAMETRIC_V1","DTL_TEMPORAL_ACTUAL_DIE_V1","DTL_TEMPORAL_POPULATION_V1"
"2026-01","January 2026",1,"DTL_EDGE_001","DTL_EDGE_001_D002","die_002",2,"EDGE","COND_RT_NOM",25,1,"NOMINAL","T_SUPPLY_CURRENT","SUPPLY_CURRENT",118.17425104599504,"mA","UPPER",120,"NOT_DEFINED",90,200,"NOT_UNIFORM","90.0,100.0,110.0,120.0,130.0,140.0,150.0,170.0,200.0","SYNTHETIC_ASSUMED","P",2.5675089190184046,"TESTER_A",20260115,"temporal_parametric_v1.0.0","DTL_TEMPORAL_PARAMETRIC_V1","DTL_TEMPORAL_ACTUAL_DIE_V1","DTL_TEMPORAL_POPULATION_V1"
"2026-01","January 2026",1,"DTL_EDGE_001","DTL_EDGE_001_D002","die_002",2,"EDGE","COND_HOT_NOM",85,1,"HOT","T_CONTACT_R","CONTACT_RESISTANCE",6.278238799705286,"ohm","UPPER",5,"NOT_DEFINED",3.5,10,"NOT_UNIFORM","3.5,4.0,4.5,5.0,5.5,6.0,7.0,8.0,10.0","SYNTHETIC_ASSUMED","F",2.5675089190184046,"TESTER_A",20260115,"temporal_parametric_v1.0.0","DTL_TEMPORAL_PARAMETRIC_V1","DTL_TEMPORAL_ACTUAL_DIE_V1","DTL_TEMPORAL_POPULATION_V1"
"2026-01","January 2026",1,"DTL_EDGE_001","DTL_EDGE_001_D002","die_002",2,"EDGE","COND_HOT_NOM",85,1,"HOT","T_INTERCONNECT_R","INTERCONNECT_RESISTANCE",15.26455630709643,"ohm","UPPER",15,"NOT_DEFINED",11,25,"NOT_UNIFORM","11.0,12.0,13.0,14.0,15.0,16.0,18.0,20.0,25.0","SYNTHETIC_ASSUMED","F",2.5675089190184046,"TESTER_A",20260115,"temporal_parametric_v1.0.0","DTL_TEMPORAL_PARAMETRIC_V1","DTL_TEMPORAL_ACTUAL_DIE_V1","DTL_TEMPORAL_POPULATION_V1"
"2026-01","January 2026",1,"DTL_EDGE_001","DTL_EDGE_001_D002","die_002",2,"EDGE","COND_HOT_NOM",85,1,"HOT","T_ON_R","ON_RESISTANCE",25.821618488837085,"ohm","UPPER",25,"NOT_DEFINED",18,50,"NOT_UNIFORM","18.0,20.0,22.0,25.0,28.0,30.0,35.0,40.0,50.0","SYNTHETIC_ASSUMED","F",2.5675089190184046,"TESTER_A",20260115,"temporal_parametric_v1.0.0","DTL_TEMPORAL_PARAMETRIC_V1","DTL_TEMPORAL_ACTUAL_DIE_V1","DTL_TEMPORAL_POPULATION_V1"
"2026-01","January 2026",1,"DTL_EDGE_001","DTL_EDGE_001_D002","die_002",2,"EDGE","COND_HOT_NOM",85,1,"HOT","T_VMIN","VMIN",0.942072775475612,"V","UPPER",0.85,"NOT_DEFINED",0.75,1,"NOT_UNIFORM","0.75,0.78,0.8,0.82,0.85,0.88,0.9,0.92,0.95,1.0","SYNTHETIC_ASSUMED","F",2.5675089190184046,"TESTER_A",20260115,"temporal_parametric_v1.0.0","DTL_TEMPORAL_PARAMETRIC_V1","DTL_TEMPORAL_ACTUAL_DIE_V1","DTL_TEMPORAL_POPULATION_V1"
"2026-01","January 2026",1,"DTL_EDGE_001","DTL_EDGE_001_D002","die_002",2,"EDGE","COND_HOT_NOM",85,1,"HOT","T_VMAX","VMAX",1.1616830302492844,"V","LOWER",1.15,"NOT_DEFINED",1.05,1.25,"NOT_UNIFORM","1.05,1.08,1.1,1.12,1.15,1.18,1.2,1.22,1.25","SYNTHETIC_ASSUMED","P",2.5675089190184046,"TESTER_A",20260115,"temporal_parametric_v1.0.0","DTL_TEMPORAL_PARAMETRIC_V1","DTL_TEMPORAL_ACTUAL_DIE_V1","DTL_TEMPORAL_POPULATION_V1"
"2026-01","January 2026",1,"DTL_EDGE_001","DTL_EDGE_001_D002","die_002",2,"EDGE","COND_HOT_NOM",85,1,"HOT","T_IDDQ","IDDQ",70.93314783097371,"uA","UPPER",50,"NOT_DEFINED",30,100,"NOT_UNIFORM","30.0,35.0,40.0,45.0,50.0,55.0,60.0,70.0,80.0,100.0","SYNTHETIC_ASSUMED","F",2.5675089190184046,"TESTER_A",20260115,"temporal_parametric_v1.0.0","DTL_TEMPORAL_PARAMETRIC_V1","DTL_TEMPORAL_ACTUAL_DIE_V1","DTL_TEMPORAL_POPULATION_V1"
"2026-01","January 2026",1,"DTL_EDGE_001","DTL_EDGE_001_D002","die_002",2,"EDGE","COND_HOT_NOM",85,1,"HOT","T_SUPPLY_CURRENT","SUPPLY_CURRENT",125.9519421074428,"mA","UPPER",120,"NOT_DEFINED",90,200,"NOT_UNIFORM","90.0,100.0,110.0,120.0,130.0,140.0,150.0,170.0,200.0","SYNTHETIC_ASSUMED","F",2.5675089190184046,"TESTER_A",20260115,"temporal_parametric_v1.0.0","DTL_TEMPORAL_PARAMETRIC_V1","DTL_TEMPORAL_ACTUAL_DIE_V1","DTL_TEMPORAL_POPULATION_V1"
"2026-01","January 2026",1,"DTL_EDGE_001","DTL_EDGE_001_D002","die_002",2,"EDGE","COND_RT_LOWV",25,0.9,"LOW_VDD","T_CONTACT_R","CONTACT_RESISTANCE",5.130370082089756,"ohm","UPPER",5,"NOT_DEFINED",3.5,10,"NOT_UNIFORM","3.5,4.0,4.5,5.0,5.5,6.0,7.0,8.0,10.0","SYNTHETIC_ASSUMED","F",2.5675089190184046,"TESTER_A",20260115,"temporal_parametric_v1.0.0","DTL_TEMPORAL_PARAMETRIC_V1","DTL_TEMPORAL_ACTUAL_DIE_V1","DTL_TEMPORAL_POPULATION_V1"
"2026-01","January 2026",1,"DTL_EDGE_001","DTL_EDGE_001_D002","die_002",2,"EDGE","COND_RT_LOWV",25,0.9,"LOW_VDD","T_INTERCONNECT_R","INTERCONNECT_RESISTANCE",14.110181001826115,"ohm","UPPER",15,"NOT_DEFINED",11,25,"NOT_UNIFORM","11.0,12.0,13.0,14.0,15.0,16.0,18.0,20.0,25.0","SYNTHETIC_ASSUMED","P",2.5675089190184046,"TESTER_A",20260115,"temporal_parametric_v1.0.0","DTL_TEMPORAL_PARAMETRIC_V1","DTL_TEMPORAL_ACTUAL_DIE_V1","DTL_TEMPORAL_POPULATION_V1"
"2026-01","January 2026",1,"DTL_EDGE_001","DTL_EDGE_001_D002","die_002",2,"EDGE","COND_RT_LOWV",25,0.9,"LOW_VDD","T_ON_R","ON_RESISTANCE",24.79258538748912,"ohm","UPPER",25,"NOT_DEFINED",18,50,"NOT_UNIFORM","18.0,20.0,22.0,25.0,28.0,30.0,35.0,40.0,50.0","SYNTHETIC_ASSUMED","P",2.5675089190184046,"TESTER_A",20260115,"temporal_parametric_v1.0.0","DTL_TEMPORAL_PARAMETRIC_V1","DTL_TEMPORAL_ACTUAL_DIE_V1","DTL_TEMPORAL_POPULATION_V1"
"2026-01","January 2026",1,"DTL_EDGE_001","DTL_EDGE_001_D002","die_002",2,"EDGE","COND_RT_LOWV",25,0.9,"LOW_VDD","T_VMIN","VMIN",0.8576715791725169,"V","UPPER",0.85,"NOT_DEFINED",0.75,1,"NOT_UNIFORM","0.75,0.78,0.8,0.82,0.85,0.88,0.9,0.92,0.95,1.0","SYNTHETIC_ASSUMED","F",2.5675089190184046,"TESTER_A",20260115,"temporal_parametric_v1.0.0","DTL_TEMPORAL_PARAMETRIC_V1","DTL_TEMPORAL_ACTUAL_DIE_V1","DTL_TEMPORAL_POPULATION_V1"
"2026-01","January 2026",1,"DTL_EDGE_001","DTL_EDGE_001_D002","die_002",2,"EDGE","COND_RT_LOWV",25,0.9,"LOW_VDD","T_VMAX","VMAX",1.0897390627103782,"V","LOWER",1.15,"NOT_DEFINED",1.05,1.25,"NOT_UNIFORM","1.05,1.08,1.1,1.12,1.15,1.18,1.2,1.22,1.25","SYNTHETIC_ASSUMED","F",2.5675089190184046,"TESTER_A",20260115,"temporal_parametric_v1.0.0","DTL_TEMPORAL_PARAMETRIC_V1","DTL_TEMPORAL_ACTUAL_DIE_V1","DTL_TEMPORAL_POPULATION_V1"
"2026-01","January 2026",1,"DTL_EDGE_001","DTL_EDGE_001_D002","die_002",2,"EDGE","COND_RT_LOWV",25,0.9,"LOW_VDD","T_IDDQ","IDDQ",52.97589803323266,"uA","UPPER",50,"NOT_DEFINED",30,100,"NOT_UNIFORM","30.0,35.0,40.0,45.0,50.0,55.0,60.0,70.0,80.0,100.0","SYNTHETIC_ASSUMED","F",2.5675089190184046,"TESTER_A",20260115,"temporal_parametric_v1.0.0","DTL_TEMPORAL_PARAMETRIC_V1","DTL_TEMPORAL_ACTUAL_DIE_V1","DTL_TEMPORAL_POPULATION_V1"
"2026-01","January 2026",1,"DTL_EDGE_001","DTL_EDGE_001_D002","die_002",2,"EDGE","COND_RT_LOWV",25,0.9,"LOW_VDD","T_SUPPLY_CURRENT","SUPPLY_CURRENT",115.3608404905009,"mA","UPPER",120,"NOT_DEFINED",90,200,"NOT_UNIFORM","90.0,100.0,110.0,120.0,130.0,140.0,150.0,170.0,200.0","SYNTHETIC_ASSUMED","P",2.5675089190184046,"TESTER_A",20260115,"temporal_parametric_v1.0.0","DTL_TEMPORAL_PARAMETRIC_V1","DTL_TEMPORAL_ACTUAL_DIE_V1","DTL_TEMPORAL_POPULATION_V1"
"2026-01","January 2026",1,"DTL_EDGE_001","DTL_EDGE_001_D002","die_002",2,"EDGE","COND_HOT_HIGHV",85,1.1,"HIGH_VDD","T_CONTACT_R","CONTACT_RESISTANCE",5.562905558068974,"ohm","UPPER",5,"NOT_DEFINED",3.5,10,"NOT_UNIFORM","3.5,4.0,4.5,5.0,5.5,6.0,7.0,8.0,10.0","SYNTHETIC_ASSUMED","F",2.5675089190184046,"TESTER_A",20260115,"temporal_parametric_v1.0.0","DTL_TEMPORAL_PARAMETRIC_V1","DTL_TEMPORAL_ACTUAL_DIE_V1","DTL_TEMPORAL_POPULATION_V1"
"2026-01","January 2026",1,"DTL_EDGE_001","DTL_EDGE_001_D002","die_002",2,"EDGE","COND_HOT_HIGHV",85,1.1,"HIGH_VDD","T_INTERCONNECT_R","INTERCONNECT_RESISTANCE",16.866634524577304,"ohm","UPPER",15,"NOT_DEFINED",11,25,"NOT_UNIFORM","11.0,12.0,13.0,14.0,15.0,16.0,18.0,20.0,25.0","SYNTHETIC_ASSUMED","F",2.5675089190184046,"TESTER_A",20260115,"temporal_parametric_v1.0.0","DTL_TEMPORAL_PARAMETRIC_V1","DTL_TEMPORAL_ACTUAL_DIE_V1","DTL_TEMPORAL_POPULATION_V1"
"2026-01","January 2026",1,"DTL_EDGE_001","DTL_EDGE_001_D002","die_002",2,"EDGE","COND_HOT_HIGHV",85,1.1,"HIGH_VDD","T_ON_R","ON_RESISTANCE",24.89502674504169,"ohm","UPPER",25,"NOT_DEFINED",18,50,"NOT_UNIFORM","18.0,20.0,22.0,25.0,28.0,30.0,35.0,40.0,50.0","SYNTHETIC_ASSUMED","P",2.5675089190184046,"TESTER_A",20260115,"temporal_parametric_v1.0.0","DTL_TEMPORAL_PARAMETRIC_V1","DTL_TEMPORAL_ACTUAL_DIE_V1","DTL_TEMPORAL_POPULATION_V1"
"2026-01","January 2026",1,"DTL_EDGE_001","DTL_EDGE_001_D002","die_002",2,"EDGE","COND_HOT_HIGHV",85,1.1,"HIGH_VDD","T_VMIN","VMIN",0.9080214731668071,"V","UPPER",0.85,"NOT_DEFINED",0.75,1,"NOT_UNIFORM","0.75,0.78,0.8,0.82,0.85,0.88,0.9,0.92,0.95,1.0","SYNTHETIC_ASSUMED","F",2.5675089190184046,"TESTER_A",20260115,"temporal_parametric_v1.0.0","DTL_TEMPORAL_PARAMETRIC_V1","DTL_TEMPORAL_ACTUAL_DIE_V1","DTL_TEMPORAL_POPULATION_V1"
"2026-01","January 2026",1,"DTL_EDGE_001","DTL_EDGE_001_D002","die_002",2,"EDGE","COND_HOT_HIGHV",85,1.1,"HIGH_VDD","T_VMAX","VMAX",1.0563690011866516,"V","LOWER",1.15,"NOT_DEFINED",1.05,1.25,"NOT_UNIFORM","1.05,1.08,1.1,1.12,1.15,1.18,1.2,1.22,1.25","SYNTHETIC_ASSUMED","F",2.5675089190184046,"TESTER_A",20260115,"temporal_parametric_v1.0.0","DTL_TEMPORAL_PARAMETRIC_V1","DTL_TEMPORAL_ACTUAL_DIE_V1","DTL_TEMPORAL_POPULATION_V1"
"2026-01","January 2026",1,"DTL_EDGE_001","DTL_EDGE_001_D002","die_002",2,"EDGE","COND_HOT_HIGHV",85,1.1,"HIGH_VDD","T_IDDQ","IDDQ",56.9628056853232,"uA","UPPER",50,"NOT_DEFINED",30,100,"NOT_UNIFORM","30.0,35.0,40.0,45.0,50.0,55.0,60.0,70.0,80.0,100.0","SYNTHETIC_ASSUMED","F",2.5675089190184046,"TESTER_A",20260115,"temporal_parametric_v1.0.0","DTL_TEMPORAL_PARAMETRIC_V1","DTL_TEMPORAL_ACTUAL_DIE_V1","DTL_TEMPORAL_POPULATION_V1"
"2026-01","January 2026",1,"DTL_EDGE_001","DTL_EDGE_001_D002","die_002",2,"EDGE","COND_HOT_HIGHV",85,1.1,"HIGH_VDD","T_SUPPLY_CURRENT","SUPPLY_CURRENT",128.60993465014468,"mA","UPPER",120,"NOT_DEFINED",90,200,"NOT_UNIFORM","90.0,100.0,110.0,120.0,130.0,140.0,150.0,170.0,200.0","SYNTHETIC_ASSUMED","F",2.5675089190184046,"TESTER_A",20260115,"temporal_parametric_v1.0.0","DTL_TEMPORAL_PARAMETRIC_V1","DTL_TEMPORAL_ACTUAL_DIE_V1","DTL_TEMPORAL_POPULATION_V1"
"2026-01","January 2026",1,"DTL_EDGE_001","DTL_EDGE_001_D003","die_003",3,"EDGE","COND_RT_NOM",25,1,"NOMINAL","T_CONTACT_R","CONTACT_RESISTANCE",7.132677342271492,"ohm","UPPER",5,"NOT_DEFINED",3.5,10,"NOT_UNIFORM","3.5,4.0,4.5,5.0,5.5,6.0,7.0,8.0,10.0","SYNTHETIC_ASSUMED","F",4.068874581461,"TESTER_A",20260115,"temporal_parametric_v1.0.0","DTL_TEMPORAL_PARAMETRIC_V1","DTL_TEMPORAL_ACTUAL_DIE_V1","DTL_TEMPORAL_POPULATION_V1"
"2026-01","January 2026",1,"DTL_EDGE_001","DTL_EDGE_001_D003","die_003",3,"EDGE","COND_RT_NOM",25,1,"NOMINAL","T_INTERCONNECT_R","INTERCONNECT_RESISTANCE",18.20205000367573,"ohm","UPPER",15,"NOT_DEFINED",11,25,"NOT_UNIFORM","11.0,12.0,13.0,14.0,15.0,16.0,18.0,20.0,25.0","SYNTHETIC_ASSUMED","F",4.068874581461,"TESTER_A",20260115,"temporal_parametric_v1.0.0","DTL_TEMPORAL_PARAMETRIC_V1","DTL_TEMPORAL_ACTUAL_DIE_V1","DTL_TEMPORAL_POPULATION_V1"
"2026-01","January 2026",1,"DTL_EDGE_001","DTL_EDGE_001_D003","die_003",3,"EDGE","COND_RT_NOM",25,1,"NOMINAL","T_ON_R","ON_RESISTANCE",30.7866156618593,"ohm","UPPER",25,"NOT_DEFINED",18,50,"NOT_UNIFORM","18.0,20.0,22.0,25.0,28.0,30.0,35.0,40.0,50.0","SYNTHETIC_ASSUMED","F",4.068874581461,"TESTER_A",20260115,"temporal_parametric_v1.0.0","DTL_TEMPORAL_PARAMETRIC_V1","DTL_TEMPORAL_ACTUAL_DIE_V1","DTL_TEMPORAL_POPULATION_V1"
"2026-01","January 2026",1,"DTL_EDGE_001","DTL_EDGE_001_D003","die_003",3,"EDGE","COND_RT_NOM",25,1,"NOMINAL","T_VMIN","VMIN",0.9552914749001996,"V","UPPER",0.85,"NOT_DEFINED",0.75,1,"NOT_UNIFORM","0.75,0.78,0.8,0.82,0.85,0.88,0.9,0.92,0.95,1.0","SYNTHETIC_ASSUMED","F",4.068874581461,"TESTER_A",20260115,"temporal_parametric_v1.0.0","DTL_TEMPORAL_PARAMETRIC_V1","DTL_TEMPORAL_ACTUAL_DIE_V1","DTL_TEMPORAL_POPULATION_V1"
"2026-01","January 2026",1,"DTL_EDGE_001","DTL_EDGE_001_D003","die_003",3,"EDGE","COND_RT_NOM",25,1,"NOMINAL","T_VMAX","VMAX",1.0033266920848474,"V","LOWER",1.15,"NOT_DEFINED",1.05,1.25,"NOT_UNIFORM","1.05,1.08,1.1,1.12,1.15,1.18,1.2,1.22,1.25","SYNTHETIC_ASSUMED","F",4.068874581461,"TESTER_A",20260115,"temporal_parametric_v1.0.0","DTL_TEMPORAL_PARAMETRIC_V1","DTL_TEMPORAL_ACTUAL_DIE_V1","DTL_TEMPORAL_POPULATION_V1"
"2026-01","January 2026",1,"DTL_EDGE_001","DTL_EDGE_001_D003","die_003",3,"EDGE","COND_RT_NOM",25,1,"NOMINAL","T_IDDQ","IDDQ",69.38937865459118,"uA","UPPER",50,"NOT_DEFINED",30,100,"NOT_UNIFORM","30.0,35.0,40.0,45.0,50.0,55.0,60.0,70.0,80.0,100.0","SYNTHETIC_ASSUMED","F",4.068874581461,"TESTER_A",20260115,"temporal_parametric_v1.0.0","DTL_TEMPORAL_PARAMETRIC_V1","DTL_TEMPORAL_ACTUAL_DIE_V1","DTL_TEMPORAL_POPULATION_V1"
"2026-01","January 2026",1,"DTL_EDGE_001","DTL_EDGE_001_D003","die_003",3,"EDGE","COND_RT_NOM",25,1,"NOMINAL","T_SUPPLY_CURRENT","SUPPLY_CURRENT",132.85493604318722,"mA","UPPER",120,"NOT_DEFINED",90,200,"NOT_UNIFORM","90.0,100.0,110.0,120.0,130.0,140.0,150.0,170.0,200.0","SYNTHETIC_ASSUMED","F",4.068874581461,"TESTER_A",20260115,"temporal_parametric_v1.0.0","DTL_TEMPORAL_PARAMETRIC_V1","DTL_TEMPORAL_ACTUAL_DIE_V1","DTL_TEMPORAL_POPULATION_V1"
"2026-01","January 2026",1,"DTL_EDGE_001","DTL_EDGE_001_D003","die_003",3,"EDGE","COND_HOT_NOM",85,1,"HOT","T_CONTACT_R","CONTACT_RESISTANCE",6.740451840116126,"ohm","UPPER",5,"NOT_DEFINED",3.5,10,"NOT_UNIFORM","3.5,4.0,4.5,5.0,5.5,6.0,7.0,8.0,10.0","SYNTHETIC_ASSUMED","F",4.068874581461,"TESTER_A",20260115,"temporal_parametric_v1.0.0","DTL_TEMPORAL_PARAMETRIC_V1","DTL_TEMPORAL_ACTUAL_DIE_V1","DTL_TEMPORAL_POPULATION_V1"
"2026-01","January 2026",1,"DTL_EDGE_001","DTL_EDGE_001_D003","die_003",3,"EDGE","COND_HOT_NOM",85,1,"HOT","T_INTERCONNECT_R","INTERCONNECT_RESISTANCE",20.42148096510674,"ohm","UPPER",15,"NOT_DEFINED",11,25,"NOT_UNIFORM","11.0,12.0,13.0,14.0,15.0,16.0,18.0,20.0,25.0","SYNTHETIC_ASSUMED","F",4.068874581461,"TESTER_A",20260115,"temporal_parametric_v1.0.0","DTL_TEMPORAL_PARAMETRIC_V1","DTL_TEMPORAL_ACTUAL_DIE_V1","DTL_TEMPORAL_POPULATION_V1"
"2026-01","January 2026",1,"DTL_EDGE_001","DTL_EDGE_001_D003","die_003",3,"EDGE","COND_HOT_NOM",85,1,"HOT","T_ON_R","ON_RESISTANCE",32.08084153371644,"ohm","UPPER",25,"NOT_DEFINED",18,50,"NOT_UNIFORM","18.0,20.0,22.0,25.0,28.0,30.0,35.0,40.0,50.0","SYNTHETIC_ASSUMED","F",4.068874581461,"TESTER_A",20260115,"temporal_parametric_v1.0.0","DTL_TEMPORAL_PARAMETRIC_V1","DTL_TEMPORAL_ACTUAL_DIE_V1","DTL_TEMPORAL_POPULATION_V1"
"2026-01","January 2026",1,"DTL_EDGE_001","DTL_EDGE_001_D003","die_003",3,"EDGE","COND_HOT_NOM",85,1,"HOT","T_VMIN","VMIN",1.009680320117487,"V","UPPER",0.85,"NOT_DEFINED",0.75,1,"NOT_UNIFORM","0.75,0.78,0.8,0.82,0.85,0.88,0.9,0.92,0.95,1.0","SYNTHETIC_ASSUMED","F",4.068874581461,"TESTER_A",20260115,"temporal_parametric_v1.0.0","DTL_TEMPORAL_PARAMETRIC_V1","DTL_TEMPORAL_ACTUAL_DIE_V1","DTL_TEMPORAL_POPULATION_V1"
"2026-01","January 2026",1,"DTL_EDGE_001","DTL_EDGE_001_D003","die_003",3,"EDGE","COND_HOT_NOM",85,1,"HOT","T_VMAX","VMAX",1.0337903751681978,"V","LOWER",1.15,"NOT_DEFINED",1.05,1.25,"NOT_UNIFORM","1.05,1.08,1.1,1.12,1.15,1.18,1.2,1.22,1.25","SYNTHETIC_ASSUMED","F",4.068874581461,"TESTER_A",20260115,"temporal_parametric_v1.0.0","DTL_TEMPORAL_PARAMETRIC_V1","DTL_TEMPORAL_ACTUAL_DIE_V1","DTL_TEMPORAL_POPULATION_V1"
"2026-01","January 2026",1,"DTL_EDGE_001","DTL_EDGE_001_D003","die_003",3,"EDGE","COND_HOT_NOM",85,1,"HOT","T_IDDQ","IDDQ",86.57427034641388,"uA","UPPER",50,"NOT_DEFINED",30,100,"NOT_UNIFORM","30.0,35.0,40.0,45.0,50.0,55.0,60.0,70.0,80.0,100.0","SYNTHETIC_ASSUMED","F",4.068874581461,"TESTER_A",20260115,"temporal_parametric_v1.0.0","DTL_TEMPORAL_PARAMETRIC_V1","DTL_TEMPORAL_ACTUAL_DIE_V1","DTL_TEMPORAL_POPULATION_V1"
"2026-01","January 2026",1,"DTL_EDGE_001","DTL_EDGE_001_D003","die_003",3,"EDGE","COND_HOT_NOM",85,1,"HOT","T_SUPPLY_CURRENT","SUPPLY_CURRENT",132.60469225352048,"mA","UPPER",120,"NOT_DEFINED",90,200,"NOT_UNIFORM","90.0,100.0,110.0,120.0,130.0,140.0,150.0,170.0,200.0","SYNTHETIC_ASSUMED","F",4.068874581461,"TESTER_A",20260115,"temporal_parametric_v1.0.0","DTL_TEMPORAL_PARAMETRIC_V1","DTL_TEMPORAL_ACTUAL_DIE_V1","DTL_TEMPORAL_POPULATION_V1"
"2026-01","January 2026",1,"DTL_EDGE_001","DTL_EDGE_001_D003","die_003",3,"EDGE","COND_RT_LOWV",25,0.9,"LOW_VDD","T_CONTACT_R","CONTACT_RESISTANCE",5.930562447488983,"ohm","UPPER",5,"NOT_DEFINED",3.5,10,"NOT_UNIFORM","3.5,4.0,4.5,5.0,5.5,6.0,7.0,8.0,10.0","SYNTHETIC_ASSUMED","F",4.068874581461,"TESTER_A",20260115,"temporal_parametric_v1.0.0","DTL_TEMPORAL_PARAMETRIC_V1","DTL_TEMPORAL_ACTUAL_DIE_V1","DTL_TEMPORAL_POPULATION_V1"
"2026-01","January 2026",1,"DTL_EDGE_001","DTL_EDGE_001_D003","die_003",3,"EDGE","COND_RT_LOWV",25,0.9,"LOW_VDD","T_INTERCONNECT_R","INTERCONNECT_RESISTANCE",19.26976298001534,"ohm","UPPER",15,"NOT_DEFINED",11,25,"NOT_UNIFORM","11.0,12.0,13.0,14.0,15.0,16.0,18.0,20.0,25.0","SYNTHETIC_ASSUMED","F",4.068874581461,"TESTER_A",20260115,"temporal_parametric_v1.0.0","DTL_TEMPORAL_PARAMETRIC_V1","DTL_TEMPORAL_ACTUAL_DIE_V1","DTL_TEMPORAL_POPULATION_V1"
"2026-01","January 2026",1,"DTL_EDGE_001","DTL_EDGE_001_D003","die_003",3,"EDGE","COND_RT_LOWV",25,0.9,"LOW_VDD","T_ON_R","ON_RESISTANCE",31.962039374052367,"ohm","UPPER",25,"NOT_DEFINED",18,50,"NOT_UNIFORM","18.0,20.0,22.0,25.0,28.0,30.0,35.0,40.0,50.0","SYNTHETIC_ASSUMED","F",4.068874581461,"TESTER_A",20260115,"temporal_parametric_v1.0.0","DTL_TEMPORAL_PARAMETRIC_V1","DTL_TEMPORAL_ACTUAL_DIE_V1","DTL_TEMPORAL_POPULATION_V1"
"2026-01","January 2026",1,"DTL_EDGE_001","DTL_EDGE_001_D003","die_003",3,"EDGE","COND_RT_LOWV",25,0.9,"LOW_VDD","T_VMIN","VMIN",1.032802576686653,"V","UPPER",0.85,"NOT_DEFINED",0.75,1,"NOT_UNIFORM","0.75,0.78,0.8,0.82,0.85,0.88,0.9,0.92,0.95,1.0","SYNTHETIC_ASSUMED","F",4.068874581461,"TESTER_A",20260115,"temporal_parametric_v1.0.0","DTL_TEMPORAL_PARAMETRIC_V1","DTL_TEMPORAL_ACTUAL_DIE_V1","DTL_TEMPORAL_POPULATION_V1"
"2026-01","January 2026",1,"DTL_EDGE_001","DTL_EDGE_001_D003","die_003",3,"EDGE","COND_RT_LOWV",25,0.9,"LOW_VDD","T_VMAX","VMAX",1.001998716398001,"V","LOWER",1.15,"NOT_DEFINED",1.05,1.25,"NOT_UNIFORM","1.05,1.08,1.1,1.12,1.15,1.18,1.2,1.22,1.25","SYNTHETIC_ASSUMED","F",4.068874581461,"TESTER_A",20260115,"temporal_parametric_v1.0.0","DTL_TEMPORAL_PARAMETRIC_V1","DTL_TEMPORAL_ACTUAL_DIE_V1","DTL_TEMPORAL_POPULATION_V1"
"2026-01","January 2026",1,"DTL_EDGE_001","DTL_EDGE_001_D003","die_003",3,"EDGE","COND_RT_LOWV",25,0.9,"LOW_VDD","T_IDDQ","IDDQ",75.4075481605472,"uA","UPPER",50,"NOT_DEFINED",30,100,"NOT_UNIFORM","30.0,35.0,40.0,45.0,50.0,55.0,60.0,70.0,80.0,100.0","SYNTHETIC_ASSUMED","F",4.068874581461,"TESTER_A",20260115,"temporal_parametric_v1.0.0","DTL_TEMPORAL_PARAMETRIC_V1","DTL_TEMPORAL_ACTUAL_DIE_V1","DTL_TEMPORAL_POPULATION_V1"
"2026-01","January 2026",1,"DTL_EDGE_001","DTL_EDGE_001_D003","die_003",3,"EDGE","COND_RT_LOWV",25,0.9,"LOW_VDD","T_SUPPLY_CURRENT","SUPPLY_CURRENT",117.45648194273905,"mA","UPPER",120,"NOT_DEFINED",90,200,"NOT_UNIFORM","90.0,100.0,110.0,120.0,130.0,140.0,150.0,170.0,200.0","SYNTHETIC_ASSUMED","P",4.068874581461,"TESTER_A",20260115,"temporal_parametric_v1.0.0","DTL_TEMPORAL_PARAMETRIC_V1","DTL_TEMPORAL_ACTUAL_DIE_V1","DTL_TEMPORAL_POPULATION_V1"
"2026-01","January 2026",1,"DTL_EDGE_001","DTL_EDGE_001_D003","die_003",3,"EDGE","COND_HOT_HIGHV",85,1.1,"HIGH_VDD","T_CONTACT_R","CONTACT_RESISTANCE",6.3401487327350665,"ohm","UPPER",5,"NOT_DEFINED",3.5,10,"NOT_UNIFORM","3.5,4.0,4.5,5.0,5.5,6.0,7.0,8.0,10.0","SYNTHETIC_ASSUMED","F",4.068874581461,"TESTER_A",20260115,"temporal_parametric_v1.0.0","DTL_TEMPORAL_PARAMETRIC_V1","DTL_TEMPORAL_ACTUAL_DIE_V1","DTL_TEMPORAL_POPULATION_V1"
"2026-01","January 2026",1,"DTL_EDGE_001","DTL_EDGE_001_D003","die_003",3,"EDGE","COND_HOT_HIGHV",85,1.1,"HIGH_VDD","T_INTERCONNECT_R","INTERCONNECT_RESISTANCE",20.349654001273745,"ohm","UPPER",15,"NOT_DEFINED",11,25,"NOT_UNIFORM","11.0,12.0,13.0,14.0,15.0,16.0,18.0,20.0,25.0","SYNTHETIC_ASSUMED","F",4.068874581461,"TESTER_A",20260115,"temporal_parametric_v1.0.0","DTL_TEMPORAL_PARAMETRIC_V1","DTL_TEMPORAL_ACTUAL_DIE_V1","DTL_TEMPORAL_POPULATION_V1"
"2026-01","January 2026",1,"DTL_EDGE_001","DTL_EDGE_001_D003","die_003",3,"EDGE","COND_HOT_HIGHV",85,1.1,"HIGH_VDD","T_ON_R","ON_RESISTANCE",28.392033729298944,"ohm","UPPER",25,"NOT_DEFINED",18,50,"NOT_UNIFORM","18.0,20.0,22.0,25.0,28.0,30.0,35.0,40.0,50.0","SYNTHETIC_ASSUMED","F",4.068874581461,"TESTER_A",20260115,"temporal_parametric_v1.0.0","DTL_TEMPORAL_PARAMETRIC_V1","DTL_TEMPORAL_ACTUAL_DIE_V1","DTL_TEMPORAL_POPULATION_V1"
"2026-01","January 2026",1,"DTL_EDGE_001","DTL_EDGE_001_D003","die_003",3,"EDGE","COND_HOT_HIGHV",85,1.1,"HIGH_VDD","T_VMIN","VMIN",1.0358179531213767,"V","UPPER",0.85,"NOT_DEFINED",0.75,1,"NOT_UNIFORM","0.75,0.78,0.8,0.82,0.85,0.88,0.9,0.92,0.95,1.0","SYNTHETIC_ASSUMED","F",4.068874581461,"TESTER_A",20260115,"temporal_parametric_v1.0.0","DTL_TEMPORAL_PARAMETRIC_V1","DTL_TEMPORAL_ACTUAL_DIE_V1","DTL_TEMPORAL_POPULATION_V1"
"2026-01","January 2026",1,"DTL_EDGE_001","DTL_EDGE_001_D003","die_003",3,"EDGE","COND_HOT_HIGHV",85,1.1,"HIGH_VDD","T_VMAX","VMAX",0.9734652824720336,"V","LOWER",1.15,"NOT_DEFINED",1.05,1.25,"NOT_UNIFORM","1.05,1.08,1.1,1.12,1.15,1.18,1.2,1.22,1.25","SYNTHETIC_ASSUMED","F",4.068874581461,"TESTER_A",20260115,"temporal_parametric_v1.0.0","DTL_TEMPORAL_PARAMETRIC_V1","DTL_TEMPORAL_ACTUAL_DIE_V1","DTL_TEMPORAL_POPULATION_V1"
"2026-01","January 2026",1,"DTL_EDGE_001","DTL_EDGE_001_D003","die_003",3,"EDGE","COND_HOT_HIGHV",85,1.1,"HIGH_VDD","T_IDDQ","IDDQ",92.12475974821488,"uA","UPPER",50,"NOT_DEFINED",30,100,"NOT_UNIFORM","30.0,35.0,40.0,45.0,50.0,55.0,60.0,70.0,80.0,100.0","SYNTHETIC_ASSUMED","F",4.068874581461,"TESTER_A",20260115,"temporal_parametric_v1.0.0","DTL_TEMPORAL_PARAMETRIC_V1","DTL_TEMPORAL_ACTUAL_DIE_V1","DTL_TEMPORAL_POPULATION_V1"
"2026-01","January 2026",1,"DTL_EDGE_001","DTL_EDGE_001_D003","die_003",3,"EDGE","COND_HOT_HIGHV",85,1.1,"HIGH_VDD","T_SUPPLY_CURRENT","SUPPLY_CURRENT",136.66523252407725,"mA","UPPER",120,"NOT_DEFINED",90,200,"NOT_UNIFORM","90.0,100.0,110.0,120.0,130.0,140.0,150.0,170.0,200.0","SYNTHETIC_ASSUMED","F",4.068874581461,"TESTER_A",20260115,"temporal_parametric_v1.0.0","DTL_TEMPORAL_PARAMETRIC_V1","DTL_TEMPORAL_ACTUAL_DIE_V1","DTL_TEMPORAL_POPULATION_V1"
"2026-01","January 2026",1,"DTL_EDGE_002","DTL_EDGE_002_D001","die_001",1,"EDGE","COND_RT_NOM",25,1,"NOMINAL","T_CONTACT_R","CONTACT_RESISTANCE",4.945401187592511,"ohm","UPPER",5,"NOT_DEFINED",3.5,10,"NOT_UNIFORM","3.5,4.0,4.5,5.0,5.5,6.0,7.0,8.0,10.0","SYNTHETIC_ASSUMED","P",2.616362048149305,"TESTER_A",20260115,"temporal_parametric_v1.0.0","DTL_TEMPORAL_PARAMETRIC_V1","DTL_TEMPORAL_ACTUAL_DIE_V1","DTL_TEMPORAL_POPULATION_V1"
"2026-01","January 2026",1,"DTL_EDGE_002","DTL_EDGE_002_D001","die_001",1,"EDGE","COND_RT_NOM",25,1,"NOMINAL","T_INTERCONNECT_R","INTERCONNECT_RESISTANCE",16.040199180139496,"ohm","UPPER",15,"NOT_DEFINED",11,25,"NOT_UNIFORM","11.0,12.0,13.0,14.0,15.0,16.0,18.0,20.0,25.0","SYNTHETIC_ASSUMED","F",2.616362048149305,"TESTER_A",20260115,"temporal_parametric_v1.0.0","DTL_TEMPORAL_PARAMETRIC_V1","DTL_TEMPORAL_ACTUAL_DIE_V1","DTL_TEMPORAL_POPULATION_V1"
"2026-01","January 2026",1,"DTL_EDGE_002","DTL_EDGE_002_D001","die_001",1,"EDGE","COND_RT_NOM",25,1,"NOMINAL","T_ON_R","ON_RESISTANCE",23.28164315646136,"ohm","UPPER",25,"NOT_DEFINED",18,50,"NOT_UNIFORM","18.0,20.0,22.0,25.0,28.0,30.0,35.0,40.0,50.0","SYNTHETIC_ASSUMED","P",2.616362048149305,"TESTER_A",20260115,"temporal_parametric_v1.0.0","DTL_TEMPORAL_PARAMETRIC_V1","DTL_TEMPORAL_ACTUAL_DIE_V1","DTL_TEMPORAL_POPULATION_V1"
"2026-01","January 2026",1,"DTL_EDGE_002","DTL_EDGE_002_D001","die_001",1,"EDGE","COND_RT_NOM",25,1,"NOMINAL","T_VMIN","VMIN",0.8641620358799423,"V","UPPER",0.85,"NOT_DEFINED",0.75,1,"NOT_UNIFORM","0.75,0.78,0.8,0.82,0.85,0.88,0.9,0.92,0.95,1.0","SYNTHETIC_ASSUMED","F",2.616362048149305,"TESTER_A",20260115,"temporal_parametric_v1.0.0","DTL_TEMPORAL_PARAMETRIC_V1","DTL_TEMPORAL_ACTUAL_DIE_V1","DTL_TEMPORAL_POPULATION_V1"
"2026-01","January 2026",1,"DTL_EDGE_002","DTL_EDGE_002_D001","die_001",1,"EDGE","COND_RT_NOM",25,1,"NOMINAL","T_VMAX","VMAX",1.0981801404077085,"V","LOWER",1.15,"NOT_DEFINED",1.05,1.25,"NOT_UNIFORM","1.05,1.08,1.1,1.12,1.15,1.18,1.2,1.22,1.25","SYNTHETIC_ASSUMED","F",2.616362048149305,"TESTER_A",20260115,"temporal_parametric_v1.0.0","DTL_TEMPORAL_PARAMETRIC_V1","DTL_TEMPORAL_ACTUAL_DIE_V1","DTL_TEMPORAL_POPULATION_V1"
"2026-01","January 2026",1,"DTL_EDGE_002","DTL_EDGE_002_D001","die_001",1,"EDGE","COND_RT_NOM",25,1,"NOMINAL","T_IDDQ","IDDQ",58.082061381387305,"uA","UPPER",50,"NOT_DEFINED",30,100,"NOT_UNIFORM","30.0,35.0,40.0,45.0,50.0,55.0,60.0,70.0,80.0,100.0","SYNTHETIC_ASSUMED","F",2.616362048149305,"TESTER_A",20260115,"temporal_parametric_v1.0.0","DTL_TEMPORAL_PARAMETRIC_V1","DTL_TEMPORAL_ACTUAL_DIE_V1","DTL_TEMPORAL_POPULATION_V1"
"2026-01","January 2026",1,"DTL_EDGE_002","DTL_EDGE_002_D001","die_001",1,"EDGE","COND_RT_NOM",25,1,"NOMINAL","T_SUPPLY_CURRENT","SUPPLY_CURRENT",119.23660733612834,"mA","UPPER",120,"NOT_DEFINED",90,200,"NOT_UNIFORM","90.0,100.0,110.0,120.0,130.0,140.0,150.0,170.0,200.0","SYNTHETIC_ASSUMED","P",2.616362048149305,"TESTER_A",20260115,"temporal_parametric_v1.0.0","DTL_TEMPORAL_PARAMETRIC_V1","DTL_TEMPORAL_ACTUAL_DIE_V1","DTL_TEMPORAL_POPULATION_V1"
"2026-01","January 2026",1,"DTL_EDGE_002","DTL_EDGE_002_D001","die_001",1,"EDGE","COND_HOT_NOM",85,1,"HOT","T_CONTACT_R","CONTACT_RESISTANCE",5.473111791221171,"ohm","UPPER",5,"NOT_DEFINED",3.5,10,"NOT_UNIFORM","3.5,4.0,4.5,5.0,5.5,6.0,7.0,8.0,10.0","SYNTHETIC_ASSUMED","F",2.616362048149305,"TESTER_A",20260115,"temporal_parametric_v1.0.0","DTL_TEMPORAL_PARAMETRIC_V1","DTL_TEMPORAL_ACTUAL_DIE_V1","DTL_TEMPORAL_POPULATION_V1"
"2026-01","January 2026",1,"DTL_EDGE_002","DTL_EDGE_002_D001","die_001",1,"EDGE","COND_HOT_NOM",85,1,"HOT","T_INTERCONNECT_R","INTERCONNECT_RESISTANCE",16.6756762323202,"ohm","UPPER",15,"NOT_DEFINED",11,25,"NOT_UNIFORM","11.0,12.0,13.0,14.0,15.0,16.0,18.0,20.0,25.0","SYNTHETIC_ASSUMED","F",2.616362048149305,"TESTER_A",20260115,"temporal_parametric_v1.0.0","DTL_TEMPORAL_PARAMETRIC_V1","DTL_TEMPORAL_ACTUAL_DIE_V1","DTL_TEMPORAL_POPULATION_V1"
"2026-01","January 2026",1,"DTL_EDGE_002","DTL_EDGE_002_D001","die_001",1,"EDGE","COND_HOT_NOM",85,1,"HOT","T_ON_R","ON_RESISTANCE",25.540882502922564,"ohm","UPPER",25,"NOT_DEFINED",18,50,"NOT_UNIFORM","18.0,20.0,22.0,25.0,28.0,30.0,35.0,40.0,50.0","SYNTHETIC_ASSUMED","F",2.616362048149305,"TESTER_A",20260115,"temporal_parametric_v1.0.0","DTL_TEMPORAL_PARAMETRIC_V1","DTL_TEMPORAL_ACTUAL_DIE_V1","DTL_TEMPORAL_POPULATION_V1"
"2026-01","January 2026",1,"DTL_EDGE_002","DTL_EDGE_002_D001","die_001",1,"EDGE","COND_HOT_NOM",85,1,"HOT","T_VMIN","VMIN",0.9533921473222076,"V","UPPER",0.85,"NOT_DEFINED",0.75,1,"NOT_UNIFORM","0.75,0.78,0.8,0.82,0.85,0.88,0.9,0.92,0.95,1.0","SYNTHETIC_ASSUMED","F",2.616362048149305,"TESTER_A",20260115,"temporal_parametric_v1.0.0","DTL_TEMPORAL_PARAMETRIC_V1","DTL_TEMPORAL_ACTUAL_DIE_V1","DTL_TEMPORAL_POPULATION_V1"
"2026-01","January 2026",1,"DTL_EDGE_002","DTL_EDGE_002_D001","die_001",1,"EDGE","COND_HOT_NOM",85,1,"HOT","T_VMAX","VMAX",1.1379672588781515,"V","LOWER",1.15,"NOT_DEFINED",1.05,1.25,"NOT_UNIFORM","1.05,1.08,1.1,1.12,1.15,1.18,1.2,1.22,1.25","SYNTHETIC_ASSUMED","F",2.616362048149305,"TESTER_A",20260115,"temporal_parametric_v1.0.0","DTL_TEMPORAL_PARAMETRIC_V1","DTL_TEMPORAL_ACTUAL_DIE_V1","DTL_TEMPORAL_POPULATION_V1"
"2026-01","January 2026",1,"DTL_EDGE_002","DTL_EDGE_002_D001","die_001",1,"EDGE","COND_HOT_NOM",85,1,"HOT","T_IDDQ","IDDQ",68.84261454160657,"uA","UPPER",50,"NOT_DEFINED",30,100,"NOT_UNIFORM","30.0,35.0,40.0,45.0,50.0,55.0,60.0,70.0,80.0,100.0","SYNTHETIC_ASSUMED","F",2.616362048149305,"TESTER_A",20260115,"temporal_parametric_v1.0.0","DTL_TEMPORAL_PARAMETRIC_V1","DTL_TEMPORAL_ACTUAL_DIE_V1","DTL_TEMPORAL_POPULATION_V1"
"2026-01","January 2026",1,"DTL_EDGE_002","DTL_EDGE_002_D001","die_001",1,"EDGE","COND_HOT_NOM",85,1,"HOT","T_SUPPLY_CURRENT","SUPPLY_CURRENT",124.41305703199532,"mA","UPPER",120,"NOT_DEFINED",90,200,"NOT_UNIFORM","90.0,100.0,110.0,120.0,130.0,140.0,150.0,170.0,200.0","SYNTHETIC_ASSUMED","F",2.616362048149305,"TESTER_A",20260115,"temporal_parametric_v1.0.0","DTL_TEMPORAL_PARAMETRIC_V1","DTL_TEMPORAL_ACTUAL_DIE_V1","DTL_TEMPORAL_POPULATION_V1"
"2026-01","January 2026",1,"DTL_EDGE_002","DTL_EDGE_002_D001","die_001",1,"EDGE","COND_RT_LOWV",25,0.9,"LOW_VDD","T_CONTACT_R","CONTACT_RESISTANCE",4.277738388963258,"ohm","UPPER",5,"NOT_DEFINED",3.5,10,"NOT_UNIFORM","3.5,4.0,4.5,5.0,5.5,6.0,7.0,8.0,10.0","SYNTHETIC_ASSUMED","P",2.616362048149305,"TESTER_A",20260115,"temporal_parametric_v1.0.0","DTL_TEMPORAL_PARAMETRIC_V1","DTL_TEMPORAL_ACTUAL_DIE_V1","DTL_TEMPORAL_POPULATION_V1"
"2026-01","January 2026",1,"DTL_EDGE_002","DTL_EDGE_002_D001","die_001",1,"EDGE","COND_RT_LOWV",25,0.9,"LOW_VDD","T_INTERCONNECT_R","INTERCONNECT_RESISTANCE",16.196852688647162,"ohm","UPPER",15,"NOT_DEFINED",11,25,"NOT_UNIFORM","11.0,12.0,13.0,14.0,15.0,16.0,18.0,20.0,25.0","SYNTHETIC_ASSUMED","F",2.616362048149305,"TESTER_A",20260115,"temporal_parametric_v1.0.0","DTL_TEMPORAL_PARAMETRIC_V1","DTL_TEMPORAL_ACTUAL_DIE_V1","DTL_TEMPORAL_POPULATION_V1"
"2026-01","January 2026",1,"DTL_EDGE_002","DTL_EDGE_002_D001","die_001",1,"EDGE","COND_RT_LOWV",25,0.9,"LOW_VDD","T_ON_R","ON_RESISTANCE",28.0616065687504,"ohm","UPPER",25,"NOT_DEFINED",18,50,"NOT_UNIFORM","18.0,20.0,22.0,25.0,28.0,30.0,35.0,40.0,50.0","SYNTHETIC_ASSUMED","F",2.616362048149305,"TESTER_A",20260115,"temporal_parametric_v1.0.0","DTL_TEMPORAL_PARAMETRIC_V1","DTL_TEMPORAL_ACTUAL_DIE_V1","DTL_TEMPORAL_POPULATION_V1"
"2026-01","January 2026",1,"DTL_EDGE_002","DTL_EDGE_002_D001","die_001",1,"EDGE","COND_RT_LOWV",25,0.9,"LOW_VDD","T_VMIN","VMIN",0.8767262975351561,"V","UPPER",0.85,"NOT_DEFINED",0.75,1,"NOT_UNIFORM","0.75,0.78,0.8,0.82,0.85,0.88,0.9,0.92,0.95,1.0","SYNTHETIC_ASSUMED","F",2.616362048149305,"TESTER_A",20260115,"temporal_parametric_v1.0.0","DTL_TEMPORAL_PARAMETRIC_V1","DTL_TEMPORAL_ACTUAL_DIE_V1","DTL_TEMPORAL_POPULATION_V1"
"2026-01","January 2026",1,"DTL_EDGE_002","DTL_EDGE_002_D001","die_001",1,"EDGE","COND_RT_LOWV",25,0.9,"LOW_VDD","T_VMAX","VMAX",1.0724982973762898,"V","LOWER",1.15,"NOT_DEFINED",1.05,1.25,"NOT_UNIFORM","1.05,1.08,1.1,1.12,1.15,1.18,1.2,1.22,1.25","SYNTHETIC_ASSUMED","F",2.616362048149305,"TESTER_A",20260115,"temporal_parametric_v1.0.0","DTL_TEMPORAL_PARAMETRIC_V1","DTL_TEMPORAL_ACTUAL_DIE_V1","DTL_TEMPORAL_POPULATION_V1"
"2026-01","January 2026",1,"DTL_EDGE_002","DTL_EDGE_002_D001","die_001",1,"EDGE","COND_RT_LOWV",25,0.9,"LOW_VDD","T_IDDQ","IDDQ",53.62127008070655,"uA","UPPER",50,"NOT_DEFINED",30,100,"NOT_UNIFORM","30.0,35.0,40.0,45.0,50.0,55.0,60.0,70.0,80.0,100.0","SYNTHETIC_ASSUMED","F",2.616362048149305,"TESTER_A",20260115,"temporal_parametric_v1.0.0","DTL_TEMPORAL_PARAMETRIC_V1","DTL_TEMPORAL_ACTUAL_DIE_V1","DTL_TEMPORAL_POPULATION_V1"
"2026-01","January 2026",1,"DTL_EDGE_002","DTL_EDGE_002_D001","die_001",1,"EDGE","COND_RT_LOWV",25,0.9,"LOW_VDD","T_SUPPLY_CURRENT","SUPPLY_CURRENT",122.03330012024742,"mA","UPPER",120,"NOT_DEFINED",90,200,"NOT_UNIFORM","90.0,100.0,110.0,120.0,130.0,140.0,150.0,170.0,200.0","SYNTHETIC_ASSUMED","F",2.616362048149305,"TESTER_A",20260115,"temporal_parametric_v1.0.0","DTL_TEMPORAL_PARAMETRIC_V1","DTL_TEMPORAL_ACTUAL_DIE_V1","DTL_TEMPORAL_POPULATION_V1"
"2026-01","January 2026",1,"DTL_EDGE_002","DTL_EDGE_002_D001","die_001",1,"EDGE","COND_HOT_HIGHV",85,1.1,"HIGH_VDD","T_CONTACT_R","CONTACT_RESISTANCE",6.173763985029905,"ohm","UPPER",5,"NOT_DEFINED",3.5,10,"NOT_UNIFORM","3.5,4.0,4.5,5.0,5.5,6.0,7.0,8.0,10.0","SYNTHETIC_ASSUMED","F",2.616362048149305,"TESTER_A",20260115,"temporal_parametric_v1.0.0","DTL_TEMPORAL_PARAMETRIC_V1","DTL_TEMPORAL_ACTUAL_DIE_V1","DTL_TEMPORAL_POPULATION_V1"
"2026-01","January 2026",1,"DTL_EDGE_002","DTL_EDGE_002_D001","die_001",1,"EDGE","COND_HOT_HIGHV",85,1.1,"HIGH_VDD","T_INTERCONNECT_R","INTERCONNECT_RESISTANCE",18.28800829344834,"ohm","UPPER",15,"NOT_DEFINED",11,25,"NOT_UNIFORM","11.0,12.0,13.0,14.0,15.0,16.0,18.0,20.0,25.0","SYNTHETIC_ASSUMED","F",2.616362048149305,"TESTER_A",20260115,"temporal_parametric_v1.0.0","DTL_TEMPORAL_PARAMETRIC_V1","DTL_TEMPORAL_ACTUAL_DIE_V1","DTL_TEMPORAL_POPULATION_V1"
"2026-01","January 2026",1,"DTL_EDGE_002","DTL_EDGE_002_D001","die_001",1,"EDGE","COND_HOT_HIGHV",85,1.1,"HIGH_VDD","T_ON_R","ON_RESISTANCE",27.98526000031256,"ohm","UPPER",25,"NOT_DEFINED",18,50,"NOT_UNIFORM","18.0,20.0,22.0,25.0,28.0,30.0,35.0,40.0,50.0","SYNTHETIC_ASSUMED","F",2.616362048149305,"TESTER_A",20260115,"temporal_parametric_v1.0.0","DTL_TEMPORAL_PARAMETRIC_V1","DTL_TEMPORAL_ACTUAL_DIE_V1","DTL_TEMPORAL_POPULATION_V1"
"2026-01","January 2026",1,"DTL_EDGE_002","DTL_EDGE_002_D001","die_001",1,"EDGE","COND_HOT_HIGHV",85,1.1,"HIGH_VDD","T_VMIN","VMIN",0.9154003405386631,"V","UPPER",0.85,"NOT_DEFINED",0.75,1,"NOT_UNIFORM","0.75,0.78,0.8,0.82,0.85,0.88,0.9,0.92,0.95,1.0","SYNTHETIC_ASSUMED","F",2.616362048149305,"TESTER_A",20260115,"temporal_parametric_v1.0.0","DTL_TEMPORAL_PARAMETRIC_V1","DTL_TEMPORAL_ACTUAL_DIE_V1","DTL_TEMPORAL_POPULATION_V1"
"2026-01","January 2026",1,"DTL_EDGE_002","DTL_EDGE_002_D001","die_001",1,"EDGE","COND_HOT_HIGHV",85,1.1,"HIGH_VDD","T_VMAX","VMAX",1.1182728156051875,"V","LOWER",1.15,"NOT_DEFINED",1.05,1.25,"NOT_UNIFORM","1.05,1.08,1.1,1.12,1.15,1.18,1.2,1.22,1.25","SYNTHETIC_ASSUMED","F",2.616362048149305,"TESTER_A",20260115,"temporal_parametric_v1.0.0","DTL_TEMPORAL_PARAMETRIC_V1","DTL_TEMPORAL_ACTUAL_DIE_V1","DTL_TEMPORAL_POPULATION_V1"
"2026-01","January 2026",1,"DTL_EDGE_002","DTL_EDGE_002_D001","die_001",1,"EDGE","COND_HOT_HIGHV",85,1.1,"HIGH_VDD","T_IDDQ","IDDQ",73.93568054699315,"uA","UPPER",50,"NOT_DEFINED",30,100,"NOT_UNIFORM","30.0,35.0,40.0,45.0,50.0,55.0,60.0,70.0,80.0,100.0","SYNTHETIC_ASSUMED","F",2.616362048149305,"TESTER_A",20260115,"temporal_parametric_v1.0.0","DTL_TEMPORAL_PARAMETRIC_V1","DTL_TEMPORAL_ACTUAL_DIE_V1","DTL_TEMPORAL_POPULATION_V1"
"2026-01","January 2026",1,"DTL_EDGE_002","DTL_EDGE_002_D001","die_001",1,"EDGE","COND_HOT_HIGHV",85,1.1,"HIGH_VDD","T_SUPPLY_CURRENT","SUPPLY_CURRENT",137.5677902829405,"mA","UPPER",120,"NOT_DEFINED",90,200,"NOT_UNIFORM","90.0,100.0,110.0,120.0,130.0,140.0,150.0,170.0,200.0","SYNTHETIC_ASSUMED","F",2.616362048149305,"TESTER_A",20260115,"temporal_parametric_v1.0.0","DTL_TEMPORAL_PARAMETRIC_V1","DTL_TEMPORAL_ACTUAL_DIE_V1","DTL_TEMPORAL_POPULATION_V1"
"2026-01","January 2026",1,"DTL_EDGE_002","DTL_EDGE_002_D002","die_002",2,"EDGE","COND_RT_NOM",25,1,"NOMINAL","T_CONTACT_R","CONTACT_RESISTANCE",6.226947177828972,"ohm","UPPER",5,"NOT_DEFINED",3.5,10,"NOT_UNIFORM","3.5,4.0,4.5,5.0,5.5,6.0,7.0,8.0,10.0","SYNTHETIC_ASSUMED","F",2.988569023300415,"TESTER_A",20260115,"temporal_parametric_v1.0.0","DTL_TEMPORAL_PARAMETRIC_V1","DTL_TEMPORAL_ACTUAL_DIE_V1","DTL_TEMPORAL_POPULATION_V1"
"2026-01","January 2026",1,"DTL_EDGE_002","DTL_EDGE_002_D002","die_002",2,"EDGE","COND_RT_NOM",25,1,"NOMINAL","T_INTERCONNECT_R","INTERCONNECT_RESISTANCE",15.808473439245688,"ohm","UPPER",15,"NOT_DEFINED",11,25,"NOT_UNIFORM","11.0,12.0,13.0,14.0,15.0,16.0,18.0,20.0,25.0","SYNTHETIC_ASSUMED","F",2.988569023300415,"TESTER_A",20260115,"temporal_parametric_v1.0.0","DTL_TEMPORAL_PARAMETRIC_V1","DTL_TEMPORAL_ACTUAL_DIE_V1","DTL_TEMPORAL_POPULATION_V1"
"2026-01","January 2026",1,"DTL_EDGE_002","DTL_EDGE_002_D002","die_002",2,"EDGE","COND_RT_NOM",25,1,"NOMINAL","T_ON_R","ON_RESISTANCE",27.54212194964079,"ohm","UPPER",25,"NOT_DEFINED",18,50,"NOT_UNIFORM","18.0,20.0,22.0,25.0,28.0,30.0,35.0,40.0,50.0","SYNTHETIC_ASSUMED","F",2.988569023300415,"TESTER_A",20260115,"temporal_parametric_v1.0.0","DTL_TEMPORAL_PARAMETRIC_V1","DTL_TEMPORAL_ACTUAL_DIE_V1","DTL_TEMPORAL_POPULATION_V1"
"2026-01","January 2026",1,"DTL_EDGE_002","DTL_EDGE_002_D002","die_002",2,"EDGE","COND_RT_NOM",25,1,"NOMINAL","T_VMIN","VMIN",0.9208889961113508,"V","UPPER",0.85,"NOT_DEFINED",0.75,1,"NOT_UNIFORM","0.75,0.78,0.8,0.82,0.85,0.88,0.9,0.92,0.95,1.0","SYNTHETIC_ASSUMED","F",2.988569023300415,"TESTER_A",20260115,"temporal_parametric_v1.0.0","DTL_TEMPORAL_PARAMETRIC_V1","DTL_TEMPORAL_ACTUAL_DIE_V1","DTL_TEMPORAL_POPULATION_V1"
"2026-01","January 2026",1,"DTL_EDGE_002","DTL_EDGE_002_D002","die_002",2,"EDGE","COND_RT_NOM",25,1,"NOMINAL","T_VMAX","VMAX",1.0742113574038916,"V","LOWER",1.15,"NOT_DEFINED",1.05,1.25,"NOT_UNIFORM","1.05,1.08,1.1,1.12,1.15,1.18,1.2,1.22,1.25","SYNTHETIC_ASSUMED","F",2.988569023300415,"TESTER_A",20260115,"temporal_parametric_v1.0.0","DTL_TEMPORAL_PARAMETRIC_V1","DTL_TEMPORAL_ACTUAL_DIE_V1","DTL_TEMPORAL_POPULATION_V1"
"2026-01","January 2026",1,"DTL_EDGE_002","DTL_EDGE_002_D002","die_002",2,"EDGE","COND_RT_NOM",25,1,"NOMINAL","T_IDDQ","IDDQ",60.132103050784025,"uA","UPPER",50,"NOT_DEFINED",30,100,"NOT_UNIFORM","30.0,35.0,40.0,45.0,50.0,55.0,60.0,70.0,80.0,100.0","SYNTHETIC_ASSUMED","F",2.988569023300415,"TESTER_A",20260115,"temporal_parametric_v1.0.0","DTL_TEMPORAL_PARAMETRIC_V1","DTL_TEMPORAL_ACTUAL_DIE_V1","DTL_TEMPORAL_POPULATION_V1"
"2026-01","January 2026",1,"DTL_EDGE_002","DTL_EDGE_002_D002","die_002",2,"EDGE","COND_RT_NOM",25,1,"NOMINAL","T_SUPPLY_CURRENT","SUPPLY_CURRENT",137.7445839947899,"mA","UPPER",120,"NOT_DEFINED",90,200,"NOT_UNIFORM","90.0,100.0,110.0,120.0,130.0,140.0,150.0,170.0,200.0","SYNTHETIC_ASSUMED","F",2.988569023300415,"TESTER_A",20260115,"temporal_parametric_v1.0.0","DTL_TEMPORAL_PARAMETRIC_V1","DTL_TEMPORAL_ACTUAL_DIE_V1","DTL_TEMPORAL_POPULATION_V1"
"2026-01","January 2026",1,"DTL_EDGE_002","DTL_EDGE_002_D002","die_002",2,"EDGE","COND_HOT_NOM",85,1,"HOT","T_CONTACT_R","CONTACT_RESISTANCE",5.822704301853747,"ohm","UPPER",5,"NOT_DEFINED",3.5,10,"NOT_UNIFORM","3.5,4.0,4.5,5.0,5.5,6.0,7.0,8.0,10.0","SYNTHETIC_ASSUMED","F",2.988569023300415,"TESTER_A",20260115,"temporal_parametric_v1.0.0","DTL_TEMPORAL_PARAMETRIC_V1","DTL_TEMPORAL_ACTUAL_DIE_V1","DTL_TEMPORAL_POPULATION_V1"
"2026-01","January 2026",1,"DTL_EDGE_002","DTL_EDGE_002_D002","die_002",2,"EDGE","COND_HOT_NOM",85,1,"HOT","T_INTERCONNECT_R","INTERCONNECT_RESISTANCE",16.511110641297336,"ohm","UPPER",15,"NOT_DEFINED",11,25,"NOT_UNIFORM","11.0,12.0,13.0,14.0,15.0,16.0,18.0,20.0,25.0","SYNTHETIC_ASSUMED","F",2.988569023300415,"TESTER_A",20260115,"temporal_parametric_v1.0.0","DTL_TEMPORAL_PARAMETRIC_V1","DTL_TEMPORAL_ACTUAL_DIE_V1","DTL_TEMPORAL_POPULATION_V1"
"2026-01","January 2026",1,"DTL_EDGE_002","DTL_EDGE_002_D002","die_002",2,"EDGE","COND_HOT_NOM",85,1,"HOT","T_ON_R","ON_RESISTANCE",28.530464427548345,"ohm","UPPER",25,"NOT_DEFINED",18,50,"NOT_UNIFORM","18.0,20.0,22.0,25.0,28.0,30.0,35.0,40.0,50.0","SYNTHETIC_ASSUMED","F",2.988569023300415,"TESTER_A",20260115,"temporal_parametric_v1.0.0","DTL_TEMPORAL_PARAMETRIC_V1","DTL_TEMPORAL_ACTUAL_DIE_V1","DTL_TEMPORAL_POPULATION_V1"
"2026-01","January 2026",1,"DTL_EDGE_002","DTL_EDGE_002_D002","die_002",2,"EDGE","COND_HOT_NOM",85,1,"HOT","T_VMIN","VMIN",0.9483656961426958,"V","UPPER",0.85,"NOT_DEFINED",0.75,1,"NOT_UNIFORM","0.75,0.78,0.8,0.82,0.85,0.88,0.9,0.92,0.95,1.0","SYNTHETIC_ASSUMED","F",2.988569023300415,"TESTER_A",20260115,"temporal_parametric_v1.0.0","DTL_TEMPORAL_PARAMETRIC_V1","DTL_TEMPORAL_ACTUAL_DIE_V1","DTL_TEMPORAL_POPULATION_V1"
"2026-01","January 2026",1,"DTL_EDGE_002","DTL_EDGE_002_D002","die_002",2,"EDGE","COND_HOT_NOM",85,1,"HOT","T_VMAX","VMAX",1.117282701311317,"V","LOWER",1.15,"NOT_DEFINED",1.05,1.25,"NOT_UNIFORM","1.05,1.08,1.1,1.12,1.15,1.18,1.2,1.22,1.25","SYNTHETIC_ASSUMED","F",2.988569023300415,"TESTER_A",20260115,"temporal_parametric_v1.0.0","DTL_TEMPORAL_PARAMETRIC_V1","DTL_TEMPORAL_ACTUAL_DIE_V1","DTL_TEMPORAL_POPULATION_V1"
"2026-01","January 2026",1,"DTL_EDGE_002","DTL_EDGE_002_D002","die_002",2,"EDGE","COND_HOT_NOM",85,1,"HOT","T_IDDQ","IDDQ",70.78282597868854,"uA","UPPER",50,"NOT_DEFINED",30,100,"NOT_UNIFORM","30.0,35.0,40.0,45.0,50.0,55.0,60.0,70.0,80.0,100.0","SYNTHETIC_ASSUMED","F",2.988569023300415,"TESTER_A",20260115,"temporal_parametric_v1.0.0","DTL_TEMPORAL_PARAMETRIC_V1","DTL_TEMPORAL_ACTUAL_DIE_V1","DTL_TEMPORAL_POPULATION_V1"
"2026-01","January 2026",1,"DTL_EDGE_002","DTL_EDGE_002_D002","die_002",2,"EDGE","COND_HOT_NOM",85,1,"HOT","T_SUPPLY_CURRENT","SUPPLY_CURRENT",128.70806147010364,"mA","UPPER",120,"NOT_DEFINED",90,200,"NOT_UNIFORM","90.0,100.0,110.0,120.0,130.0,140.0,150.0,170.0,200.0","SYNTHETIC_ASSUMED","F",2.988569023300415,"TESTER_A",20260115,"temporal_parametric_v1.0.0","DTL_TEMPORAL_PARAMETRIC_V1","DTL_TEMPORAL_ACTUAL_DIE_V1","DTL_TEMPORAL_POPULATION_V1"
"2026-01","January 2026",1,"DTL_EDGE_002","DTL_EDGE_002_D002","die_002",2,"EDGE","COND_RT_LOWV",25,0.9,"LOW_VDD","T_CONTACT_R","CONTACT_RESISTANCE",6.27098695243304,"ohm","UPPER",5,"NOT_DEFINED",3.5,10,"NOT_UNIFORM","3.5,4.0,4.5,5.0,5.5,6.0,7.0,8.0,10.0","SYNTHETIC_ASSUMED","F",2.988569023300415,"TESTER_A",20260115,"temporal_parametric_v1.0.0","DTL_TEMPORAL_PARAMETRIC_V1","DTL_TEMPORAL_ACTUAL_DIE_V1","DTL_TEMPORAL_POPULATION_V1"
"2026-01","January 2026",1,"DTL_EDGE_002","DTL_EDGE_002_D002","die_002",2,"EDGE","COND_RT_LOWV",25,0.9,"LOW_VDD","T_INTERCONNECT_R","INTERCONNECT_RESISTANCE",15.116852440690629,"ohm","UPPER",15,"NOT_DEFINED",11,25,"NOT_UNIFORM","11.0,12.0,13.0,14.0,15.0,16.0,18.0,20.0,25.0","SYNTHETIC_ASSUMED","F",2.988569023300415,"TESTER_A",20260115,"temporal_parametric_v1.0.0","DTL_TEMPORAL_PARAMETRIC_V1","DTL_TEMPORAL_ACTUAL_DIE_V1","DTL_TEMPORAL_POPULATION_V1"
"2026-01","January 2026",1,"DTL_EDGE_002","DTL_EDGE_002_D002","die_002",2,"EDGE","COND_RT_LOWV",25,0.9,"LOW_VDD","T_ON_R","ON_RESISTANCE",26.049746101444423,"ohm","UPPER",25,"NOT_DEFINED",18,50,"NOT_UNIFORM","18.0,20.0,22.0,25.0,28.0,30.0,35.0,40.0,50.0","SYNTHETIC_ASSUMED","F",2.988569023300415,"TESTER_A",20260115,"temporal_parametric_v1.0.0","DTL_TEMPORAL_PARAMETRIC_V1","DTL_TEMPORAL_ACTUAL_DIE_V1","DTL_TEMPORAL_POPULATION_V1"
"2026-01","January 2026",1,"DTL_EDGE_002","DTL_EDGE_002_D002","die_002",2,"EDGE","COND_RT_LOWV",25,0.9,"LOW_VDD","T_VMIN","VMIN",0.9808242931286396,"V","UPPER",0.85,"NOT_DEFINED",0.75,1,"NOT_UNIFORM","0.75,0.78,0.8,0.82,0.85,0.88,0.9,0.92,0.95,1.0","SYNTHETIC_ASSUMED","F",2.988569023300415,"TESTER_A",20260115,"temporal_parametric_v1.0.0","DTL_TEMPORAL_PARAMETRIC_V1","DTL_TEMPORAL_ACTUAL_DIE_V1","DTL_TEMPORAL_POPULATION_V1"
"2026-01","January 2026",1,"DTL_EDGE_002","DTL_EDGE_002_D002","die_002",2,"EDGE","COND_RT_LOWV",25,0.9,"LOW_VDD","T_VMAX","VMAX",1.0583816987040728,"V","LOWER",1.15,"NOT_DEFINED",1.05,1.25,"NOT_UNIFORM","1.05,1.08,1.1,1.12,1.15,1.18,1.2,1.22,1.25","SYNTHETIC_ASSUMED","F",2.988569023300415,"TESTER_A",20260115,"temporal_parametric_v1.0.0","DTL_TEMPORAL_PARAMETRIC_V1","DTL_TEMPORAL_ACTUAL_DIE_V1","DTL_TEMPORAL_POPULATION_V1"
"2026-01","January 2026",1,"DTL_EDGE_002","DTL_EDGE_002_D002","die_002",2,"EDGE","COND_RT_LOWV",25,0.9,"LOW_VDD","T_IDDQ","IDDQ",63.14718728600448,"uA","UPPER",50,"NOT_DEFINED",30,100,"NOT_UNIFORM","30.0,35.0,40.0,45.0,50.0,55.0,60.0,70.0,80.0,100.0","SYNTHETIC_ASSUMED","F",2.988569023300415,"TESTER_A",20260115,"temporal_parametric_v1.0.0","DTL_TEMPORAL_PARAMETRIC_V1","DTL_TEMPORAL_ACTUAL_DIE_V1","DTL_TEMPORAL_POPULATION_V1"
"2026-01","January 2026",1,"DTL_EDGE_002","DTL_EDGE_002_D002","die_002",2,"EDGE","COND_RT_LOWV",25,0.9,"LOW_VDD","T_SUPPLY_CURRENT","SUPPLY_CURRENT",128.79343687006315,"mA","UPPER",120,"NOT_DEFINED",90,200,"NOT_UNIFORM","90.0,100.0,110.0,120.0,130.0,140.0,150.0,170.0,200.0","SYNTHETIC_ASSUMED","F",2.988569023300415,"TESTER_A",20260115,"temporal_parametric_v1.0.0","DTL_TEMPORAL_PARAMETRIC_V1","DTL_TEMPORAL_ACTUAL_DIE_V1","DTL_TEMPORAL_POPULATION_V1"
"2026-01","January 2026",1,"DTL_EDGE_002","DTL_EDGE_002_D002","die_002",2,"EDGE","COND_HOT_HIGHV",85,1.1,"HIGH_VDD","T_CONTACT_R","CONTACT_RESISTANCE",6.725020412094382,"ohm","UPPER",5,"NOT_DEFINED",3.5,10,"NOT_UNIFORM","3.5,4.0,4.5,5.0,5.5,6.0,7.0,8.0,10.0","SYNTHETIC_ASSUMED","F",2.988569023300415,"TESTER_A",20260115,"temporal_parametric_v1.0.0","DTL_TEMPORAL_PARAMETRIC_V1","DTL_TEMPORAL_ACTUAL_DIE_V1","DTL_TEMPORAL_POPULATION_V1"
"2026-01","January 2026",1,"DTL_EDGE_002","DTL_EDGE_002_D002","die_002",2,"EDGE","COND_HOT_HIGHV",85,1.1,"HIGH_VDD","T_INTERCONNECT_R","INTERCONNECT_RESISTANCE",17.577767777029408,"ohm","UPPER",15,"NOT_DEFINED",11,25,"NOT_UNIFORM","11.0,12.0,13.0,14.0,15.0,16.0,18.0,20.0,25.0","SYNTHETIC_ASSUMED","F",2.988569023300415,"TESTER_A",20260115,"temporal_parametric_v1.0.0","DTL_TEMPORAL_PARAMETRIC_V1","DTL_TEMPORAL_ACTUAL_DIE_V1","DTL_TEMPORAL_POPULATION_V1"
"2026-01","January 2026",1,"DTL_EDGE_002","DTL_EDGE_002_D002","die_002",2,"EDGE","COND_HOT_HIGHV",85,1.1,"HIGH_VDD","T_ON_R","ON_RESISTANCE",28.209594203570497,"ohm","UPPER",25,"NOT_DEFINED",18,50,"NOT_UNIFORM","18.0,20.0,22.0,25.0,28.0,30.0,35.0,40.0,50.0","SYNTHETIC_ASSUMED","F",2.988569023300415,"TESTER_A",20260115,"temporal_parametric_v1.0.0","DTL_TEMPORAL_PARAMETRIC_V1","DTL_TEMPORAL_ACTUAL_DIE_V1","DTL_TEMPORAL_POPULATION_V1"
"2026-01","January 2026",1,"DTL_EDGE_002","DTL_EDGE_002_D002","die_002",2,"EDGE","COND_HOT_HIGHV",85,1.1,"HIGH_VDD","T_VMIN","VMIN",0.9187509700864404,"V","UPPER",0.85,"NOT_DEFINED",0.75,1,"NOT_UNIFORM","0.75,0.78,0.8,0.82,0.85,0.88,0.9,0.92,0.95,1.0","SYNTHETIC_ASSUMED","F",2.988569023300415,"TESTER_A",20260115,"temporal_parametric_v1.0.0","DTL_TEMPORAL_PARAMETRIC_V1","DTL_TEMPORAL_ACTUAL_DIE_V1","DTL_TEMPORAL_POPULATION_V1"
"2026-01","January 2026",1,"DTL_EDGE_002","DTL_EDGE_002_D002","die_002",2,"EDGE","COND_HOT_HIGHV",85,1.1,"HIGH_VDD","T_VMAX","VMAX",1.07271078299654,"V","LOWER",1.15,"NOT_DEFINED",1.05,1.25,"NOT_UNIFORM","1.05,1.08,1.1,1.12,1.15,1.18,1.2,1.22,1.25","SYNTHETIC_ASSUMED","F",2.988569023300415,"TESTER_A",20260115,"temporal_parametric_v1.0.0","DTL_TEMPORAL_PARAMETRIC_V1","DTL_TEMPORAL_ACTUAL_DIE_V1","DTL_TEMPORAL_POPULATION_V1"
"2026-01","January 2026",1,"DTL_EDGE_002","DTL_EDGE_002_D002","die_002",2,"EDGE","COND_HOT_HIGHV",85,1.1,"HIGH_VDD","T_IDDQ","IDDQ",68.98253063728376,"uA","UPPER",50,"NOT_DEFINED",30,100,"NOT_UNIFORM","30.0,35.0,40.0,45.0,50.0,55.0,60.0,70.0,80.0,100.0","SYNTHETIC_ASSUMED","F",2.988569023300415,"TESTER_A",20260115,"temporal_parametric_v1.0.0","DTL_TEMPORAL_PARAMETRIC_V1","DTL_TEMPORAL_ACTUAL_DIE_V1","DTL_TEMPORAL_POPULATION_V1"
"2026-01","January 2026",1,"DTL_EDGE_002","DTL_EDGE_002_D002","die_002",2,"EDGE","COND_HOT_HIGHV",85,1.1,"HIGH_VDD","T_SUPPLY_CURRENT","SUPPLY_CURRENT",132.45364777888162,"mA","UPPER",120,"NOT_DEFINED",90,200,"NOT_UNIFORM","90.0,100.0,110.0,120.0,130.0,140.0,150.0,170.0,200.0","SYNTHETIC_ASSUMED","F",2.988569023300415,"TESTER_A",20260115,"temporal_parametric_v1.0.0","DTL_TEMPORAL_PARAMETRIC_V1","DTL_TEMPORAL_ACTUAL_DIE_V1","DTL_TEMPORAL_POPULATION_V1"
"2026-01","January 2026",1,"DTL_EDGE_002","DTL_EDGE_002_D003","die_003",3,"EDGE","COND_RT_NOM",25,1,"NOMINAL","T_CONTACT_R","CONTACT_RESISTANCE",5.711957907980884,"ohm","UPPER",5,"NOT_DEFINED",3.5,10,"NOT_UNIFORM","3.5,4.0,4.5,5.0,5.5,6.0,7.0,8.0,10.0","SYNTHETIC_ASSUMED","F",2.9479792127515223,"TESTER_A",20260115,"temporal_parametric_v1.0.0","DTL_TEMPORAL_PARAMETRIC_V1","DTL_TEMPORAL_ACTUAL_DIE_V1","DTL_TEMPORAL_POPULATION_V1"
"2026-01","January 2026",1,"DTL_EDGE_002","DTL_EDGE_002_D003","die_003",3,"EDGE","COND_RT_NOM",25,1,"NOMINAL","T_INTERCONNECT_R","INTERCONNECT_RESISTANCE",18.96152851388401,"ohm","UPPER",15,"NOT_DEFINED",11,25,"NOT_UNIFORM","11.0,12.0,13.0,14.0,15.0,16.0,18.0,20.0,25.0","SYNTHETIC_ASSUMED","F",2.9479792127515223,"TESTER_A",20260115,"temporal_parametric_v1.0.0","DTL_TEMPORAL_PARAMETRIC_V1","DTL_TEMPORAL_ACTUAL_DIE_V1","DTL_TEMPORAL_POPULATION_V1"
"2026-01","January 2026",1,"DTL_EDGE_002","DTL_EDGE_002_D003","die_003",3,"EDGE","COND_RT_NOM",25,1,"NOMINAL","T_ON_R","ON_RESISTANCE",25.444112509190585,"ohm","UPPER",25,"NOT_DEFINED",18,50,"NOT_UNIFORM","18.0,20.0,22.0,25.0,28.0,30.0,35.0,40.0,50.0","SYNTHETIC_ASSUMED","F",2.9479792127515223,"TESTER_A",20260115,"temporal_parametric_v1.0.0","DTL_TEMPORAL_PARAMETRIC_V1","DTL_TEMPORAL_ACTUAL_DIE_V1","DTL_TEMPORAL_POPULATION_V1"
"2026-01","January 2026",1,"DTL_EDGE_002","DTL_EDGE_002_D003","die_003",3,"EDGE","COND_RT_NOM",25,1,"NOMINAL","T_VMIN","VMIN",0.9419964185982596,"V","UPPER",0.85,"NOT_DEFINED",0.75,1,"NOT_UNIFORM","0.75,0.78,0.8,0.82,0.85,0.88,0.9,0.92,0.95,1.0","SYNTHETIC_ASSUMED","F",2.9479792127515223,"TESTER_A",20260115,"temporal_parametric_v1.0.0","DTL_TEMPORAL_PARAMETRIC_V1","DTL_TEMPORAL_ACTUAL_DIE_V1","DTL_TEMPORAL_POPULATION_V1"
"2026-01","January 2026",1,"DTL_EDGE_002","DTL_EDGE_002_D003","die_003",3,"EDGE","COND_RT_NOM",25,1,"NOMINAL","T_VMAX","VMAX",1.0742950549873156,"V","LOWER",1.15,"NOT_DEFINED",1.05,1.25,"NOT_UNIFORM","1.05,1.08,1.1,1.12,1.15,1.18,1.2,1.22,1.25","SYNTHETIC_ASSUMED","F",2.9479792127515223,"TESTER_A",20260115,"temporal_parametric_v1.0.0","DTL_TEMPORAL_PARAMETRIC_V1","DTL_TEMPORAL_ACTUAL_DIE_V1","DTL_TEMPORAL_POPULATION_V1"
"2026-01","January 2026",1,"DTL_EDGE_002","DTL_EDGE_002_D003","die_003",3,"EDGE","COND_RT_NOM",25,1,"NOMINAL","T_IDDQ","IDDQ",67.66519237559527,"uA","UPPER",50,"NOT_DEFINED",30,100,"NOT_UNIFORM","30.0,35.0,40.0,45.0,50.0,55.0,60.0,70.0,80.0,100.0","SYNTHETIC_ASSUMED","F",2.9479792127515223,"TESTER_A",20260115,"temporal_parametric_v1.0.0","DTL_TEMPORAL_PARAMETRIC_V1","DTL_TEMPORAL_ACTUAL_DIE_V1","DTL_TEMPORAL_POPULATION_V1"
"2026-01","January 2026",1,"DTL_EDGE_002","DTL_EDGE_002_D003","die_003",3,"EDGE","COND_RT_NOM",25,1,"NOMINAL","T_SUPPLY_CURRENT","SUPPLY_CURRENT",121.16341863192284,"mA","UPPER",120,"NOT_DEFINED",90,200,"NOT_UNIFORM","90.0,100.0,110.0,120.0,130.0,140.0,150.0,170.0,200.0","SYNTHETIC_ASSUMED","F",2.9479792127515223,"TESTER_A",20260115,"temporal_parametric_v1.0.0","DTL_TEMPORAL_PARAMETRIC_V1","DTL_TEMPORAL_ACTUAL_DIE_V1","DTL_TEMPORAL_POPULATION_V1"
"2026-01","January 2026",1,"DTL_EDGE_002","DTL_EDGE_002_D003","die_003",3,"EDGE","COND_HOT_NOM",85,1,"HOT","T_CONTACT_R","CONTACT_RESISTANCE",6.279835603863741,"ohm","UPPER",5,"NOT_DEFINED",3.5,10,"NOT_UNIFORM","3.5,4.0,4.5,5.0,5.5,6.0,7.0,8.0,10.0","SYNTHETIC_ASSUMED","F",2.9479792127515223,"TESTER_A",20260115,"temporal_parametric_v1.0.0","DTL_TEMPORAL_PARAMETRIC_V1","DTL_TEMPORAL_ACTUAL_DIE_V1","DTL_TEMPORAL_POPULATION_V1"
"2026-01","January 2026",1,"DTL_EDGE_002","DTL_EDGE_002_D003","die_003",3,"EDGE","COND_HOT_NOM",85,1,"HOT","T_INTERCONNECT_R","INTERCONNECT_RESISTANCE",16.941235802652685,"ohm","UPPER",15,"NOT_DEFINED",11,25,"NOT_UNIFORM","11.0,12.0,13.0,14.0,15.0,16.0,18.0,20.0,25.0","SYNTHETIC_ASSUMED","F",2.9479792127515223,"TESTER_A",20260115,"temporal_parametric_v1.0.0","DTL_TEMPORAL_PARAMETRIC_V1","DTL_TEMPORAL_ACTUAL_DIE_V1","DTL_TEMPORAL_POPULATION_V1"
"2026-01","January 2026",1,"DTL_EDGE_002","DTL_EDGE_002_D003","die_003",3,"EDGE","COND_HOT_NOM",85,1,"HOT","T_ON_R","ON_RESISTANCE",27.956758491469653,"ohm","UPPER",25,"NOT_DEFINED",18,50,"NOT_UNIFORM","18.0,20.0,22.0,25.0,28.0,30.0,35.0,40.0,50.0","SYNTHETIC_ASSUMED","F",2.9479792127515223,"TESTER_A",20260115,"temporal_parametric_v1.0.0","DTL_TEMPORAL_PARAMETRIC_V1","DTL_TEMPORAL_ACTUAL_DIE_V1","DTL_TEMPORAL_POPULATION_V1"
"2026-01","January 2026",1,"DTL_EDGE_002","DTL_EDGE_002_D003","die_003",3,"EDGE","COND_HOT_NOM",85,1,"HOT","T_VMIN","VMIN",0.9480204892623164,"V","UPPER",0.85,"NOT_DEFINED",0.75,1,"NOT_UNIFORM","0.75,0.78,0.8,0.82,0.85,0.88,0.9,0.92,0.95,1.0","SYNTHETIC_ASSUMED","F",2.9479792127515223,"TESTER_A",20260115,"temporal_parametric_v1.0.0","DTL_TEMPORAL_PARAMETRIC_V1","DTL_TEMPORAL_ACTUAL_DIE_V1","DTL_TEMPORAL_POPULATION_V1"
"2026-01","January 2026",1,"DTL_EDGE_002","DTL_EDGE_002_D003","die_003",3,"EDGE","COND_HOT_NOM",85,1,"HOT","T_VMAX","VMAX",0.998199645084156,"V","LOWER",1.15,"NOT_DEFINED",1.05,1.25,"NOT_UNIFORM","1.05,1.08,1.1,1.12,1.15,1.18,1.2,1.22,1.25","SYNTHETIC_ASSUMED","F",2.9479792127515223,"TESTER_A",20260115,"temporal_parametric_v1.0.0","DTL_TEMPORAL_PARAMETRIC_V1","DTL_TEMPORAL_ACTUAL_DIE_V1","DTL_TEMPORAL_POPULATION_V1"
"2026-01","January 2026",1,"DTL_EDGE_002","DTL_EDGE_002_D003","die_003",3,"EDGE","COND_HOT_NOM",85,1,"HOT","T_IDDQ","IDDQ",62.480202912177646,"uA","UPPER",50,"NOT_DEFINED",30,100,"NOT_UNIFORM","30.0,35.0,40.0,45.0,50.0,55.0,60.0,70.0,80.0,100.0","SYNTHETIC_ASSUMED","F",2.9479792127515223,"TESTER_A",20260115,"temporal_parametric_v1.0.0","DTL_TEMPORAL_PARAMETRIC_V1","DTL_TEMPORAL_ACTUAL_DIE_V1","DTL_TEMPORAL_POPULATION_V1"
"2026-01","January 2026",1,"DTL_EDGE_002","DTL_EDGE_002_D003","die_003",3,"EDGE","COND_HOT_NOM",85,1,"HOT","T_SUPPLY_CURRENT","SUPPLY_CURRENT",144.40816466783056,"mA","UPPER",120,"NOT_DEFINED",90,200,"NOT_UNIFORM","90.0,100.0,110.0,120.0,130.0,140.0,150.0,170.0,200.0","SYNTHETIC_ASSUMED","F",2.9479792127515223,"TESTER_A",20260115,"temporal_parametric_v1.0.0","DTL_TEMPORAL_PARAMETRIC_V1","DTL_TEMPORAL_ACTUAL_DIE_V1","DTL_TEMPORAL_POPULATION_V1"
"2026-01","January 2026",1,"DTL_EDGE_002","DTL_EDGE_002_D003","die_003",3,"EDGE","COND_RT_LOWV",25,0.9,"LOW_VDD","T_CONTACT_R","CONTACT_RESISTANCE",6.544807700376127,"ohm","UPPER",5,"NOT_DEFINED",3.5,10,"NOT_UNIFORM","3.5,4.0,4.5,5.0,5.5,6.0,7.0,8.0,10.0","SYNTHETIC_ASSUMED","F",2.9479792127515223,"TESTER_A",20260115,"temporal_parametric_v1.0.0","DTL_TEMPORAL_PARAMETRIC_V1","DTL_TEMPORAL_ACTUAL_DIE_V1","DTL_TEMPORAL_POPULATION_V1"
"2026-01","January 2026",1,"DTL_EDGE_002","DTL_EDGE_002_D003","die_003",3,"EDGE","COND_RT_LOWV",25,0.9,"LOW_VDD","T_INTERCONNECT_R","INTERCONNECT_RESISTANCE",17.554403421953438,"ohm","UPPER",15,"NOT_DEFINED",11,25,"NOT_UNIFORM","11.0,12.0,13.0,14.0,15.0,16.0,18.0,20.0,25.0","SYNTHETIC_ASSUMED","F",2.9479792127515223,"TESTER_A",20260115,"temporal_parametric_v1.0.0","DTL_TEMPORAL_PARAMETRIC_V1","DTL_TEMPORAL_ACTUAL_DIE_V1","DTL_TEMPORAL_POPULATION_V1"
"2026-01","January 2026",1,"DTL_EDGE_002","DTL_EDGE_002_D003","die_003",3,"EDGE","COND_RT_LOWV",25,0.9,"LOW_VDD","T_ON_R","ON_RESISTANCE",28.28685841976893,"ohm","UPPER",25,"NOT_DEFINED",18,50,"NOT_UNIFORM","18.0,20.0,22.0,25.0,28.0,30.0,35.0,40.0,50.0","SYNTHETIC_ASSUMED","F",2.9479792127515223,"TESTER_A",20260115,"temporal_parametric_v1.0.0","DTL_TEMPORAL_PARAMETRIC_V1","DTL_TEMPORAL_ACTUAL_DIE_V1","DTL_TEMPORAL_POPULATION_V1"
"2026-01","January 2026",1,"DTL_EDGE_002","DTL_EDGE_002_D003","die_003",3,"EDGE","COND_RT_LOWV",25,0.9,"LOW_VDD","T_VMIN","VMIN",0.9713892775865012,"V","UPPER",0.85,"NOT_DEFINED",0.75,1,"NOT_UNIFORM","0.75,0.78,0.8,0.82,0.85,0.88,0.9,0.92,0.95,1.0","SYNTHETIC_ASSUMED","F",2.9479792127515223,"TESTER_A",20260115,"temporal_parametric_v1.0.0","DTL_TEMPORAL_PARAMETRIC_V1","DTL_TEMPORAL_ACTUAL_DIE_V1","DTL_TEMPORAL_POPULATION_V1"
"2026-01","January 2026",1,"DTL_EDGE_002","DTL_EDGE_002_D003","die_003",3,"EDGE","COND_RT_LOWV",25,0.9,"LOW_VDD","T_VMAX","VMAX",1.0787577181923558,"V","LOWER",1.15,"NOT_DEFINED",1.05,1.25,"NOT_UNIFORM","1.05,1.08,1.1,1.12,1.15,1.18,1.2,1.22,1.25","SYNTHETIC_ASSUMED","F",2.9479792127515223,"TESTER_A",20260115,"temporal_parametric_v1.0.0","DTL_TEMPORAL_PARAMETRIC_V1","DTL_TEMPORAL_ACTUAL_DIE_V1","DTL_TEMPORAL_POPULATION_V1"
"2026-01","January 2026",1,"DTL_EDGE_002","DTL_EDGE_002_D003","die_003",3,"EDGE","COND_RT_LOWV",25,0.9,"LOW_VDD","T_IDDQ","IDDQ",61.406080393392585,"uA","UPPER",50,"NOT_DEFINED",30,100,"NOT_UNIFORM","30.0,35.0,40.0,45.0,50.0,55.0,60.0,70.0,80.0,100.0","SYNTHETIC_ASSUMED","F",2.9479792127515223,"TESTER_A",20260115,"temporal_parametric_v1.0.0","DTL_TEMPORAL_PARAMETRIC_V1","DTL_TEMPORAL_ACTUAL_DIE_V1","DTL_TEMPORAL_POPULATION_V1"
"2026-01","January 2026",1,"DTL_EDGE_002","DTL_EDGE_002_D003","die_003",3,"EDGE","COND_RT_LOWV",25,0.9,"LOW_VDD","T_SUPPLY_CURRENT","SUPPLY_CURRENT",118.11709683749676,"mA","UPPER",120,"NOT_DEFINED",90,200,"NOT_UNIFORM","90.0,100.0,110.0,120.0,130.0,140.0,150.0,170.0,200.0","SYNTHETIC_ASSUMED","P",2.9479792127515223,"TESTER_A",20260115,"temporal_parametric_v1.0.0","DTL_TEMPORAL_PARAMETRIC_V1","DTL_TEMPORAL_ACTUAL_DIE_V1","DTL_TEMPORAL_POPULATION_V1"
"2026-01","January 2026",1,"DTL_EDGE_002","DTL_EDGE_002_D003","die_003",3,"EDGE","COND_HOT_HIGHV",85,1.1,"HIGH_VDD","T_CONTACT_R","CONTACT_RESISTANCE",5.274285543448632,"ohm","UPPER",5,"NOT_DEFINED",3.5,10,"NOT_UNIFORM","3.5,4.0,4.5,5.0,5.5,6.0,7.0,8.0,10.0","SYNTHETIC_ASSUMED","F",2.9479792127515223,"TESTER_A",20260115,"temporal_parametric_v1.0.0","DTL_TEMPORAL_PARAMETRIC_V1","DTL_TEMPORAL_ACTUAL_DIE_V1","DTL_TEMPORAL_POPULATION_V1"
"2026-01","January 2026",1,"DTL_EDGE_002","DTL_EDGE_002_D003","die_003",3,"EDGE","COND_HOT_HIGHV",85,1.1,"HIGH_VDD","T_INTERCONNECT_R","INTERCONNECT_RESISTANCE",16.984431016199697,"ohm","UPPER",15,"NOT_DEFINED",11,25,"NOT_UNIFORM","11.0,12.0,13.0,14.0,15.0,16.0,18.0,20.0,25.0","SYNTHETIC_ASSUMED","F",2.9479792127515223,"TESTER_A",20260115,"temporal_parametric_v1.0.0","DTL_TEMPORAL_PARAMETRIC_V1","DTL_TEMPORAL_ACTUAL_DIE_V1","DTL_TEMPORAL_POPULATION_V1"
"2026-01","January 2026",1,"DTL_EDGE_002","DTL_EDGE_002_D003","die_003",3,"EDGE","COND_HOT_HIGHV",85,1.1,"HIGH_VDD","T_ON_R","ON_RESISTANCE",30.025740672443284,"ohm","UPPER",25,"NOT_DEFINED",18,50,"NOT_UNIFORM","18.0,20.0,22.0,25.0,28.0,30.0,35.0,40.0,50.0","SYNTHETIC_ASSUMED","F",2.9479792127515223,"TESTER_A",20260115,"temporal_parametric_v1.0.0","DTL_TEMPORAL_PARAMETRIC_V1","DTL_TEMPORAL_ACTUAL_DIE_V1","DTL_TEMPORAL_POPULATION_V1"
"2026-01","January 2026",1,"DTL_EDGE_002","DTL_EDGE_002_D003","die_003",3,"EDGE","COND_HOT_HIGHV",85,1.1,"HIGH_VDD","T_VMIN","VMIN",0.963316539446599,"V","UPPER",0.85,"NOT_DEFINED",0.75,1,"NOT_UNIFORM","0.75,0.78,0.8,0.82,0.85,0.88,0.9,0.92,0.95,1.0","SYNTHETIC_ASSUMED","F",2.9479792127515223,"TESTER_A",20260115,"temporal_parametric_v1.0.0","DTL_TEMPORAL_PARAMETRIC_V1","DTL_TEMPORAL_ACTUAL_DIE_V1","DTL_TEMPORAL_POPULATION_V1"
"2026-01","January 2026",1,"DTL_EDGE_002","DTL_EDGE_002_D003","die_003",3,"EDGE","COND_HOT_HIGHV",85,1.1,"HIGH_VDD","T_VMAX","VMAX",1.116518539162879,"V","LOWER",1.15,"NOT_DEFINED",1.05,1.25,"NOT_UNIFORM","1.05,1.08,1.1,1.12,1.15,1.18,1.2,1.22,1.25","SYNTHETIC_ASSUMED","F",2.9479792127515223,"TESTER_A",20260115,"temporal_parametric_v1.0.0","DTL_TEMPORAL_PARAMETRIC_V1","DTL_TEMPORAL_ACTUAL_DIE_V1","DTL_TEMPORAL_POPULATION_V1"
"2026-01","January 2026",1,"DTL_EDGE_002","DTL_EDGE_002_D003","die_003",3,"EDGE","COND_HOT_HIGHV",85,1.1,"HIGH_VDD","T_IDDQ","IDDQ",72.52983403115287,"uA","UPPER",50,"NOT_DEFINED",30,100,"NOT_UNIFORM","30.0,35.0,40.0,45.0,50.0,55.0,60.0,70.0,80.0,100.0","SYNTHETIC_ASSUMED","F",2.9479792127515223,"TESTER_A",20260115,"temporal_parametric_v1.0.0","DTL_TEMPORAL_PARAMETRIC_V1","DTL_TEMPORAL_ACTUAL_DIE_V1","DTL_TEMPORAL_POPULATION_V1"
"2026-01","January 2026",1,"DTL_EDGE_002","DTL_EDGE_002_D003","die_003",3,"EDGE","COND_HOT_HIGHV",85,1.1,"HIGH_VDD","T_SUPPLY_CURRENT","SUPPLY_CURRENT",126.34410940622838,"mA","UPPER",120,"NOT_DEFINED",90,200,"NOT_UNIFORM","90.0,100.0,110.0,120.0,130.0,140.0,150.0,170.0,200.0","SYNTHETIC_ASSUMED","F",2.9479792127515223,"TESTER_A",20260115,"temporal_parametric_v1.0.0","DTL_TEMPORAL_PARAMETRIC_V1","DTL_TEMPORAL_ACTUAL_DIE_V1","DTL_TEMPORAL_POPULATION_V1"
"2026-01","January 2026",1,"DTL_CENTER_001","DTL_CENTER_001_D001","die_001",1,"CENTER","COND_RT_NOM",25,1,"NOMINAL","T_CONTACT_R","CONTACT_RESISTANCE",4.35047150627612,"ohm","UPPER",5,"NOT_DEFINED",3.5,10,"NOT_UNIFORM","3.5,4.0,4.5,5.0,5.5,6.0,7.0,8.0,10.0","SYNTHETIC_ASSUMED","P",1.5328455292125054,"TESTER_A",20260115,"temporal_parametric_v1.0.0","DTL_TEMPORAL_PARAMETRIC_V1","DTL_TEMPORAL_ACTUAL_DIE_V1","DTL_TEMPORAL_POPULATION_V1"
"2026-01","January 2026",1,"DTL_CENTER_001","DTL_CENTER_001_D001","die_001",1,"CENTER","COND_RT_NOM",25,1,"NOMINAL","T_INTERCONNECT_R","INTERCONNECT_RESISTANCE",12.65592350828221,"ohm","UPPER",15,"NOT_DEFINED",11,25,"NOT_UNIFORM","11.0,12.0,13.0,14.0,15.0,16.0,18.0,20.0,25.0","SYNTHETIC_ASSUMED","P",1.5328455292125054,"TESTER_A",20260115,"temporal_parametric_v1.0.0","DTL_TEMPORAL_PARAMETRIC_V1","DTL_TEMPORAL_ACTUAL_DIE_V1","DTL_TEMPORAL_POPULATION_V1"
"2026-01","January 2026",1,"DTL_CENTER_001","DTL_CENTER_001_D001","die_001",1,"CENTER","COND_RT_NOM",25,1,"NOMINAL","T_ON_R","ON_RESISTANCE",24.42053703731424,"ohm","UPPER",25,"NOT_DEFINED",18,50,"NOT_UNIFORM","18.0,20.0,22.0,25.0,28.0,30.0,35.0,40.0,50.0","SYNTHETIC_ASSUMED","P",1.5328455292125054,"TESTER_A",20260115,"temporal_parametric_v1.0.0","DTL_TEMPORAL_PARAMETRIC_V1","DTL_TEMPORAL_ACTUAL_DIE_V1","DTL_TEMPORAL_POPULATION_V1"
"2026-01","January 2026",1,"DTL_CENTER_001","DTL_CENTER_001_D001","die_001",1,"CENTER","COND_RT_NOM",25,1,"NOMINAL","T_VMIN","VMIN",0.8523108934061133,"V","UPPER",0.85,"NOT_DEFINED",0.75,1,"NOT_UNIFORM","0.75,0.78,0.8,0.82,0.85,0.88,0.9,0.92,0.95,1.0","SYNTHETIC_ASSUMED","F",1.5328455292125054,"TESTER_A",20260115,"temporal_parametric_v1.0.0","DTL_TEMPORAL_PARAMETRIC_V1","DTL_TEMPORAL_ACTUAL_DIE_V1","DTL_TEMPORAL_POPULATION_V1"
"2026-01","January 2026",1,"DTL_CENTER_001","DTL_CENTER_001_D001","die_001",1,"CENTER","COND_RT_NOM",25,1,"NOMINAL","T_VMAX","VMAX",1.1355712921886418,"V","LOWER",1.15,"NOT_DEFINED",1.05,1.25,"NOT_UNIFORM","1.05,1.08,1.1,1.12,1.15,1.18,1.2,1.22,1.25","SYNTHETIC_ASSUMED","F",1.5328455292125054,"TESTER_A",20260115,"temporal_parametric_v1.0.0","DTL_TEMPORAL_PARAMETRIC_V1","DTL_TEMPORAL_ACTUAL_DIE_V1","DTL_TEMPORAL_POPULATION_V1"
"2026-01","January 2026",1,"DTL_CENTER_001","DTL_CENTER_001_D001","die_001",1,"CENTER","COND_RT_NOM",25,1,"NOMINAL","T_IDDQ","IDDQ",50.897675712511216,"uA","UPPER",50,"NOT_DEFINED",30,100,"NOT_UNIFORM","30.0,35.0,40.0,45.0,50.0,55.0,60.0,70.0,80.0,100.0","SYNTHETIC_ASSUMED","F",1.5328455292125054,"TESTER_A",20260115,"temporal_parametric_v1.0.0","DTL_TEMPORAL_PARAMETRIC_V1","DTL_TEMPORAL_ACTUAL_DIE_V1","DTL_TEMPORAL_POPULATION_V1"
"2026-01","January 2026",1,"DTL_CENTER_001","DTL_CENTER_001_D001","die_001",1,"CENTER","COND_RT_NOM",25,1,"NOMINAL","T_SUPPLY_CURRENT","SUPPLY_CURRENT",115.6206107353597,"mA","UPPER",120,"NOT_DEFINED",90,200,"NOT_UNIFORM","90.0,100.0,110.0,120.0,130.0,140.0,150.0,170.0,200.0","SYNTHETIC_ASSUMED","P",1.5328455292125054,"TESTER_A",20260115,"temporal_parametric_v1.0.0","DTL_TEMPORAL_PARAMETRIC_V1","DTL_TEMPORAL_ACTUAL_DIE_V1","DTL_TEMPORAL_POPULATION_V1"
"2026-01","January 2026",1,"DTL_CENTER_001","DTL_CENTER_001_D001","die_001",1,"CENTER","COND_HOT_NOM",85,1,"HOT","T_CONTACT_R","CONTACT_RESISTANCE",4.901683656998742,"ohm","UPPER",5,"NOT_DEFINED",3.5,10,"NOT_UNIFORM","3.5,4.0,4.5,5.0,5.5,6.0,7.0,8.0,10.0","SYNTHETIC_ASSUMED","P",1.5328455292125054,"TESTER_A",20260115,"temporal_parametric_v1.0.0","DTL_TEMPORAL_PARAMETRIC_V1","DTL_TEMPORAL_ACTUAL_DIE_V1","DTL_TEMPORAL_POPULATION_V1"
"2026-01","January 2026",1,"DTL_CENTER_001","DTL_CENTER_001_D001","die_001",1,"CENTER","COND_HOT_NOM",85,1,"HOT","T_INTERCONNECT_R","INTERCONNECT_RESISTANCE",14.573052892291262,"ohm","UPPER",15,"NOT_DEFINED",11,25,"NOT_UNIFORM","11.0,12.0,13.0,14.0,15.0,16.0,18.0,20.0,25.0","SYNTHETIC_ASSUMED","P",1.5328455292125054,"TESTER_A",20260115,"temporal_parametric_v1.0.0","DTL_TEMPORAL_PARAMETRIC_V1","DTL_TEMPORAL_ACTUAL_DIE_V1","DTL_TEMPORAL_POPULATION_V1"
"2026-01","January 2026",1,"DTL_CENTER_001","DTL_CENTER_001_D001","die_001",1,"CENTER","COND_HOT_NOM",85,1,"HOT","T_ON_R","ON_RESISTANCE",22.379538209180744,"ohm","UPPER",25,"NOT_DEFINED",18,50,"NOT_UNIFORM","18.0,20.0,22.0,25.0,28.0,30.0,35.0,40.0,50.0","SYNTHETIC_ASSUMED","P",1.5328455292125054,"TESTER_A",20260115,"temporal_parametric_v1.0.0","DTL_TEMPORAL_PARAMETRIC_V1","DTL_TEMPORAL_ACTUAL_DIE_V1","DTL_TEMPORAL_POPULATION_V1"
"2026-01","January 2026",1,"DTL_CENTER_001","DTL_CENTER_001_D001","die_001",1,"CENTER","COND_HOT_NOM",85,1,"HOT","T_VMIN","VMIN",0.8268785506205256,"V","UPPER",0.85,"NOT_DEFINED",0.75,1,"NOT_UNIFORM","0.75,0.78,0.8,0.82,0.85,0.88,0.9,0.92,0.95,1.0","SYNTHETIC_ASSUMED","P",1.5328455292125054,"TESTER_A",20260115,"temporal_parametric_v1.0.0","DTL_TEMPORAL_PARAMETRIC_V1","DTL_TEMPORAL_ACTUAL_DIE_V1","DTL_TEMPORAL_POPULATION_V1"
"2026-01","January 2026",1,"DTL_CENTER_001","DTL_CENTER_001_D001","die_001",1,"CENTER","COND_HOT_NOM",85,1,"HOT","T_VMAX","VMAX",1.1198481272406526,"V","LOWER",1.15,"NOT_DEFINED",1.05,1.25,"NOT_UNIFORM","1.05,1.08,1.1,1.12,1.15,1.18,1.2,1.22,1.25","SYNTHETIC_ASSUMED","F",1.5328455292125054,"TESTER_A",20260115,"temporal_parametric_v1.0.0","DTL_TEMPORAL_PARAMETRIC_V1","DTL_TEMPORAL_ACTUAL_DIE_V1","DTL_TEMPORAL_POPULATION_V1"
"2026-01","January 2026",1,"DTL_CENTER_001","DTL_CENTER_001_D001","die_001",1,"CENTER","COND_HOT_NOM",85,1,"HOT","T_IDDQ","IDDQ",49.92175375362461,"uA","UPPER",50,"NOT_DEFINED",30,100,"NOT_UNIFORM","30.0,35.0,40.0,45.0,50.0,55.0,60.0,70.0,80.0,100.0","SYNTHETIC_ASSUMED","P",1.5328455292125054,"TESTER_A",20260115,"temporal_parametric_v1.0.0","DTL_TEMPORAL_PARAMETRIC_V1","DTL_TEMPORAL_ACTUAL_DIE_V1","DTL_TEMPORAL_POPULATION_V1"
"2026-01","January 2026",1,"DTL_CENTER_001","DTL_CENTER_001_D001","die_001",1,"CENTER","COND_HOT_NOM",85,1,"HOT","T_SUPPLY_CURRENT","SUPPLY_CURRENT",118.65625443177508,"mA","UPPER",120,"NOT_DEFINED",90,200,"NOT_UNIFORM","90.0,100.0,110.0,120.0,130.0,140.0,150.0,170.0,200.0","SYNTHETIC_ASSUMED","P",1.5328455292125054,"TESTER_A",20260115,"temporal_parametric_v1.0.0","DTL_TEMPORAL_PARAMETRIC_V1","DTL_TEMPORAL_ACTUAL_DIE_V1","DTL_TEMPORAL_POPULATION_V1"
"2026-01","January 2026",1,"DTL_CENTER_001","DTL_CENTER_001_D001","die_001",1,"CENTER","COND_RT_LOWV",25,0.9,"LOW_VDD","T_CONTACT_R","CONTACT_RESISTANCE",4.126794537023789,"ohm","UPPER",5,"NOT_DEFINED",3.5,10,"NOT_UNIFORM","3.5,4.0,4.5,5.0,5.5,6.0,7.0,8.0,10.0","SYNTHETIC_ASSUMED","P",1.5328455292125054,"TESTER_A",20260115,"temporal_parametric_v1.0.0","DTL_TEMPORAL_PARAMETRIC_V1","DTL_TEMPORAL_ACTUAL_DIE_V1","DTL_TEMPORAL_POPULATION_V1"
"2026-01","January 2026",1,"DTL_CENTER_001","DTL_CENTER_001_D001","die_001",1,"CENTER","COND_RT_LOWV",25,0.9,"LOW_VDD","T_INTERCONNECT_R","INTERCONNECT_RESISTANCE",14.967453123704946,"ohm","UPPER",15,"NOT_DEFINED",11,25,"NOT_UNIFORM","11.0,12.0,13.0,14.0,15.0,16.0,18.0,20.0,25.0","SYNTHETIC_ASSUMED","P",1.5328455292125054,"TESTER_A",20260115,"temporal_parametric_v1.0.0","DTL_TEMPORAL_PARAMETRIC_V1","DTL_TEMPORAL_ACTUAL_DIE_V1","DTL_TEMPORAL_POPULATION_V1"
"2026-01","January 2026",1,"DTL_CENTER_001","DTL_CENTER_001_D001","die_001",1,"CENTER","COND_RT_LOWV",25,0.9,"LOW_VDD","T_ON_R","ON_RESISTANCE",21.84197845885996,"ohm","UPPER",25,"NOT_DEFINED",18,50,"NOT_UNIFORM","18.0,20.0,22.0,25.0,28.0,30.0,35.0,40.0,50.0","SYNTHETIC_ASSUMED","P",1.5328455292125054,"TESTER_A",20260115,"temporal_parametric_v1.0.0","DTL_TEMPORAL_PARAMETRIC_V1","DTL_TEMPORAL_ACTUAL_DIE_V1","DTL_TEMPORAL_POPULATION_V1"
"2026-01","January 2026",1,"DTL_CENTER_001","DTL_CENTER_001_D001","die_001",1,"CENTER","COND_RT_LOWV",25,0.9,"LOW_VDD","T_VMIN","VMIN",0.8627363939265618,"V","UPPER",0.85,"NOT_DEFINED",0.75,1,"NOT_UNIFORM","0.75,0.78,0.8,0.82,0.85,0.88,0.9,0.92,0.95,1.0","SYNTHETIC_ASSUMED","F",1.5328455292125054,"TESTER_A",20260115,"temporal_parametric_v1.0.0","DTL_TEMPORAL_PARAMETRIC_V1","DTL_TEMPORAL_ACTUAL_DIE_V1","DTL_TEMPORAL_POPULATION_V1"
"2026-01","January 2026",1,"DTL_CENTER_001","DTL_CENTER_001_D001","die_001",1,"CENTER","COND_RT_LOWV",25,0.9,"LOW_VDD","T_VMAX","VMAX",1.1904393376833329,"V","LOWER",1.15,"NOT_DEFINED",1.05,1.25,"NOT_UNIFORM","1.05,1.08,1.1,1.12,1.15,1.18,1.2,1.22,1.25","SYNTHETIC_ASSUMED","P",1.5328455292125054,"TESTER_A",20260115,"temporal_parametric_v1.0.0","DTL_TEMPORAL_PARAMETRIC_V1","DTL_TEMPORAL_ACTUAL_DIE_V1","DTL_TEMPORAL_POPULATION_V1"
"2026-01","January 2026",1,"DTL_CENTER_001","DTL_CENTER_001_D001","die_001",1,"CENTER","COND_RT_LOWV",25,0.9,"LOW_VDD","T_IDDQ","IDDQ",44.85348250630979,"uA","UPPER",50,"NOT_DEFINED",30,100,"NOT_UNIFORM","30.0,35.0,40.0,45.0,50.0,55.0,60.0,70.0,80.0,100.0","SYNTHETIC_ASSUMED","P",1.5328455292125054,"TESTER_A",20260115,"temporal_parametric_v1.0.0","DTL_TEMPORAL_PARAMETRIC_V1","DTL_TEMPORAL_ACTUAL_DIE_V1","DTL_TEMPORAL_POPULATION_V1"
"2026-01","January 2026",1,"DTL_CENTER_001","DTL_CENTER_001_D001","die_001",1,"CENTER","COND_RT_LOWV",25,0.9,"LOW_VDD","T_SUPPLY_CURRENT","SUPPLY_CURRENT",111.81836495911618,"mA","UPPER",120,"NOT_DEFINED",90,200,"NOT_UNIFORM","90.0,100.0,110.0,120.0,130.0,140.0,150.0,170.0,200.0","SYNTHETIC_ASSUMED","P",1.5328455292125054,"TESTER_A",20260115,"temporal_parametric_v1.0.0","DTL_TEMPORAL_PARAMETRIC_V1","DTL_TEMPORAL_ACTUAL_DIE_V1","DTL_TEMPORAL_POPULATION_V1"
"2026-01","January 2026",1,"DTL_CENTER_001","DTL_CENTER_001_D001","die_001",1,"CENTER","COND_HOT_HIGHV",85,1.1,"HIGH_VDD","T_CONTACT_R","CONTACT_RESISTANCE",4.990144242272466,"ohm","UPPER",5,"NOT_DEFINED",3.5,10,"NOT_UNIFORM","3.5,4.0,4.5,5.0,5.5,6.0,7.0,8.0,10.0","SYNTHETIC_ASSUMED","P",1.5328455292125054,"TESTER_A",20260115,"temporal_parametric_v1.0.0","DTL_TEMPORAL_PARAMETRIC_V1","DTL_TEMPORAL_ACTUAL_DIE_V1","DTL_TEMPORAL_POPULATION_V1"
"2026-01","January 2026",1,"DTL_CENTER_001","DTL_CENTER_001_D001","die_001",1,"CENTER","COND_HOT_HIGHV",85,1.1,"HIGH_VDD","T_INTERCONNECT_R","INTERCONNECT_RESISTANCE",14.37067435792763,"ohm","UPPER",15,"NOT_DEFINED",11,25,"NOT_UNIFORM","11.0,12.0,13.0,14.0,15.0,16.0,18.0,20.0,25.0","SYNTHETIC_ASSUMED","P",1.5328455292125054,"TESTER_A",20260115,"temporal_parametric_v1.0.0","DTL_TEMPORAL_PARAMETRIC_V1","DTL_TEMPORAL_ACTUAL_DIE_V1","DTL_TEMPORAL_POPULATION_V1"
"2026-01","January 2026",1,"DTL_CENTER_001","DTL_CENTER_001_D001","die_001",1,"CENTER","COND_HOT_HIGHV",85,1.1,"HIGH_VDD","T_ON_R","ON_RESISTANCE",22.868590554063672,"ohm","UPPER",25,"NOT_DEFINED",18,50,"NOT_UNIFORM","18.0,20.0,22.0,25.0,28.0,30.0,35.0,40.0,50.0","SYNTHETIC_ASSUMED","P",1.5328455292125054,"TESTER_A",20260115,"temporal_parametric_v1.0.0","DTL_TEMPORAL_PARAMETRIC_V1","DTL_TEMPORAL_ACTUAL_DIE_V1","DTL_TEMPORAL_POPULATION_V1"
"2026-01","January 2026",1,"DTL_CENTER_001","DTL_CENTER_001_D001","die_001",1,"CENTER","COND_HOT_HIGHV",85,1.1,"HIGH_VDD","T_VMIN","VMIN",0.8714716548285775,"V","UPPER",0.85,"NOT_DEFINED",0.75,1,"NOT_UNIFORM","0.75,0.78,0.8,0.82,0.85,0.88,0.9,0.92,0.95,1.0","SYNTHETIC_ASSUMED","F",1.5328455292125054,"TESTER_A",20260115,"temporal_parametric_v1.0.0","DTL_TEMPORAL_PARAMETRIC_V1","DTL_TEMPORAL_ACTUAL_DIE_V1","DTL_TEMPORAL_POPULATION_V1"
"2026-01","January 2026",1,"DTL_CENTER_001","DTL_CENTER_001_D001","die_001",1,"CENTER","COND_HOT_HIGHV",85,1.1,"HIGH_VDD","T_VMAX","VMAX",1.113136837292376,"V","LOWER",1.15,"NOT_DEFINED",1.05,1.25,"NOT_UNIFORM","1.05,1.08,1.1,1.12,1.15,1.18,1.2,1.22,1.25","SYNTHETIC_ASSUMED","F",1.5328455292125054,"TESTER_A",20260115,"temporal_parametric_v1.0.0","DTL_TEMPORAL_PARAMETRIC_V1","DTL_TEMPORAL_ACTUAL_DIE_V1","DTL_TEMPORAL_POPULATION_V1"
"2026-01","January 2026",1,"DTL_CENTER_001","DTL_CENTER_001_D001","die_001",1,"CENTER","COND_HOT_HIGHV",85,1.1,"HIGH_VDD","T_IDDQ","IDDQ",52.51165287884423,"uA","UPPER",50,"NOT_DEFINED",30,100,"NOT_UNIFORM","30.0,35.0,40.0,45.0,50.0,55.0,60.0,70.0,80.0,100.0","SYNTHETIC_ASSUMED","F",1.5328455292125054,"TESTER_A",20260115,"temporal_parametric_v1.0.0","DTL_TEMPORAL_PARAMETRIC_V1","DTL_TEMPORAL_ACTUAL_DIE_V1","DTL_TEMPORAL_POPULATION_V1"
"2026-01","January 2026",1,"DTL_CENTER_001","DTL_CENTER_001_D001","die_001",1,"CENTER","COND_HOT_HIGHV",85,1.1,"HIGH_VDD","T_SUPPLY_CURRENT","SUPPLY_CURRENT",120.75570928910828,"mA","UPPER",120,"NOT_DEFINED",90,200,"NOT_UNIFORM","90.0,100.0,110.0,120.0,130.0,140.0,150.0,170.0,200.0","SYNTHETIC_ASSUMED","F",1.5328455292125054,"TESTER_A",20260115,"temporal_parametric_v1.0.0","DTL_TEMPORAL_PARAMETRIC_V1","DTL_TEMPORAL_ACTUAL_DIE_V1","DTL_TEMPORAL_POPULATION_V1"
"2026-01","January 2026",1,"DTL_CENTER_001","DTL_CENTER_001_D002","die_002",2,"CENTER","COND_RT_NOM",25,1,"NOMINAL","T_CONTACT_R","CONTACT_RESISTANCE",3.621584235601573,"ohm","UPPER",5,"NOT_DEFINED",3.5,10,"NOT_UNIFORM","3.5,4.0,4.5,5.0,5.5,6.0,7.0,8.0,10.0","SYNTHETIC_ASSUMED","P",1.0120288350547206,"TESTER_A",20260115,"temporal_parametric_v1.0.0","DTL_TEMPORAL_PARAMETRIC_V1","DTL_TEMPORAL_ACTUAL_DIE_V1","DTL_TEMPORAL_POPULATION_V1"
"2026-01","January 2026",1,"DTL_CENTER_001","DTL_CENTER_001_D002","die_002",2,"CENTER","COND_RT_NOM",25,1,"NOMINAL","T_INTERCONNECT_R","INTERCONNECT_RESISTANCE",10.45159932863835,"ohm","UPPER",15,"NOT_DEFINED",11,25,"NOT_UNIFORM","11.0,12.0,13.0,14.0,15.0,16.0,18.0,20.0,25.0","SYNTHETIC_ASSUMED","P",1.0120288350547206,"TESTER_A",20260115,"temporal_parametric_v1.0.0","DTL_TEMPORAL_PARAMETRIC_V1","DTL_TEMPORAL_ACTUAL_DIE_V1","DTL_TEMPORAL_POPULATION_V1"
"2026-01","January 2026",1,"DTL_CENTER_001","DTL_CENTER_001_D002","die_002",2,"CENTER","COND_RT_NOM",25,1,"NOMINAL","T_ON_R","ON_RESISTANCE",21.860748982905527,"ohm","UPPER",25,"NOT_DEFINED",18,50,"NOT_UNIFORM","18.0,20.0,22.0,25.0,28.0,30.0,35.0,40.0,50.0","SYNTHETIC_ASSUMED","P",1.0120288350547206,"TESTER_A",20260115,"temporal_parametric_v1.0.0","DTL_TEMPORAL_PARAMETRIC_V1","DTL_TEMPORAL_ACTUAL_DIE_V1","DTL_TEMPORAL_POPULATION_V1"
"2026-01","January 2026",1,"DTL_CENTER_001","DTL_CENTER_001_D002","die_002",2,"CENTER","COND_RT_NOM",25,1,"NOMINAL","T_VMIN","VMIN",0.8702533556083559,"V","UPPER",0.85,"NOT_DEFINED",0.75,1,"NOT_UNIFORM","0.75,0.78,0.8,0.82,0.85,0.88,0.9,0.92,0.95,1.0","SYNTHETIC_ASSUMED","F",1.0120288350547206,"TESTER_A",20260115,"temporal_parametric_v1.0.0","DTL_TEMPORAL_PARAMETRIC_V1","DTL_TEMPORAL_ACTUAL_DIE_V1","DTL_TEMPORAL_POPULATION_V1"
"2026-01","January 2026",1,"DTL_CENTER_001","DTL_CENTER_001_D002","die_002",2,"CENTER","COND_RT_NOM",25,1,"NOMINAL","T_VMAX","VMAX",1.1632690473565297,"V","LOWER",1.15,"NOT_DEFINED",1.05,1.25,"NOT_UNIFORM","1.05,1.08,1.1,1.12,1.15,1.18,1.2,1.22,1.25","SYNTHETIC_ASSUMED","P",1.0120288350547206,"TESTER_A",20260115,"temporal_parametric_v1.0.0","DTL_TEMPORAL_PARAMETRIC_V1","DTL_TEMPORAL_ACTUAL_DIE_V1","DTL_TEMPORAL_POPULATION_V1"
"2026-01","January 2026",1,"DTL_CENTER_001","DTL_CENTER_001_D002","die_002",2,"CENTER","COND_RT_NOM",25,1,"NOMINAL","T_IDDQ","IDDQ",44.219542856620095,"uA","UPPER",50,"NOT_DEFINED",30,100,"NOT_UNIFORM","30.0,35.0,40.0,45.0,50.0,55.0,60.0,70.0,80.0,100.0","SYNTHETIC_ASSUMED","P",1.0120288350547206,"TESTER_A",20260115,"temporal_parametric_v1.0.0","DTL_TEMPORAL_PARAMETRIC_V1","DTL_TEMPORAL_ACTUAL_DIE_V1","DTL_TEMPORAL_POPULATION_V1"
"2026-01","January 2026",1,"DTL_CENTER_001","DTL_CENTER_001_D002","die_002",2,"CENTER","COND_RT_NOM",25,1,"NOMINAL","T_SUPPLY_CURRENT","SUPPLY_CURRENT",99.48912148082776,"mA","UPPER",120,"NOT_DEFINED",90,200,"NOT_UNIFORM","90.0,100.0,110.0,120.0,130.0,140.0,150.0,170.0,200.0","SYNTHETIC_ASSUMED","P",1.0120288350547206,"TESTER_A",20260115,"temporal_parametric_v1.0.0","DTL_TEMPORAL_PARAMETRIC_V1","DTL_TEMPORAL_ACTUAL_DIE_V1","DTL_TEMPORAL_POPULATION_V1"
"2026-01","January 2026",1,"DTL_CENTER_001","DTL_CENTER_001_D002","die_002",2,"CENTER","COND_HOT_NOM",85,1,"HOT","T_CONTACT_R","CONTACT_RESISTANCE",4.017082836564438,"ohm","UPPER",5,"NOT_DEFINED",3.5,10,"NOT_UNIFORM","3.5,4.0,4.5,5.0,5.5,6.0,7.0,8.0,10.0","SYNTHETIC_ASSUMED","P",1.0120288350547206,"TESTER_A",20260115,"temporal_parametric_v1.0.0","DTL_TEMPORAL_PARAMETRIC_V1","DTL_TEMPORAL_ACTUAL_DIE_V1","DTL_TEMPORAL_POPULATION_V1"
"2026-01","January 2026",1,"DTL_CENTER_001","DTL_CENTER_001_D002","die_002",2,"CENTER","COND_HOT_NOM",85,1,"HOT","T_INTERCONNECT_R","INTERCONNECT_RESISTANCE",12.326737487155434,"ohm","UPPER",15,"NOT_DEFINED",11,25,"NOT_UNIFORM","11.0,12.0,13.0,14.0,15.0,16.0,18.0,20.0,25.0","SYNTHETIC_ASSUMED","P",1.0120288350547206,"TESTER_A",20260115,"temporal_parametric_v1.0.0","DTL_TEMPORAL_PARAMETRIC_V1","DTL_TEMPORAL_ACTUAL_DIE_V1","DTL_TEMPORAL_POPULATION_V1"
"2026-01","January 2026",1,"DTL_CENTER_001","DTL_CENTER_001_D002","die_002",2,"CENTER","COND_HOT_NOM",85,1,"HOT","T_ON_R","ON_RESISTANCE",24.66465956610956,"ohm","UPPER",25,"NOT_DEFINED",18,50,"NOT_UNIFORM","18.0,20.0,22.0,25.0,28.0,30.0,35.0,40.0,50.0","SYNTHETIC_ASSUMED","P",1.0120288350547206,"TESTER_A",20260115,"temporal_parametric_v1.0.0","DTL_TEMPORAL_PARAMETRIC_V1","DTL_TEMPORAL_ACTUAL_DIE_V1","DTL_TEMPORAL_POPULATION_V1"
"2026-01","January 2026",1,"DTL_CENTER_001","DTL_CENTER_001_D002","die_002",2,"CENTER","COND_HOT_NOM",85,1,"HOT","T_VMIN","VMIN",0.8530980134173902,"V","UPPER",0.85,"NOT_DEFINED",0.75,1,"NOT_UNIFORM","0.75,0.78,0.8,0.82,0.85,0.88,0.9,0.92,0.95,1.0","SYNTHETIC_ASSUMED","F",1.0120288350547206,"TESTER_A",20260115,"temporal_parametric_v1.0.0","DTL_TEMPORAL_PARAMETRIC_V1","DTL_TEMPORAL_ACTUAL_DIE_V1","DTL_TEMPORAL_POPULATION_V1"
"2026-01","January 2026",1,"DTL_CENTER_001","DTL_CENTER_001_D002","die_002",2,"CENTER","COND_HOT_NOM",85,1,"HOT","T_VMAX","VMAX",1.1016059416360628,"V","LOWER",1.15,"NOT_DEFINED",1.05,1.25,"NOT_UNIFORM","1.05,1.08,1.1,1.12,1.15,1.18,1.2,1.22,1.25","SYNTHETIC_ASSUMED","F",1.0120288350547206,"TESTER_A",20260115,"temporal_parametric_v1.0.0","DTL_TEMPORAL_PARAMETRIC_V1","DTL_TEMPORAL_ACTUAL_DIE_V1","DTL_TEMPORAL_POPULATION_V1"
"2026-01","January 2026",1,"DTL_CENTER_001","DTL_CENTER_001_D002","die_002",2,"CENTER","COND_HOT_NOM",85,1,"HOT","T_IDDQ","IDDQ",46.932793997394114,"uA","UPPER",50,"NOT_DEFINED",30,100,"NOT_UNIFORM","30.0,35.0,40.0,45.0,50.0,55.0,60.0,70.0,80.0,100.0","SYNTHETIC_ASSUMED","P",1.0120288350547206,"TESTER_A",20260115,"temporal_parametric_v1.0.0","DTL_TEMPORAL_PARAMETRIC_V1","DTL_TEMPORAL_ACTUAL_DIE_V1","DTL_TEMPORAL_POPULATION_V1"
"2026-01","January 2026",1,"DTL_CENTER_001","DTL_CENTER_001_D002","die_002",2,"CENTER","COND_HOT_NOM",85,1,"HOT","T_SUPPLY_CURRENT","SUPPLY_CURRENT",114.76103092073431,"mA","UPPER",120,"NOT_DEFINED",90,200,"NOT_UNIFORM","90.0,100.0,110.0,120.0,130.0,140.0,150.0,170.0,200.0","SYNTHETIC_ASSUMED","P",1.0120288350547206,"TESTER_A",20260115,"temporal_parametric_v1.0.0","DTL_TEMPORAL_PARAMETRIC_V1","DTL_TEMPORAL_ACTUAL_DIE_V1","DTL_TEMPORAL_POPULATION_V1"
"2026-01","January 2026",1,"DTL_CENTER_001","DTL_CENTER_001_D002","die_002",2,"CENTER","COND_RT_LOWV",25,0.9,"LOW_VDD","T_CONTACT_R","CONTACT_RESISTANCE",4.314008026181731,"ohm","UPPER",5,"NOT_DEFINED",3.5,10,"NOT_UNIFORM","3.5,4.0,4.5,5.0,5.5,6.0,7.0,8.0,10.0","SYNTHETIC_ASSUMED","P",1.0120288350547206,"TESTER_A",20260115,"temporal_parametric_v1.0.0","DTL_TEMPORAL_PARAMETRIC_V1","DTL_TEMPORAL_ACTUAL_DIE_V1","DTL_TEMPORAL_POPULATION_V1"
"2026-01","January 2026",1,"DTL_CENTER_001","DTL_CENTER_001_D002","die_002",2,"CENTER","COND_RT_LOWV",25,0.9,"LOW_VDD","T_INTERCONNECT_R","INTERCONNECT_RESISTANCE",13.187442137205254,"ohm","UPPER",15,"NOT_DEFINED",11,25,"NOT_UNIFORM","11.0,12.0,13.0,14.0,15.0,16.0,18.0,20.0,25.0","SYNTHETIC_ASSUMED","P",1.0120288350547206,"TESTER_A",20260115,"temporal_parametric_v1.0.0","DTL_TEMPORAL_PARAMETRIC_V1","DTL_TEMPORAL_ACTUAL_DIE_V1","DTL_TEMPORAL_POPULATION_V1"
"2026-01","January 2026",1,"DTL_CENTER_001","DTL_CENTER_001_D002","die_002",2,"CENTER","COND_RT_LOWV",25,0.9,"LOW_VDD","T_ON_R","ON_RESISTANCE",21.82451444290417,"ohm","UPPER",25,"NOT_DEFINED",18,50,"NOT_UNIFORM","18.0,20.0,22.0,25.0,28.0,30.0,35.0,40.0,50.0","SYNTHETIC_ASSUMED","P",1.0120288350547206,"TESTER_A",20260115,"temporal_parametric_v1.0.0","DTL_TEMPORAL_PARAMETRIC_V1","DTL_TEMPORAL_ACTUAL_DIE_V1","DTL_TEMPORAL_POPULATION_V1"
"2026-01","January 2026",1,"DTL_CENTER_001","DTL_CENTER_001_D002","die_002",2,"CENTER","COND_RT_LOWV",25,0.9,"LOW_VDD","T_VMIN","VMIN",0.822058581474408,"V","UPPER",0.85,"NOT_DEFINED",0.75,1,"NOT_UNIFORM","0.75,0.78,0.8,0.82,0.85,0.88,0.9,0.92,0.95,1.0","SYNTHETIC_ASSUMED","P",1.0120288350547206,"TESTER_A",20260115,"temporal_parametric_v1.0.0","DTL_TEMPORAL_PARAMETRIC_V1","DTL_TEMPORAL_ACTUAL_DIE_V1","DTL_TEMPORAL_POPULATION_V1"
"2026-01","January 2026",1,"DTL_CENTER_001","DTL_CENTER_001_D002","die_002",2,"CENTER","COND_RT_LOWV",25,0.9,"LOW_VDD","T_VMAX","VMAX",1.1944479504316992,"V","LOWER",1.15,"NOT_DEFINED",1.05,1.25,"NOT_UNIFORM","1.05,1.08,1.1,1.12,1.15,1.18,1.2,1.22,1.25","SYNTHETIC_ASSUMED","P",1.0120288350547206,"TESTER_A",20260115,"temporal_parametric_v1.0.0","DTL_TEMPORAL_PARAMETRIC_V1","DTL_TEMPORAL_ACTUAL_DIE_V1","DTL_TEMPORAL_POPULATION_V1"
"2026-01","January 2026",1,"DTL_CENTER_001","DTL_CENTER_001_D002","die_002",2,"CENTER","COND_RT_LOWV",25,0.9,"LOW_VDD","T_IDDQ","IDDQ",38.677676149040416,"uA","UPPER",50,"NOT_DEFINED",30,100,"NOT_UNIFORM","30.0,35.0,40.0,45.0,50.0,55.0,60.0,70.0,80.0,100.0","SYNTHETIC_ASSUMED","P",1.0120288350547206,"TESTER_A",20260115,"temporal_parametric_v1.0.0","DTL_TEMPORAL_PARAMETRIC_V1","DTL_TEMPORAL_ACTUAL_DIE_V1","DTL_TEMPORAL_POPULATION_V1"
"2026-01","January 2026",1,"DTL_CENTER_001","DTL_CENTER_001_D002","die_002",2,"CENTER","COND_RT_LOWV",25,0.9,"LOW_VDD","T_SUPPLY_CURRENT","SUPPLY_CURRENT",106.80412197802218,"mA","UPPER",120,"NOT_DEFINED",90,200,"NOT_UNIFORM","90.0,100.0,110.0,120.0,130.0,140.0,150.0,170.0,200.0","SYNTHETIC_ASSUMED","P",1.0120288350547206,"TESTER_A",20260115,"temporal_parametric_v1.0.0","DTL_TEMPORAL_PARAMETRIC_V1","DTL_TEMPORAL_ACTUAL_DIE_V1","DTL_TEMPORAL_POPULATION_V1"
"2026-01","January 2026",1,"DTL_CENTER_001","DTL_CENTER_001_D002","die_002",2,"CENTER","COND_HOT_HIGHV",85,1.1,"HIGH_VDD","T_CONTACT_R","CONTACT_RESISTANCE",3.5576186120159803,"ohm","UPPER",5,"NOT_DEFINED",3.5,10,"NOT_UNIFORM","3.5,4.0,4.5,5.0,5.5,6.0,7.0,8.0,10.0","SYNTHETIC_ASSUMED","P",1.0120288350547206,"TESTER_A",20260115,"temporal_parametric_v1.0.0","DTL_TEMPORAL_PARAMETRIC_V1","DTL_TEMPORAL_ACTUAL_DIE_V1","DTL_TEMPORAL_POPULATION_V1"
"2026-01","January 2026",1,"DTL_CENTER_001","DTL_CENTER_001_D002","die_002",2,"CENTER","COND_HOT_HIGHV",85,1.1,"HIGH_VDD","T_INTERCONNECT_R","INTERCONNECT_RESISTANCE",12.298794848509084,"ohm","UPPER",15,"NOT_DEFINED",11,25,"NOT_UNIFORM","11.0,12.0,13.0,14.0,15.0,16.0,18.0,20.0,25.0","SYNTHETIC_ASSUMED","P",1.0120288350547206,"TESTER_A",20260115,"temporal_parametric_v1.0.0","DTL_TEMPORAL_PARAMETRIC_V1","DTL_TEMPORAL_ACTUAL_DIE_V1","DTL_TEMPORAL_POPULATION_V1"
"2026-01","January 2026",1,"DTL_CENTER_001","DTL_CENTER_001_D002","die_002",2,"CENTER","COND_HOT_HIGHV",85,1.1,"HIGH_VDD","T_ON_R","ON_RESISTANCE",21.22847027781248,"ohm","UPPER",25,"NOT_DEFINED",18,50,"NOT_UNIFORM","18.0,20.0,22.0,25.0,28.0,30.0,35.0,40.0,50.0","SYNTHETIC_ASSUMED","P",1.0120288350547206,"TESTER_A",20260115,"temporal_parametric_v1.0.0","DTL_TEMPORAL_PARAMETRIC_V1","DTL_TEMPORAL_ACTUAL_DIE_V1","DTL_TEMPORAL_POPULATION_V1"
"2026-01","January 2026",1,"DTL_CENTER_001","DTL_CENTER_001_D002","die_002",2,"CENTER","COND_HOT_HIGHV",85,1.1,"HIGH_VDD","T_VMIN","VMIN",0.786534765357572,"V","UPPER",0.85,"NOT_DEFINED",0.75,1,"NOT_UNIFORM","0.75,0.78,0.8,0.82,0.85,0.88,0.9,0.92,0.95,1.0","SYNTHETIC_ASSUMED","P",1.0120288350547206,"TESTER_A",20260115,"temporal_parametric_v1.0.0","DTL_TEMPORAL_PARAMETRIC_V1","DTL_TEMPORAL_ACTUAL_DIE_V1","DTL_TEMPORAL_POPULATION_V1"
"2026-01","January 2026",1,"DTL_CENTER_001","DTL_CENTER_001_D002","die_002",2,"CENTER","COND_HOT_HIGHV",85,1.1,"HIGH_VDD","T_VMAX","VMAX",1.1958242502012104,"V","LOWER",1.15,"NOT_DEFINED",1.05,1.25,"NOT_UNIFORM","1.05,1.08,1.1,1.12,1.15,1.18,1.2,1.22,1.25","SYNTHETIC_ASSUMED","P",1.0120288350547206,"TESTER_A",20260115,"temporal_parametric_v1.0.0","DTL_TEMPORAL_PARAMETRIC_V1","DTL_TEMPORAL_ACTUAL_DIE_V1","DTL_TEMPORAL_POPULATION_V1"
"2026-01","January 2026",1,"DTL_CENTER_001","DTL_CENTER_001_D002","die_002",2,"CENTER","COND_HOT_HIGHV",85,1.1,"HIGH_VDD","T_IDDQ","IDDQ",53.55724187129056,"uA","UPPER",50,"NOT_DEFINED",30,100,"NOT_UNIFORM","30.0,35.0,40.0,45.0,50.0,55.0,60.0,70.0,80.0,100.0","SYNTHETIC_ASSUMED","F",1.0120288350547206,"TESTER_A",20260115,"temporal_parametric_v1.0.0","DTL_TEMPORAL_PARAMETRIC_V1","DTL_TEMPORAL_ACTUAL_DIE_V1","DTL_TEMPORAL_POPULATION_V1"
"2026-01","January 2026",1,"DTL_CENTER_001","DTL_CENTER_001_D002","die_002",2,"CENTER","COND_HOT_HIGHV",85,1.1,"HIGH_VDD","T_SUPPLY_CURRENT","SUPPLY_CURRENT",114.48517907280076,"mA","UPPER",120,"NOT_DEFINED",90,200,"NOT_UNIFORM","90.0,100.0,110.0,120.0,130.0,140.0,150.0,170.0,200.0","SYNTHETIC_ASSUMED","P",1.0120288350547206,"TESTER_A",20260115,"temporal_parametric_v1.0.0","DTL_TEMPORAL_PARAMETRIC_V1","DTL_TEMPORAL_ACTUAL_DIE_V1","DTL_TEMPORAL_POPULATION_V1"
"2026-01","January 2026",1,"DTL_CENTER_001","DTL_CENTER_001_D003","die_003",3,"CENTER","COND_RT_NOM",25,1,"NOMINAL","T_CONTACT_R","CONTACT_RESISTANCE",4.230385857361994,"ohm","UPPER",5,"NOT_DEFINED",3.5,10,"NOT_UNIFORM","3.5,4.0,4.5,5.0,5.5,6.0,7.0,8.0,10.0","SYNTHETIC_ASSUMED","P",1.2342427929351785,"TESTER_A",20260115,"temporal_parametric_v1.0.0","DTL_TEMPORAL_PARAMETRIC_V1","DTL_TEMPORAL_ACTUAL_DIE_V1","DTL_TEMPORAL_POPULATION_V1"
"2026-01","January 2026",1,"DTL_CENTER_001","DTL_CENTER_001_D003","die_003",3,"CENTER","COND_RT_NOM",25,1,"NOMINAL","T_INTERCONNECT_R","INTERCONNECT_RESISTANCE",12.182642962806424,"ohm","UPPER",15,"NOT_DEFINED",11,25,"NOT_UNIFORM","11.0,12.0,13.0,14.0,15.0,16.0,18.0,20.0,25.0","SYNTHETIC_ASSUMED","P",1.2342427929351785,"TESTER_A",20260115,"temporal_parametric_v1.0.0","DTL_TEMPORAL_PARAMETRIC_V1","DTL_TEMPORAL_ACTUAL_DIE_V1","DTL_TEMPORAL_POPULATION_V1"
"2026-01","January 2026",1,"DTL_CENTER_001","DTL_CENTER_001_D003","die_003",3,"CENTER","COND_RT_NOM",25,1,"NOMINAL","T_ON_R","ON_RESISTANCE",23.887467573089875,"ohm","UPPER",25,"NOT_DEFINED",18,50,"NOT_UNIFORM","18.0,20.0,22.0,25.0,28.0,30.0,35.0,40.0,50.0","SYNTHETIC_ASSUMED","P",1.2342427929351785,"TESTER_A",20260115,"temporal_parametric_v1.0.0","DTL_TEMPORAL_PARAMETRIC_V1","DTL_TEMPORAL_ACTUAL_DIE_V1","DTL_TEMPORAL_POPULATION_V1"
"2026-01","January 2026",1,"DTL_CENTER_001","DTL_CENTER_001_D003","die_003",3,"CENTER","COND_RT_NOM",25,1,"NOMINAL","T_VMIN","VMIN",0.8060991864943648,"V","UPPER",0.85,"NOT_DEFINED",0.75,1,"NOT_UNIFORM","0.75,0.78,0.8,0.82,0.85,0.88,0.9,0.92,0.95,1.0","SYNTHETIC_ASSUMED","P",1.2342427929351785,"TESTER_A",20260115,"temporal_parametric_v1.0.0","DTL_TEMPORAL_PARAMETRIC_V1","DTL_TEMPORAL_ACTUAL_DIE_V1","DTL_TEMPORAL_POPULATION_V1"
"2026-01","January 2026",1,"DTL_CENTER_001","DTL_CENTER_001_D003","die_003",3,"CENTER","COND_RT_NOM",25,1,"NOMINAL","T_VMAX","VMAX",1.1295532386518172,"V","LOWER",1.15,"NOT_DEFINED",1.05,1.25,"NOT_UNIFORM","1.05,1.08,1.1,1.12,1.15,1.18,1.2,1.22,1.25","SYNTHETIC_ASSUMED","F",1.2342427929351785,"TESTER_A",20260115,"temporal_parametric_v1.0.0","DTL_TEMPORAL_PARAMETRIC_V1","DTL_TEMPORAL_ACTUAL_DIE_V1","DTL_TEMPORAL_POPULATION_V1"
"2026-01","January 2026",1,"DTL_CENTER_001","DTL_CENTER_001_D003","die_003",3,"CENTER","COND_RT_NOM",25,1,"NOMINAL","T_IDDQ","IDDQ",41.49676860021617,"uA","UPPER",50,"NOT_DEFINED",30,100,"NOT_UNIFORM","30.0,35.0,40.0,45.0,50.0,55.0,60.0,70.0,80.0,100.0","SYNTHETIC_ASSUMED","P",1.2342427929351785,"TESTER_A",20260115,"temporal_parametric_v1.0.0","DTL_TEMPORAL_PARAMETRIC_V1","DTL_TEMPORAL_ACTUAL_DIE_V1","DTL_TEMPORAL_POPULATION_V1"
"2026-01","January 2026",1,"DTL_CENTER_001","DTL_CENTER_001_D003","die_003",3,"CENTER","COND_RT_NOM",25,1,"NOMINAL","T_SUPPLY_CURRENT","SUPPLY_CURRENT",108.897114782812,"mA","UPPER",120,"NOT_DEFINED",90,200,"NOT_UNIFORM","90.0,100.0,110.0,120.0,130.0,140.0,150.0,170.0,200.0","SYNTHETIC_ASSUMED","P",1.2342427929351785,"TESTER_A",20260115,"temporal_parametric_v1.0.0","DTL_TEMPORAL_PARAMETRIC_V1","DTL_TEMPORAL_ACTUAL_DIE_V1","DTL_TEMPORAL_POPULATION_V1"
"2026-01","January 2026",1,"DTL_CENTER_001","DTL_CENTER_001_D003","die_003",3,"CENTER","COND_HOT_NOM",85,1,"HOT","T_CONTACT_R","CONTACT_RESISTANCE",4.053525693334454,"ohm","UPPER",5,"NOT_DEFINED",3.5,10,"NOT_UNIFORM","3.5,4.0,4.5,5.0,5.5,6.0,7.0,8.0,10.0","SYNTHETIC_ASSUMED","P",1.2342427929351785,"TESTER_A",20260115,"temporal_parametric_v1.0.0","DTL_TEMPORAL_PARAMETRIC_V1","DTL_TEMPORAL_ACTUAL_DIE_V1","DTL_TEMPORAL_POPULATION_V1"
"2026-01","January 2026",1,"DTL_CENTER_001","DTL_CENTER_001_D003","die_003",3,"CENTER","COND_HOT_NOM",85,1,"HOT","T_INTERCONNECT_R","INTERCONNECT_RESISTANCE",11.568419276978092,"ohm","UPPER",15,"NOT_DEFINED",11,25,"NOT_UNIFORM","11.0,12.0,13.0,14.0,15.0,16.0,18.0,20.0,25.0","SYNTHETIC_ASSUMED","P",1.2342427929351785,"TESTER_A",20260115,"temporal_parametric_v1.0.0","DTL_TEMPORAL_PARAMETRIC_V1","DTL_TEMPORAL_ACTUAL_DIE_V1","DTL_TEMPORAL_POPULATION_V1"
"2026-01","January 2026",1,"DTL_CENTER_001","DTL_CENTER_001_D003","die_003",3,"CENTER","COND_HOT_NOM",85,1,"HOT","T_ON_R","ON_RESISTANCE",22.89704389078824,"ohm","UPPER",25,"NOT_DEFINED",18,50,"NOT_UNIFORM","18.0,20.0,22.0,25.0,28.0,30.0,35.0,40.0,50.0","SYNTHETIC_ASSUMED","P",1.2342427929351785,"TESTER_A",20260115,"temporal_parametric_v1.0.0","DTL_TEMPORAL_PARAMETRIC_V1","DTL_TEMPORAL_ACTUAL_DIE_V1","DTL_TEMPORAL_POPULATION_V1"
"2026-01","January 2026",1,"DTL_CENTER_001","DTL_CENTER_001_D003","die_003",3,"CENTER","COND_HOT_NOM",85,1,"HOT","T_VMIN","VMIN",0.8531816280353978,"V","UPPER",0.85,"NOT_DEFINED",0.75,1,"NOT_UNIFORM","0.75,0.78,0.8,0.82,0.85,0.88,0.9,0.92,0.95,1.0","SYNTHETIC_ASSUMED","F",1.2342427929351785,"TESTER_A",20260115,"temporal_parametric_v1.0.0","DTL_TEMPORAL_PARAMETRIC_V1","DTL_TEMPORAL_ACTUAL_DIE_V1","DTL_TEMPORAL_POPULATION_V1"
"2026-01","January 2026",1,"DTL_CENTER_001","DTL_CENTER_001_D003","die_003",3,"CENTER","COND_HOT_NOM",85,1,"HOT","T_VMAX","VMAX",1.17983781435556,"V","LOWER",1.15,"NOT_DEFINED",1.05,1.25,"NOT_UNIFORM","1.05,1.08,1.1,1.12,1.15,1.18,1.2,1.22,1.25","SYNTHETIC_ASSUMED","P",1.2342427929351785,"TESTER_A",20260115,"temporal_parametric_v1.0.0","DTL_TEMPORAL_PARAMETRIC_V1","DTL_TEMPORAL_ACTUAL_DIE_V1","DTL_TEMPORAL_POPULATION_V1"
"2026-01","January 2026",1,"DTL_CENTER_001","DTL_CENTER_001_D003","die_003",3,"CENTER","COND_HOT_NOM",85,1,"HOT","T_IDDQ","IDDQ",51.3046704168659,"uA","UPPER",50,"NOT_DEFINED",30,100,"NOT_UNIFORM","30.0,35.0,40.0,45.0,50.0,55.0,60.0,70.0,80.0,100.0","SYNTHETIC_ASSUMED","F",1.2342427929351785,"TESTER_A",20260115,"temporal_parametric_v1.0.0","DTL_TEMPORAL_PARAMETRIC_V1","DTL_TEMPORAL_ACTUAL_DIE_V1","DTL_TEMPORAL_POPULATION_V1"
"2026-01","January 2026",1,"DTL_CENTER_001","DTL_CENTER_001_D003","die_003",3,"CENTER","COND_HOT_NOM",85,1,"HOT","T_SUPPLY_CURRENT","SUPPLY_CURRENT",102.97290022438712,"mA","UPPER",120,"NOT_DEFINED",90,200,"NOT_UNIFORM","90.0,100.0,110.0,120.0,130.0,140.0,150.0,170.0,200.0","SYNTHETIC_ASSUMED","P",1.2342427929351785,"TESTER_A",20260115,"temporal_parametric_v1.0.0","DTL_TEMPORAL_PARAMETRIC_V1","DTL_TEMPORAL_ACTUAL_DIE_V1","DTL_TEMPORAL_POPULATION_V1"
"2026-01","January 2026",1,"DTL_CENTER_001","DTL_CENTER_001_D003","die_003",3,"CENTER","COND_RT_LOWV",25,0.9,"LOW_VDD","T_CONTACT_R","CONTACT_RESISTANCE",4.764523962358837,"ohm","UPPER",5,"NOT_DEFINED",3.5,10,"NOT_UNIFORM","3.5,4.0,4.5,5.0,5.5,6.0,7.0,8.0,10.0","SYNTHETIC_ASSUMED","P",1.2342427929351785,"TESTER_A",20260115,"temporal_parametric_v1.0.0","DTL_TEMPORAL_PARAMETRIC_V1","DTL_TEMPORAL_ACTUAL_DIE_V1","DTL_TEMPORAL_POPULATION_V1"
"2026-01","January 2026",1,"DTL_CENTER_001","DTL_CENTER_001_D003","die_003",3,"CENTER","COND_RT_LOWV",25,0.9,"LOW_VDD","T_INTERCONNECT_R","INTERCONNECT_RESISTANCE",10.959274289314996,"ohm","UPPER",15,"NOT_DEFINED",11,25,"NOT_UNIFORM","11.0,12.0,13.0,14.0,15.0,16.0,18.0,20.0,25.0","SYNTHETIC_ASSUMED","P",1.2342427929351785,"TESTER_A",20260115,"temporal_parametric_v1.0.0","DTL_TEMPORAL_PARAMETRIC_V1","DTL_TEMPORAL_ACTUAL_DIE_V1","DTL_TEMPORAL_POPULATION_V1"
"2026-01","January 2026",1,"DTL_CENTER_001","DTL_CENTER_001_D003","die_003",3,"CENTER","COND_RT_LOWV",25,0.9,"LOW_VDD","T_ON_R","ON_RESISTANCE",22.47546719389622,"ohm","UPPER",25,"NOT_DEFINED",18,50,"NOT_UNIFORM","18.0,20.0,22.0,25.0,28.0,30.0,35.0,40.0,50.0","SYNTHETIC_ASSUMED","P",1.2342427929351785,"TESTER_A",20260115,"temporal_parametric_v1.0.0","DTL_TEMPORAL_PARAMETRIC_V1","DTL_TEMPORAL_ACTUAL_DIE_V1","DTL_TEMPORAL_POPULATION_V1"
"2026-01","January 2026",1,"DTL_CENTER_001","DTL_CENTER_001_D003","die_003",3,"CENTER","COND_RT_LOWV",25,0.9,"LOW_VDD","T_VMIN","VMIN",0.8640425582585872,"V","UPPER",0.85,"NOT_DEFINED",0.75,1,"NOT_UNIFORM","0.75,0.78,0.8,0.82,0.85,0.88,0.9,0.92,0.95,1.0","SYNTHETIC_ASSUMED","F",1.2342427929351785,"TESTER_A",20260115,"temporal_parametric_v1.0.0","DTL_TEMPORAL_PARAMETRIC_V1","DTL_TEMPORAL_ACTUAL_DIE_V1","DTL_TEMPORAL_POPULATION_V1"
"2026-01","January 2026",1,"DTL_CENTER_001","DTL_CENTER_001_D003","die_003",3,"CENTER","COND_RT_LOWV",25,0.9,"LOW_VDD","T_VMAX","VMAX",1.2009452163761722,"V","LOWER",1.15,"NOT_DEFINED",1.05,1.25,"NOT_UNIFORM","1.05,1.08,1.1,1.12,1.15,1.18,1.2,1.22,1.25","SYNTHETIC_ASSUMED","P",1.2342427929351785,"TESTER_A",20260115,"temporal_parametric_v1.0.0","DTL_TEMPORAL_PARAMETRIC_V1","DTL_TEMPORAL_ACTUAL_DIE_V1","DTL_TEMPORAL_POPULATION_V1"
"2026-01","January 2026",1,"DTL_CENTER_001","DTL_CENTER_001_D003","die_003",3,"CENTER","COND_RT_LOWV",25,0.9,"LOW_VDD","T_IDDQ","IDDQ",40.64060594875489,"uA","UPPER",50,"NOT_DEFINED",30,100,"NOT_UNIFORM","30.0,35.0,40.0,45.0,50.0,55.0,60.0,70.0,80.0,100.0","SYNTHETIC_ASSUMED","P",1.2342427929351785,"TESTER_A",20260115,"temporal_parametric_v1.0.0","DTL_TEMPORAL_PARAMETRIC_V1","DTL_TEMPORAL_ACTUAL_DIE_V1","DTL_TEMPORAL_POPULATION_V1"
"2026-01","January 2026",1,"DTL_CENTER_001","DTL_CENTER_001_D003","die_003",3,"CENTER","COND_RT_LOWV",25,0.9,"LOW_VDD","T_SUPPLY_CURRENT","SUPPLY_CURRENT",104.31515257381628,"mA","UPPER",120,"NOT_DEFINED",90,200,"NOT_UNIFORM","90.0,100.0,110.0,120.0,130.0,140.0,150.0,170.0,200.0","SYNTHETIC_ASSUMED","P",1.2342427929351785,"TESTER_A",20260115,"temporal_parametric_v1.0.0","DTL_TEMPORAL_PARAMETRIC_V1","DTL_TEMPORAL_ACTUAL_DIE_V1","DTL_TEMPORAL_POPULATION_V1"
"2026-01","January 2026",1,"DTL_CENTER_001","DTL_CENTER_001_D003","die_003",3,"CENTER","COND_HOT_HIGHV",85,1.1,"HIGH_VDD","T_CONTACT_R","CONTACT_RESISTANCE",4.57461672532735,"ohm","UPPER",5,"NOT_DEFINED",3.5,10,"NOT_UNIFORM","3.5,4.0,4.5,5.0,5.5,6.0,7.0,8.0,10.0","SYNTHETIC_ASSUMED","P",1.2342427929351785,"TESTER_A",20260115,"temporal_parametric_v1.0.0","DTL_TEMPORAL_PARAMETRIC_V1","DTL_TEMPORAL_ACTUAL_DIE_V1","DTL_TEMPORAL_POPULATION_V1"
"2026-01","January 2026",1,"DTL_CENTER_001","DTL_CENTER_001_D003","die_003",3,"CENTER","COND_HOT_HIGHV",85,1.1,"HIGH_VDD","T_INTERCONNECT_R","INTERCONNECT_RESISTANCE",13.362107677989895,"ohm","UPPER",15,"NOT_DEFINED",11,25,"NOT_UNIFORM","11.0,12.0,13.0,14.0,15.0,16.0,18.0,20.0,25.0","SYNTHETIC_ASSUMED","P",1.2342427929351785,"TESTER_A",20260115,"temporal_parametric_v1.0.0","DTL_TEMPORAL_PARAMETRIC_V1","DTL_TEMPORAL_ACTUAL_DIE_V1","DTL_TEMPORAL_POPULATION_V1"
"2026-01","January 2026",1,"DTL_CENTER_001","DTL_CENTER_001_D003","die_003",3,"CENTER","COND_HOT_HIGHV",85,1.1,"HIGH_VDD","T_ON_R","ON_RESISTANCE",23.63546267465109,"ohm","UPPER",25,"NOT_DEFINED",18,50,"NOT_UNIFORM","18.0,20.0,22.0,25.0,28.0,30.0,35.0,40.0,50.0","SYNTHETIC_ASSUMED","P",1.2342427929351785,"TESTER_A",20260115,"temporal_parametric_v1.0.0","DTL_TEMPORAL_PARAMETRIC_V1","DTL_TEMPORAL_ACTUAL_DIE_V1","DTL_TEMPORAL_POPULATION_V1"
"2026-01","January 2026",1,"DTL_CENTER_001","DTL_CENTER_001_D003","die_003",3,"CENTER","COND_HOT_HIGHV",85,1.1,"HIGH_VDD","T_VMIN","VMIN",0.8463146712268459,"V","UPPER",0.85,"NOT_DEFINED",0.75,1,"NOT_UNIFORM","0.75,0.78,0.8,0.82,0.85,0.88,0.9,0.92,0.95,1.0","SYNTHETIC_ASSUMED","P",1.2342427929351785,"TESTER_A",20260115,"temporal_parametric_v1.0.0","DTL_TEMPORAL_PARAMETRIC_V1","DTL_TEMPORAL_ACTUAL_DIE_V1","DTL_TEMPORAL_POPULATION_V1"
"2026-01","January 2026",1,"DTL_CENTER_001","DTL_CENTER_001_D003","die_003",3,"CENTER","COND_HOT_HIGHV",85,1.1,"HIGH_VDD","T_VMAX","VMAX",1.1647548708042854,"V","LOWER",1.15,"NOT_DEFINED",1.05,1.25,"NOT_UNIFORM","1.05,1.08,1.1,1.12,1.15,1.18,1.2,1.22,1.25","SYNTHETIC_ASSUMED","P",1.2342427929351785,"TESTER_A",20260115,"temporal_parametric_v1.0.0","DTL_TEMPORAL_PARAMETRIC_V1","DTL_TEMPORAL_ACTUAL_DIE_V1","DTL_TEMPORAL_POPULATION_V1"
"2026-01","January 2026",1,"DTL_CENTER_001","DTL_CENTER_001_D003","die_003",3,"CENTER","COND_HOT_HIGHV",85,1.1,"HIGH_VDD","T_IDDQ","IDDQ",55.01604838987544,"uA","UPPER",50,"NOT_DEFINED",30,100,"NOT_UNIFORM","30.0,35.0,40.0,45.0,50.0,55.0,60.0,70.0,80.0,100.0","SYNTHETIC_ASSUMED","F",1.2342427929351785,"TESTER_A",20260115,"temporal_parametric_v1.0.0","DTL_TEMPORAL_PARAMETRIC_V1","DTL_TEMPORAL_ACTUAL_DIE_V1","DTL_TEMPORAL_POPULATION_V1"
"2026-01","January 2026",1,"DTL_CENTER_001","DTL_CENTER_001_D003","die_003",3,"CENTER","COND_HOT_HIGHV",85,1.1,"HIGH_VDD","T_SUPPLY_CURRENT","SUPPLY_CURRENT",128.20148132239103,"mA","UPPER",120,"NOT_DEFINED",90,200,"NOT_UNIFORM","90.0,100.0,110.0,120.0,130.0,140.0,150.0,170.0,200.0","SYNTHETIC_ASSUMED","F",1.2342427929351785,"TESTER_A",20260115,"temporal_parametric_v1.0.0","DTL_TEMPORAL_PARAMETRIC_V1","DTL_TEMPORAL_ACTUAL_DIE_V1","DTL_TEMPORAL_POPULATION_V1"
"2026-01","January 2026",1,"DTL_CENTER_002","DTL_CENTER_002_D001","die_001",1,"CENTER","COND_RT_NOM",25,1,"NOMINAL","T_CONTACT_R","CONTACT_RESISTANCE",4.961313231454997,"ohm","UPPER",5,"NOT_DEFINED",3.5,10,"NOT_UNIFORM","3.5,4.0,4.5,5.0,5.5,6.0,7.0,8.0,10.0","SYNTHETIC_ASSUMED","P",1.7463573310877656,"TESTER_A",20260115,"temporal_parametric_v1.0.0","DTL_TEMPORAL_PARAMETRIC_V1","DTL_TEMPORAL_ACTUAL_DIE_V1","DTL_TEMPORAL_POPULATION_V1"
"2026-01","January 2026",1,"DTL_CENTER_002","DTL_CENTER_002_D001","die_001",1,"CENTER","COND_RT_NOM",25,1,"NOMINAL","T_INTERCONNECT_R","INTERCONNECT_RESISTANCE",13.374650621873402,"ohm","UPPER",15,"NOT_DEFINED",11,25,"NOT_UNIFORM","11.0,12.0,13.0,14.0,15.0,16.0,18.0,20.0,25.0","SYNTHETIC_ASSUMED","P",1.7463573310877656,"TESTER_A",20260115,"temporal_parametric_v1.0.0","DTL_TEMPORAL_PARAMETRIC_V1","DTL_TEMPORAL_ACTUAL_DIE_V1","DTL_TEMPORAL_POPULATION_V1"
"2026-01","January 2026",1,"DTL_CENTER_002","DTL_CENTER_002_D001","die_001",1,"CENTER","COND_RT_NOM",25,1,"NOMINAL","T_ON_R","ON_RESISTANCE",22.922686122495406,"ohm","UPPER",25,"NOT_DEFINED",18,50,"NOT_UNIFORM","18.0,20.0,22.0,25.0,28.0,30.0,35.0,40.0,50.0","SYNTHETIC_ASSUMED","P",1.7463573310877656,"TESTER_A",20260115,"temporal_parametric_v1.0.0","DTL_TEMPORAL_PARAMETRIC_V1","DTL_TEMPORAL_ACTUAL_DIE_V1","DTL_TEMPORAL_POPULATION_V1"
"2026-01","January 2026",1,"DTL_CENTER_002","DTL_CENTER_002_D001","die_001",1,"CENTER","COND_RT_NOM",25,1,"NOMINAL","T_VMIN","VMIN",0.8852386017115155,"V","UPPER",0.85,"NOT_DEFINED",0.75,1,"NOT_UNIFORM","0.75,0.78,0.8,0.82,0.85,0.88,0.9,0.92,0.95,1.0","SYNTHETIC_ASSUMED","F",1.7463573310877656,"TESTER_A",20260115,"temporal_parametric_v1.0.0","DTL_TEMPORAL_PARAMETRIC_V1","DTL_TEMPORAL_ACTUAL_DIE_V1","DTL_TEMPORAL_POPULATION_V1"
"2026-01","January 2026",1,"DTL_CENTER_002","DTL_CENTER_002_D001","die_001",1,"CENTER","COND_RT_NOM",25,1,"NOMINAL","T_VMAX","VMAX",1.1601069150469416,"V","LOWER",1.15,"NOT_DEFINED",1.05,1.25,"NOT_UNIFORM","1.05,1.08,1.1,1.12,1.15,1.18,1.2,1.22,1.25","SYNTHETIC_ASSUMED","P",1.7463573310877656,"TESTER_A",20260115,"temporal_parametric_v1.0.0","DTL_TEMPORAL_PARAMETRIC_V1","DTL_TEMPORAL_ACTUAL_DIE_V1","DTL_TEMPORAL_POPULATION_V1"
"2026-01","January 2026",1,"DTL_CENTER_002","DTL_CENTER_002_D001","die_001",1,"CENTER","COND_RT_NOM",25,1,"NOMINAL","T_IDDQ","IDDQ",46.11561258212955,"uA","UPPER",50,"NOT_DEFINED",30,100,"NOT_UNIFORM","30.0,35.0,40.0,45.0,50.0,55.0,60.0,70.0,80.0,100.0","SYNTHETIC_ASSUMED","P",1.7463573310877656,"TESTER_A",20260115,"temporal_parametric_v1.0.0","DTL_TEMPORAL_PARAMETRIC_V1","DTL_TEMPORAL_ACTUAL_DIE_V1","DTL_TEMPORAL_POPULATION_V1"
"2026-01","January 2026",1,"DTL_CENTER_002","DTL_CENTER_002_D001","die_001",1,"CENTER","COND_RT_NOM",25,1,"NOMINAL","T_SUPPLY_CURRENT","SUPPLY_CURRENT",112.21046371505206,"mA","UPPER",120,"NOT_DEFINED",90,200,"NOT_UNIFORM","90.0,100.0,110.0,120.0,130.0,140.0,150.0,170.0,200.0","SYNTHETIC_ASSUMED","P",1.7463573310877656,"TESTER_A",20260115,"temporal_parametric_v1.0.0","DTL_TEMPORAL_PARAMETRIC_V1","DTL_TEMPORAL_ACTUAL_DIE_V1","DTL_TEMPORAL_POPULATION_V1"
"2026-01","January 2026",1,"DTL_CENTER_002","DTL_CENTER_002_D001","die_001",1,"CENTER","COND_HOT_NOM",85,1,"HOT","T_CONTACT_R","CONTACT_RESISTANCE",4.707754612681433,"ohm","UPPER",5,"NOT_DEFINED",3.5,10,"NOT_UNIFORM","3.5,4.0,4.5,5.0,5.5,6.0,7.0,8.0,10.0","SYNTHETIC_ASSUMED","P",1.7463573310877656,"TESTER_A",20260115,"temporal_parametric_v1.0.0","DTL_TEMPORAL_PARAMETRIC_V1","DTL_TEMPORAL_ACTUAL_DIE_V1","DTL_TEMPORAL_POPULATION_V1"
"2026-01","January 2026",1,"DTL_CENTER_002","DTL_CENTER_002_D001","die_001",1,"CENTER","COND_HOT_NOM",85,1,"HOT","T_INTERCONNECT_R","INTERCONNECT_RESISTANCE",14.388151989200225,"ohm","UPPER",15,"NOT_DEFINED",11,25,"NOT_UNIFORM","11.0,12.0,13.0,14.0,15.0,16.0,18.0,20.0,25.0","SYNTHETIC_ASSUMED","P",1.7463573310877656,"TESTER_A",20260115,"temporal_parametric_v1.0.0","DTL_TEMPORAL_PARAMETRIC_V1","DTL_TEMPORAL_ACTUAL_DIE_V1","DTL_TEMPORAL_POPULATION_V1"
"2026-01","January 2026",1,"DTL_CENTER_002","DTL_CENTER_002_D001","die_001",1,"CENTER","COND_HOT_NOM",85,1,"HOT","T_ON_R","ON_RESISTANCE",24.186615142361585,"ohm","UPPER",25,"NOT_DEFINED",18,50,"NOT_UNIFORM","18.0,20.0,22.0,25.0,28.0,30.0,35.0,40.0,50.0","SYNTHETIC_ASSUMED","P",1.7463573310877656,"TESTER_A",20260115,"temporal_parametric_v1.0.0","DTL_TEMPORAL_PARAMETRIC_V1","DTL_TEMPORAL_ACTUAL_DIE_V1","DTL_TEMPORAL_POPULATION_V1"
"2026-01","January 2026",1,"DTL_CENTER_002","DTL_CENTER_002_D001","die_001",1,"CENTER","COND_HOT_NOM",85,1,"HOT","T_VMIN","VMIN",0.8802105631181089,"V","UPPER",0.85,"NOT_DEFINED",0.75,1,"NOT_UNIFORM","0.75,0.78,0.8,0.82,0.85,0.88,0.9,0.92,0.95,1.0","SYNTHETIC_ASSUMED","F",1.7463573310877656,"TESTER_A",20260115,"temporal_parametric_v1.0.0","DTL_TEMPORAL_PARAMETRIC_V1","DTL_TEMPORAL_ACTUAL_DIE_V1","DTL_TEMPORAL_POPULATION_V1"
"2026-01","January 2026",1,"DTL_CENTER_002","DTL_CENTER_002_D001","die_001",1,"CENTER","COND_HOT_NOM",85,1,"HOT","T_VMAX","VMAX",1.1638429209081305,"V","LOWER",1.15,"NOT_DEFINED",1.05,1.25,"NOT_UNIFORM","1.05,1.08,1.1,1.12,1.15,1.18,1.2,1.22,1.25","SYNTHETIC_ASSUMED","P",1.7463573310877656,"TESTER_A",20260115,"temporal_parametric_v1.0.0","DTL_TEMPORAL_PARAMETRIC_V1","DTL_TEMPORAL_ACTUAL_DIE_V1","DTL_TEMPORAL_POPULATION_V1"
"2026-01","January 2026",1,"DTL_CENTER_002","DTL_CENTER_002_D001","die_001",1,"CENTER","COND_HOT_NOM",85,1,"HOT","T_IDDQ","IDDQ",54.27925332569288,"uA","UPPER",50,"NOT_DEFINED",30,100,"NOT_UNIFORM","30.0,35.0,40.0,45.0,50.0,55.0,60.0,70.0,80.0,100.0","SYNTHETIC_ASSUMED","F",1.7463573310877656,"TESTER_A",20260115,"temporal_parametric_v1.0.0","DTL_TEMPORAL_PARAMETRIC_V1","DTL_TEMPORAL_ACTUAL_DIE_V1","DTL_TEMPORAL_POPULATION_V1"
"2026-01","January 2026",1,"DTL_CENTER_002","DTL_CENTER_002_D001","die_001",1,"CENTER","COND_HOT_NOM",85,1,"HOT","T_SUPPLY_CURRENT","SUPPLY_CURRENT",108.47855244550584,"mA","UPPER",120,"NOT_DEFINED",90,200,"NOT_UNIFORM","90.0,100.0,110.0,120.0,130.0,140.0,150.0,170.0,200.0","SYNTHETIC_ASSUMED","P",1.7463573310877656,"TESTER_A",20260115,"temporal_parametric_v1.0.0","DTL_TEMPORAL_PARAMETRIC_V1","DTL_TEMPORAL_ACTUAL_DIE_V1","DTL_TEMPORAL_POPULATION_V1"
"2026-01","January 2026",1,"DTL_CENTER_002","DTL_CENTER_002_D001","die_001",1,"CENTER","COND_RT_LOWV",25,0.9,"LOW_VDD","T_CONTACT_R","CONTACT_RESISTANCE",4.186563861692948,"ohm","UPPER",5,"NOT_DEFINED",3.5,10,"NOT_UNIFORM","3.5,4.0,4.5,5.0,5.5,6.0,7.0,8.0,10.0","SYNTHETIC_ASSUMED","P",1.7463573310877656,"TESTER_A",20260115,"temporal_parametric_v1.0.0","DTL_TEMPORAL_PARAMETRIC_V1","DTL_TEMPORAL_ACTUAL_DIE_V1","DTL_TEMPORAL_POPULATION_V1"
"2026-01","January 2026",1,"DTL_CENTER_002","DTL_CENTER_002_D001","die_001",1,"CENTER","COND_RT_LOWV",25,0.9,"LOW_VDD","T_INTERCONNECT_R","INTERCONNECT_RESISTANCE",15.41665651109809,"ohm","UPPER",15,"NOT_DEFINED",11,25,"NOT_UNIFORM","11.0,12.0,13.0,14.0,15.0,16.0,18.0,20.0,25.0","SYNTHETIC_ASSUMED","F",1.7463573310877656,"TESTER_A",20260115,"temporal_parametric_v1.0.0","DTL_TEMPORAL_PARAMETRIC_V1","DTL_TEMPORAL_ACTUAL_DIE_V1","DTL_TEMPORAL_POPULATION_V1"
"2026-01","January 2026",1,"DTL_CENTER_002","DTL_CENTER_002_D001","die_001",1,"CENTER","COND_RT_LOWV",25,0.9,"LOW_VDD","T_ON_R","ON_RESISTANCE",23.40338063580892,"ohm","UPPER",25,"NOT_DEFINED",18,50,"NOT_UNIFORM","18.0,20.0,22.0,25.0,28.0,30.0,35.0,40.0,50.0","SYNTHETIC_ASSUMED","P",1.7463573310877656,"TESTER_A",20260115,"temporal_parametric_v1.0.0","DTL_TEMPORAL_PARAMETRIC_V1","DTL_TEMPORAL_ACTUAL_DIE_V1","DTL_TEMPORAL_POPULATION_V1"
"2026-01","January 2026",1,"DTL_CENTER_002","DTL_CENTER_002_D001","die_001",1,"CENTER","COND_RT_LOWV",25,0.9,"LOW_VDD","T_VMIN","VMIN",0.893783752353804,"V","UPPER",0.85,"NOT_DEFINED",0.75,1,"NOT_UNIFORM","0.75,0.78,0.8,0.82,0.85,0.88,0.9,0.92,0.95,1.0","SYNTHETIC_ASSUMED","F",1.7463573310877656,"TESTER_A",20260115,"temporal_parametric_v1.0.0","DTL_TEMPORAL_PARAMETRIC_V1","DTL_TEMPORAL_ACTUAL_DIE_V1","DTL_TEMPORAL_POPULATION_V1"
"2026-01","January 2026",1,"DTL_CENTER_002","DTL_CENTER_002_D001","die_001",1,"CENTER","COND_RT_LOWV",25,0.9,"LOW_VDD","T_VMAX","VMAX",1.1758384136818818,"V","LOWER",1.15,"NOT_DEFINED",1.05,1.25,"NOT_UNIFORM","1.05,1.08,1.1,1.12,1.15,1.18,1.2,1.22,1.25","SYNTHETIC_ASSUMED","P",1.7463573310877656,"TESTER_A",20260115,"temporal_parametric_v1.0.0","DTL_TEMPORAL_PARAMETRIC_V1","DTL_TEMPORAL_ACTUAL_DIE_V1","DTL_TEMPORAL_POPULATION_V1"
"2026-01","January 2026",1,"DTL_CENTER_002","DTL_CENTER_002_D001","die_001",1,"CENTER","COND_RT_LOWV",25,0.9,"LOW_VDD","T_IDDQ","IDDQ",59.3598011976986,"uA","UPPER",50,"NOT_DEFINED",30,100,"NOT_UNIFORM","30.0,35.0,40.0,45.0,50.0,55.0,60.0,70.0,80.0,100.0","SYNTHETIC_ASSUMED","F",1.7463573310877656,"TESTER_A",20260115,"temporal_parametric_v1.0.0","DTL_TEMPORAL_PARAMETRIC_V1","DTL_TEMPORAL_ACTUAL_DIE_V1","DTL_TEMPORAL_POPULATION_V1"
"2026-01","January 2026",1,"DTL_CENTER_002","DTL_CENTER_002_D001","die_001",1,"CENTER","COND_RT_LOWV",25,0.9,"LOW_VDD","T_SUPPLY_CURRENT","SUPPLY_CURRENT",117.9923287305779,"mA","UPPER",120,"NOT_DEFINED",90,200,"NOT_UNIFORM","90.0,100.0,110.0,120.0,130.0,140.0,150.0,170.0,200.0","SYNTHETIC_ASSUMED","P",1.7463573310877656,"TESTER_A",20260115,"temporal_parametric_v1.0.0","DTL_TEMPORAL_PARAMETRIC_V1","DTL_TEMPORAL_ACTUAL_DIE_V1","DTL_TEMPORAL_POPULATION_V1"
"2026-01","January 2026",1,"DTL_CENTER_002","DTL_CENTER_002_D001","die_001",1,"CENTER","COND_HOT_HIGHV",85,1.1,"HIGH_VDD","T_CONTACT_R","CONTACT_RESISTANCE",4.739095749693569,"ohm","UPPER",5,"NOT_DEFINED",3.5,10,"NOT_UNIFORM","3.5,4.0,4.5,5.0,5.5,6.0,7.0,8.0,10.0","SYNTHETIC_ASSUMED","P",1.7463573310877656,"TESTER_A",20260115,"temporal_parametric_v1.0.0","DTL_TEMPORAL_PARAMETRIC_V1","DTL_TEMPORAL_ACTUAL_DIE_V1","DTL_TEMPORAL_POPULATION_V1"
"2026-01","January 2026",1,"DTL_CENTER_002","DTL_CENTER_002_D001","die_001",1,"CENTER","COND_HOT_HIGHV",85,1.1,"HIGH_VDD","T_INTERCONNECT_R","INTERCONNECT_RESISTANCE",15.508964904426508,"ohm","UPPER",15,"NOT_DEFINED",11,25,"NOT_UNIFORM","11.0,12.0,13.0,14.0,15.0,16.0,18.0,20.0,25.0","SYNTHETIC_ASSUMED","F",1.7463573310877656,"TESTER_A",20260115,"temporal_parametric_v1.0.0","DTL_TEMPORAL_PARAMETRIC_V1","DTL_TEMPORAL_ACTUAL_DIE_V1","DTL_TEMPORAL_POPULATION_V1"
"2026-01","January 2026",1,"DTL_CENTER_002","DTL_CENTER_002_D001","die_001",1,"CENTER","COND_HOT_HIGHV",85,1.1,"HIGH_VDD","T_ON_R","ON_RESISTANCE",22.17093583114428,"ohm","UPPER",25,"NOT_DEFINED",18,50,"NOT_UNIFORM","18.0,20.0,22.0,25.0,28.0,30.0,35.0,40.0,50.0","SYNTHETIC_ASSUMED","P",1.7463573310877656,"TESTER_A",20260115,"temporal_parametric_v1.0.0","DTL_TEMPORAL_PARAMETRIC_V1","DTL_TEMPORAL_ACTUAL_DIE_V1","DTL_TEMPORAL_POPULATION_V1"
"2026-01","January 2026",1,"DTL_CENTER_002","DTL_CENTER_002_D001","die_001",1,"CENTER","COND_HOT_HIGHV",85,1.1,"HIGH_VDD","T_VMIN","VMIN",0.9100427442034008,"V","UPPER",0.85,"NOT_DEFINED",0.75,1,"NOT_UNIFORM","0.75,0.78,0.8,0.82,0.85,0.88,0.9,0.92,0.95,1.0","SYNTHETIC_ASSUMED","F",1.7463573310877656,"TESTER_A",20260115,"temporal_parametric_v1.0.0","DTL_TEMPORAL_PARAMETRIC_V1","DTL_TEMPORAL_ACTUAL_DIE_V1","DTL_TEMPORAL_POPULATION_V1"
"2026-01","January 2026",1,"DTL_CENTER_002","DTL_CENTER_002_D001","die_001",1,"CENTER","COND_HOT_HIGHV",85,1.1,"HIGH_VDD","T_VMAX","VMAX",1.1505000586963094,"V","LOWER",1.15,"NOT_DEFINED",1.05,1.25,"NOT_UNIFORM","1.05,1.08,1.1,1.12,1.15,1.18,1.2,1.22,1.25","SYNTHETIC_ASSUMED","P",1.7463573310877656,"TESTER_A",20260115,"temporal_parametric_v1.0.0","DTL_TEMPORAL_PARAMETRIC_V1","DTL_TEMPORAL_ACTUAL_DIE_V1","DTL_TEMPORAL_POPULATION_V1"
"2026-01","January 2026",1,"DTL_CENTER_002","DTL_CENTER_002_D001","die_001",1,"CENTER","COND_HOT_HIGHV",85,1.1,"HIGH_VDD","T_IDDQ","IDDQ",68.83372912901082,"uA","UPPER",50,"NOT_DEFINED",30,100,"NOT_UNIFORM","30.0,35.0,40.0,45.0,50.0,55.0,60.0,70.0,80.0,100.0","SYNTHETIC_ASSUMED","F",1.7463573310877656,"TESTER_A",20260115,"temporal_parametric_v1.0.0","DTL_TEMPORAL_PARAMETRIC_V1","DTL_TEMPORAL_ACTUAL_DIE_V1","DTL_TEMPORAL_POPULATION_V1"
"2026-01","January 2026",1,"DTL_CENTER_002","DTL_CENTER_002_D001","die_001",1,"CENTER","COND_HOT_HIGHV",85,1.1,"HIGH_VDD","T_SUPPLY_CURRENT","SUPPLY_CURRENT",125.9512055418252,"mA","UPPER",120,"NOT_DEFINED",90,200,"NOT_UNIFORM","90.0,100.0,110.0,120.0,130.0,140.0,150.0,170.0,200.0","SYNTHETIC_ASSUMED","F",1.7463573310877656,"TESTER_A",20260115,"temporal_parametric_v1.0.0","DTL_TEMPORAL_PARAMETRIC_V1","DTL_TEMPORAL_ACTUAL_DIE_V1","DTL_TEMPORAL_POPULATION_V1"
"2026-01","January 2026",1,"DTL_CENTER_002","DTL_CENTER_002_D002","die_002",2,"CENTER","COND_RT_NOM",25,1,"NOMINAL","T_CONTACT_R","CONTACT_RESISTANCE",4.458283642464914,"ohm","UPPER",5,"NOT_DEFINED",3.5,10,"NOT_UNIFORM","3.5,4.0,4.5,5.0,5.5,6.0,7.0,8.0,10.0","SYNTHETIC_ASSUMED","P",1.4261838071253012,"TESTER_A",20260115,"temporal_parametric_v1.0.0","DTL_TEMPORAL_PARAMETRIC_V1","DTL_TEMPORAL_ACTUAL_DIE_V1","DTL_TEMPORAL_POPULATION_V1"
"2026-01","January 2026",1,"DTL_CENTER_002","DTL_CENTER_002_D002","die_002",2,"CENTER","COND_RT_NOM",25,1,"NOMINAL","T_INTERCONNECT_R","INTERCONNECT_RESISTANCE",12.600804374359363,"ohm","UPPER",15,"NOT_DEFINED",11,25,"NOT_UNIFORM","11.0,12.0,13.0,14.0,15.0,16.0,18.0,20.0,25.0","SYNTHETIC_ASSUMED","P",1.4261838071253012,"TESTER_A",20260115,"temporal_parametric_v1.0.0","DTL_TEMPORAL_PARAMETRIC_V1","DTL_TEMPORAL_ACTUAL_DIE_V1","DTL_TEMPORAL_POPULATION_V1"
"2026-01","January 2026",1,"DTL_CENTER_002","DTL_CENTER_002_D002","die_002",2,"CENTER","COND_RT_NOM",25,1,"NOMINAL","T_ON_R","ON_RESISTANCE",24.3273070177603,"ohm","UPPER",25,"NOT_DEFINED",18,50,"NOT_UNIFORM","18.0,20.0,22.0,25.0,28.0,30.0,35.0,40.0,50.0","SYNTHETIC_ASSUMED","P",1.4261838071253012,"TESTER_A",20260115,"temporal_parametric_v1.0.0","DTL_TEMPORAL_PARAMETRIC_V1","DTL_TEMPORAL_ACTUAL_DIE_V1","DTL_TEMPORAL_POPULATION_V1"
"2026-01","January 2026",1,"DTL_CENTER_002","DTL_CENTER_002_D002","die_002",2,"CENTER","COND_RT_NOM",25,1,"NOMINAL","T_VMIN","VMIN",0.8514041074592629,"V","UPPER",0.85,"NOT_DEFINED",0.75,1,"NOT_UNIFORM","0.75,0.78,0.8,0.82,0.85,0.88,0.9,0.92,0.95,1.0","SYNTHETIC_ASSUMED","F",1.4261838071253012,"TESTER_A",20260115,"temporal_parametric_v1.0.0","DTL_TEMPORAL_PARAMETRIC_V1","DTL_TEMPORAL_ACTUAL_DIE_V1","DTL_TEMPORAL_POPULATION_V1"
"2026-01","January 2026",1,"DTL_CENTER_002","DTL_CENTER_002_D002","die_002",2,"CENTER","COND_RT_NOM",25,1,"NOMINAL","T_VMAX","VMAX",1.171257531127797,"V","LOWER",1.15,"NOT_DEFINED",1.05,1.25,"NOT_UNIFORM","1.05,1.08,1.1,1.12,1.15,1.18,1.2,1.22,1.25","SYNTHETIC_ASSUMED","P",1.4261838071253012,"TESTER_A",20260115,"temporal_parametric_v1.0.0","DTL_TEMPORAL_PARAMETRIC_V1","DTL_TEMPORAL_ACTUAL_DIE_V1","DTL_TEMPORAL_POPULATION_V1"
"2026-01","January 2026",1,"DTL_CENTER_002","DTL_CENTER_002_D002","die_002",2,"CENTER","COND_RT_NOM",25,1,"NOMINAL","T_IDDQ","IDDQ",43.670960910808205,"uA","UPPER",50,"NOT_DEFINED",30,100,"NOT_UNIFORM","30.0,35.0,40.0,45.0,50.0,55.0,60.0,70.0,80.0,100.0","SYNTHETIC_ASSUMED","P",1.4261838071253012,"TESTER_A",20260115,"temporal_parametric_v1.0.0","DTL_TEMPORAL_PARAMETRIC_V1","DTL_TEMPORAL_ACTUAL_DIE_V1","DTL_TEMPORAL_POPULATION_V1"
"2026-01","January 2026",1,"DTL_CENTER_002","DTL_CENTER_002_D002","die_002",2,"CENTER","COND_RT_NOM",25,1,"NOMINAL","T_SUPPLY_CURRENT","SUPPLY_CURRENT",97.34704868290284,"mA","UPPER",120,"NOT_DEFINED",90,200,"NOT_UNIFORM","90.0,100.0,110.0,120.0,130.0,140.0,150.0,170.0,200.0","SYNTHETIC_ASSUMED","P",1.4261838071253012,"TESTER_A",20260115,"temporal_parametric_v1.0.0","DTL_TEMPORAL_PARAMETRIC_V1","DTL_TEMPORAL_ACTUAL_DIE_V1","DTL_TEMPORAL_POPULATION_V1"
"2026-01","January 2026",1,"DTL_CENTER_002","DTL_CENTER_002_D002","die_002",2,"CENTER","COND_HOT_NOM",85,1,"HOT","T_CONTACT_R","CONTACT_RESISTANCE",4.487609379101203,"ohm","UPPER",5,"NOT_DEFINED",3.5,10,"NOT_UNIFORM","3.5,4.0,4.5,5.0,5.5,6.0,7.0,8.0,10.0","SYNTHETIC_ASSUMED","P",1.4261838071253012,"TESTER_A",20260115,"temporal_parametric_v1.0.0","DTL_TEMPORAL_PARAMETRIC_V1","DTL_TEMPORAL_ACTUAL_DIE_V1","DTL_TEMPORAL_POPULATION_V1"
"2026-01","January 2026",1,"DTL_CENTER_002","DTL_CENTER_002_D002","die_002",2,"CENTER","COND_HOT_NOM",85,1,"HOT","T_INTERCONNECT_R","INTERCONNECT_RESISTANCE",11.899584767175543,"ohm","UPPER",15,"NOT_DEFINED",11,25,"NOT_UNIFORM","11.0,12.0,13.0,14.0,15.0,16.0,18.0,20.0,25.0","SYNTHETIC_ASSUMED","P",1.4261838071253012,"TESTER_A",20260115,"temporal_parametric_v1.0.0","DTL_TEMPORAL_PARAMETRIC_V1","DTL_TEMPORAL_ACTUAL_DIE_V1","DTL_TEMPORAL_POPULATION_V1"
"2026-01","January 2026",1,"DTL_CENTER_002","DTL_CENTER_002_D002","die_002",2,"CENTER","COND_HOT_NOM",85,1,"HOT","T_ON_R","ON_RESISTANCE",22.81782588479533,"ohm","UPPER",25,"NOT_DEFINED",18,50,"NOT_UNIFORM","18.0,20.0,22.0,25.0,28.0,30.0,35.0,40.0,50.0","SYNTHETIC_ASSUMED","P",1.4261838071253012,"TESTER_A",20260115,"temporal_parametric_v1.0.0","DTL_TEMPORAL_PARAMETRIC_V1","DTL_TEMPORAL_ACTUAL_DIE_V1","DTL_TEMPORAL_POPULATION_V1"
"2026-01","January 2026",1,"DTL_CENTER_002","DTL_CENTER_002_D002","die_002",2,"CENTER","COND_HOT_NOM",85,1,"HOT","T_VMIN","VMIN",0.8566988606148642,"V","UPPER",0.85,"NOT_DEFINED",0.75,1,"NOT_UNIFORM","0.75,0.78,0.8,0.82,0.85,0.88,0.9,0.92,0.95,1.0","SYNTHETIC_ASSUMED","F",1.4261838071253012,"TESTER_A",20260115,"temporal_parametric_v1.0.0","DTL_TEMPORAL_PARAMETRIC_V1","DTL_TEMPORAL_ACTUAL_DIE_V1","DTL_TEMPORAL_POPULATION_V1"
"2026-01","January 2026",1,"DTL_CENTER_002","DTL_CENTER_002_D002","die_002",2,"CENTER","COND_HOT_NOM",85,1,"HOT","T_VMAX","VMAX",1.175791054011698,"V","LOWER",1.15,"NOT_DEFINED",1.05,1.25,"NOT_UNIFORM","1.05,1.08,1.1,1.12,1.15,1.18,1.2,1.22,1.25","SYNTHETIC_ASSUMED","P",1.4261838071253012,"TESTER_A",20260115,"temporal_parametric_v1.0.0","DTL_TEMPORAL_PARAMETRIC_V1","DTL_TEMPORAL_ACTUAL_DIE_V1","DTL_TEMPORAL_POPULATION_V1"
"2026-01","January 2026",1,"DTL_CENTER_002","DTL_CENTER_002_D002","die_002",2,"CENTER","COND_HOT_NOM",85,1,"HOT","T_IDDQ","IDDQ",49.86428712897137,"uA","UPPER",50,"NOT_DEFINED",30,100,"NOT_UNIFORM","30.0,35.0,40.0,45.0,50.0,55.0,60.0,70.0,80.0,100.0","SYNTHETIC_ASSUMED","P",1.4261838071253012,"TESTER_A",20260115,"temporal_parametric_v1.0.0","DTL_TEMPORAL_PARAMETRIC_V1","DTL_TEMPORAL_ACTUAL_DIE_V1","DTL_TEMPORAL_POPULATION_V1"
"2026-01","January 2026",1,"DTL_CENTER_002","DTL_CENTER_002_D002","die_002",2,"CENTER","COND_HOT_NOM",85,1,"HOT","T_SUPPLY_CURRENT","SUPPLY_CURRENT",114.14975365820278,"mA","UPPER",120,"NOT_DEFINED",90,200,"NOT_UNIFORM","90.0,100.0,110.0,120.0,130.0,140.0,150.0,170.0,200.0","SYNTHETIC_ASSUMED","P",1.4261838071253012,"TESTER_A",20260115,"temporal_parametric_v1.0.0","DTL_TEMPORAL_PARAMETRIC_V1","DTL_TEMPORAL_ACTUAL_DIE_V1","DTL_TEMPORAL_POPULATION_V1"
"2026-01","January 2026",1,"DTL_CENTER_002","DTL_CENTER_002_D002","die_002",2,"CENTER","COND_RT_LOWV",25,0.9,"LOW_VDD","T_CONTACT_R","CONTACT_RESISTANCE",4.867997466159501,"ohm","UPPER",5,"NOT_DEFINED",3.5,10,"NOT_UNIFORM","3.5,4.0,4.5,5.0,5.5,6.0,7.0,8.0,10.0","SYNTHETIC_ASSUMED","P",1.4261838071253012,"TESTER_A",20260115,"temporal_parametric_v1.0.0","DTL_TEMPORAL_PARAMETRIC_V1","DTL_TEMPORAL_ACTUAL_DIE_V1","DTL_TEMPORAL_POPULATION_V1"
"2026-01","January 2026",1,"DTL_CENTER_002","DTL_CENTER_002_D002","die_002",2,"CENTER","COND_RT_LOWV",25,0.9,"LOW_VDD","T_INTERCONNECT_R","INTERCONNECT_RESISTANCE",11.114275865977977,"ohm","UPPER",15,"NOT_DEFINED",11,25,"NOT_UNIFORM","11.0,12.0,13.0,14.0,15.0,16.0,18.0,20.0,25.0","SYNTHETIC_ASSUMED","P",1.4261838071253012,"TESTER_A",20260115,"temporal_parametric_v1.0.0","DTL_TEMPORAL_PARAMETRIC_V1","DTL_TEMPORAL_ACTUAL_DIE_V1","DTL_TEMPORAL_POPULATION_V1"
"2026-01","January 2026",1,"DTL_CENTER_002","DTL_CENTER_002_D002","die_002",2,"CENTER","COND_RT_LOWV",25,0.9,"LOW_VDD","T_ON_R","ON_RESISTANCE",21.9769342064204,"ohm","UPPER",25,"NOT_DEFINED",18,50,"NOT_UNIFORM","18.0,20.0,22.0,25.0,28.0,30.0,35.0,40.0,50.0","SYNTHETIC_ASSUMED","P",1.4261838071253012,"TESTER_A",20260115,"temporal_parametric_v1.0.0","DTL_TEMPORAL_PARAMETRIC_V1","DTL_TEMPORAL_ACTUAL_DIE_V1","DTL_TEMPORAL_POPULATION_V1"
"2026-01","January 2026",1,"DTL_CENTER_002","DTL_CENTER_002_D002","die_002",2,"CENTER","COND_RT_LOWV",25,0.9,"LOW_VDD","T_VMIN","VMIN",0.8754834188005498,"V","UPPER",0.85,"NOT_DEFINED",0.75,1,"NOT_UNIFORM","0.75,0.78,0.8,0.82,0.85,0.88,0.9,0.92,0.95,1.0","SYNTHETIC_ASSUMED","F",1.4261838071253012,"TESTER_A",20260115,"temporal_parametric_v1.0.0","DTL_TEMPORAL_PARAMETRIC_V1","DTL_TEMPORAL_ACTUAL_DIE_V1","DTL_TEMPORAL_POPULATION_V1"
"2026-01","January 2026",1,"DTL_CENTER_002","DTL_CENTER_002_D002","die_002",2,"CENTER","COND_RT_LOWV",25,0.9,"LOW_VDD","T_VMAX","VMAX",1.163721476344401,"V","LOWER",1.15,"NOT_DEFINED",1.05,1.25,"NOT_UNIFORM","1.05,1.08,1.1,1.12,1.15,1.18,1.2,1.22,1.25","SYNTHETIC_ASSUMED","P",1.4261838071253012,"TESTER_A",20260115,"temporal_parametric_v1.0.0","DTL_TEMPORAL_PARAMETRIC_V1","DTL_TEMPORAL_ACTUAL_DIE_V1","DTL_TEMPORAL_POPULATION_V1"
"2026-01","January 2026",1,"DTL_CENTER_002","DTL_CENTER_002_D002","die_002",2,"CENTER","COND_RT_LOWV",25,0.9,"LOW_VDD","T_IDDQ","IDDQ",44.91104083068634,"uA","UPPER",50,"NOT_DEFINED",30,100,"NOT_UNIFORM","30.0,35.0,40.0,45.0,50.0,55.0,60.0,70.0,80.0,100.0","SYNTHETIC_ASSUMED","P",1.4261838071253012,"TESTER_A",20260115,"temporal_parametric_v1.0.0","DTL_TEMPORAL_PARAMETRIC_V1","DTL_TEMPORAL_ACTUAL_DIE_V1","DTL_TEMPORAL_POPULATION_V1"
"2026-01","January 2026",1,"DTL_CENTER_002","DTL_CENTER_002_D002","die_002",2,"CENTER","COND_RT_LOWV",25,0.9,"LOW_VDD","T_SUPPLY_CURRENT","SUPPLY_CURRENT",109.05987314575133,"mA","UPPER",120,"NOT_DEFINED",90,200,"NOT_UNIFORM","90.0,100.0,110.0,120.0,130.0,140.0,150.0,170.0,200.0","SYNTHETIC_ASSUMED","P",1.4261838071253012,"TESTER_A",20260115,"temporal_parametric_v1.0.0","DTL_TEMPORAL_PARAMETRIC_V1","DTL_TEMPORAL_ACTUAL_DIE_V1","DTL_TEMPORAL_POPULATION_V1"
"2026-01","January 2026",1,"DTL_CENTER_002","DTL_CENTER_002_D002","die_002",2,"CENTER","COND_HOT_HIGHV",85,1.1,"HIGH_VDD","T_CONTACT_R","CONTACT_RESISTANCE",4.207496319282706,"ohm","UPPER",5,"NOT_DEFINED",3.5,10,"NOT_UNIFORM","3.5,4.0,4.5,5.0,5.5,6.0,7.0,8.0,10.0","SYNTHETIC_ASSUMED","P",1.4261838071253012,"TESTER_A",20260115,"temporal_parametric_v1.0.0","DTL_TEMPORAL_PARAMETRIC_V1","DTL_TEMPORAL_ACTUAL_DIE_V1","DTL_TEMPORAL_POPULATION_V1"
"2026-01","January 2026",1,"DTL_CENTER_002","DTL_CENTER_002_D002","die_002",2,"CENTER","COND_HOT_HIGHV",85,1.1,"HIGH_VDD","T_INTERCONNECT_R","INTERCONNECT_RESISTANCE",12.598761842856256,"ohm","UPPER",15,"NOT_DEFINED",11,25,"NOT_UNIFORM","11.0,12.0,13.0,14.0,15.0,16.0,18.0,20.0,25.0","SYNTHETIC_ASSUMED","P",1.4261838071253012,"TESTER_A",20260115,"temporal_parametric_v1.0.0","DTL_TEMPORAL_PARAMETRIC_V1","DTL_TEMPORAL_ACTUAL_DIE_V1","DTL_TEMPORAL_POPULATION_V1"
"2026-01","January 2026",1,"DTL_CENTER_002","DTL_CENTER_002_D002","die_002",2,"CENTER","COND_HOT_HIGHV",85,1.1,"HIGH_VDD","T_ON_R","ON_RESISTANCE",21.625282112268465,"ohm","UPPER",25,"NOT_DEFINED",18,50,"NOT_UNIFORM","18.0,20.0,22.0,25.0,28.0,30.0,35.0,40.0,50.0","SYNTHETIC_ASSUMED","P",1.4261838071253012,"TESTER_A",20260115,"temporal_parametric_v1.0.0","DTL_TEMPORAL_PARAMETRIC_V1","DTL_TEMPORAL_ACTUAL_DIE_V1","DTL_TEMPORAL_POPULATION_V1"
"2026-01","January 2026",1,"DTL_CENTER_002","DTL_CENTER_002_D002","die_002",2,"CENTER","COND_HOT_HIGHV",85,1.1,"HIGH_VDD","T_VMIN","VMIN",0.8704816638101458,"V","UPPER",0.85,"NOT_DEFINED",0.75,1,"NOT_UNIFORM","0.75,0.78,0.8,0.82,0.85,0.88,0.9,0.92,0.95,1.0","SYNTHETIC_ASSUMED","F",1.4261838071253012,"TESTER_A",20260115,"temporal_parametric_v1.0.0","DTL_TEMPORAL_PARAMETRIC_V1","DTL_TEMPORAL_ACTUAL_DIE_V1","DTL_TEMPORAL_POPULATION_V1"
"2026-01","January 2026",1,"DTL_CENTER_002","DTL_CENTER_002_D002","die_002",2,"CENTER","COND_HOT_HIGHV",85,1.1,"HIGH_VDD","T_VMAX","VMAX",1.0984015173831585,"V","LOWER",1.15,"NOT_DEFINED",1.05,1.25,"NOT_UNIFORM","1.05,1.08,1.1,1.12,1.15,1.18,1.2,1.22,1.25","SYNTHETIC_ASSUMED","F",1.4261838071253012,"TESTER_A",20260115,"temporal_parametric_v1.0.0","DTL_TEMPORAL_PARAMETRIC_V1","DTL_TEMPORAL_ACTUAL_DIE_V1","DTL_TEMPORAL_POPULATION_V1"
"2026-01","January 2026",1,"DTL_CENTER_002","DTL_CENTER_002_D002","die_002",2,"CENTER","COND_HOT_HIGHV",85,1.1,"HIGH_VDD","T_IDDQ","IDDQ",49.36081867147343,"uA","UPPER",50,"NOT_DEFINED",30,100,"NOT_UNIFORM","30.0,35.0,40.0,45.0,50.0,55.0,60.0,70.0,80.0,100.0","SYNTHETIC_ASSUMED","P",1.4261838071253012,"TESTER_A",20260115,"temporal_parametric_v1.0.0","DTL_TEMPORAL_PARAMETRIC_V1","DTL_TEMPORAL_ACTUAL_DIE_V1","DTL_TEMPORAL_POPULATION_V1"
"2026-01","January 2026",1,"DTL_CENTER_002","DTL_CENTER_002_D002","die_002",2,"CENTER","COND_HOT_HIGHV",85,1.1,"HIGH_VDD","T_SUPPLY_CURRENT","SUPPLY_CURRENT",120.90764672450752,"mA","UPPER",120,"NOT_DEFINED",90,200,"NOT_UNIFORM","90.0,100.0,110.0,120.0,130.0,140.0,150.0,170.0,200.0","SYNTHETIC_ASSUMED","F",1.4261838071253012,"TESTER_A",20260115,"temporal_parametric_v1.0.0","DTL_TEMPORAL_PARAMETRIC_V1","DTL_TEMPORAL_ACTUAL_DIE_V1","DTL_TEMPORAL_POPULATION_V1"
"2026-01","January 2026",1,"DTL_CENTER_002","DTL_CENTER_002_D003","die_003",3,"CENTER","COND_RT_NOM",25,1,"NOMINAL","T_CONTACT_R","CONTACT_RESISTANCE",4.601412335879445,"ohm","UPPER",5,"NOT_DEFINED",3.5,10,"NOT_UNIFORM","3.5,4.0,4.5,5.0,5.5,6.0,7.0,8.0,10.0","SYNTHETIC_ASSUMED","P",1.120639978833269,"TESTER_A",20260115,"temporal_parametric_v1.0.0","DTL_TEMPORAL_PARAMETRIC_V1","DTL_TEMPORAL_ACTUAL_DIE_V1","DTL_TEMPORAL_POPULATION_V1"
"2026-01","January 2026",1,"DTL_CENTER_002","DTL_CENTER_002_D003","die_003",3,"CENTER","COND_RT_NOM",25,1,"NOMINAL","T_INTERCONNECT_R","INTERCONNECT_RESISTANCE",12.267664662053496,"ohm","UPPER",15,"NOT_DEFINED",11,25,"NOT_UNIFORM","11.0,12.0,13.0,14.0,15.0,16.0,18.0,20.0,25.0","SYNTHETIC_ASSUMED","P",1.120639978833269,"TESTER_A",20260115,"temporal_parametric_v1.0.0","DTL_TEMPORAL_PARAMETRIC_V1","DTL_TEMPORAL_ACTUAL_DIE_V1","DTL_TEMPORAL_POPULATION_V1"
"2026-01","January 2026",1,"DTL_CENTER_002","DTL_CENTER_002_D003","die_003",3,"CENTER","COND_RT_NOM",25,1,"NOMINAL","T_ON_R","ON_RESISTANCE",23.17852852459757,"ohm","UPPER",25,"NOT_DEFINED",18,50,"NOT_UNIFORM","18.0,20.0,22.0,25.0,28.0,30.0,35.0,40.0,50.0","SYNTHETIC_ASSUMED","P",1.120639978833269,"TESTER_A",20260115,"temporal_parametric_v1.0.0","DTL_TEMPORAL_PARAMETRIC_V1","DTL_TEMPORAL_ACTUAL_DIE_V1","DTL_TEMPORAL_POPULATION_V1"
"2026-01","January 2026",1,"DTL_CENTER_002","DTL_CENTER_002_D003","die_003",3,"CENTER","COND_RT_NOM",25,1,"NOMINAL","T_VMIN","VMIN",0.7999635223999905,"V","UPPER",0.85,"NOT_DEFINED",0.75,1,"NOT_UNIFORM","0.75,0.78,0.8,0.82,0.85,0.88,0.9,0.92,0.95,1.0","SYNTHETIC_ASSUMED","P",1.120639978833269,"TESTER_A",20260115,"temporal_parametric_v1.0.0","DTL_TEMPORAL_PARAMETRIC_V1","DTL_TEMPORAL_ACTUAL_DIE_V1","DTL_TEMPORAL_POPULATION_V1"
"2026-01","January 2026",1,"DTL_CENTER_002","DTL_CENTER_002_D003","die_003",3,"CENTER","COND_RT_NOM",25,1,"NOMINAL","T_VMAX","VMAX",1.216681092152414,"V","LOWER",1.15,"NOT_DEFINED",1.05,1.25,"NOT_UNIFORM","1.05,1.08,1.1,1.12,1.15,1.18,1.2,1.22,1.25","SYNTHETIC_ASSUMED","P",1.120639978833269,"TESTER_A",20260115,"temporal_parametric_v1.0.0","DTL_TEMPORAL_PARAMETRIC_V1","DTL_TEMPORAL_ACTUAL_DIE_V1","DTL_TEMPORAL_POPULATION_V1"
"2026-01","January 2026",1,"DTL_CENTER_002","DTL_CENTER_002_D003","die_003",3,"CENTER","COND_RT_NOM",25,1,"NOMINAL","T_IDDQ","IDDQ",44.32643708208396,"uA","UPPER",50,"NOT_DEFINED",30,100,"NOT_UNIFORM","30.0,35.0,40.0,45.0,50.0,55.0,60.0,70.0,80.0,100.0","SYNTHETIC_ASSUMED","P",1.120639978833269,"TESTER_A",20260115,"temporal_parametric_v1.0.0","DTL_TEMPORAL_PARAMETRIC_V1","DTL_TEMPORAL_ACTUAL_DIE_V1","DTL_TEMPORAL_POPULATION_V1"
"2026-01","January 2026",1,"DTL_CENTER_002","DTL_CENTER_002_D003","die_003",3,"CENTER","COND_RT_NOM",25,1,"NOMINAL","T_SUPPLY_CURRENT","SUPPLY_CURRENT",101.9258130378301,"mA","UPPER",120,"NOT_DEFINED",90,200,"NOT_UNIFORM","90.0,100.0,110.0,120.0,130.0,140.0,150.0,170.0,200.0","SYNTHETIC_ASSUMED","P",1.120639978833269,"TESTER_A",20260115,"temporal_parametric_v1.0.0","DTL_TEMPORAL_PARAMETRIC_V1","DTL_TEMPORAL_ACTUAL_DIE_V1","DTL_TEMPORAL_POPULATION_V1"
"2026-01","January 2026",1,"DTL_CENTER_002","DTL_CENTER_002_D003","die_003",3,"CENTER","COND_HOT_NOM",85,1,"HOT","T_CONTACT_R","CONTACT_RESISTANCE",4.372826012879305,"ohm","UPPER",5,"NOT_DEFINED",3.5,10,"NOT_UNIFORM","3.5,4.0,4.5,5.0,5.5,6.0,7.0,8.0,10.0","SYNTHETIC_ASSUMED","P",1.120639978833269,"TESTER_A",20260115,"temporal_parametric_v1.0.0","DTL_TEMPORAL_PARAMETRIC_V1","DTL_TEMPORAL_ACTUAL_DIE_V1","DTL_TEMPORAL_POPULATION_V1"
"2026-01","January 2026",1,"DTL_CENTER_002","DTL_CENTER_002_D003","die_003",3,"CENTER","COND_HOT_NOM",85,1,"HOT","T_INTERCONNECT_R","INTERCONNECT_RESISTANCE",12.35618057664778,"ohm","UPPER",15,"NOT_DEFINED",11,25,"NOT_UNIFORM","11.0,12.0,13.0,14.0,15.0,16.0,18.0,20.0,25.0","SYNTHETIC_ASSUMED","P",1.120639978833269,"TESTER_A",20260115,"temporal_parametric_v1.0.0","DTL_TEMPORAL_PARAMETRIC_V1","DTL_TEMPORAL_ACTUAL_DIE_V1","DTL_TEMPORAL_POPULATION_V1"
"2026-01","January 2026",1,"DTL_CENTER_002","DTL_CENTER_002_D003","die_003",3,"CENTER","COND_HOT_NOM",85,1,"HOT","T_ON_R","ON_RESISTANCE",20.97029812013717,"ohm","UPPER",25,"NOT_DEFINED",18,50,"NOT_UNIFORM","18.0,20.0,22.0,25.0,28.0,30.0,35.0,40.0,50.0","SYNTHETIC_ASSUMED","P",1.120639978833269,"TESTER_A",20260115,"temporal_parametric_v1.0.0","DTL_TEMPORAL_PARAMETRIC_V1","DTL_TEMPORAL_ACTUAL_DIE_V1","DTL_TEMPORAL_POPULATION_V1"
"2026-01","January 2026",1,"DTL_CENTER_002","DTL_CENTER_002_D003","die_003",3,"CENTER","COND_HOT_NOM",85,1,"HOT","T_VMIN","VMIN",0.8405887571808665,"V","UPPER",0.85,"NOT_DEFINED",0.75,1,"NOT_UNIFORM","0.75,0.78,0.8,0.82,0.85,0.88,0.9,0.92,0.95,1.0","SYNTHETIC_ASSUMED","P",1.120639978833269,"TESTER_A",20260115,"temporal_parametric_v1.0.0","DTL_TEMPORAL_PARAMETRIC_V1","DTL_TEMPORAL_ACTUAL_DIE_V1","DTL_TEMPORAL_POPULATION_V1"
"2026-01","January 2026",1,"DTL_CENTER_002","DTL_CENTER_002_D003","die_003",3,"CENTER","COND_HOT_NOM",85,1,"HOT","T_VMAX","VMAX",1.1446474837172966,"V","LOWER",1.15,"NOT_DEFINED",1.05,1.25,"NOT_UNIFORM","1.05,1.08,1.1,1.12,1.15,1.18,1.2,1.22,1.25","SYNTHETIC_ASSUMED","F",1.120639978833269,"TESTER_A",20260115,"temporal_parametric_v1.0.0","DTL_TEMPORAL_PARAMETRIC_V1","DTL_TEMPORAL_ACTUAL_DIE_V1","DTL_TEMPORAL_POPULATION_V1"
"2026-01","January 2026",1,"DTL_CENTER_002","DTL_CENTER_002_D003","die_003",3,"CENTER","COND_HOT_NOM",85,1,"HOT","T_IDDQ","IDDQ",52.57615693261876,"uA","UPPER",50,"NOT_DEFINED",30,100,"NOT_UNIFORM","30.0,35.0,40.0,45.0,50.0,55.0,60.0,70.0,80.0,100.0","SYNTHETIC_ASSUMED","F",1.120639978833269,"TESTER_A",20260115,"temporal_parametric_v1.0.0","DTL_TEMPORAL_PARAMETRIC_V1","DTL_TEMPORAL_ACTUAL_DIE_V1","DTL_TEMPORAL_POPULATION_V1"
"2026-01","January 2026",1,"DTL_CENTER_002","DTL_CENTER_002_D003","die_003",3,"CENTER","COND_HOT_NOM",85,1,"HOT","T_SUPPLY_CURRENT","SUPPLY_CURRENT",103.24737709686023,"mA","UPPER",120,"NOT_DEFINED",90,200,"NOT_UNIFORM","90.0,100.0,110.0,120.0,130.0,140.0,150.0,170.0,200.0","SYNTHETIC_ASSUMED","P",1.120639978833269,"TESTER_A",20260115,"temporal_parametric_v1.0.0","DTL_TEMPORAL_PARAMETRIC_V1","DTL_TEMPORAL_ACTUAL_DIE_V1","DTL_TEMPORAL_POPULATION_V1"
"2026-01","January 2026",1,"DTL_CENTER_002","DTL_CENTER_002_D003","die_003",3,"CENTER","COND_RT_LOWV",25,0.9,"LOW_VDD","T_CONTACT_R","CONTACT_RESISTANCE",3.8197597779937,"ohm","UPPER",5,"NOT_DEFINED",3.5,10,"NOT_UNIFORM","3.5,4.0,4.5,5.0,5.5,6.0,7.0,8.0,10.0","SYNTHETIC_ASSUMED","P",1.120639978833269,"TESTER_A",20260115,"temporal_parametric_v1.0.0","DTL_TEMPORAL_PARAMETRIC_V1","DTL_TEMPORAL_ACTUAL_DIE_V1","DTL_TEMPORAL_POPULATION_V1"
"2026-01","January 2026",1,"DTL_CENTER_002","DTL_CENTER_002_D003","die_003",3,"CENTER","COND_RT_LOWV",25,0.9,"LOW_VDD","T_INTERCONNECT_R","INTERCONNECT_RESISTANCE",13.931929043825631,"ohm","UPPER",15,"NOT_DEFINED",11,25,"NOT_UNIFORM","11.0,12.0,13.0,14.0,15.0,16.0,18.0,20.0,25.0","SYNTHETIC_ASSUMED","P",1.120639978833269,"TESTER_A",20260115,"temporal_parametric_v1.0.0","DTL_TEMPORAL_PARAMETRIC_V1","DTL_TEMPORAL_ACTUAL_DIE_V1","DTL_TEMPORAL_POPULATION_V1"
"2026-01","January 2026",1,"DTL_CENTER_002","DTL_CENTER_002_D003","die_003",3,"CENTER","COND_RT_LOWV",25,0.9,"LOW_VDD","T_ON_R","ON_RESISTANCE",22.365288530667712,"ohm","UPPER",25,"NOT_DEFINED",18,50,"NOT_UNIFORM","18.0,20.0,22.0,25.0,28.0,30.0,35.0,40.0,50.0","SYNTHETIC_ASSUMED","P",1.120639978833269,"TESTER_A",20260115,"temporal_parametric_v1.0.0","DTL_TEMPORAL_PARAMETRIC_V1","DTL_TEMPORAL_ACTUAL_DIE_V1","DTL_TEMPORAL_POPULATION_V1"
"2026-01","January 2026",1,"DTL_CENTER_002","DTL_CENTER_002_D003","die_003",3,"CENTER","COND_RT_LOWV",25,0.9,"LOW_VDD","T_VMIN","VMIN",0.8338694357191955,"V","UPPER",0.85,"NOT_DEFINED",0.75,1,"NOT_UNIFORM","0.75,0.78,0.8,0.82,0.85,0.88,0.9,0.92,0.95,1.0","SYNTHETIC_ASSUMED","P",1.120639978833269,"TESTER_A",20260115,"temporal_parametric_v1.0.0","DTL_TEMPORAL_PARAMETRIC_V1","DTL_TEMPORAL_ACTUAL_DIE_V1","DTL_TEMPORAL_POPULATION_V1"
"2026-01","January 2026",1,"DTL_CENTER_002","DTL_CENTER_002_D003","die_003",3,"CENTER","COND_RT_LOWV",25,0.9,"LOW_VDD","T_VMAX","VMAX",1.1862785599139067,"V","LOWER",1.15,"NOT_DEFINED",1.05,1.25,"NOT_UNIFORM","1.05,1.08,1.1,1.12,1.15,1.18,1.2,1.22,1.25","SYNTHETIC_ASSUMED","P",1.120639978833269,"TESTER_A",20260115,"temporal_parametric_v1.0.0","DTL_TEMPORAL_PARAMETRIC_V1","DTL_TEMPORAL_ACTUAL_DIE_V1","DTL_TEMPORAL_POPULATION_V1"
"2026-01","January 2026",1,"DTL_CENTER_002","DTL_CENTER_002_D003","die_003",3,"CENTER","COND_RT_LOWV",25,0.9,"LOW_VDD","T_IDDQ","IDDQ",52.04055792068347,"uA","UPPER",50,"NOT_DEFINED",30,100,"NOT_UNIFORM","30.0,35.0,40.0,45.0,50.0,55.0,60.0,70.0,80.0,100.0","SYNTHETIC_ASSUMED","F",1.120639978833269,"TESTER_A",20260115,"temporal_parametric_v1.0.0","DTL_TEMPORAL_PARAMETRIC_V1","DTL_TEMPORAL_ACTUAL_DIE_V1","DTL_TEMPORAL_POPULATION_V1"
"2026-01","January 2026",1,"DTL_CENTER_002","DTL_CENTER_002_D003","die_003",3,"CENTER","COND_RT_LOWV",25,0.9,"LOW_VDD","T_SUPPLY_CURRENT","SUPPLY_CURRENT",108.62020419723898,"mA","UPPER",120,"NOT_DEFINED",90,200,"NOT_UNIFORM","90.0,100.0,110.0,120.0,130.0,140.0,150.0,170.0,200.0","SYNTHETIC_ASSUMED","P",1.120639978833269,"TESTER_A",20260115,"temporal_parametric_v1.0.0","DTL_TEMPORAL_PARAMETRIC_V1","DTL_TEMPORAL_ACTUAL_DIE_V1","DTL_TEMPORAL_POPULATION_V1"
"2026-01","January 2026",1,"DTL_CENTER_002","DTL_CENTER_002_D003","die_003",3,"CENTER","COND_HOT_HIGHV",85,1.1,"HIGH_VDD","T_CONTACT_R","CONTACT_RESISTANCE",4.601790841583773,"ohm","UPPER",5,"NOT_DEFINED",3.5,10,"NOT_UNIFORM","3.5,4.0,4.5,5.0,5.5,6.0,7.0,8.0,10.0","SYNTHETIC_ASSUMED","P",1.120639978833269,"TESTER_A",20260115,"temporal_parametric_v1.0.0","DTL_TEMPORAL_PARAMETRIC_V1","DTL_TEMPORAL_ACTUAL_DIE_V1","DTL_TEMPORAL_POPULATION_V1"
"2026-01","January 2026",1,"DTL_CENTER_002","DTL_CENTER_002_D003","die_003",3,"CENTER","COND_HOT_HIGHV",85,1.1,"HIGH_VDD","T_INTERCONNECT_R","INTERCONNECT_RESISTANCE",12.027436843423178,"ohm","UPPER",15,"NOT_DEFINED",11,25,"NOT_UNIFORM","11.0,12.0,13.0,14.0,15.0,16.0,18.0,20.0,25.0","SYNTHETIC_ASSUMED","P",1.120639978833269,"TESTER_A",20260115,"temporal_parametric_v1.0.0","DTL_TEMPORAL_PARAMETRIC_V1","DTL_TEMPORAL_ACTUAL_DIE_V1","DTL_TEMPORAL_POPULATION_V1"
"2026-01","January 2026",1,"DTL_CENTER_002","DTL_CENTER_002_D003","die_003",3,"CENTER","COND_HOT_HIGHV",85,1.1,"HIGH_VDD","T_ON_R","ON_RESISTANCE",20.10105375572347,"ohm","UPPER",25,"NOT_DEFINED",18,50,"NOT_UNIFORM","18.0,20.0,22.0,25.0,28.0,30.0,35.0,40.0,50.0","SYNTHETIC_ASSUMED","P",1.120639978833269,"TESTER_A",20260115,"temporal_parametric_v1.0.0","DTL_TEMPORAL_PARAMETRIC_V1","DTL_TEMPORAL_ACTUAL_DIE_V1","DTL_TEMPORAL_POPULATION_V1"
"2026-01","January 2026",1,"DTL_CENTER_002","DTL_CENTER_002_D003","die_003",3,"CENTER","COND_HOT_HIGHV",85,1.1,"HIGH_VDD","T_VMIN","VMIN",0.8354385287449654,"V","UPPER",0.85,"NOT_DEFINED",0.75,1,"NOT_UNIFORM","0.75,0.78,0.8,0.82,0.85,0.88,0.9,0.92,0.95,1.0","SYNTHETIC_ASSUMED","P",1.120639978833269,"TESTER_A",20260115,"temporal_parametric_v1.0.0","DTL_TEMPORAL_PARAMETRIC_V1","DTL_TEMPORAL_ACTUAL_DIE_V1","DTL_TEMPORAL_POPULATION_V1"
"2026-01","January 2026",1,"DTL_CENTER_002","DTL_CENTER_002_D003","die_003",3,"CENTER","COND_HOT_HIGHV",85,1.1,"HIGH_VDD","T_VMAX","VMAX",1.184705473823464,"V","LOWER",1.15,"NOT_DEFINED",1.05,1.25,"NOT_UNIFORM","1.05,1.08,1.1,1.12,1.15,1.18,1.2,1.22,1.25","SYNTHETIC_ASSUMED","P",1.120639978833269,"TESTER_A",20260115,"temporal_parametric_v1.0.0","DTL_TEMPORAL_PARAMETRIC_V1","DTL_TEMPORAL_ACTUAL_DIE_V1","DTL_TEMPORAL_POPULATION_V1"
"2026-01","January 2026",1,"DTL_CENTER_002","DTL_CENTER_002_D003","die_003",3,"CENTER","COND_HOT_HIGHV",85,1.1,"HIGH_VDD","T_IDDQ","IDDQ",49.58011415269488,"uA","UPPER",50,"NOT_DEFINED",30,100,"NOT_UNIFORM","30.0,35.0,40.0,45.0,50.0,55.0,60.0,70.0,80.0,100.0","SYNTHETIC_ASSUMED","P",1.120639978833269,"TESTER_A",20260115,"temporal_parametric_v1.0.0","DTL_TEMPORAL_PARAMETRIC_V1","DTL_TEMPORAL_ACTUAL_DIE_V1","DTL_TEMPORAL_POPULATION_V1"
"2026-01","January 2026",1,"DTL_CENTER_002","DTL_CENTER_002_D003","die_003",3,"CENTER","COND_HOT_HIGHV",85,1.1,"HIGH_VDD","T_SUPPLY_CURRENT","SUPPLY_CURRENT",115.70712234187666,"mA","UPPER",120,"NOT_DEFINED",90,200,"NOT_UNIFORM","90.0,100.0,110.0,120.0,130.0,140.0,150.0,170.0,200.0","SYNTHETIC_ASSUMED","P",1.120639978833269,"TESTER_A",20260115,"temporal_parametric_v1.0.0","DTL_TEMPORAL_PARAMETRIC_V1","DTL_TEMPORAL_ACTUAL_DIE_V1","DTL_TEMPORAL_POPULATION_V1"
