"production_month","production_month_label","month_index","lot_id","die_id","die_label","die_index","lot_category","condition_id","temperature_c","vdd_applied","test_mode","test_id","parameter","measurement_value","unit","limit_type","current_dtl","current_engineering_range","candidate_min","candidate_max","candidate_step","candidate_catalog","limit_source","pass_fail_condition","shared_process_severity","tester_id","generation_seed","generator_version","dataset_version","actual_die_version","population_version"
"2026-02","February 2026",2,"DTL_NORM_001","DTL_NORM_001_D001","die_001",1,"NORMAL","COND_RT_NOM",25,1,"NOMINAL","T_CONTACT_R","CONTACT_RESISTANCE",6.408775139484384,"ohm","UPPER",5,"NOT_DEFINED",3.5,10,"NOT_UNIFORM","3.5,4.0,4.5,5.0,5.5,6.0,7.0,8.0,10.0","SYNTHETIC_ASSUMED","F",3.904556723674352,"TESTER_A",20260115,"temporal_parametric_v1.0.0","DTL_TEMPORAL_PARAMETRIC_V1","DTL_TEMPORAL_ACTUAL_DIE_V1","DTL_TEMPORAL_POPULATION_V1"
"2026-02","February 2026",2,"DTL_NORM_001","DTL_NORM_001_D001","die_001",1,"NORMAL","COND_RT_NOM",25,1,"NOMINAL","T_INTERCONNECT_R","INTERCONNECT_RESISTANCE",18.27311604516175,"ohm","UPPER",15,"NOT_DEFINED",11,25,"NOT_UNIFORM","11.0,12.0,13.0,14.0,15.0,16.0,18.0,20.0,25.0","SYNTHETIC_ASSUMED","F",3.904556723674352,"TESTER_A",20260115,"temporal_parametric_v1.0.0","DTL_TEMPORAL_PARAMETRIC_V1","DTL_TEMPORAL_ACTUAL_DIE_V1","DTL_TEMPORAL_POPULATION_V1"
"2026-02","February 2026",2,"DTL_NORM_001","DTL_NORM_001_D001","die_001",1,"NORMAL","COND_RT_NOM",25,1,"NOMINAL","T_ON_R","ON_RESISTANCE",29.093322482723146,"ohm","UPPER",25,"NOT_DEFINED",18,50,"NOT_UNIFORM","18.0,20.0,22.0,25.0,28.0,30.0,35.0,40.0,50.0","SYNTHETIC_ASSUMED","F",3.904556723674352,"TESTER_A",20260115,"temporal_parametric_v1.0.0","DTL_TEMPORAL_PARAMETRIC_V1","DTL_TEMPORAL_ACTUAL_DIE_V1","DTL_TEMPORAL_POPULATION_V1"
"2026-02","February 2026",2,"DTL_NORM_001","DTL_NORM_001_D001","die_001",1,"NORMAL","COND_RT_NOM",25,1,"NOMINAL","T_VMIN","VMIN",0.9942429130356636,"V","UPPER",0.85,"NOT_DEFINED",0.75,1,"NOT_UNIFORM","0.75,0.78,0.8,0.82,0.85,0.88,0.9,0.92,0.95,1.0","SYNTHETIC_ASSUMED","F",3.904556723674352,"TESTER_A",20260115,"temporal_parametric_v1.0.0","DTL_TEMPORAL_PARAMETRIC_V1","DTL_TEMPORAL_ACTUAL_DIE_V1","DTL_TEMPORAL_POPULATION_V1"
"2026-02","February 2026",2,"DTL_NORM_001","DTL_NORM_001_D001","die_001",1,"NORMAL","COND_RT_NOM",25,1,"NOMINAL","T_VMAX","VMAX",1.0299333041427672,"V","LOWER",1.15,"NOT_DEFINED",1.05,1.25,"NOT_UNIFORM","1.05,1.08,1.1,1.12,1.15,1.18,1.2,1.22,1.25","SYNTHETIC_ASSUMED","F",3.904556723674352,"TESTER_A",20260115,"temporal_parametric_v1.0.0","DTL_TEMPORAL_PARAMETRIC_V1","DTL_TEMPORAL_ACTUAL_DIE_V1","DTL_TEMPORAL_POPULATION_V1"
"2026-02","February 2026",2,"DTL_NORM_001","DTL_NORM_001_D001","die_001",1,"NORMAL","COND_RT_NOM",25,1,"NOMINAL","T_IDDQ","IDDQ",62.6449154404449,"uA","UPPER",50,"NOT_DEFINED",30,100,"NOT_UNIFORM","30.0,35.0,40.0,45.0,50.0,55.0,60.0,70.0,80.0,100.0","SYNTHETIC_ASSUMED","F",3.904556723674352,"TESTER_A",20260115,"temporal_parametric_v1.0.0","DTL_TEMPORAL_PARAMETRIC_V1","DTL_TEMPORAL_ACTUAL_DIE_V1","DTL_TEMPORAL_POPULATION_V1"
"2026-02","February 2026",2,"DTL_NORM_001","DTL_NORM_001_D001","die_001",1,"NORMAL","COND_RT_NOM",25,1,"NOMINAL","T_SUPPLY_CURRENT","SUPPLY_CURRENT",130.33723032166273,"mA","UPPER",120,"NOT_DEFINED",90,200,"NOT_UNIFORM","90.0,100.0,110.0,120.0,130.0,140.0,150.0,170.0,200.0","SYNTHETIC_ASSUMED","F",3.904556723674352,"TESTER_A",20260115,"temporal_parametric_v1.0.0","DTL_TEMPORAL_PARAMETRIC_V1","DTL_TEMPORAL_ACTUAL_DIE_V1","DTL_TEMPORAL_POPULATION_V1"
"2026-02","February 2026",2,"DTL_NORM_001","DTL_NORM_001_D001","die_001",1,"NORMAL","COND_HOT_NOM",85,1,"HOT","T_CONTACT_R","CONTACT_RESISTANCE",7.57574433304843,"ohm","UPPER",5,"NOT_DEFINED",3.5,10,"NOT_UNIFORM","3.5,4.0,4.5,5.0,5.5,6.0,7.0,8.0,10.0","SYNTHETIC_ASSUMED","F",3.904556723674352,"TESTER_A",20260115,"temporal_parametric_v1.0.0","DTL_TEMPORAL_PARAMETRIC_V1","DTL_TEMPORAL_ACTUAL_DIE_V1","DTL_TEMPORAL_POPULATION_V1"
"2026-02","February 2026",2,"DTL_NORM_001","DTL_NORM_001_D001","die_001",1,"NORMAL","COND_HOT_NOM",85,1,"HOT","T_INTERCONNECT_R","INTERCONNECT_RESISTANCE",20.485017087778136,"ohm","UPPER",15,"NOT_DEFINED",11,25,"NOT_UNIFORM","11.0,12.0,13.0,14.0,15.0,16.0,18.0,20.0,25.0","SYNTHETIC_ASSUMED","F",3.904556723674352,"TESTER_A",20260115,"temporal_parametric_v1.0.0","DTL_TEMPORAL_PARAMETRIC_V1","DTL_TEMPORAL_ACTUAL_DIE_V1","DTL_TEMPORAL_POPULATION_V1"
"2026-02","February 2026",2,"DTL_NORM_001","DTL_NORM_001_D001","die_001",1,"NORMAL","COND_HOT_NOM",85,1,"HOT","T_ON_R","ON_RESISTANCE",33.42851320691594,"ohm","UPPER",25,"NOT_DEFINED",18,50,"NOT_UNIFORM","18.0,20.0,22.0,25.0,28.0,30.0,35.0,40.0,50.0","SYNTHETIC_ASSUMED","F",3.904556723674352,"TESTER_A",20260115,"temporal_parametric_v1.0.0","DTL_TEMPORAL_PARAMETRIC_V1","DTL_TEMPORAL_ACTUAL_DIE_V1","DTL_TEMPORAL_POPULATION_V1"
"2026-02","February 2026",2,"DTL_NORM_001","DTL_NORM_001_D001","die_001",1,"NORMAL","COND_HOT_NOM",85,1,"HOT","T_VMIN","VMIN",1.0063573383537958,"V","UPPER",0.85,"NOT_DEFINED",0.75,1,"NOT_UNIFORM","0.75,0.78,0.8,0.82,0.85,0.88,0.9,0.92,0.95,1.0","SYNTHETIC_ASSUMED","F",3.904556723674352,"TESTER_A",20260115,"temporal_parametric_v1.0.0","DTL_TEMPORAL_PARAMETRIC_V1","DTL_TEMPORAL_ACTUAL_DIE_V1","DTL_TEMPORAL_POPULATION_V1"
"2026-02","February 2026",2,"DTL_NORM_001","DTL_NORM_001_D001","die_001",1,"NORMAL","COND_HOT_NOM",85,1,"HOT","T_VMAX","VMAX",1.00092637490742,"V","LOWER",1.15,"NOT_DEFINED",1.05,1.25,"NOT_UNIFORM","1.05,1.08,1.1,1.12,1.15,1.18,1.2,1.22,1.25","SYNTHETIC_ASSUMED","F",3.904556723674352,"TESTER_A",20260115,"temporal_parametric_v1.0.0","DTL_TEMPORAL_PARAMETRIC_V1","DTL_TEMPORAL_ACTUAL_DIE_V1","DTL_TEMPORAL_POPULATION_V1"
"2026-02","February 2026",2,"DTL_NORM_001","DTL_NORM_001_D001","die_001",1,"NORMAL","COND_HOT_NOM",85,1,"HOT","T_IDDQ","IDDQ",79.02429808776523,"uA","UPPER",50,"NOT_DEFINED",30,100,"NOT_UNIFORM","30.0,35.0,40.0,45.0,50.0,55.0,60.0,70.0,80.0,100.0","SYNTHETIC_ASSUMED","F",3.904556723674352,"TESTER_A",20260115,"temporal_parametric_v1.0.0","DTL_TEMPORAL_PARAMETRIC_V1","DTL_TEMPORAL_ACTUAL_DIE_V1","DTL_TEMPORAL_POPULATION_V1"
"2026-02","February 2026",2,"DTL_NORM_001","DTL_NORM_001_D001","die_001",1,"NORMAL","COND_HOT_NOM",85,1,"HOT","T_SUPPLY_CURRENT","SUPPLY_CURRENT",133.19686978668022,"mA","UPPER",120,"NOT_DEFINED",90,200,"NOT_UNIFORM","90.0,100.0,110.0,120.0,130.0,140.0,150.0,170.0,200.0","SYNTHETIC_ASSUMED","F",3.904556723674352,"TESTER_A",20260115,"temporal_parametric_v1.0.0","DTL_TEMPORAL_PARAMETRIC_V1","DTL_TEMPORAL_ACTUAL_DIE_V1","DTL_TEMPORAL_POPULATION_V1"
"2026-02","February 2026",2,"DTL_NORM_001","DTL_NORM_001_D001","die_001",1,"NORMAL","COND_RT_LOWV",25,0.9,"LOW_VDD","T_CONTACT_R","CONTACT_RESISTANCE",7.330707283062077,"ohm","UPPER",5,"NOT_DEFINED",3.5,10,"NOT_UNIFORM","3.5,4.0,4.5,5.0,5.5,6.0,7.0,8.0,10.0","SYNTHETIC_ASSUMED","F",3.904556723674352,"TESTER_A",20260115,"temporal_parametric_v1.0.0","DTL_TEMPORAL_PARAMETRIC_V1","DTL_TEMPORAL_ACTUAL_DIE_V1","DTL_TEMPORAL_POPULATION_V1"
"2026-02","February 2026",2,"DTL_NORM_001","DTL_NORM_001_D001","die_001",1,"NORMAL","COND_RT_LOWV",25,0.9,"LOW_VDD","T_INTERCONNECT_R","INTERCONNECT_RESISTANCE",17.361505173741424,"ohm","UPPER",15,"NOT_DEFINED",11,25,"NOT_UNIFORM","11.0,12.0,13.0,14.0,15.0,16.0,18.0,20.0,25.0","SYNTHETIC_ASSUMED","F",3.904556723674352,"TESTER_A",20260115,"temporal_parametric_v1.0.0","DTL_TEMPORAL_PARAMETRIC_V1","DTL_TEMPORAL_ACTUAL_DIE_V1","DTL_TEMPORAL_POPULATION_V1"
"2026-02","February 2026",2,"DTL_NORM_001","DTL_NORM_001_D001","die_001",1,"NORMAL","COND_RT_LOWV",25,0.9,"LOW_VDD","T_ON_R","ON_RESISTANCE",28.69730404217284,"ohm","UPPER",25,"NOT_DEFINED",18,50,"NOT_UNIFORM","18.0,20.0,22.0,25.0,28.0,30.0,35.0,40.0,50.0","SYNTHETIC_ASSUMED","F",3.904556723674352,"TESTER_A",20260115,"temporal_parametric_v1.0.0","DTL_TEMPORAL_PARAMETRIC_V1","DTL_TEMPORAL_ACTUAL_DIE_V1","DTL_TEMPORAL_POPULATION_V1"
"2026-02","February 2026",2,"DTL_NORM_001","DTL_NORM_001_D001","die_001",1,"NORMAL","COND_RT_LOWV",25,0.9,"LOW_VDD","T_VMIN","VMIN",1.004693773882795,"V","UPPER",0.85,"NOT_DEFINED",0.75,1,"NOT_UNIFORM","0.75,0.78,0.8,0.82,0.85,0.88,0.9,0.92,0.95,1.0","SYNTHETIC_ASSUMED","F",3.904556723674352,"TESTER_A",20260115,"temporal_parametric_v1.0.0","DTL_TEMPORAL_PARAMETRIC_V1","DTL_TEMPORAL_ACTUAL_DIE_V1","DTL_TEMPORAL_POPULATION_V1"
"2026-02","February 2026",2,"DTL_NORM_001","DTL_NORM_001_D001","die_001",1,"NORMAL","COND_RT_LOWV",25,0.9,"LOW_VDD","T_VMAX","VMAX",1.0804084387481576,"V","LOWER",1.15,"NOT_DEFINED",1.05,1.25,"NOT_UNIFORM","1.05,1.08,1.1,1.12,1.15,1.18,1.2,1.22,1.25","SYNTHETIC_ASSUMED","F",3.904556723674352,"TESTER_A",20260115,"temporal_parametric_v1.0.0","DTL_TEMPORAL_PARAMETRIC_V1","DTL_TEMPORAL_ACTUAL_DIE_V1","DTL_TEMPORAL_POPULATION_V1"
"2026-02","February 2026",2,"DTL_NORM_001","DTL_NORM_001_D001","die_001",1,"NORMAL","COND_RT_LOWV",25,0.9,"LOW_VDD","T_IDDQ","IDDQ",67.58020258546372,"uA","UPPER",50,"NOT_DEFINED",30,100,"NOT_UNIFORM","30.0,35.0,40.0,45.0,50.0,55.0,60.0,70.0,80.0,100.0","SYNTHETIC_ASSUMED","F",3.904556723674352,"TESTER_A",20260115,"temporal_parametric_v1.0.0","DTL_TEMPORAL_PARAMETRIC_V1","DTL_TEMPORAL_ACTUAL_DIE_V1","DTL_TEMPORAL_POPULATION_V1"
"2026-02","February 2026",2,"DTL_NORM_001","DTL_NORM_001_D001","die_001",1,"NORMAL","COND_RT_LOWV",25,0.9,"LOW_VDD","T_SUPPLY_CURRENT","SUPPLY_CURRENT",127.0400994822382,"mA","UPPER",120,"NOT_DEFINED",90,200,"NOT_UNIFORM","90.0,100.0,110.0,120.0,130.0,140.0,150.0,170.0,200.0","SYNTHETIC_ASSUMED","F",3.904556723674352,"TESTER_A",20260115,"temporal_parametric_v1.0.0","DTL_TEMPORAL_PARAMETRIC_V1","DTL_TEMPORAL_ACTUAL_DIE_V1","DTL_TEMPORAL_POPULATION_V1"
"2026-02","February 2026",2,"DTL_NORM_001","DTL_NORM_001_D001","die_001",1,"NORMAL","COND_HOT_HIGHV",85,1.1,"HIGH_VDD","T_CONTACT_R","CONTACT_RESISTANCE",6.917580785616858,"ohm","UPPER",5,"NOT_DEFINED",3.5,10,"NOT_UNIFORM","3.5,4.0,4.5,5.0,5.5,6.0,7.0,8.0,10.0","SYNTHETIC_ASSUMED","F",3.904556723674352,"TESTER_A",20260115,"temporal_parametric_v1.0.0","DTL_TEMPORAL_PARAMETRIC_V1","DTL_TEMPORAL_ACTUAL_DIE_V1","DTL_TEMPORAL_POPULATION_V1"
"2026-02","February 2026",2,"DTL_NORM_001","DTL_NORM_001_D001","die_001",1,"NORMAL","COND_HOT_HIGHV",85,1.1,"HIGH_VDD","T_INTERCONNECT_R","INTERCONNECT_RESISTANCE",20.476068073293675,"ohm","UPPER",15,"NOT_DEFINED",11,25,"NOT_UNIFORM","11.0,12.0,13.0,14.0,15.0,16.0,18.0,20.0,25.0","SYNTHETIC_ASSUMED","F",3.904556723674352,"TESTER_A",20260115,"temporal_parametric_v1.0.0","DTL_TEMPORAL_PARAMETRIC_V1","DTL_TEMPORAL_ACTUAL_DIE_V1","DTL_TEMPORAL_POPULATION_V1"
"2026-02","February 2026",2,"DTL_NORM_001","DTL_NORM_001_D001","die_001",1,"NORMAL","COND_HOT_HIGHV",85,1.1,"HIGH_VDD","T_ON_R","ON_RESISTANCE",30.59831920006297,"ohm","UPPER",25,"NOT_DEFINED",18,50,"NOT_UNIFORM","18.0,20.0,22.0,25.0,28.0,30.0,35.0,40.0,50.0","SYNTHETIC_ASSUMED","F",3.904556723674352,"TESTER_A",20260115,"temporal_parametric_v1.0.0","DTL_TEMPORAL_PARAMETRIC_V1","DTL_TEMPORAL_ACTUAL_DIE_V1","DTL_TEMPORAL_POPULATION_V1"
"2026-02","February 2026",2,"DTL_NORM_001","DTL_NORM_001_D001","die_001",1,"NORMAL","COND_HOT_HIGHV",85,1.1,"HIGH_VDD","T_VMIN","VMIN",0.9904358367705494,"V","UPPER",0.85,"NOT_DEFINED",0.75,1,"NOT_UNIFORM","0.75,0.78,0.8,0.82,0.85,0.88,0.9,0.92,0.95,1.0","SYNTHETIC_ASSUMED","F",3.904556723674352,"TESTER_A",20260115,"temporal_parametric_v1.0.0","DTL_TEMPORAL_PARAMETRIC_V1","DTL_TEMPORAL_ACTUAL_DIE_V1","DTL_TEMPORAL_POPULATION_V1"
"2026-02","February 2026",2,"DTL_NORM_001","DTL_NORM_001_D001","die_001",1,"NORMAL","COND_HOT_HIGHV",85,1.1,"HIGH_VDD","T_VMAX","VMAX",1.0550420570121253,"V","LOWER",1.15,"NOT_DEFINED",1.05,1.25,"NOT_UNIFORM","1.05,1.08,1.1,1.12,1.15,1.18,1.2,1.22,1.25","SYNTHETIC_ASSUMED","F",3.904556723674352,"TESTER_A",20260115,"temporal_parametric_v1.0.0","DTL_TEMPORAL_PARAMETRIC_V1","DTL_TEMPORAL_ACTUAL_DIE_V1","DTL_TEMPORAL_POPULATION_V1"
"2026-02","February 2026",2,"DTL_NORM_001","DTL_NORM_001_D001","die_001",1,"NORMAL","COND_HOT_HIGHV",85,1.1,"HIGH_VDD","T_IDDQ","IDDQ",76.62600309619141,"uA","UPPER",50,"NOT_DEFINED",30,100,"NOT_UNIFORM","30.0,35.0,40.0,45.0,50.0,55.0,60.0,70.0,80.0,100.0","SYNTHETIC_ASSUMED","F",3.904556723674352,"TESTER_A",20260115,"temporal_parametric_v1.0.0","DTL_TEMPORAL_PARAMETRIC_V1","DTL_TEMPORAL_ACTUAL_DIE_V1","DTL_TEMPORAL_POPULATION_V1"
"2026-02","February 2026",2,"DTL_NORM_001","DTL_NORM_001_D001","die_001",1,"NORMAL","COND_HOT_HIGHV",85,1.1,"HIGH_VDD","T_SUPPLY_CURRENT","SUPPLY_CURRENT",138.0677642020078,"mA","UPPER",120,"NOT_DEFINED",90,200,"NOT_UNIFORM","90.0,100.0,110.0,120.0,130.0,140.0,150.0,170.0,200.0","SYNTHETIC_ASSUMED","F",3.904556723674352,"TESTER_A",20260115,"temporal_parametric_v1.0.0","DTL_TEMPORAL_PARAMETRIC_V1","DTL_TEMPORAL_ACTUAL_DIE_V1","DTL_TEMPORAL_POPULATION_V1"
"2026-02","February 2026",2,"DTL_NORM_001","DTL_NORM_001_D002","die_002",2,"NORMAL","COND_RT_NOM",25,1,"NOMINAL","T_CONTACT_R","CONTACT_RESISTANCE",3.6432288396089314,"ohm","UPPER",5,"NOT_DEFINED",3.5,10,"NOT_UNIFORM","3.5,4.0,4.5,5.0,5.5,6.0,7.0,8.0,10.0","SYNTHETIC_ASSUMED","P",1.4013858007637547,"TESTER_A",20260115,"temporal_parametric_v1.0.0","DTL_TEMPORAL_PARAMETRIC_V1","DTL_TEMPORAL_ACTUAL_DIE_V1","DTL_TEMPORAL_POPULATION_V1"
"2026-02","February 2026",2,"DTL_NORM_001","DTL_NORM_001_D002","die_002",2,"NORMAL","COND_RT_NOM",25,1,"NOMINAL","T_INTERCONNECT_R","INTERCONNECT_RESISTANCE",12.993491400245542,"ohm","UPPER",15,"NOT_DEFINED",11,25,"NOT_UNIFORM","11.0,12.0,13.0,14.0,15.0,16.0,18.0,20.0,25.0","SYNTHETIC_ASSUMED","P",1.4013858007637547,"TESTER_A",20260115,"temporal_parametric_v1.0.0","DTL_TEMPORAL_PARAMETRIC_V1","DTL_TEMPORAL_ACTUAL_DIE_V1","DTL_TEMPORAL_POPULATION_V1"
"2026-02","February 2026",2,"DTL_NORM_001","DTL_NORM_001_D002","die_002",2,"NORMAL","COND_RT_NOM",25,1,"NOMINAL","T_ON_R","ON_RESISTANCE",20.973507132073365,"ohm","UPPER",25,"NOT_DEFINED",18,50,"NOT_UNIFORM","18.0,20.0,22.0,25.0,28.0,30.0,35.0,40.0,50.0","SYNTHETIC_ASSUMED","P",1.4013858007637547,"TESTER_A",20260115,"temporal_parametric_v1.0.0","DTL_TEMPORAL_PARAMETRIC_V1","DTL_TEMPORAL_ACTUAL_DIE_V1","DTL_TEMPORAL_POPULATION_V1"
"2026-02","February 2026",2,"DTL_NORM_001","DTL_NORM_001_D002","die_002",2,"NORMAL","COND_RT_NOM",25,1,"NOMINAL","T_VMIN","VMIN",0.8424987865508927,"V","UPPER",0.85,"NOT_DEFINED",0.75,1,"NOT_UNIFORM","0.75,0.78,0.8,0.82,0.85,0.88,0.9,0.92,0.95,1.0","SYNTHETIC_ASSUMED","P",1.4013858007637547,"TESTER_A",20260115,"temporal_parametric_v1.0.0","DTL_TEMPORAL_PARAMETRIC_V1","DTL_TEMPORAL_ACTUAL_DIE_V1","DTL_TEMPORAL_POPULATION_V1"
"2026-02","February 2026",2,"DTL_NORM_001","DTL_NORM_001_D002","die_002",2,"NORMAL","COND_RT_NOM",25,1,"NOMINAL","T_VMAX","VMAX",1.1389813483894713,"V","LOWER",1.15,"NOT_DEFINED",1.05,1.25,"NOT_UNIFORM","1.05,1.08,1.1,1.12,1.15,1.18,1.2,1.22,1.25","SYNTHETIC_ASSUMED","F",1.4013858007637547,"TESTER_A",20260115,"temporal_parametric_v1.0.0","DTL_TEMPORAL_PARAMETRIC_V1","DTL_TEMPORAL_ACTUAL_DIE_V1","DTL_TEMPORAL_POPULATION_V1"
"2026-02","February 2026",2,"DTL_NORM_001","DTL_NORM_001_D002","die_002",2,"NORMAL","COND_RT_NOM",25,1,"NOMINAL","T_IDDQ","IDDQ",47.8238628499367,"uA","UPPER",50,"NOT_DEFINED",30,100,"NOT_UNIFORM","30.0,35.0,40.0,45.0,50.0,55.0,60.0,70.0,80.0,100.0","SYNTHETIC_ASSUMED","P",1.4013858007637547,"TESTER_A",20260115,"temporal_parametric_v1.0.0","DTL_TEMPORAL_PARAMETRIC_V1","DTL_TEMPORAL_ACTUAL_DIE_V1","DTL_TEMPORAL_POPULATION_V1"
"2026-02","February 2026",2,"DTL_NORM_001","DTL_NORM_001_D002","die_002",2,"NORMAL","COND_RT_NOM",25,1,"NOMINAL","T_SUPPLY_CURRENT","SUPPLY_CURRENT",109.79656247271348,"mA","UPPER",120,"NOT_DEFINED",90,200,"NOT_UNIFORM","90.0,100.0,110.0,120.0,130.0,140.0,150.0,170.0,200.0","SYNTHETIC_ASSUMED","P",1.4013858007637547,"TESTER_A",20260115,"temporal_parametric_v1.0.0","DTL_TEMPORAL_PARAMETRIC_V1","DTL_TEMPORAL_ACTUAL_DIE_V1","DTL_TEMPORAL_POPULATION_V1"
"2026-02","February 2026",2,"DTL_NORM_001","DTL_NORM_001_D002","die_002",2,"NORMAL","COND_HOT_NOM",85,1,"HOT","T_CONTACT_R","CONTACT_RESISTANCE",5.3051118509975135,"ohm","UPPER",5,"NOT_DEFINED",3.5,10,"NOT_UNIFORM","3.5,4.0,4.5,5.0,5.5,6.0,7.0,8.0,10.0","SYNTHETIC_ASSUMED","F",1.4013858007637547,"TESTER_A",20260115,"temporal_parametric_v1.0.0","DTL_TEMPORAL_PARAMETRIC_V1","DTL_TEMPORAL_ACTUAL_DIE_V1","DTL_TEMPORAL_POPULATION_V1"
"2026-02","February 2026",2,"DTL_NORM_001","DTL_NORM_001_D002","die_002",2,"NORMAL","COND_HOT_NOM",85,1,"HOT","T_INTERCONNECT_R","INTERCONNECT_RESISTANCE",14.492229620544208,"ohm","UPPER",15,"NOT_DEFINED",11,25,"NOT_UNIFORM","11.0,12.0,13.0,14.0,15.0,16.0,18.0,20.0,25.0","SYNTHETIC_ASSUMED","P",1.4013858007637547,"TESTER_A",20260115,"temporal_parametric_v1.0.0","DTL_TEMPORAL_PARAMETRIC_V1","DTL_TEMPORAL_ACTUAL_DIE_V1","DTL_TEMPORAL_POPULATION_V1"
"2026-02","February 2026",2,"DTL_NORM_001","DTL_NORM_001_D002","die_002",2,"NORMAL","COND_HOT_NOM",85,1,"HOT","T_ON_R","ON_RESISTANCE",23.760486910314,"ohm","UPPER",25,"NOT_DEFINED",18,50,"NOT_UNIFORM","18.0,20.0,22.0,25.0,28.0,30.0,35.0,40.0,50.0","SYNTHETIC_ASSUMED","P",1.4013858007637547,"TESTER_A",20260115,"temporal_parametric_v1.0.0","DTL_TEMPORAL_PARAMETRIC_V1","DTL_TEMPORAL_ACTUAL_DIE_V1","DTL_TEMPORAL_POPULATION_V1"
"2026-02","February 2026",2,"DTL_NORM_001","DTL_NORM_001_D002","die_002",2,"NORMAL","COND_HOT_NOM",85,1,"HOT","T_VMIN","VMIN",0.9384514242499457,"V","UPPER",0.85,"NOT_DEFINED",0.75,1,"NOT_UNIFORM","0.75,0.78,0.8,0.82,0.85,0.88,0.9,0.92,0.95,1.0","SYNTHETIC_ASSUMED","F",1.4013858007637547,"TESTER_A",20260115,"temporal_parametric_v1.0.0","DTL_TEMPORAL_PARAMETRIC_V1","DTL_TEMPORAL_ACTUAL_DIE_V1","DTL_TEMPORAL_POPULATION_V1"
"2026-02","February 2026",2,"DTL_NORM_001","DTL_NORM_001_D002","die_002",2,"NORMAL","COND_HOT_NOM",85,1,"HOT","T_VMAX","VMAX",1.1889709410949754,"V","LOWER",1.15,"NOT_DEFINED",1.05,1.25,"NOT_UNIFORM","1.05,1.08,1.1,1.12,1.15,1.18,1.2,1.22,1.25","SYNTHETIC_ASSUMED","P",1.4013858007637547,"TESTER_A",20260115,"temporal_parametric_v1.0.0","DTL_TEMPORAL_PARAMETRIC_V1","DTL_TEMPORAL_ACTUAL_DIE_V1","DTL_TEMPORAL_POPULATION_V1"
"2026-02","February 2026",2,"DTL_NORM_001","DTL_NORM_001_D002","die_002",2,"NORMAL","COND_HOT_NOM",85,1,"HOT","T_IDDQ","IDDQ",58.38315764293003,"uA","UPPER",50,"NOT_DEFINED",30,100,"NOT_UNIFORM","30.0,35.0,40.0,45.0,50.0,55.0,60.0,70.0,80.0,100.0","SYNTHETIC_ASSUMED","F",1.4013858007637547,"TESTER_A",20260115,"temporal_parametric_v1.0.0","DTL_TEMPORAL_PARAMETRIC_V1","DTL_TEMPORAL_ACTUAL_DIE_V1","DTL_TEMPORAL_POPULATION_V1"
"2026-02","February 2026",2,"DTL_NORM_001","DTL_NORM_001_D002","die_002",2,"NORMAL","COND_HOT_NOM",85,1,"HOT","T_SUPPLY_CURRENT","SUPPLY_CURRENT",112.55681316451216,"mA","UPPER",120,"NOT_DEFINED",90,200,"NOT_UNIFORM","90.0,100.0,110.0,120.0,130.0,140.0,150.0,170.0,200.0","SYNTHETIC_ASSUMED","P",1.4013858007637547,"TESTER_A",20260115,"temporal_parametric_v1.0.0","DTL_TEMPORAL_PARAMETRIC_V1","DTL_TEMPORAL_ACTUAL_DIE_V1","DTL_TEMPORAL_POPULATION_V1"
"2026-02","February 2026",2,"DTL_NORM_001","DTL_NORM_001_D002","die_002",2,"NORMAL","COND_RT_LOWV",25,0.9,"LOW_VDD","T_CONTACT_R","CONTACT_RESISTANCE",3.979135671863872,"ohm","UPPER",5,"NOT_DEFINED",3.5,10,"NOT_UNIFORM","3.5,4.0,4.5,5.0,5.5,6.0,7.0,8.0,10.0","SYNTHETIC_ASSUMED","P",1.4013858007637547,"TESTER_A",20260115,"temporal_parametric_v1.0.0","DTL_TEMPORAL_PARAMETRIC_V1","DTL_TEMPORAL_ACTUAL_DIE_V1","DTL_TEMPORAL_POPULATION_V1"
"2026-02","February 2026",2,"DTL_NORM_001","DTL_NORM_001_D002","die_002",2,"NORMAL","COND_RT_LOWV",25,0.9,"LOW_VDD","T_INTERCONNECT_R","INTERCONNECT_RESISTANCE",12.359613176838494,"ohm","UPPER",15,"NOT_DEFINED",11,25,"NOT_UNIFORM","11.0,12.0,13.0,14.0,15.0,16.0,18.0,20.0,25.0","SYNTHETIC_ASSUMED","P",1.4013858007637547,"TESTER_A",20260115,"temporal_parametric_v1.0.0","DTL_TEMPORAL_PARAMETRIC_V1","DTL_TEMPORAL_ACTUAL_DIE_V1","DTL_TEMPORAL_POPULATION_V1"
"2026-02","February 2026",2,"DTL_NORM_001","DTL_NORM_001_D002","die_002",2,"NORMAL","COND_RT_LOWV",25,0.9,"LOW_VDD","T_ON_R","ON_RESISTANCE",23.719413582348743,"ohm","UPPER",25,"NOT_DEFINED",18,50,"NOT_UNIFORM","18.0,20.0,22.0,25.0,28.0,30.0,35.0,40.0,50.0","SYNTHETIC_ASSUMED","P",1.4013858007637547,"TESTER_A",20260115,"temporal_parametric_v1.0.0","DTL_TEMPORAL_PARAMETRIC_V1","DTL_TEMPORAL_ACTUAL_DIE_V1","DTL_TEMPORAL_POPULATION_V1"
"2026-02","February 2026",2,"DTL_NORM_001","DTL_NORM_001_D002","die_002",2,"NORMAL","COND_RT_LOWV",25,0.9,"LOW_VDD","T_VMIN","VMIN",0.8666468351038744,"V","UPPER",0.85,"NOT_DEFINED",0.75,1,"NOT_UNIFORM","0.75,0.78,0.8,0.82,0.85,0.88,0.9,0.92,0.95,1.0","SYNTHETIC_ASSUMED","F",1.4013858007637547,"TESTER_A",20260115,"temporal_parametric_v1.0.0","DTL_TEMPORAL_PARAMETRIC_V1","DTL_TEMPORAL_ACTUAL_DIE_V1","DTL_TEMPORAL_POPULATION_V1"
"2026-02","February 2026",2,"DTL_NORM_001","DTL_NORM_001_D002","die_002",2,"NORMAL","COND_RT_LOWV",25,0.9,"LOW_VDD","T_VMAX","VMAX",1.13906911001158,"V","LOWER",1.15,"NOT_DEFINED",1.05,1.25,"NOT_UNIFORM","1.05,1.08,1.1,1.12,1.15,1.18,1.2,1.22,1.25","SYNTHETIC_ASSUMED","F",1.4013858007637547,"TESTER_A",20260115,"temporal_parametric_v1.0.0","DTL_TEMPORAL_PARAMETRIC_V1","DTL_TEMPORAL_ACTUAL_DIE_V1","DTL_TEMPORAL_POPULATION_V1"
"2026-02","February 2026",2,"DTL_NORM_001","DTL_NORM_001_D002","die_002",2,"NORMAL","COND_RT_LOWV",25,0.9,"LOW_VDD","T_IDDQ","IDDQ",46.90236526730479,"uA","UPPER",50,"NOT_DEFINED",30,100,"NOT_UNIFORM","30.0,35.0,40.0,45.0,50.0,55.0,60.0,70.0,80.0,100.0","SYNTHETIC_ASSUMED","P",1.4013858007637547,"TESTER_A",20260115,"temporal_parametric_v1.0.0","DTL_TEMPORAL_PARAMETRIC_V1","DTL_TEMPORAL_ACTUAL_DIE_V1","DTL_TEMPORAL_POPULATION_V1"
"2026-02","February 2026",2,"DTL_NORM_001","DTL_NORM_001_D002","die_002",2,"NORMAL","COND_RT_LOWV",25,0.9,"LOW_VDD","T_SUPPLY_CURRENT","SUPPLY_CURRENT",109.1917789319214,"mA","UPPER",120,"NOT_DEFINED",90,200,"NOT_UNIFORM","90.0,100.0,110.0,120.0,130.0,140.0,150.0,170.0,200.0","SYNTHETIC_ASSUMED","P",1.4013858007637547,"TESTER_A",20260115,"temporal_parametric_v1.0.0","DTL_TEMPORAL_PARAMETRIC_V1","DTL_TEMPORAL_ACTUAL_DIE_V1","DTL_TEMPORAL_POPULATION_V1"
"2026-02","February 2026",2,"DTL_NORM_001","DTL_NORM_001_D002","die_002",2,"NORMAL","COND_HOT_HIGHV",85,1.1,"HIGH_VDD","T_CONTACT_R","CONTACT_RESISTANCE",3.9591608179353095,"ohm","UPPER",5,"NOT_DEFINED",3.5,10,"NOT_UNIFORM","3.5,4.0,4.5,5.0,5.5,6.0,7.0,8.0,10.0","SYNTHETIC_ASSUMED","P",1.4013858007637547,"TESTER_A",20260115,"temporal_parametric_v1.0.0","DTL_TEMPORAL_PARAMETRIC_V1","DTL_TEMPORAL_ACTUAL_DIE_V1","DTL_TEMPORAL_POPULATION_V1"
"2026-02","February 2026",2,"DTL_NORM_001","DTL_NORM_001_D002","die_002",2,"NORMAL","COND_HOT_HIGHV",85,1.1,"HIGH_VDD","T_INTERCONNECT_R","INTERCONNECT_RESISTANCE",14.76255403454526,"ohm","UPPER",15,"NOT_DEFINED",11,25,"NOT_UNIFORM","11.0,12.0,13.0,14.0,15.0,16.0,18.0,20.0,25.0","SYNTHETIC_ASSUMED","P",1.4013858007637547,"TESTER_A",20260115,"temporal_parametric_v1.0.0","DTL_TEMPORAL_PARAMETRIC_V1","DTL_TEMPORAL_ACTUAL_DIE_V1","DTL_TEMPORAL_POPULATION_V1"
"2026-02","February 2026",2,"DTL_NORM_001","DTL_NORM_001_D002","die_002",2,"NORMAL","COND_HOT_HIGHV",85,1.1,"HIGH_VDD","T_ON_R","ON_RESISTANCE",25.665448389529907,"ohm","UPPER",25,"NOT_DEFINED",18,50,"NOT_UNIFORM","18.0,20.0,22.0,25.0,28.0,30.0,35.0,40.0,50.0","SYNTHETIC_ASSUMED","F",1.4013858007637547,"TESTER_A",20260115,"temporal_parametric_v1.0.0","DTL_TEMPORAL_PARAMETRIC_V1","DTL_TEMPORAL_ACTUAL_DIE_V1","DTL_TEMPORAL_POPULATION_V1"
"2026-02","February 2026",2,"DTL_NORM_001","DTL_NORM_001_D002","die_002",2,"NORMAL","COND_HOT_HIGHV",85,1.1,"HIGH_VDD","T_VMIN","VMIN",0.874816105836699,"V","UPPER",0.85,"NOT_DEFINED",0.75,1,"NOT_UNIFORM","0.75,0.78,0.8,0.82,0.85,0.88,0.9,0.92,0.95,1.0","SYNTHETIC_ASSUMED","F",1.4013858007637547,"TESTER_A",20260115,"temporal_parametric_v1.0.0","DTL_TEMPORAL_PARAMETRIC_V1","DTL_TEMPORAL_ACTUAL_DIE_V1","DTL_TEMPORAL_POPULATION_V1"
"2026-02","February 2026",2,"DTL_NORM_001","DTL_NORM_001_D002","die_002",2,"NORMAL","COND_HOT_HIGHV",85,1.1,"HIGH_VDD","T_VMAX","VMAX",1.2482278477523667,"V","LOWER",1.15,"NOT_DEFINED",1.05,1.25,"NOT_UNIFORM","1.05,1.08,1.1,1.12,1.15,1.18,1.2,1.22,1.25","SYNTHETIC_ASSUMED","P",1.4013858007637547,"TESTER_A",20260115,"temporal_parametric_v1.0.0","DTL_TEMPORAL_PARAMETRIC_V1","DTL_TEMPORAL_ACTUAL_DIE_V1","DTL_TEMPORAL_POPULATION_V1"
"2026-02","February 2026",2,"DTL_NORM_001","DTL_NORM_001_D002","die_002",2,"NORMAL","COND_HOT_HIGHV",85,1.1,"HIGH_VDD","T_IDDQ","IDDQ",63.63269904774002,"uA","UPPER",50,"NOT_DEFINED",30,100,"NOT_UNIFORM","30.0,35.0,40.0,45.0,50.0,55.0,60.0,70.0,80.0,100.0","SYNTHETIC_ASSUMED","F",1.4013858007637547,"TESTER_A",20260115,"temporal_parametric_v1.0.0","DTL_TEMPORAL_PARAMETRIC_V1","DTL_TEMPORAL_ACTUAL_DIE_V1","DTL_TEMPORAL_POPULATION_V1"
"2026-02","February 2026",2,"DTL_NORM_001","DTL_NORM_001_D002","die_002",2,"NORMAL","COND_HOT_HIGHV",85,1.1,"HIGH_VDD","T_SUPPLY_CURRENT","SUPPLY_CURRENT",118.13485702429936,"mA","UPPER",120,"NOT_DEFINED",90,200,"NOT_UNIFORM","90.0,100.0,110.0,120.0,130.0,140.0,150.0,170.0,200.0","SYNTHETIC_ASSUMED","P",1.4013858007637547,"TESTER_A",20260115,"temporal_parametric_v1.0.0","DTL_TEMPORAL_PARAMETRIC_V1","DTL_TEMPORAL_ACTUAL_DIE_V1","DTL_TEMPORAL_POPULATION_V1"
"2026-02","February 2026",2,"DTL_NORM_001","DTL_NORM_001_D003","die_003",3,"NORMAL","COND_RT_NOM",25,1,"NOMINAL","T_CONTACT_R","CONTACT_RESISTANCE",4.303705664227311,"ohm","UPPER",5,"NOT_DEFINED",3.5,10,"NOT_UNIFORM","3.5,4.0,4.5,5.0,5.5,6.0,7.0,8.0,10.0","SYNTHETIC_ASSUMED","P",1.5316333680914451,"TESTER_A",20260115,"temporal_parametric_v1.0.0","DTL_TEMPORAL_PARAMETRIC_V1","DTL_TEMPORAL_ACTUAL_DIE_V1","DTL_TEMPORAL_POPULATION_V1"
"2026-02","February 2026",2,"DTL_NORM_001","DTL_NORM_001_D003","die_003",3,"NORMAL","COND_RT_NOM",25,1,"NOMINAL","T_INTERCONNECT_R","INTERCONNECT_RESISTANCE",14.494837700539556,"ohm","UPPER",15,"NOT_DEFINED",11,25,"NOT_UNIFORM","11.0,12.0,13.0,14.0,15.0,16.0,18.0,20.0,25.0","SYNTHETIC_ASSUMED","P",1.5316333680914451,"TESTER_A",20260115,"temporal_parametric_v1.0.0","DTL_TEMPORAL_PARAMETRIC_V1","DTL_TEMPORAL_ACTUAL_DIE_V1","DTL_TEMPORAL_POPULATION_V1"
"2026-02","February 2026",2,"DTL_NORM_001","DTL_NORM_001_D003","die_003",3,"NORMAL","COND_RT_NOM",25,1,"NOMINAL","T_ON_R","ON_RESISTANCE",23.68910990148572,"ohm","UPPER",25,"NOT_DEFINED",18,50,"NOT_UNIFORM","18.0,20.0,22.0,25.0,28.0,30.0,35.0,40.0,50.0","SYNTHETIC_ASSUMED","P",1.5316333680914451,"TESTER_A",20260115,"temporal_parametric_v1.0.0","DTL_TEMPORAL_PARAMETRIC_V1","DTL_TEMPORAL_ACTUAL_DIE_V1","DTL_TEMPORAL_POPULATION_V1"
"2026-02","February 2026",2,"DTL_NORM_001","DTL_NORM_001_D003","die_003",3,"NORMAL","COND_RT_NOM",25,1,"NOMINAL","T_VMIN","VMIN",0.8636241433012748,"V","UPPER",0.85,"NOT_DEFINED",0.75,1,"NOT_UNIFORM","0.75,0.78,0.8,0.82,0.85,0.88,0.9,0.92,0.95,1.0","SYNTHETIC_ASSUMED","F",1.5316333680914451,"TESTER_A",20260115,"temporal_parametric_v1.0.0","DTL_TEMPORAL_PARAMETRIC_V1","DTL_TEMPORAL_ACTUAL_DIE_V1","DTL_TEMPORAL_POPULATION_V1"
"2026-02","February 2026",2,"DTL_NORM_001","DTL_NORM_001_D003","die_003",3,"NORMAL","COND_RT_NOM",25,1,"NOMINAL","T_VMAX","VMAX",1.0931503548398829,"V","LOWER",1.15,"NOT_DEFINED",1.05,1.25,"NOT_UNIFORM","1.05,1.08,1.1,1.12,1.15,1.18,1.2,1.22,1.25","SYNTHETIC_ASSUMED","F",1.5316333680914451,"TESTER_A",20260115,"temporal_parametric_v1.0.0","DTL_TEMPORAL_PARAMETRIC_V1","DTL_TEMPORAL_ACTUAL_DIE_V1","DTL_TEMPORAL_POPULATION_V1"
"2026-02","February 2026",2,"DTL_NORM_001","DTL_NORM_001_D003","die_003",3,"NORMAL","COND_RT_NOM",25,1,"NOMINAL","T_IDDQ","IDDQ",47.07078452646849,"uA","UPPER",50,"NOT_DEFINED",30,100,"NOT_UNIFORM","30.0,35.0,40.0,45.0,50.0,55.0,60.0,70.0,80.0,100.0","SYNTHETIC_ASSUMED","P",1.5316333680914451,"TESTER_A",20260115,"temporal_parametric_v1.0.0","DTL_TEMPORAL_PARAMETRIC_V1","DTL_TEMPORAL_ACTUAL_DIE_V1","DTL_TEMPORAL_POPULATION_V1"
"2026-02","February 2026",2,"DTL_NORM_001","DTL_NORM_001_D003","die_003",3,"NORMAL","COND_RT_NOM",25,1,"NOMINAL","T_SUPPLY_CURRENT","SUPPLY_CURRENT",104.86243183033126,"mA","UPPER",120,"NOT_DEFINED",90,200,"NOT_UNIFORM","90.0,100.0,110.0,120.0,130.0,140.0,150.0,170.0,200.0","SYNTHETIC_ASSUMED","P",1.5316333680914451,"TESTER_A",20260115,"temporal_parametric_v1.0.0","DTL_TEMPORAL_PARAMETRIC_V1","DTL_TEMPORAL_ACTUAL_DIE_V1","DTL_TEMPORAL_POPULATION_V1"
"2026-02","February 2026",2,"DTL_NORM_001","DTL_NORM_001_D003","die_003",3,"NORMAL","COND_HOT_NOM",85,1,"HOT","T_CONTACT_R","CONTACT_RESISTANCE",4.263492225941265,"ohm","UPPER",5,"NOT_DEFINED",3.5,10,"NOT_UNIFORM","3.5,4.0,4.5,5.0,5.5,6.0,7.0,8.0,10.0","SYNTHETIC_ASSUMED","P",1.5316333680914451,"TESTER_A",20260115,"temporal_parametric_v1.0.0","DTL_TEMPORAL_PARAMETRIC_V1","DTL_TEMPORAL_ACTUAL_DIE_V1","DTL_TEMPORAL_POPULATION_V1"
"2026-02","February 2026",2,"DTL_NORM_001","DTL_NORM_001_D003","die_003",3,"NORMAL","COND_HOT_NOM",85,1,"HOT","T_INTERCONNECT_R","INTERCONNECT_RESISTANCE",14.382914849368902,"ohm","UPPER",15,"NOT_DEFINED",11,25,"NOT_UNIFORM","11.0,12.0,13.0,14.0,15.0,16.0,18.0,20.0,25.0","SYNTHETIC_ASSUMED","P",1.5316333680914451,"TESTER_A",20260115,"temporal_parametric_v1.0.0","DTL_TEMPORAL_PARAMETRIC_V1","DTL_TEMPORAL_ACTUAL_DIE_V1","DTL_TEMPORAL_POPULATION_V1"
"2026-02","February 2026",2,"DTL_NORM_001","DTL_NORM_001_D003","die_003",3,"NORMAL","COND_HOT_NOM",85,1,"HOT","T_ON_R","ON_RESISTANCE",22.35700792104788,"ohm","UPPER",25,"NOT_DEFINED",18,50,"NOT_UNIFORM","18.0,20.0,22.0,25.0,28.0,30.0,35.0,40.0,50.0","SYNTHETIC_ASSUMED","P",1.5316333680914451,"TESTER_A",20260115,"temporal_parametric_v1.0.0","DTL_TEMPORAL_PARAMETRIC_V1","DTL_TEMPORAL_ACTUAL_DIE_V1","DTL_TEMPORAL_POPULATION_V1"
"2026-02","February 2026",2,"DTL_NORM_001","DTL_NORM_001_D003","die_003",3,"NORMAL","COND_HOT_NOM",85,1,"HOT","T_VMIN","VMIN",0.879273570064802,"V","UPPER",0.85,"NOT_DEFINED",0.75,1,"NOT_UNIFORM","0.75,0.78,0.8,0.82,0.85,0.88,0.9,0.92,0.95,1.0","SYNTHETIC_ASSUMED","F",1.5316333680914451,"TESTER_A",20260115,"temporal_parametric_v1.0.0","DTL_TEMPORAL_PARAMETRIC_V1","DTL_TEMPORAL_ACTUAL_DIE_V1","DTL_TEMPORAL_POPULATION_V1"
"2026-02","February 2026",2,"DTL_NORM_001","DTL_NORM_001_D003","die_003",3,"NORMAL","COND_HOT_NOM",85,1,"HOT","T_VMAX","VMAX",1.1019833093824831,"V","LOWER",1.15,"NOT_DEFINED",1.05,1.25,"NOT_UNIFORM","1.05,1.08,1.1,1.12,1.15,1.18,1.2,1.22,1.25","SYNTHETIC_ASSUMED","F",1.5316333680914451,"TESTER_A",20260115,"temporal_parametric_v1.0.0","DTL_TEMPORAL_PARAMETRIC_V1","DTL_TEMPORAL_ACTUAL_DIE_V1","DTL_TEMPORAL_POPULATION_V1"
"2026-02","February 2026",2,"DTL_NORM_001","DTL_NORM_001_D003","die_003",3,"NORMAL","COND_HOT_NOM",85,1,"HOT","T_IDDQ","IDDQ",59.69107965320875,"uA","UPPER",50,"NOT_DEFINED",30,100,"NOT_UNIFORM","30.0,35.0,40.0,45.0,50.0,55.0,60.0,70.0,80.0,100.0","SYNTHETIC_ASSUMED","F",1.5316333680914451,"TESTER_A",20260115,"temporal_parametric_v1.0.0","DTL_TEMPORAL_PARAMETRIC_V1","DTL_TEMPORAL_ACTUAL_DIE_V1","DTL_TEMPORAL_POPULATION_V1"
"2026-02","February 2026",2,"DTL_NORM_001","DTL_NORM_001_D003","die_003",3,"NORMAL","COND_HOT_NOM",85,1,"HOT","T_SUPPLY_CURRENT","SUPPLY_CURRENT",106.05647150366003,"mA","UPPER",120,"NOT_DEFINED",90,200,"NOT_UNIFORM","90.0,100.0,110.0,120.0,130.0,140.0,150.0,170.0,200.0","SYNTHETIC_ASSUMED","P",1.5316333680914451,"TESTER_A",20260115,"temporal_parametric_v1.0.0","DTL_TEMPORAL_PARAMETRIC_V1","DTL_TEMPORAL_ACTUAL_DIE_V1","DTL_TEMPORAL_POPULATION_V1"
"2026-02","February 2026",2,"DTL_NORM_001","DTL_NORM_001_D003","die_003",3,"NORMAL","COND_RT_LOWV",25,0.9,"LOW_VDD","T_CONTACT_R","CONTACT_RESISTANCE",4.488206962828294,"ohm","UPPER",5,"NOT_DEFINED",3.5,10,"NOT_UNIFORM","3.5,4.0,4.5,5.0,5.5,6.0,7.0,8.0,10.0","SYNTHETIC_ASSUMED","P",1.5316333680914451,"TESTER_A",20260115,"temporal_parametric_v1.0.0","DTL_TEMPORAL_PARAMETRIC_V1","DTL_TEMPORAL_ACTUAL_DIE_V1","DTL_TEMPORAL_POPULATION_V1"
"2026-02","February 2026",2,"DTL_NORM_001","DTL_NORM_001_D003","die_003",3,"NORMAL","COND_RT_LOWV",25,0.9,"LOW_VDD","T_INTERCONNECT_R","INTERCONNECT_RESISTANCE",14.479498767240418,"ohm","UPPER",15,"NOT_DEFINED",11,25,"NOT_UNIFORM","11.0,12.0,13.0,14.0,15.0,16.0,18.0,20.0,25.0","SYNTHETIC_ASSUMED","P",1.5316333680914451,"TESTER_A",20260115,"temporal_parametric_v1.0.0","DTL_TEMPORAL_PARAMETRIC_V1","DTL_TEMPORAL_ACTUAL_DIE_V1","DTL_TEMPORAL_POPULATION_V1"
"2026-02","February 2026",2,"DTL_NORM_001","DTL_NORM_001_D003","die_003",3,"NORMAL","COND_RT_LOWV",25,0.9,"LOW_VDD","T_ON_R","ON_RESISTANCE",22.71848978597053,"ohm","UPPER",25,"NOT_DEFINED",18,50,"NOT_UNIFORM","18.0,20.0,22.0,25.0,28.0,30.0,35.0,40.0,50.0","SYNTHETIC_ASSUMED","P",1.5316333680914451,"TESTER_A",20260115,"temporal_parametric_v1.0.0","DTL_TEMPORAL_PARAMETRIC_V1","DTL_TEMPORAL_ACTUAL_DIE_V1","DTL_TEMPORAL_POPULATION_V1"
"2026-02","February 2026",2,"DTL_NORM_001","DTL_NORM_001_D003","die_003",3,"NORMAL","COND_RT_LOWV",25,0.9,"LOW_VDD","T_VMIN","VMIN",0.7803207140177538,"V","UPPER",0.85,"NOT_DEFINED",0.75,1,"NOT_UNIFORM","0.75,0.78,0.8,0.82,0.85,0.88,0.9,0.92,0.95,1.0","SYNTHETIC_ASSUMED","P",1.5316333680914451,"TESTER_A",20260115,"temporal_parametric_v1.0.0","DTL_TEMPORAL_PARAMETRIC_V1","DTL_TEMPORAL_ACTUAL_DIE_V1","DTL_TEMPORAL_POPULATION_V1"
"2026-02","February 2026",2,"DTL_NORM_001","DTL_NORM_001_D003","die_003",3,"NORMAL","COND_RT_LOWV",25,0.9,"LOW_VDD","T_VMAX","VMAX",1.142681437975864,"V","LOWER",1.15,"NOT_DEFINED",1.05,1.25,"NOT_UNIFORM","1.05,1.08,1.1,1.12,1.15,1.18,1.2,1.22,1.25","SYNTHETIC_ASSUMED","F",1.5316333680914451,"TESTER_A",20260115,"temporal_parametric_v1.0.0","DTL_TEMPORAL_PARAMETRIC_V1","DTL_TEMPORAL_ACTUAL_DIE_V1","DTL_TEMPORAL_POPULATION_V1"
"2026-02","February 2026",2,"DTL_NORM_001","DTL_NORM_001_D003","die_003",3,"NORMAL","COND_RT_LOWV",25,0.9,"LOW_VDD","T_IDDQ","IDDQ",47.33096126827103,"uA","UPPER",50,"NOT_DEFINED",30,100,"NOT_UNIFORM","30.0,35.0,40.0,45.0,50.0,55.0,60.0,70.0,80.0,100.0","SYNTHETIC_ASSUMED","P",1.5316333680914451,"TESTER_A",20260115,"temporal_parametric_v1.0.0","DTL_TEMPORAL_PARAMETRIC_V1","DTL_TEMPORAL_ACTUAL_DIE_V1","DTL_TEMPORAL_POPULATION_V1"
"2026-02","February 2026",2,"DTL_NORM_001","DTL_NORM_001_D003","die_003",3,"NORMAL","COND_RT_LOWV",25,0.9,"LOW_VDD","T_SUPPLY_CURRENT","SUPPLY_CURRENT",113.0374385838806,"mA","UPPER",120,"NOT_DEFINED",90,200,"NOT_UNIFORM","90.0,100.0,110.0,120.0,130.0,140.0,150.0,170.0,200.0","SYNTHETIC_ASSUMED","P",1.5316333680914451,"TESTER_A",20260115,"temporal_parametric_v1.0.0","DTL_TEMPORAL_PARAMETRIC_V1","DTL_TEMPORAL_ACTUAL_DIE_V1","DTL_TEMPORAL_POPULATION_V1"
"2026-02","February 2026",2,"DTL_NORM_001","DTL_NORM_001_D003","die_003",3,"NORMAL","COND_HOT_HIGHV",85,1.1,"HIGH_VDD","T_CONTACT_R","CONTACT_RESISTANCE",4.25229200814265,"ohm","UPPER",5,"NOT_DEFINED",3.5,10,"NOT_UNIFORM","3.5,4.0,4.5,5.0,5.5,6.0,7.0,8.0,10.0","SYNTHETIC_ASSUMED","P",1.5316333680914451,"TESTER_A",20260115,"temporal_parametric_v1.0.0","DTL_TEMPORAL_PARAMETRIC_V1","DTL_TEMPORAL_ACTUAL_DIE_V1","DTL_TEMPORAL_POPULATION_V1"
"2026-02","February 2026",2,"DTL_NORM_001","DTL_NORM_001_D003","die_003",3,"NORMAL","COND_HOT_HIGHV",85,1.1,"HIGH_VDD","T_INTERCONNECT_R","INTERCONNECT_RESISTANCE",14.344712545662244,"ohm","UPPER",15,"NOT_DEFINED",11,25,"NOT_UNIFORM","11.0,12.0,13.0,14.0,15.0,16.0,18.0,20.0,25.0","SYNTHETIC_ASSUMED","P",1.5316333680914451,"TESTER_A",20260115,"temporal_parametric_v1.0.0","DTL_TEMPORAL_PARAMETRIC_V1","DTL_TEMPORAL_ACTUAL_DIE_V1","DTL_TEMPORAL_POPULATION_V1"
"2026-02","February 2026",2,"DTL_NORM_001","DTL_NORM_001_D003","die_003",3,"NORMAL","COND_HOT_HIGHV",85,1.1,"HIGH_VDD","T_ON_R","ON_RESISTANCE",23.552999630280976,"ohm","UPPER",25,"NOT_DEFINED",18,50,"NOT_UNIFORM","18.0,20.0,22.0,25.0,28.0,30.0,35.0,40.0,50.0","SYNTHETIC_ASSUMED","P",1.5316333680914451,"TESTER_A",20260115,"temporal_parametric_v1.0.0","DTL_TEMPORAL_PARAMETRIC_V1","DTL_TEMPORAL_ACTUAL_DIE_V1","DTL_TEMPORAL_POPULATION_V1"
"2026-02","February 2026",2,"DTL_NORM_001","DTL_NORM_001_D003","die_003",3,"NORMAL","COND_HOT_HIGHV",85,1.1,"HIGH_VDD","T_VMIN","VMIN",0.8320700516453402,"V","UPPER",0.85,"NOT_DEFINED",0.75,1,"NOT_UNIFORM","0.75,0.78,0.8,0.82,0.85,0.88,0.9,0.92,0.95,1.0","SYNTHETIC_ASSUMED","P",1.5316333680914451,"TESTER_A",20260115,"temporal_parametric_v1.0.0","DTL_TEMPORAL_PARAMETRIC_V1","DTL_TEMPORAL_ACTUAL_DIE_V1","DTL_TEMPORAL_POPULATION_V1"
"2026-02","February 2026",2,"DTL_NORM_001","DTL_NORM_001_D003","die_003",3,"NORMAL","COND_HOT_HIGHV",85,1.1,"HIGH_VDD","T_VMAX","VMAX",1.116206234048288,"V","LOWER",1.15,"NOT_DEFINED",1.05,1.25,"NOT_UNIFORM","1.05,1.08,1.1,1.12,1.15,1.18,1.2,1.22,1.25","SYNTHETIC_ASSUMED","F",1.5316333680914451,"TESTER_A",20260115,"temporal_parametric_v1.0.0","DTL_TEMPORAL_PARAMETRIC_V1","DTL_TEMPORAL_ACTUAL_DIE_V1","DTL_TEMPORAL_POPULATION_V1"
"2026-02","February 2026",2,"DTL_NORM_001","DTL_NORM_001_D003","die_003",3,"NORMAL","COND_HOT_HIGHV",85,1.1,"HIGH_VDD","T_IDDQ","IDDQ",53.71920862257616,"uA","UPPER",50,"NOT_DEFINED",30,100,"NOT_UNIFORM","30.0,35.0,40.0,45.0,50.0,55.0,60.0,70.0,80.0,100.0","SYNTHETIC_ASSUMED","F",1.5316333680914451,"TESTER_A",20260115,"temporal_parametric_v1.0.0","DTL_TEMPORAL_PARAMETRIC_V1","DTL_TEMPORAL_ACTUAL_DIE_V1","DTL_TEMPORAL_POPULATION_V1"
"2026-02","February 2026",2,"DTL_NORM_001","DTL_NORM_001_D003","die_003",3,"NORMAL","COND_HOT_HIGHV",85,1.1,"HIGH_VDD","T_SUPPLY_CURRENT","SUPPLY_CURRENT",108.8718799498856,"mA","UPPER",120,"NOT_DEFINED",90,200,"NOT_UNIFORM","90.0,100.0,110.0,120.0,130.0,140.0,150.0,170.0,200.0","SYNTHETIC_ASSUMED","P",1.5316333680914451,"TESTER_A",20260115,"temporal_parametric_v1.0.0","DTL_TEMPORAL_PARAMETRIC_V1","DTL_TEMPORAL_ACTUAL_DIE_V1","DTL_TEMPORAL_POPULATION_V1"
"2026-02","February 2026",2,"DTL_NORM_002","DTL_NORM_002_D001","die_001",1,"NORMAL","COND_RT_NOM",25,1,"NOMINAL","T_CONTACT_R","CONTACT_RESISTANCE",4.098848846979018,"ohm","UPPER",5,"NOT_DEFINED",3.5,10,"NOT_UNIFORM","3.5,4.0,4.5,5.0,5.5,6.0,7.0,8.0,10.0","SYNTHETIC_ASSUMED","P",0.9731129195854572,"TESTER_A",20260115,"temporal_parametric_v1.0.0","DTL_TEMPORAL_PARAMETRIC_V1","DTL_TEMPORAL_ACTUAL_DIE_V1","DTL_TEMPORAL_POPULATION_V1"
"2026-02","February 2026",2,"DTL_NORM_002","DTL_NORM_002_D001","die_001",1,"NORMAL","COND_RT_NOM",25,1,"NOMINAL","T_INTERCONNECT_R","INTERCONNECT_RESISTANCE",12.585654816332736,"ohm","UPPER",15,"NOT_DEFINED",11,25,"NOT_UNIFORM","11.0,12.0,13.0,14.0,15.0,16.0,18.0,20.0,25.0","SYNTHETIC_ASSUMED","P",0.9731129195854572,"TESTER_A",20260115,"temporal_parametric_v1.0.0","DTL_TEMPORAL_PARAMETRIC_V1","DTL_TEMPORAL_ACTUAL_DIE_V1","DTL_TEMPORAL_POPULATION_V1"
"2026-02","February 2026",2,"DTL_NORM_002","DTL_NORM_002_D001","die_001",1,"NORMAL","COND_RT_NOM",25,1,"NOMINAL","T_ON_R","ON_RESISTANCE",21.793091115320973,"ohm","UPPER",25,"NOT_DEFINED",18,50,"NOT_UNIFORM","18.0,20.0,22.0,25.0,28.0,30.0,35.0,40.0,50.0","SYNTHETIC_ASSUMED","P",0.9731129195854572,"TESTER_A",20260115,"temporal_parametric_v1.0.0","DTL_TEMPORAL_PARAMETRIC_V1","DTL_TEMPORAL_ACTUAL_DIE_V1","DTL_TEMPORAL_POPULATION_V1"
"2026-02","February 2026",2,"DTL_NORM_002","DTL_NORM_002_D001","die_001",1,"NORMAL","COND_RT_NOM",25,1,"NOMINAL","T_VMIN","VMIN",0.8283235377925704,"V","UPPER",0.85,"NOT_DEFINED",0.75,1,"NOT_UNIFORM","0.75,0.78,0.8,0.82,0.85,0.88,0.9,0.92,0.95,1.0","SYNTHETIC_ASSUMED","P",0.9731129195854572,"TESTER_A",20260115,"temporal_parametric_v1.0.0","DTL_TEMPORAL_PARAMETRIC_V1","DTL_TEMPORAL_ACTUAL_DIE_V1","DTL_TEMPORAL_POPULATION_V1"
"2026-02","February 2026",2,"DTL_NORM_002","DTL_NORM_002_D001","die_001",1,"NORMAL","COND_RT_NOM",25,1,"NOMINAL","T_VMAX","VMAX",1.2014585660436623,"V","LOWER",1.15,"NOT_DEFINED",1.05,1.25,"NOT_UNIFORM","1.05,1.08,1.1,1.12,1.15,1.18,1.2,1.22,1.25","SYNTHETIC_ASSUMED","P",0.9731129195854572,"TESTER_A",20260115,"temporal_parametric_v1.0.0","DTL_TEMPORAL_PARAMETRIC_V1","DTL_TEMPORAL_ACTUAL_DIE_V1","DTL_TEMPORAL_POPULATION_V1"
"2026-02","February 2026",2,"DTL_NORM_002","DTL_NORM_002_D001","die_001",1,"NORMAL","COND_RT_NOM",25,1,"NOMINAL","T_IDDQ","IDDQ",45.44906165665059,"uA","UPPER",50,"NOT_DEFINED",30,100,"NOT_UNIFORM","30.0,35.0,40.0,45.0,50.0,55.0,60.0,70.0,80.0,100.0","SYNTHETIC_ASSUMED","P",0.9731129195854572,"TESTER_A",20260115,"temporal_parametric_v1.0.0","DTL_TEMPORAL_PARAMETRIC_V1","DTL_TEMPORAL_ACTUAL_DIE_V1","DTL_TEMPORAL_POPULATION_V1"
"2026-02","February 2026",2,"DTL_NORM_002","DTL_NORM_002_D001","die_001",1,"NORMAL","COND_RT_NOM",25,1,"NOMINAL","T_SUPPLY_CURRENT","SUPPLY_CURRENT",105.02946306819334,"mA","UPPER",120,"NOT_DEFINED",90,200,"NOT_UNIFORM","90.0,100.0,110.0,120.0,130.0,140.0,150.0,170.0,200.0","SYNTHETIC_ASSUMED","P",0.9731129195854572,"TESTER_A",20260115,"temporal_parametric_v1.0.0","DTL_TEMPORAL_PARAMETRIC_V1","DTL_TEMPORAL_ACTUAL_DIE_V1","DTL_TEMPORAL_POPULATION_V1"
"2026-02","February 2026",2,"DTL_NORM_002","DTL_NORM_002_D001","die_001",1,"NORMAL","COND_HOT_NOM",85,1,"HOT","T_CONTACT_R","CONTACT_RESISTANCE",4.302939871603446,"ohm","UPPER",5,"NOT_DEFINED",3.5,10,"NOT_UNIFORM","3.5,4.0,4.5,5.0,5.5,6.0,7.0,8.0,10.0","SYNTHETIC_ASSUMED","P",0.9731129195854572,"TESTER_A",20260115,"temporal_parametric_v1.0.0","DTL_TEMPORAL_PARAMETRIC_V1","DTL_TEMPORAL_ACTUAL_DIE_V1","DTL_TEMPORAL_POPULATION_V1"
"2026-02","February 2026",2,"DTL_NORM_002","DTL_NORM_002_D001","die_001",1,"NORMAL","COND_HOT_NOM",85,1,"HOT","T_INTERCONNECT_R","INTERCONNECT_RESISTANCE",12.290260003613875,"ohm","UPPER",15,"NOT_DEFINED",11,25,"NOT_UNIFORM","11.0,12.0,13.0,14.0,15.0,16.0,18.0,20.0,25.0","SYNTHETIC_ASSUMED","P",0.9731129195854572,"TESTER_A",20260115,"temporal_parametric_v1.0.0","DTL_TEMPORAL_PARAMETRIC_V1","DTL_TEMPORAL_ACTUAL_DIE_V1","DTL_TEMPORAL_POPULATION_V1"
"2026-02","February 2026",2,"DTL_NORM_002","DTL_NORM_002_D001","die_001",1,"NORMAL","COND_HOT_NOM",85,1,"HOT","T_ON_R","ON_RESISTANCE",22.168414884481987,"ohm","UPPER",25,"NOT_DEFINED",18,50,"NOT_UNIFORM","18.0,20.0,22.0,25.0,28.0,30.0,35.0,40.0,50.0","SYNTHETIC_ASSUMED","P",0.9731129195854572,"TESTER_A",20260115,"temporal_parametric_v1.0.0","DTL_TEMPORAL_PARAMETRIC_V1","DTL_TEMPORAL_ACTUAL_DIE_V1","DTL_TEMPORAL_POPULATION_V1"
"2026-02","February 2026",2,"DTL_NORM_002","DTL_NORM_002_D001","die_001",1,"NORMAL","COND_HOT_NOM",85,1,"HOT","T_VMIN","VMIN",0.868440485235196,"V","UPPER",0.85,"NOT_DEFINED",0.75,1,"NOT_UNIFORM","0.75,0.78,0.8,0.82,0.85,0.88,0.9,0.92,0.95,1.0","SYNTHETIC_ASSUMED","F",0.9731129195854572,"TESTER_A",20260115,"temporal_parametric_v1.0.0","DTL_TEMPORAL_PARAMETRIC_V1","DTL_TEMPORAL_ACTUAL_DIE_V1","DTL_TEMPORAL_POPULATION_V1"
"2026-02","February 2026",2,"DTL_NORM_002","DTL_NORM_002_D001","die_001",1,"NORMAL","COND_HOT_NOM",85,1,"HOT","T_VMAX","VMAX",1.2097350325366838,"V","LOWER",1.15,"NOT_DEFINED",1.05,1.25,"NOT_UNIFORM","1.05,1.08,1.1,1.12,1.15,1.18,1.2,1.22,1.25","SYNTHETIC_ASSUMED","P",0.9731129195854572,"TESTER_A",20260115,"temporal_parametric_v1.0.0","DTL_TEMPORAL_PARAMETRIC_V1","DTL_TEMPORAL_ACTUAL_DIE_V1","DTL_TEMPORAL_POPULATION_V1"
"2026-02","February 2026",2,"DTL_NORM_002","DTL_NORM_002_D001","die_001",1,"NORMAL","COND_HOT_NOM",85,1,"HOT","T_IDDQ","IDDQ",52.949525254225016,"uA","UPPER",50,"NOT_DEFINED",30,100,"NOT_UNIFORM","30.0,35.0,40.0,45.0,50.0,55.0,60.0,70.0,80.0,100.0","SYNTHETIC_ASSUMED","F",0.9731129195854572,"TESTER_A",20260115,"temporal_parametric_v1.0.0","DTL_TEMPORAL_PARAMETRIC_V1","DTL_TEMPORAL_ACTUAL_DIE_V1","DTL_TEMPORAL_POPULATION_V1"
"2026-02","February 2026",2,"DTL_NORM_002","DTL_NORM_002_D001","die_001",1,"NORMAL","COND_HOT_NOM",85,1,"HOT","T_SUPPLY_CURRENT","SUPPLY_CURRENT",111.81854137267035,"mA","UPPER",120,"NOT_DEFINED",90,200,"NOT_UNIFORM","90.0,100.0,110.0,120.0,130.0,140.0,150.0,170.0,200.0","SYNTHETIC_ASSUMED","P",0.9731129195854572,"TESTER_A",20260115,"temporal_parametric_v1.0.0","DTL_TEMPORAL_PARAMETRIC_V1","DTL_TEMPORAL_ACTUAL_DIE_V1","DTL_TEMPORAL_POPULATION_V1"
"2026-02","February 2026",2,"DTL_NORM_002","DTL_NORM_002_D001","die_001",1,"NORMAL","COND_RT_LOWV",25,0.9,"LOW_VDD","T_CONTACT_R","CONTACT_RESISTANCE",4.158599823560054,"ohm","UPPER",5,"NOT_DEFINED",3.5,10,"NOT_UNIFORM","3.5,4.0,4.5,5.0,5.5,6.0,7.0,8.0,10.0","SYNTHETIC_ASSUMED","P",0.9731129195854572,"TESTER_A",20260115,"temporal_parametric_v1.0.0","DTL_TEMPORAL_PARAMETRIC_V1","DTL_TEMPORAL_ACTUAL_DIE_V1","DTL_TEMPORAL_POPULATION_V1"
"2026-02","February 2026",2,"DTL_NORM_002","DTL_NORM_002_D001","die_001",1,"NORMAL","COND_RT_LOWV",25,0.9,"LOW_VDD","T_INTERCONNECT_R","INTERCONNECT_RESISTANCE",11.576372596640402,"ohm","UPPER",15,"NOT_DEFINED",11,25,"NOT_UNIFORM","11.0,12.0,13.0,14.0,15.0,16.0,18.0,20.0,25.0","SYNTHETIC_ASSUMED","P",0.9731129195854572,"TESTER_A",20260115,"temporal_parametric_v1.0.0","DTL_TEMPORAL_PARAMETRIC_V1","DTL_TEMPORAL_ACTUAL_DIE_V1","DTL_TEMPORAL_POPULATION_V1"
"2026-02","February 2026",2,"DTL_NORM_002","DTL_NORM_002_D001","die_001",1,"NORMAL","COND_RT_LOWV",25,0.9,"LOW_VDD","T_ON_R","ON_RESISTANCE",20.42373027379732,"ohm","UPPER",25,"NOT_DEFINED",18,50,"NOT_UNIFORM","18.0,20.0,22.0,25.0,28.0,30.0,35.0,40.0,50.0","SYNTHETIC_ASSUMED","P",0.9731129195854572,"TESTER_A",20260115,"temporal_parametric_v1.0.0","DTL_TEMPORAL_PARAMETRIC_V1","DTL_TEMPORAL_ACTUAL_DIE_V1","DTL_TEMPORAL_POPULATION_V1"
"2026-02","February 2026",2,"DTL_NORM_002","DTL_NORM_002_D001","die_001",1,"NORMAL","COND_RT_LOWV",25,0.9,"LOW_VDD","T_VMIN","VMIN",0.846891558958422,"V","UPPER",0.85,"NOT_DEFINED",0.75,1,"NOT_UNIFORM","0.75,0.78,0.8,0.82,0.85,0.88,0.9,0.92,0.95,1.0","SYNTHETIC_ASSUMED","P",0.9731129195854572,"TESTER_A",20260115,"temporal_parametric_v1.0.0","DTL_TEMPORAL_PARAMETRIC_V1","DTL_TEMPORAL_ACTUAL_DIE_V1","DTL_TEMPORAL_POPULATION_V1"
"2026-02","February 2026",2,"DTL_NORM_002","DTL_NORM_002_D001","die_001",1,"NORMAL","COND_RT_LOWV",25,0.9,"LOW_VDD","T_VMAX","VMAX",1.1787442447466172,"V","LOWER",1.15,"NOT_DEFINED",1.05,1.25,"NOT_UNIFORM","1.05,1.08,1.1,1.12,1.15,1.18,1.2,1.22,1.25","SYNTHETIC_ASSUMED","P",0.9731129195854572,"TESTER_A",20260115,"temporal_parametric_v1.0.0","DTL_TEMPORAL_PARAMETRIC_V1","DTL_TEMPORAL_ACTUAL_DIE_V1","DTL_TEMPORAL_POPULATION_V1"
"2026-02","February 2026",2,"DTL_NORM_002","DTL_NORM_002_D001","die_001",1,"NORMAL","COND_RT_LOWV",25,0.9,"LOW_VDD","T_IDDQ","IDDQ",42.39531190895951,"uA","UPPER",50,"NOT_DEFINED",30,100,"NOT_UNIFORM","30.0,35.0,40.0,45.0,50.0,55.0,60.0,70.0,80.0,100.0","SYNTHETIC_ASSUMED","P",0.9731129195854572,"TESTER_A",20260115,"temporal_parametric_v1.0.0","DTL_TEMPORAL_PARAMETRIC_V1","DTL_TEMPORAL_ACTUAL_DIE_V1","DTL_TEMPORAL_POPULATION_V1"
"2026-02","February 2026",2,"DTL_NORM_002","DTL_NORM_002_D001","die_001",1,"NORMAL","COND_RT_LOWV",25,0.9,"LOW_VDD","T_SUPPLY_CURRENT","SUPPLY_CURRENT",99.9878324213807,"mA","UPPER",120,"NOT_DEFINED",90,200,"NOT_UNIFORM","90.0,100.0,110.0,120.0,130.0,140.0,150.0,170.0,200.0","SYNTHETIC_ASSUMED","P",0.9731129195854572,"TESTER_A",20260115,"temporal_parametric_v1.0.0","DTL_TEMPORAL_PARAMETRIC_V1","DTL_TEMPORAL_ACTUAL_DIE_V1","DTL_TEMPORAL_POPULATION_V1"
"2026-02","February 2026",2,"DTL_NORM_002","DTL_NORM_002_D001","die_001",1,"NORMAL","COND_HOT_HIGHV",85,1.1,"HIGH_VDD","T_CONTACT_R","CONTACT_RESISTANCE",3.64347360104636,"ohm","UPPER",5,"NOT_DEFINED",3.5,10,"NOT_UNIFORM","3.5,4.0,4.5,5.0,5.5,6.0,7.0,8.0,10.0","SYNTHETIC_ASSUMED","P",0.9731129195854572,"TESTER_A",20260115,"temporal_parametric_v1.0.0","DTL_TEMPORAL_PARAMETRIC_V1","DTL_TEMPORAL_ACTUAL_DIE_V1","DTL_TEMPORAL_POPULATION_V1"
"2026-02","February 2026",2,"DTL_NORM_002","DTL_NORM_002_D001","die_001",1,"NORMAL","COND_HOT_HIGHV",85,1.1,"HIGH_VDD","T_INTERCONNECT_R","INTERCONNECT_RESISTANCE",13.425527553444113,"ohm","UPPER",15,"NOT_DEFINED",11,25,"NOT_UNIFORM","11.0,12.0,13.0,14.0,15.0,16.0,18.0,20.0,25.0","SYNTHETIC_ASSUMED","P",0.9731129195854572,"TESTER_A",20260115,"temporal_parametric_v1.0.0","DTL_TEMPORAL_PARAMETRIC_V1","DTL_TEMPORAL_ACTUAL_DIE_V1","DTL_TEMPORAL_POPULATION_V1"
"2026-02","February 2026",2,"DTL_NORM_002","DTL_NORM_002_D001","die_001",1,"NORMAL","COND_HOT_HIGHV",85,1.1,"HIGH_VDD","T_ON_R","ON_RESISTANCE",22.1704596996278,"ohm","UPPER",25,"NOT_DEFINED",18,50,"NOT_UNIFORM","18.0,20.0,22.0,25.0,28.0,30.0,35.0,40.0,50.0","SYNTHETIC_ASSUMED","P",0.9731129195854572,"TESTER_A",20260115,"temporal_parametric_v1.0.0","DTL_TEMPORAL_PARAMETRIC_V1","DTL_TEMPORAL_ACTUAL_DIE_V1","DTL_TEMPORAL_POPULATION_V1"
"2026-02","February 2026",2,"DTL_NORM_002","DTL_NORM_002_D001","die_001",1,"NORMAL","COND_HOT_HIGHV",85,1.1,"HIGH_VDD","T_VMIN","VMIN",0.8251919443933253,"V","UPPER",0.85,"NOT_DEFINED",0.75,1,"NOT_UNIFORM","0.75,0.78,0.8,0.82,0.85,0.88,0.9,0.92,0.95,1.0","SYNTHETIC_ASSUMED","P",0.9731129195854572,"TESTER_A",20260115,"temporal_parametric_v1.0.0","DTL_TEMPORAL_PARAMETRIC_V1","DTL_TEMPORAL_ACTUAL_DIE_V1","DTL_TEMPORAL_POPULATION_V1"
"2026-02","February 2026",2,"DTL_NORM_002","DTL_NORM_002_D001","die_001",1,"NORMAL","COND_HOT_HIGHV",85,1.1,"HIGH_VDD","T_VMAX","VMAX",1.1398493454032737,"V","LOWER",1.15,"NOT_DEFINED",1.05,1.25,"NOT_UNIFORM","1.05,1.08,1.1,1.12,1.15,1.18,1.2,1.22,1.25","SYNTHETIC_ASSUMED","F",0.9731129195854572,"TESTER_A",20260115,"temporal_parametric_v1.0.0","DTL_TEMPORAL_PARAMETRIC_V1","DTL_TEMPORAL_ACTUAL_DIE_V1","DTL_TEMPORAL_POPULATION_V1"
"2026-02","February 2026",2,"DTL_NORM_002","DTL_NORM_002_D001","die_001",1,"NORMAL","COND_HOT_HIGHV",85,1.1,"HIGH_VDD","T_IDDQ","IDDQ",62.122070425625495,"uA","UPPER",50,"NOT_DEFINED",30,100,"NOT_UNIFORM","30.0,35.0,40.0,45.0,50.0,55.0,60.0,70.0,80.0,100.0","SYNTHETIC_ASSUMED","F",0.9731129195854572,"TESTER_A",20260115,"temporal_parametric_v1.0.0","DTL_TEMPORAL_PARAMETRIC_V1","DTL_TEMPORAL_ACTUAL_DIE_V1","DTL_TEMPORAL_POPULATION_V1"
"2026-02","February 2026",2,"DTL_NORM_002","DTL_NORM_002_D001","die_001",1,"NORMAL","COND_HOT_HIGHV",85,1.1,"HIGH_VDD","T_SUPPLY_CURRENT","SUPPLY_CURRENT",109.8166972582309,"mA","UPPER",120,"NOT_DEFINED",90,200,"NOT_UNIFORM","90.0,100.0,110.0,120.0,130.0,140.0,150.0,170.0,200.0","SYNTHETIC_ASSUMED","P",0.9731129195854572,"TESTER_A",20260115,"temporal_parametric_v1.0.0","DTL_TEMPORAL_PARAMETRIC_V1","DTL_TEMPORAL_ACTUAL_DIE_V1","DTL_TEMPORAL_POPULATION_V1"
"2026-02","February 2026",2,"DTL_NORM_002","DTL_NORM_002_D002","die_002",2,"NORMAL","COND_RT_NOM",25,1,"NOMINAL","T_CONTACT_R","CONTACT_RESISTANCE",6.388413363139367,"ohm","UPPER",5,"NOT_DEFINED",3.5,10,"NOT_UNIFORM","3.5,4.0,4.5,5.0,5.5,6.0,7.0,8.0,10.0","SYNTHETIC_ASSUMED","F",2.869830830991163,"TESTER_A",20260115,"temporal_parametric_v1.0.0","DTL_TEMPORAL_PARAMETRIC_V1","DTL_TEMPORAL_ACTUAL_DIE_V1","DTL_TEMPORAL_POPULATION_V1"
"2026-02","February 2026",2,"DTL_NORM_002","DTL_NORM_002_D002","die_002",2,"NORMAL","COND_RT_NOM",25,1,"NOMINAL","T_INTERCONNECT_R","INTERCONNECT_RESISTANCE",15.504209551244678,"ohm","UPPER",15,"NOT_DEFINED",11,25,"NOT_UNIFORM","11.0,12.0,13.0,14.0,15.0,16.0,18.0,20.0,25.0","SYNTHETIC_ASSUMED","F",2.869830830991163,"TESTER_A",20260115,"temporal_parametric_v1.0.0","DTL_TEMPORAL_PARAMETRIC_V1","DTL_TEMPORAL_ACTUAL_DIE_V1","DTL_TEMPORAL_POPULATION_V1"
"2026-02","February 2026",2,"DTL_NORM_002","DTL_NORM_002_D002","die_002",2,"NORMAL","COND_RT_NOM",25,1,"NOMINAL","T_ON_R","ON_RESISTANCE",26.804399502814544,"ohm","UPPER",25,"NOT_DEFINED",18,50,"NOT_UNIFORM","18.0,20.0,22.0,25.0,28.0,30.0,35.0,40.0,50.0","SYNTHETIC_ASSUMED","F",2.869830830991163,"TESTER_A",20260115,"temporal_parametric_v1.0.0","DTL_TEMPORAL_PARAMETRIC_V1","DTL_TEMPORAL_ACTUAL_DIE_V1","DTL_TEMPORAL_POPULATION_V1"
"2026-02","February 2026",2,"DTL_NORM_002","DTL_NORM_002_D002","die_002",2,"NORMAL","COND_RT_NOM",25,1,"NOMINAL","T_VMIN","VMIN",0.9401220698927066,"V","UPPER",0.85,"NOT_DEFINED",0.75,1,"NOT_UNIFORM","0.75,0.78,0.8,0.82,0.85,0.88,0.9,0.92,0.95,1.0","SYNTHETIC_ASSUMED","F",2.869830830991163,"TESTER_A",20260115,"temporal_parametric_v1.0.0","DTL_TEMPORAL_PARAMETRIC_V1","DTL_TEMPORAL_ACTUAL_DIE_V1","DTL_TEMPORAL_POPULATION_V1"
"2026-02","February 2026",2,"DTL_NORM_002","DTL_NORM_002_D002","die_002",2,"NORMAL","COND_RT_NOM",25,1,"NOMINAL","T_VMAX","VMAX",1.0990311805031088,"V","LOWER",1.15,"NOT_DEFINED",1.05,1.25,"NOT_UNIFORM","1.05,1.08,1.1,1.12,1.15,1.18,1.2,1.22,1.25","SYNTHETIC_ASSUMED","F",2.869830830991163,"TESTER_A",20260115,"temporal_parametric_v1.0.0","DTL_TEMPORAL_PARAMETRIC_V1","DTL_TEMPORAL_ACTUAL_DIE_V1","DTL_TEMPORAL_POPULATION_V1"
"2026-02","February 2026",2,"DTL_NORM_002","DTL_NORM_002_D002","die_002",2,"NORMAL","COND_RT_NOM",25,1,"NOMINAL","T_IDDQ","IDDQ",64.64297062327856,"uA","UPPER",50,"NOT_DEFINED",30,100,"NOT_UNIFORM","30.0,35.0,40.0,45.0,50.0,55.0,60.0,70.0,80.0,100.0","SYNTHETIC_ASSUMED","F",2.869830830991163,"TESTER_A",20260115,"temporal_parametric_v1.0.0","DTL_TEMPORAL_PARAMETRIC_V1","DTL_TEMPORAL_ACTUAL_DIE_V1","DTL_TEMPORAL_POPULATION_V1"
"2026-02","February 2026",2,"DTL_NORM_002","DTL_NORM_002_D002","die_002",2,"NORMAL","COND_RT_NOM",25,1,"NOMINAL","T_SUPPLY_CURRENT","SUPPLY_CURRENT",115.85476835420982,"mA","UPPER",120,"NOT_DEFINED",90,200,"NOT_UNIFORM","90.0,100.0,110.0,120.0,130.0,140.0,150.0,170.0,200.0","SYNTHETIC_ASSUMED","P",2.869830830991163,"TESTER_A",20260115,"temporal_parametric_v1.0.0","DTL_TEMPORAL_PARAMETRIC_V1","DTL_TEMPORAL_ACTUAL_DIE_V1","DTL_TEMPORAL_POPULATION_V1"
"2026-02","February 2026",2,"DTL_NORM_002","DTL_NORM_002_D002","die_002",2,"NORMAL","COND_HOT_NOM",85,1,"HOT","T_CONTACT_R","CONTACT_RESISTANCE",5.858011829548865,"ohm","UPPER",5,"NOT_DEFINED",3.5,10,"NOT_UNIFORM","3.5,4.0,4.5,5.0,5.5,6.0,7.0,8.0,10.0","SYNTHETIC_ASSUMED","F",2.869830830991163,"TESTER_A",20260115,"temporal_parametric_v1.0.0","DTL_TEMPORAL_PARAMETRIC_V1","DTL_TEMPORAL_ACTUAL_DIE_V1","DTL_TEMPORAL_POPULATION_V1"
"2026-02","February 2026",2,"DTL_NORM_002","DTL_NORM_002_D002","die_002",2,"NORMAL","COND_HOT_NOM",85,1,"HOT","T_INTERCONNECT_R","INTERCONNECT_RESISTANCE",16.719337545944324,"ohm","UPPER",15,"NOT_DEFINED",11,25,"NOT_UNIFORM","11.0,12.0,13.0,14.0,15.0,16.0,18.0,20.0,25.0","SYNTHETIC_ASSUMED","F",2.869830830991163,"TESTER_A",20260115,"temporal_parametric_v1.0.0","DTL_TEMPORAL_PARAMETRIC_V1","DTL_TEMPORAL_ACTUAL_DIE_V1","DTL_TEMPORAL_POPULATION_V1"
"2026-02","February 2026",2,"DTL_NORM_002","DTL_NORM_002_D002","die_002",2,"NORMAL","COND_HOT_NOM",85,1,"HOT","T_ON_R","ON_RESISTANCE",27.16732217587049,"ohm","UPPER",25,"NOT_DEFINED",18,50,"NOT_UNIFORM","18.0,20.0,22.0,25.0,28.0,30.0,35.0,40.0,50.0","SYNTHETIC_ASSUMED","F",2.869830830991163,"TESTER_A",20260115,"temporal_parametric_v1.0.0","DTL_TEMPORAL_PARAMETRIC_V1","DTL_TEMPORAL_ACTUAL_DIE_V1","DTL_TEMPORAL_POPULATION_V1"
"2026-02","February 2026",2,"DTL_NORM_002","DTL_NORM_002_D002","die_002",2,"NORMAL","COND_HOT_NOM",85,1,"HOT","T_VMIN","VMIN",0.8937303815175195,"V","UPPER",0.85,"NOT_DEFINED",0.75,1,"NOT_UNIFORM","0.75,0.78,0.8,0.82,0.85,0.88,0.9,0.92,0.95,1.0","SYNTHETIC_ASSUMED","F",2.869830830991163,"TESTER_A",20260115,"temporal_parametric_v1.0.0","DTL_TEMPORAL_PARAMETRIC_V1","DTL_TEMPORAL_ACTUAL_DIE_V1","DTL_TEMPORAL_POPULATION_V1"
"2026-02","February 2026",2,"DTL_NORM_002","DTL_NORM_002_D002","die_002",2,"NORMAL","COND_HOT_NOM",85,1,"HOT","T_VMAX","VMAX",1.0672697681667138,"V","LOWER",1.15,"NOT_DEFINED",1.05,1.25,"NOT_UNIFORM","1.05,1.08,1.1,1.12,1.15,1.18,1.2,1.22,1.25","SYNTHETIC_ASSUMED","F",2.869830830991163,"TESTER_A",20260115,"temporal_parametric_v1.0.0","DTL_TEMPORAL_PARAMETRIC_V1","DTL_TEMPORAL_ACTUAL_DIE_V1","DTL_TEMPORAL_POPULATION_V1"
"2026-02","February 2026",2,"DTL_NORM_002","DTL_NORM_002_D002","die_002",2,"NORMAL","COND_HOT_NOM",85,1,"HOT","T_IDDQ","IDDQ",71.06030152218413,"uA","UPPER",50,"NOT_DEFINED",30,100,"NOT_UNIFORM","30.0,35.0,40.0,45.0,50.0,55.0,60.0,70.0,80.0,100.0","SYNTHETIC_ASSUMED","F",2.869830830991163,"TESTER_A",20260115,"temporal_parametric_v1.0.0","DTL_TEMPORAL_PARAMETRIC_V1","DTL_TEMPORAL_ACTUAL_DIE_V1","DTL_TEMPORAL_POPULATION_V1"
"2026-02","February 2026",2,"DTL_NORM_002","DTL_NORM_002_D002","die_002",2,"NORMAL","COND_HOT_NOM",85,1,"HOT","T_SUPPLY_CURRENT","SUPPLY_CURRENT",130.5957851440861,"mA","UPPER",120,"NOT_DEFINED",90,200,"NOT_UNIFORM","90.0,100.0,110.0,120.0,130.0,140.0,150.0,170.0,200.0","SYNTHETIC_ASSUMED","F",2.869830830991163,"TESTER_A",20260115,"temporal_parametric_v1.0.0","DTL_TEMPORAL_PARAMETRIC_V1","DTL_TEMPORAL_ACTUAL_DIE_V1","DTL_TEMPORAL_POPULATION_V1"
"2026-02","February 2026",2,"DTL_NORM_002","DTL_NORM_002_D002","die_002",2,"NORMAL","COND_RT_LOWV",25,0.9,"LOW_VDD","T_CONTACT_R","CONTACT_RESISTANCE",5.430999964738764,"ohm","UPPER",5,"NOT_DEFINED",3.5,10,"NOT_UNIFORM","3.5,4.0,4.5,5.0,5.5,6.0,7.0,8.0,10.0","SYNTHETIC_ASSUMED","F",2.869830830991163,"TESTER_A",20260115,"temporal_parametric_v1.0.0","DTL_TEMPORAL_PARAMETRIC_V1","DTL_TEMPORAL_ACTUAL_DIE_V1","DTL_TEMPORAL_POPULATION_V1"
"2026-02","February 2026",2,"DTL_NORM_002","DTL_NORM_002_D002","die_002",2,"NORMAL","COND_RT_LOWV",25,0.9,"LOW_VDD","T_INTERCONNECT_R","INTERCONNECT_RESISTANCE",15.038614753921754,"ohm","UPPER",15,"NOT_DEFINED",11,25,"NOT_UNIFORM","11.0,12.0,13.0,14.0,15.0,16.0,18.0,20.0,25.0","SYNTHETIC_ASSUMED","F",2.869830830991163,"TESTER_A",20260115,"temporal_parametric_v1.0.0","DTL_TEMPORAL_PARAMETRIC_V1","DTL_TEMPORAL_ACTUAL_DIE_V1","DTL_TEMPORAL_POPULATION_V1"
"2026-02","February 2026",2,"DTL_NORM_002","DTL_NORM_002_D002","die_002",2,"NORMAL","COND_RT_LOWV",25,0.9,"LOW_VDD","T_ON_R","ON_RESISTANCE",27.23644404605152,"ohm","UPPER",25,"NOT_DEFINED",18,50,"NOT_UNIFORM","18.0,20.0,22.0,25.0,28.0,30.0,35.0,40.0,50.0","SYNTHETIC_ASSUMED","F",2.869830830991163,"TESTER_A",20260115,"temporal_parametric_v1.0.0","DTL_TEMPORAL_PARAMETRIC_V1","DTL_TEMPORAL_ACTUAL_DIE_V1","DTL_TEMPORAL_POPULATION_V1"
"2026-02","February 2026",2,"DTL_NORM_002","DTL_NORM_002_D002","die_002",2,"NORMAL","COND_RT_LOWV",25,0.9,"LOW_VDD","T_VMIN","VMIN",0.9085080502297772,"V","UPPER",0.85,"NOT_DEFINED",0.75,1,"NOT_UNIFORM","0.75,0.78,0.8,0.82,0.85,0.88,0.9,0.92,0.95,1.0","SYNTHETIC_ASSUMED","F",2.869830830991163,"TESTER_A",20260115,"temporal_parametric_v1.0.0","DTL_TEMPORAL_PARAMETRIC_V1","DTL_TEMPORAL_ACTUAL_DIE_V1","DTL_TEMPORAL_POPULATION_V1"
"2026-02","February 2026",2,"DTL_NORM_002","DTL_NORM_002_D002","die_002",2,"NORMAL","COND_RT_LOWV",25,0.9,"LOW_VDD","T_VMAX","VMAX",1.081670198489295,"V","LOWER",1.15,"NOT_DEFINED",1.05,1.25,"NOT_UNIFORM","1.05,1.08,1.1,1.12,1.15,1.18,1.2,1.22,1.25","SYNTHETIC_ASSUMED","F",2.869830830991163,"TESTER_A",20260115,"temporal_parametric_v1.0.0","DTL_TEMPORAL_PARAMETRIC_V1","DTL_TEMPORAL_ACTUAL_DIE_V1","DTL_TEMPORAL_POPULATION_V1"
"2026-02","February 2026",2,"DTL_NORM_002","DTL_NORM_002_D002","die_002",2,"NORMAL","COND_RT_LOWV",25,0.9,"LOW_VDD","T_IDDQ","IDDQ",60.08356704763956,"uA","UPPER",50,"NOT_DEFINED",30,100,"NOT_UNIFORM","30.0,35.0,40.0,45.0,50.0,55.0,60.0,70.0,80.0,100.0","SYNTHETIC_ASSUMED","F",2.869830830991163,"TESTER_A",20260115,"temporal_parametric_v1.0.0","DTL_TEMPORAL_PARAMETRIC_V1","DTL_TEMPORAL_ACTUAL_DIE_V1","DTL_TEMPORAL_POPULATION_V1"
"2026-02","February 2026",2,"DTL_NORM_002","DTL_NORM_002_D002","die_002",2,"NORMAL","COND_RT_LOWV",25,0.9,"LOW_VDD","T_SUPPLY_CURRENT","SUPPLY_CURRENT",135.95367292571726,"mA","UPPER",120,"NOT_DEFINED",90,200,"NOT_UNIFORM","90.0,100.0,110.0,120.0,130.0,140.0,150.0,170.0,200.0","SYNTHETIC_ASSUMED","F",2.869830830991163,"TESTER_A",20260115,"temporal_parametric_v1.0.0","DTL_TEMPORAL_PARAMETRIC_V1","DTL_TEMPORAL_ACTUAL_DIE_V1","DTL_TEMPORAL_POPULATION_V1"
"2026-02","February 2026",2,"DTL_NORM_002","DTL_NORM_002_D002","die_002",2,"NORMAL","COND_HOT_HIGHV",85,1.1,"HIGH_VDD","T_CONTACT_R","CONTACT_RESISTANCE",5.928334082130324,"ohm","UPPER",5,"NOT_DEFINED",3.5,10,"NOT_UNIFORM","3.5,4.0,4.5,5.0,5.5,6.0,7.0,8.0,10.0","SYNTHETIC_ASSUMED","F",2.869830830991163,"TESTER_A",20260115,"temporal_parametric_v1.0.0","DTL_TEMPORAL_PARAMETRIC_V1","DTL_TEMPORAL_ACTUAL_DIE_V1","DTL_TEMPORAL_POPULATION_V1"
"2026-02","February 2026",2,"DTL_NORM_002","DTL_NORM_002_D002","die_002",2,"NORMAL","COND_HOT_HIGHV",85,1.1,"HIGH_VDD","T_INTERCONNECT_R","INTERCONNECT_RESISTANCE",16.35074880856658,"ohm","UPPER",15,"NOT_DEFINED",11,25,"NOT_UNIFORM","11.0,12.0,13.0,14.0,15.0,16.0,18.0,20.0,25.0","SYNTHETIC_ASSUMED","F",2.869830830991163,"TESTER_A",20260115,"temporal_parametric_v1.0.0","DTL_TEMPORAL_PARAMETRIC_V1","DTL_TEMPORAL_ACTUAL_DIE_V1","DTL_TEMPORAL_POPULATION_V1"
"2026-02","February 2026",2,"DTL_NORM_002","DTL_NORM_002_D002","die_002",2,"NORMAL","COND_HOT_HIGHV",85,1.1,"HIGH_VDD","T_ON_R","ON_RESISTANCE",27.401597345674205,"ohm","UPPER",25,"NOT_DEFINED",18,50,"NOT_UNIFORM","18.0,20.0,22.0,25.0,28.0,30.0,35.0,40.0,50.0","SYNTHETIC_ASSUMED","F",2.869830830991163,"TESTER_A",20260115,"temporal_parametric_v1.0.0","DTL_TEMPORAL_PARAMETRIC_V1","DTL_TEMPORAL_ACTUAL_DIE_V1","DTL_TEMPORAL_POPULATION_V1"
"2026-02","February 2026",2,"DTL_NORM_002","DTL_NORM_002_D002","die_002",2,"NORMAL","COND_HOT_HIGHV",85,1.1,"HIGH_VDD","T_VMIN","VMIN",0.9059028481133876,"V","UPPER",0.85,"NOT_DEFINED",0.75,1,"NOT_UNIFORM","0.75,0.78,0.8,0.82,0.85,0.88,0.9,0.92,0.95,1.0","SYNTHETIC_ASSUMED","F",2.869830830991163,"TESTER_A",20260115,"temporal_parametric_v1.0.0","DTL_TEMPORAL_PARAMETRIC_V1","DTL_TEMPORAL_ACTUAL_DIE_V1","DTL_TEMPORAL_POPULATION_V1"
"2026-02","February 2026",2,"DTL_NORM_002","DTL_NORM_002_D002","die_002",2,"NORMAL","COND_HOT_HIGHV",85,1.1,"HIGH_VDD","T_VMAX","VMAX",1.057220399860877,"V","LOWER",1.15,"NOT_DEFINED",1.05,1.25,"NOT_UNIFORM","1.05,1.08,1.1,1.12,1.15,1.18,1.2,1.22,1.25","SYNTHETIC_ASSUMED","F",2.869830830991163,"TESTER_A",20260115,"temporal_parametric_v1.0.0","DTL_TEMPORAL_PARAMETRIC_V1","DTL_TEMPORAL_ACTUAL_DIE_V1","DTL_TEMPORAL_POPULATION_V1"
"2026-02","February 2026",2,"DTL_NORM_002","DTL_NORM_002_D002","die_002",2,"NORMAL","COND_HOT_HIGHV",85,1.1,"HIGH_VDD","T_IDDQ","IDDQ",63.813782831394775,"uA","UPPER",50,"NOT_DEFINED",30,100,"NOT_UNIFORM","30.0,35.0,40.0,45.0,50.0,55.0,60.0,70.0,80.0,100.0","SYNTHETIC_ASSUMED","F",2.869830830991163,"TESTER_A",20260115,"temporal_parametric_v1.0.0","DTL_TEMPORAL_PARAMETRIC_V1","DTL_TEMPORAL_ACTUAL_DIE_V1","DTL_TEMPORAL_POPULATION_V1"
"2026-02","February 2026",2,"DTL_NORM_002","DTL_NORM_002_D002","die_002",2,"NORMAL","COND_HOT_HIGHV",85,1.1,"HIGH_VDD","T_SUPPLY_CURRENT","SUPPLY_CURRENT",119.48295978389116,"mA","UPPER",120,"NOT_DEFINED",90,200,"NOT_UNIFORM","90.0,100.0,110.0,120.0,130.0,140.0,150.0,170.0,200.0","SYNTHETIC_ASSUMED","P",2.869830830991163,"TESTER_A",20260115,"temporal_parametric_v1.0.0","DTL_TEMPORAL_PARAMETRIC_V1","DTL_TEMPORAL_ACTUAL_DIE_V1","DTL_TEMPORAL_POPULATION_V1"
"2026-02","February 2026",2,"DTL_NORM_002","DTL_NORM_002_D003","die_003",3,"NORMAL","COND_RT_NOM",25,1,"NOMINAL","T_CONTACT_R","CONTACT_RESISTANCE",3.490806815475996,"ohm","UPPER",5,"NOT_DEFINED",3.5,10,"NOT_UNIFORM","3.5,4.0,4.5,5.0,5.5,6.0,7.0,8.0,10.0","SYNTHETIC_ASSUMED","P",0.9129364885613798,"TESTER_A",20260115,"temporal_parametric_v1.0.0","DTL_TEMPORAL_PARAMETRIC_V1","DTL_TEMPORAL_ACTUAL_DIE_V1","DTL_TEMPORAL_POPULATION_V1"
"2026-02","February 2026",2,"DTL_NORM_002","DTL_NORM_002_D003","die_003",3,"NORMAL","COND_RT_NOM",25,1,"NOMINAL","T_INTERCONNECT_R","INTERCONNECT_RESISTANCE",12.737351010626323,"ohm","UPPER",15,"NOT_DEFINED",11,25,"NOT_UNIFORM","11.0,12.0,13.0,14.0,15.0,16.0,18.0,20.0,25.0","SYNTHETIC_ASSUMED","P",0.9129364885613798,"TESTER_A",20260115,"temporal_parametric_v1.0.0","DTL_TEMPORAL_PARAMETRIC_V1","DTL_TEMPORAL_ACTUAL_DIE_V1","DTL_TEMPORAL_POPULATION_V1"
"2026-02","February 2026",2,"DTL_NORM_002","DTL_NORM_002_D003","die_003",3,"NORMAL","COND_RT_NOM",25,1,"NOMINAL","T_ON_R","ON_RESISTANCE",19.55158605720301,"ohm","UPPER",25,"NOT_DEFINED",18,50,"NOT_UNIFORM","18.0,20.0,22.0,25.0,28.0,30.0,35.0,40.0,50.0","SYNTHETIC_ASSUMED","P",0.9129364885613798,"TESTER_A",20260115,"temporal_parametric_v1.0.0","DTL_TEMPORAL_PARAMETRIC_V1","DTL_TEMPORAL_ACTUAL_DIE_V1","DTL_TEMPORAL_POPULATION_V1"
"2026-02","February 2026",2,"DTL_NORM_002","DTL_NORM_002_D003","die_003",3,"NORMAL","COND_RT_NOM",25,1,"NOMINAL","T_VMIN","VMIN",0.8538540058755122,"V","UPPER",0.85,"NOT_DEFINED",0.75,1,"NOT_UNIFORM","0.75,0.78,0.8,0.82,0.85,0.88,0.9,0.92,0.95,1.0","SYNTHETIC_ASSUMED","F",0.9129364885613798,"TESTER_A",20260115,"temporal_parametric_v1.0.0","DTL_TEMPORAL_PARAMETRIC_V1","DTL_TEMPORAL_ACTUAL_DIE_V1","DTL_TEMPORAL_POPULATION_V1"
"2026-02","February 2026",2,"DTL_NORM_002","DTL_NORM_002_D003","die_003",3,"NORMAL","COND_RT_NOM",25,1,"NOMINAL","T_VMAX","VMAX",1.1720460222763942,"V","LOWER",1.15,"NOT_DEFINED",1.05,1.25,"NOT_UNIFORM","1.05,1.08,1.1,1.12,1.15,1.18,1.2,1.22,1.25","SYNTHETIC_ASSUMED","P",0.9129364885613798,"TESTER_A",20260115,"temporal_parametric_v1.0.0","DTL_TEMPORAL_PARAMETRIC_V1","DTL_TEMPORAL_ACTUAL_DIE_V1","DTL_TEMPORAL_POPULATION_V1"
"2026-02","February 2026",2,"DTL_NORM_002","DTL_NORM_002_D003","die_003",3,"NORMAL","COND_RT_NOM",25,1,"NOMINAL","T_IDDQ","IDDQ",42.10987482113499,"uA","UPPER",50,"NOT_DEFINED",30,100,"NOT_UNIFORM","30.0,35.0,40.0,45.0,50.0,55.0,60.0,70.0,80.0,100.0","SYNTHETIC_ASSUMED","P",0.9129364885613798,"TESTER_A",20260115,"temporal_parametric_v1.0.0","DTL_TEMPORAL_PARAMETRIC_V1","DTL_TEMPORAL_ACTUAL_DIE_V1","DTL_TEMPORAL_POPULATION_V1"
"2026-02","February 2026",2,"DTL_NORM_002","DTL_NORM_002_D003","die_003",3,"NORMAL","COND_RT_NOM",25,1,"NOMINAL","T_SUPPLY_CURRENT","SUPPLY_CURRENT",87.62881327264326,"mA","UPPER",120,"NOT_DEFINED",90,200,"NOT_UNIFORM","90.0,100.0,110.0,120.0,130.0,140.0,150.0,170.0,200.0","SYNTHETIC_ASSUMED","P",0.9129364885613798,"TESTER_A",20260115,"temporal_parametric_v1.0.0","DTL_TEMPORAL_PARAMETRIC_V1","DTL_TEMPORAL_ACTUAL_DIE_V1","DTL_TEMPORAL_POPULATION_V1"
"2026-02","February 2026",2,"DTL_NORM_002","DTL_NORM_002_D003","die_003",3,"NORMAL","COND_HOT_NOM",85,1,"HOT","T_CONTACT_R","CONTACT_RESISTANCE",3.844516629185141,"ohm","UPPER",5,"NOT_DEFINED",3.5,10,"NOT_UNIFORM","3.5,4.0,4.5,5.0,5.5,6.0,7.0,8.0,10.0","SYNTHETIC_ASSUMED","P",0.9129364885613798,"TESTER_A",20260115,"temporal_parametric_v1.0.0","DTL_TEMPORAL_PARAMETRIC_V1","DTL_TEMPORAL_ACTUAL_DIE_V1","DTL_TEMPORAL_POPULATION_V1"
"2026-02","February 2026",2,"DTL_NORM_002","DTL_NORM_002_D003","die_003",3,"NORMAL","COND_HOT_NOM",85,1,"HOT","T_INTERCONNECT_R","INTERCONNECT_RESISTANCE",12.737312364098957,"ohm","UPPER",15,"NOT_DEFINED",11,25,"NOT_UNIFORM","11.0,12.0,13.0,14.0,15.0,16.0,18.0,20.0,25.0","SYNTHETIC_ASSUMED","P",0.9129364885613798,"TESTER_A",20260115,"temporal_parametric_v1.0.0","DTL_TEMPORAL_PARAMETRIC_V1","DTL_TEMPORAL_ACTUAL_DIE_V1","DTL_TEMPORAL_POPULATION_V1"
"2026-02","February 2026",2,"DTL_NORM_002","DTL_NORM_002_D003","die_003",3,"NORMAL","COND_HOT_NOM",85,1,"HOT","T_ON_R","ON_RESISTANCE",22.318929266584963,"ohm","UPPER",25,"NOT_DEFINED",18,50,"NOT_UNIFORM","18.0,20.0,22.0,25.0,28.0,30.0,35.0,40.0,50.0","SYNTHETIC_ASSUMED","P",0.9129364885613798,"TESTER_A",20260115,"temporal_parametric_v1.0.0","DTL_TEMPORAL_PARAMETRIC_V1","DTL_TEMPORAL_ACTUAL_DIE_V1","DTL_TEMPORAL_POPULATION_V1"
"2026-02","February 2026",2,"DTL_NORM_002","DTL_NORM_002_D003","die_003",3,"NORMAL","COND_HOT_NOM",85,1,"HOT","T_VMIN","VMIN",0.8114955807612729,"V","UPPER",0.85,"NOT_DEFINED",0.75,1,"NOT_UNIFORM","0.75,0.78,0.8,0.82,0.85,0.88,0.9,0.92,0.95,1.0","SYNTHETIC_ASSUMED","P",0.9129364885613798,"TESTER_A",20260115,"temporal_parametric_v1.0.0","DTL_TEMPORAL_PARAMETRIC_V1","DTL_TEMPORAL_ACTUAL_DIE_V1","DTL_TEMPORAL_POPULATION_V1"
"2026-02","February 2026",2,"DTL_NORM_002","DTL_NORM_002_D003","die_003",3,"NORMAL","COND_HOT_NOM",85,1,"HOT","T_VMAX","VMAX",1.1618520677352415,"V","LOWER",1.15,"NOT_DEFINED",1.05,1.25,"NOT_UNIFORM","1.05,1.08,1.1,1.12,1.15,1.18,1.2,1.22,1.25","SYNTHETIC_ASSUMED","P",0.9129364885613798,"TESTER_A",20260115,"temporal_parametric_v1.0.0","DTL_TEMPORAL_PARAMETRIC_V1","DTL_TEMPORAL_ACTUAL_DIE_V1","DTL_TEMPORAL_POPULATION_V1"
"2026-02","February 2026",2,"DTL_NORM_002","DTL_NORM_002_D003","die_003",3,"NORMAL","COND_HOT_NOM",85,1,"HOT","T_IDDQ","IDDQ",58.68677441411539,"uA","UPPER",50,"NOT_DEFINED",30,100,"NOT_UNIFORM","30.0,35.0,40.0,45.0,50.0,55.0,60.0,70.0,80.0,100.0","SYNTHETIC_ASSUMED","F",0.9129364885613798,"TESTER_A",20260115,"temporal_parametric_v1.0.0","DTL_TEMPORAL_PARAMETRIC_V1","DTL_TEMPORAL_ACTUAL_DIE_V1","DTL_TEMPORAL_POPULATION_V1"
"2026-02","February 2026",2,"DTL_NORM_002","DTL_NORM_002_D003","die_003",3,"NORMAL","COND_HOT_NOM",85,1,"HOT","T_SUPPLY_CURRENT","SUPPLY_CURRENT",119.92914342255092,"mA","UPPER",120,"NOT_DEFINED",90,200,"NOT_UNIFORM","90.0,100.0,110.0,120.0,130.0,140.0,150.0,170.0,200.0","SYNTHETIC_ASSUMED","P",0.9129364885613798,"TESTER_A",20260115,"temporal_parametric_v1.0.0","DTL_TEMPORAL_PARAMETRIC_V1","DTL_TEMPORAL_ACTUAL_DIE_V1","DTL_TEMPORAL_POPULATION_V1"
"2026-02","February 2026",2,"DTL_NORM_002","DTL_NORM_002_D003","die_003",3,"NORMAL","COND_RT_LOWV",25,0.9,"LOW_VDD","T_CONTACT_R","CONTACT_RESISTANCE",4.156446003028281,"ohm","UPPER",5,"NOT_DEFINED",3.5,10,"NOT_UNIFORM","3.5,4.0,4.5,5.0,5.5,6.0,7.0,8.0,10.0","SYNTHETIC_ASSUMED","P",0.9129364885613798,"TESTER_A",20260115,"temporal_parametric_v1.0.0","DTL_TEMPORAL_PARAMETRIC_V1","DTL_TEMPORAL_ACTUAL_DIE_V1","DTL_TEMPORAL_POPULATION_V1"
"2026-02","February 2026",2,"DTL_NORM_002","DTL_NORM_002_D003","die_003",3,"NORMAL","COND_RT_LOWV",25,0.9,"LOW_VDD","T_INTERCONNECT_R","INTERCONNECT_RESISTANCE",12.184393851582769,"ohm","UPPER",15,"NOT_DEFINED",11,25,"NOT_UNIFORM","11.0,12.0,13.0,14.0,15.0,16.0,18.0,20.0,25.0","SYNTHETIC_ASSUMED","P",0.9129364885613798,"TESTER_A",20260115,"temporal_parametric_v1.0.0","DTL_TEMPORAL_PARAMETRIC_V1","DTL_TEMPORAL_ACTUAL_DIE_V1","DTL_TEMPORAL_POPULATION_V1"
"2026-02","February 2026",2,"DTL_NORM_002","DTL_NORM_002_D003","die_003",3,"NORMAL","COND_RT_LOWV",25,0.9,"LOW_VDD","T_ON_R","ON_RESISTANCE",20.28988474859842,"ohm","UPPER",25,"NOT_DEFINED",18,50,"NOT_UNIFORM","18.0,20.0,22.0,25.0,28.0,30.0,35.0,40.0,50.0","SYNTHETIC_ASSUMED","P",0.9129364885613798,"TESTER_A",20260115,"temporal_parametric_v1.0.0","DTL_TEMPORAL_PARAMETRIC_V1","DTL_TEMPORAL_ACTUAL_DIE_V1","DTL_TEMPORAL_POPULATION_V1"
"2026-02","February 2026",2,"DTL_NORM_002","DTL_NORM_002_D003","die_003",3,"NORMAL","COND_RT_LOWV",25,0.9,"LOW_VDD","T_VMIN","VMIN",0.8332041574471355,"V","UPPER",0.85,"NOT_DEFINED",0.75,1,"NOT_UNIFORM","0.75,0.78,0.8,0.82,0.85,0.88,0.9,0.92,0.95,1.0","SYNTHETIC_ASSUMED","P",0.9129364885613798,"TESTER_A",20260115,"temporal_parametric_v1.0.0","DTL_TEMPORAL_PARAMETRIC_V1","DTL_TEMPORAL_ACTUAL_DIE_V1","DTL_TEMPORAL_POPULATION_V1"
"2026-02","February 2026",2,"DTL_NORM_002","DTL_NORM_002_D003","die_003",3,"NORMAL","COND_RT_LOWV",25,0.9,"LOW_VDD","T_VMAX","VMAX",1.2214229190293218,"V","LOWER",1.15,"NOT_DEFINED",1.05,1.25,"NOT_UNIFORM","1.05,1.08,1.1,1.12,1.15,1.18,1.2,1.22,1.25","SYNTHETIC_ASSUMED","P",0.9129364885613798,"TESTER_A",20260115,"temporal_parametric_v1.0.0","DTL_TEMPORAL_PARAMETRIC_V1","DTL_TEMPORAL_ACTUAL_DIE_V1","DTL_TEMPORAL_POPULATION_V1"
"2026-02","February 2026",2,"DTL_NORM_002","DTL_NORM_002_D003","die_003",3,"NORMAL","COND_RT_LOWV",25,0.9,"LOW_VDD","T_IDDQ","IDDQ",40.79132125895662,"uA","UPPER",50,"NOT_DEFINED",30,100,"NOT_UNIFORM","30.0,35.0,40.0,45.0,50.0,55.0,60.0,70.0,80.0,100.0","SYNTHETIC_ASSUMED","P",0.9129364885613798,"TESTER_A",20260115,"temporal_parametric_v1.0.0","DTL_TEMPORAL_PARAMETRIC_V1","DTL_TEMPORAL_ACTUAL_DIE_V1","DTL_TEMPORAL_POPULATION_V1"
"2026-02","February 2026",2,"DTL_NORM_002","DTL_NORM_002_D003","die_003",3,"NORMAL","COND_RT_LOWV",25,0.9,"LOW_VDD","T_SUPPLY_CURRENT","SUPPLY_CURRENT",91.02124927715144,"mA","UPPER",120,"NOT_DEFINED",90,200,"NOT_UNIFORM","90.0,100.0,110.0,120.0,130.0,140.0,150.0,170.0,200.0","SYNTHETIC_ASSUMED","P",0.9129364885613798,"TESTER_A",20260115,"temporal_parametric_v1.0.0","DTL_TEMPORAL_PARAMETRIC_V1","DTL_TEMPORAL_ACTUAL_DIE_V1","DTL_TEMPORAL_POPULATION_V1"
"2026-02","February 2026",2,"DTL_NORM_002","DTL_NORM_002_D003","die_003",3,"NORMAL","COND_HOT_HIGHV",85,1.1,"HIGH_VDD","T_CONTACT_R","CONTACT_RESISTANCE",3.5335767055222576,"ohm","UPPER",5,"NOT_DEFINED",3.5,10,"NOT_UNIFORM","3.5,4.0,4.5,5.0,5.5,6.0,7.0,8.0,10.0","SYNTHETIC_ASSUMED","P",0.9129364885613798,"TESTER_A",20260115,"temporal_parametric_v1.0.0","DTL_TEMPORAL_PARAMETRIC_V1","DTL_TEMPORAL_ACTUAL_DIE_V1","DTL_TEMPORAL_POPULATION_V1"
"2026-02","February 2026",2,"DTL_NORM_002","DTL_NORM_002_D003","die_003",3,"NORMAL","COND_HOT_HIGHV",85,1.1,"HIGH_VDD","T_INTERCONNECT_R","INTERCONNECT_RESISTANCE",13.21712742474751,"ohm","UPPER",15,"NOT_DEFINED",11,25,"NOT_UNIFORM","11.0,12.0,13.0,14.0,15.0,16.0,18.0,20.0,25.0","SYNTHETIC_ASSUMED","P",0.9129364885613798,"TESTER_A",20260115,"temporal_parametric_v1.0.0","DTL_TEMPORAL_PARAMETRIC_V1","DTL_TEMPORAL_ACTUAL_DIE_V1","DTL_TEMPORAL_POPULATION_V1"
"2026-02","February 2026",2,"DTL_NORM_002","DTL_NORM_002_D003","die_003",3,"NORMAL","COND_HOT_HIGHV",85,1.1,"HIGH_VDD","T_ON_R","ON_RESISTANCE",25.140530641888404,"ohm","UPPER",25,"NOT_DEFINED",18,50,"NOT_UNIFORM","18.0,20.0,22.0,25.0,28.0,30.0,35.0,40.0,50.0","SYNTHETIC_ASSUMED","F",0.9129364885613798,"TESTER_A",20260115,"temporal_parametric_v1.0.0","DTL_TEMPORAL_PARAMETRIC_V1","DTL_TEMPORAL_ACTUAL_DIE_V1","DTL_TEMPORAL_POPULATION_V1"
"2026-02","February 2026",2,"DTL_NORM_002","DTL_NORM_002_D003","die_003",3,"NORMAL","COND_HOT_HIGHV",85,1.1,"HIGH_VDD","T_VMIN","VMIN",0.8051064367555781,"V","UPPER",0.85,"NOT_DEFINED",0.75,1,"NOT_UNIFORM","0.75,0.78,0.8,0.82,0.85,0.88,0.9,0.92,0.95,1.0","SYNTHETIC_ASSUMED","P",0.9129364885613798,"TESTER_A",20260115,"temporal_parametric_v1.0.0","DTL_TEMPORAL_PARAMETRIC_V1","DTL_TEMPORAL_ACTUAL_DIE_V1","DTL_TEMPORAL_POPULATION_V1"
"2026-02","February 2026",2,"DTL_NORM_002","DTL_NORM_002_D003","die_003",3,"NORMAL","COND_HOT_HIGHV",85,1.1,"HIGH_VDD","T_VMAX","VMAX",1.1236522297304044,"V","LOWER",1.15,"NOT_DEFINED",1.05,1.25,"NOT_UNIFORM","1.05,1.08,1.1,1.12,1.15,1.18,1.2,1.22,1.25","SYNTHETIC_ASSUMED","F",0.9129364885613798,"TESTER_A",20260115,"temporal_parametric_v1.0.0","DTL_TEMPORAL_PARAMETRIC_V1","DTL_TEMPORAL_ACTUAL_DIE_V1","DTL_TEMPORAL_POPULATION_V1"
"2026-02","February 2026",2,"DTL_NORM_002","DTL_NORM_002_D003","die_003",3,"NORMAL","COND_HOT_HIGHV",85,1.1,"HIGH_VDD","T_IDDQ","IDDQ",53.681185126208206,"uA","UPPER",50,"NOT_DEFINED",30,100,"NOT_UNIFORM","30.0,35.0,40.0,45.0,50.0,55.0,60.0,70.0,80.0,100.0","SYNTHETIC_ASSUMED","F",0.9129364885613798,"TESTER_A",20260115,"temporal_parametric_v1.0.0","DTL_TEMPORAL_PARAMETRIC_V1","DTL_TEMPORAL_ACTUAL_DIE_V1","DTL_TEMPORAL_POPULATION_V1"
"2026-02","February 2026",2,"DTL_NORM_002","DTL_NORM_002_D003","die_003",3,"NORMAL","COND_HOT_HIGHV",85,1.1,"HIGH_VDD","T_SUPPLY_CURRENT","SUPPLY_CURRENT",109.70073644815912,"mA","UPPER",120,"NOT_DEFINED",90,200,"NOT_UNIFORM","90.0,100.0,110.0,120.0,130.0,140.0,150.0,170.0,200.0","SYNTHETIC_ASSUMED","P",0.9129364885613798,"TESTER_A",20260115,"temporal_parametric_v1.0.0","DTL_TEMPORAL_PARAMETRIC_V1","DTL_TEMPORAL_ACTUAL_DIE_V1","DTL_TEMPORAL_POPULATION_V1"
"2026-02","February 2026",2,"DTL_SCRATCH_001","DTL_SCRATCH_001_D001","die_001",1,"SCRATCH","COND_RT_NOM",25,1,"NOMINAL","T_CONTACT_R","CONTACT_RESISTANCE",7.369071505078672,"ohm","UPPER",5,"NOT_DEFINED",3.5,10,"NOT_UNIFORM","3.5,4.0,4.5,5.0,5.5,6.0,7.0,8.0,10.0","SYNTHETIC_ASSUMED","F",3.587961643929785,"TESTER_A",20260115,"temporal_parametric_v1.0.0","DTL_TEMPORAL_PARAMETRIC_V1","DTL_TEMPORAL_ACTUAL_DIE_V1","DTL_TEMPORAL_POPULATION_V1"
"2026-02","February 2026",2,"DTL_SCRATCH_001","DTL_SCRATCH_001_D001","die_001",1,"SCRATCH","COND_RT_NOM",25,1,"NOMINAL","T_INTERCONNECT_R","INTERCONNECT_RESISTANCE",19.000235156341404,"ohm","UPPER",15,"NOT_DEFINED",11,25,"NOT_UNIFORM","11.0,12.0,13.0,14.0,15.0,16.0,18.0,20.0,25.0","SYNTHETIC_ASSUMED","F",3.587961643929785,"TESTER_A",20260115,"temporal_parametric_v1.0.0","DTL_TEMPORAL_PARAMETRIC_V1","DTL_TEMPORAL_ACTUAL_DIE_V1","DTL_TEMPORAL_POPULATION_V1"
"2026-02","February 2026",2,"DTL_SCRATCH_001","DTL_SCRATCH_001_D001","die_001",1,"SCRATCH","COND_RT_NOM",25,1,"NOMINAL","T_ON_R","ON_RESISTANCE",29.503933684516024,"ohm","UPPER",25,"NOT_DEFINED",18,50,"NOT_UNIFORM","18.0,20.0,22.0,25.0,28.0,30.0,35.0,40.0,50.0","SYNTHETIC_ASSUMED","F",3.587961643929785,"TESTER_A",20260115,"temporal_parametric_v1.0.0","DTL_TEMPORAL_PARAMETRIC_V1","DTL_TEMPORAL_ACTUAL_DIE_V1","DTL_TEMPORAL_POPULATION_V1"
"2026-02","February 2026",2,"DTL_SCRATCH_001","DTL_SCRATCH_001_D001","die_001",1,"SCRATCH","COND_RT_NOM",25,1,"NOMINAL","T_VMIN","VMIN",0.9340549523437164,"V","UPPER",0.85,"NOT_DEFINED",0.75,1,"NOT_UNIFORM","0.75,0.78,0.8,0.82,0.85,0.88,0.9,0.92,0.95,1.0","SYNTHETIC_ASSUMED","F",3.587961643929785,"TESTER_A",20260115,"temporal_parametric_v1.0.0","DTL_TEMPORAL_PARAMETRIC_V1","DTL_TEMPORAL_ACTUAL_DIE_V1","DTL_TEMPORAL_POPULATION_V1"
"2026-02","February 2026",2,"DTL_SCRATCH_001","DTL_SCRATCH_001_D001","die_001",1,"SCRATCH","COND_RT_NOM",25,1,"NOMINAL","T_VMAX","VMAX",1.0738240080993815,"V","LOWER",1.15,"NOT_DEFINED",1.05,1.25,"NOT_UNIFORM","1.05,1.08,1.1,1.12,1.15,1.18,1.2,1.22,1.25","SYNTHETIC_ASSUMED","F",3.587961643929785,"TESTER_A",20260115,"temporal_parametric_v1.0.0","DTL_TEMPORAL_PARAMETRIC_V1","DTL_TEMPORAL_ACTUAL_DIE_V1","DTL_TEMPORAL_POPULATION_V1"
"2026-02","February 2026",2,"DTL_SCRATCH_001","DTL_SCRATCH_001_D001","die_001",1,"SCRATCH","COND_RT_NOM",25,1,"NOMINAL","T_IDDQ","IDDQ",62.11826225044431,"uA","UPPER",50,"NOT_DEFINED",30,100,"NOT_UNIFORM","30.0,35.0,40.0,45.0,50.0,55.0,60.0,70.0,80.0,100.0","SYNTHETIC_ASSUMED","F",3.587961643929785,"TESTER_A",20260115,"temporal_parametric_v1.0.0","DTL_TEMPORAL_PARAMETRIC_V1","DTL_TEMPORAL_ACTUAL_DIE_V1","DTL_TEMPORAL_POPULATION_V1"
"2026-02","February 2026",2,"DTL_SCRATCH_001","DTL_SCRATCH_001_D001","die_001",1,"SCRATCH","COND_RT_NOM",25,1,"NOMINAL","T_SUPPLY_CURRENT","SUPPLY_CURRENT",128.03629142419402,"mA","UPPER",120,"NOT_DEFINED",90,200,"NOT_UNIFORM","90.0,100.0,110.0,120.0,130.0,140.0,150.0,170.0,200.0","SYNTHETIC_ASSUMED","F",3.587961643929785,"TESTER_A",20260115,"temporal_parametric_v1.0.0","DTL_TEMPORAL_PARAMETRIC_V1","DTL_TEMPORAL_ACTUAL_DIE_V1","DTL_TEMPORAL_POPULATION_V1"
"2026-02","February 2026",2,"DTL_SCRATCH_001","DTL_SCRATCH_001_D001","die_001",1,"SCRATCH","COND_HOT_NOM",85,1,"HOT","T_CONTACT_R","CONTACT_RESISTANCE",8.058824768440493,"ohm","UPPER",5,"NOT_DEFINED",3.5,10,"NOT_UNIFORM","3.5,4.0,4.5,5.0,5.5,6.0,7.0,8.0,10.0","SYNTHETIC_ASSUMED","F",3.587961643929785,"TESTER_A",20260115,"temporal_parametric_v1.0.0","DTL_TEMPORAL_PARAMETRIC_V1","DTL_TEMPORAL_ACTUAL_DIE_V1","DTL_TEMPORAL_POPULATION_V1"
"2026-02","February 2026",2,"DTL_SCRATCH_001","DTL_SCRATCH_001_D001","die_001",1,"SCRATCH","COND_HOT_NOM",85,1,"HOT","T_INTERCONNECT_R","INTERCONNECT_RESISTANCE",22.056761938408165,"ohm","UPPER",15,"NOT_DEFINED",11,25,"NOT_UNIFORM","11.0,12.0,13.0,14.0,15.0,16.0,18.0,20.0,25.0","SYNTHETIC_ASSUMED","F",3.587961643929785,"TESTER_A",20260115,"temporal_parametric_v1.0.0","DTL_TEMPORAL_PARAMETRIC_V1","DTL_TEMPORAL_ACTUAL_DIE_V1","DTL_TEMPORAL_POPULATION_V1"
"2026-02","February 2026",2,"DTL_SCRATCH_001","DTL_SCRATCH_001_D001","die_001",1,"SCRATCH","COND_HOT_NOM",85,1,"HOT","T_ON_R","ON_RESISTANCE",30.68984532773746,"ohm","UPPER",25,"NOT_DEFINED",18,50,"NOT_UNIFORM","18.0,20.0,22.0,25.0,28.0,30.0,35.0,40.0,50.0","SYNTHETIC_ASSUMED","F",3.587961643929785,"TESTER_A",20260115,"temporal_parametric_v1.0.0","DTL_TEMPORAL_PARAMETRIC_V1","DTL_TEMPORAL_ACTUAL_DIE_V1","DTL_TEMPORAL_POPULATION_V1"
"2026-02","February 2026",2,"DTL_SCRATCH_001","DTL_SCRATCH_001_D001","die_001",1,"SCRATCH","COND_HOT_NOM",85,1,"HOT","T_VMIN","VMIN",1.0607537231894166,"V","UPPER",0.85,"NOT_DEFINED",0.75,1,"NOT_UNIFORM","0.75,0.78,0.8,0.82,0.85,0.88,0.9,0.92,0.95,1.0","SYNTHETIC_ASSUMED","F",3.587961643929785,"TESTER_A",20260115,"temporal_parametric_v1.0.0","DTL_TEMPORAL_PARAMETRIC_V1","DTL_TEMPORAL_ACTUAL_DIE_V1","DTL_TEMPORAL_POPULATION_V1"
"2026-02","February 2026",2,"DTL_SCRATCH_001","DTL_SCRATCH_001_D001","die_001",1,"SCRATCH","COND_HOT_NOM",85,1,"HOT","T_VMAX","VMAX",0.9771714277710758,"V","LOWER",1.15,"NOT_DEFINED",1.05,1.25,"NOT_UNIFORM","1.05,1.08,1.1,1.12,1.15,1.18,1.2,1.22,1.25","SYNTHETIC_ASSUMED","F",3.587961643929785,"TESTER_A",20260115,"temporal_parametric_v1.0.0","DTL_TEMPORAL_PARAMETRIC_V1","DTL_TEMPORAL_ACTUAL_DIE_V1","DTL_TEMPORAL_POPULATION_V1"
"2026-02","February 2026",2,"DTL_SCRATCH_001","DTL_SCRATCH_001_D001","die_001",1,"SCRATCH","COND_HOT_NOM",85,1,"HOT","T_IDDQ","IDDQ",91.88254602448832,"uA","UPPER",50,"NOT_DEFINED",30,100,"NOT_UNIFORM","30.0,35.0,40.0,45.0,50.0,55.0,60.0,70.0,80.0,100.0","SYNTHETIC_ASSUMED","F",3.587961643929785,"TESTER_A",20260115,"temporal_parametric_v1.0.0","DTL_TEMPORAL_PARAMETRIC_V1","DTL_TEMPORAL_ACTUAL_DIE_V1","DTL_TEMPORAL_POPULATION_V1"
"2026-02","February 2026",2,"DTL_SCRATCH_001","DTL_SCRATCH_001_D001","die_001",1,"SCRATCH","COND_HOT_NOM",85,1,"HOT","T_SUPPLY_CURRENT","SUPPLY_CURRENT",129.6627457063323,"mA","UPPER",120,"NOT_DEFINED",90,200,"NOT_UNIFORM","90.0,100.0,110.0,120.0,130.0,140.0,150.0,170.0,200.0","SYNTHETIC_ASSUMED","F",3.587961643929785,"TESTER_A",20260115,"temporal_parametric_v1.0.0","DTL_TEMPORAL_PARAMETRIC_V1","DTL_TEMPORAL_ACTUAL_DIE_V1","DTL_TEMPORAL_POPULATION_V1"
"2026-02","February 2026",2,"DTL_SCRATCH_001","DTL_SCRATCH_001_D001","die_001",1,"SCRATCH","COND_RT_LOWV",25,0.9,"LOW_VDD","T_CONTACT_R","CONTACT_RESISTANCE",6.953011216528357,"ohm","UPPER",5,"NOT_DEFINED",3.5,10,"NOT_UNIFORM","3.5,4.0,4.5,5.0,5.5,6.0,7.0,8.0,10.0","SYNTHETIC_ASSUMED","F",3.587961643929785,"TESTER_A",20260115,"temporal_parametric_v1.0.0","DTL_TEMPORAL_PARAMETRIC_V1","DTL_TEMPORAL_ACTUAL_DIE_V1","DTL_TEMPORAL_POPULATION_V1"
"2026-02","February 2026",2,"DTL_SCRATCH_001","DTL_SCRATCH_001_D001","die_001",1,"SCRATCH","COND_RT_LOWV",25,0.9,"LOW_VDD","T_INTERCONNECT_R","INTERCONNECT_RESISTANCE",19.35576664403272,"ohm","UPPER",15,"NOT_DEFINED",11,25,"NOT_UNIFORM","11.0,12.0,13.0,14.0,15.0,16.0,18.0,20.0,25.0","SYNTHETIC_ASSUMED","F",3.587961643929785,"TESTER_A",20260115,"temporal_parametric_v1.0.0","DTL_TEMPORAL_PARAMETRIC_V1","DTL_TEMPORAL_ACTUAL_DIE_V1","DTL_TEMPORAL_POPULATION_V1"
"2026-02","February 2026",2,"DTL_SCRATCH_001","DTL_SCRATCH_001_D001","die_001",1,"SCRATCH","COND_RT_LOWV",25,0.9,"LOW_VDD","T_ON_R","ON_RESISTANCE",31.41255144085752,"ohm","UPPER",25,"NOT_DEFINED",18,50,"NOT_UNIFORM","18.0,20.0,22.0,25.0,28.0,30.0,35.0,40.0,50.0","SYNTHETIC_ASSUMED","F",3.587961643929785,"TESTER_A",20260115,"temporal_parametric_v1.0.0","DTL_TEMPORAL_PARAMETRIC_V1","DTL_TEMPORAL_ACTUAL_DIE_V1","DTL_TEMPORAL_POPULATION_V1"
"2026-02","February 2026",2,"DTL_SCRATCH_001","DTL_SCRATCH_001_D001","die_001",1,"SCRATCH","COND_RT_LOWV",25,0.9,"LOW_VDD","T_VMIN","VMIN",0.969012934086364,"V","UPPER",0.85,"NOT_DEFINED",0.75,1,"NOT_UNIFORM","0.75,0.78,0.8,0.82,0.85,0.88,0.9,0.92,0.95,1.0","SYNTHETIC_ASSUMED","F",3.587961643929785,"TESTER_A",20260115,"temporal_parametric_v1.0.0","DTL_TEMPORAL_PARAMETRIC_V1","DTL_TEMPORAL_ACTUAL_DIE_V1","DTL_TEMPORAL_POPULATION_V1"
"2026-02","February 2026",2,"DTL_SCRATCH_001","DTL_SCRATCH_001_D001","die_001",1,"SCRATCH","COND_RT_LOWV",25,0.9,"LOW_VDD","T_VMAX","VMAX",0.986493884057924,"V","LOWER",1.15,"NOT_DEFINED",1.05,1.25,"NOT_UNIFORM","1.05,1.08,1.1,1.12,1.15,1.18,1.2,1.22,1.25","SYNTHETIC_ASSUMED","F",3.587961643929785,"TESTER_A",20260115,"temporal_parametric_v1.0.0","DTL_TEMPORAL_PARAMETRIC_V1","DTL_TEMPORAL_ACTUAL_DIE_V1","DTL_TEMPORAL_POPULATION_V1"
"2026-02","February 2026",2,"DTL_SCRATCH_001","DTL_SCRATCH_001_D001","die_001",1,"SCRATCH","COND_RT_LOWV",25,0.9,"LOW_VDD","T_IDDQ","IDDQ",66.8248887411354,"uA","UPPER",50,"NOT_DEFINED",30,100,"NOT_UNIFORM","30.0,35.0,40.0,45.0,50.0,55.0,60.0,70.0,80.0,100.0","SYNTHETIC_ASSUMED","F",3.587961643929785,"TESTER_A",20260115,"temporal_parametric_v1.0.0","DTL_TEMPORAL_PARAMETRIC_V1","DTL_TEMPORAL_ACTUAL_DIE_V1","DTL_TEMPORAL_POPULATION_V1"
"2026-02","February 2026",2,"DTL_SCRATCH_001","DTL_SCRATCH_001_D001","die_001",1,"SCRATCH","COND_RT_LOWV",25,0.9,"LOW_VDD","T_SUPPLY_CURRENT","SUPPLY_CURRENT",137.45500062045014,"mA","UPPER",120,"NOT_DEFINED",90,200,"NOT_UNIFORM","90.0,100.0,110.0,120.0,130.0,140.0,150.0,170.0,200.0","SYNTHETIC_ASSUMED","F",3.587961643929785,"TESTER_A",20260115,"temporal_parametric_v1.0.0","DTL_TEMPORAL_PARAMETRIC_V1","DTL_TEMPORAL_ACTUAL_DIE_V1","DTL_TEMPORAL_POPULATION_V1"
"2026-02","February 2026",2,"DTL_SCRATCH_001","DTL_SCRATCH_001_D001","die_001",1,"SCRATCH","COND_HOT_HIGHV",85,1.1,"HIGH_VDD","T_CONTACT_R","CONTACT_RESISTANCE",6.566014716035398,"ohm","UPPER",5,"NOT_DEFINED",3.5,10,"NOT_UNIFORM","3.5,4.0,4.5,5.0,5.5,6.0,7.0,8.0,10.0","SYNTHETIC_ASSUMED","F",3.587961643929785,"TESTER_A",20260115,"temporal_parametric_v1.0.0","DTL_TEMPORAL_PARAMETRIC_V1","DTL_TEMPORAL_ACTUAL_DIE_V1","DTL_TEMPORAL_POPULATION_V1"
"2026-02","February 2026",2,"DTL_SCRATCH_001","DTL_SCRATCH_001_D001","die_001",1,"SCRATCH","COND_HOT_HIGHV",85,1.1,"HIGH_VDD","T_INTERCONNECT_R","INTERCONNECT_RESISTANCE",17.9183581392808,"ohm","UPPER",15,"NOT_DEFINED",11,25,"NOT_UNIFORM","11.0,12.0,13.0,14.0,15.0,16.0,18.0,20.0,25.0","SYNTHETIC_ASSUMED","F",3.587961643929785,"TESTER_A",20260115,"temporal_parametric_v1.0.0","DTL_TEMPORAL_PARAMETRIC_V1","DTL_TEMPORAL_ACTUAL_DIE_V1","DTL_TEMPORAL_POPULATION_V1"
"2026-02","February 2026",2,"DTL_SCRATCH_001","DTL_SCRATCH_001_D001","die_001",1,"SCRATCH","COND_HOT_HIGHV",85,1.1,"HIGH_VDD","T_ON_R","ON_RESISTANCE",29.16094258153868,"ohm","UPPER",25,"NOT_DEFINED",18,50,"NOT_UNIFORM","18.0,20.0,22.0,25.0,28.0,30.0,35.0,40.0,50.0","SYNTHETIC_ASSUMED","F",3.587961643929785,"TESTER_A",20260115,"temporal_parametric_v1.0.0","DTL_TEMPORAL_PARAMETRIC_V1","DTL_TEMPORAL_ACTUAL_DIE_V1","DTL_TEMPORAL_POPULATION_V1"
"2026-02","February 2026",2,"DTL_SCRATCH_001","DTL_SCRATCH_001_D001","die_001",1,"SCRATCH","COND_HOT_HIGHV",85,1.1,"HIGH_VDD","T_VMIN","VMIN",1.0639288904531203,"V","UPPER",0.85,"NOT_DEFINED",0.75,1,"NOT_UNIFORM","0.75,0.78,0.8,0.82,0.85,0.88,0.9,0.92,0.95,1.0","SYNTHETIC_ASSUMED","F",3.587961643929785,"TESTER_A",20260115,"temporal_parametric_v1.0.0","DTL_TEMPORAL_PARAMETRIC_V1","DTL_TEMPORAL_ACTUAL_DIE_V1","DTL_TEMPORAL_POPULATION_V1"
"2026-02","February 2026",2,"DTL_SCRATCH_001","DTL_SCRATCH_001_D001","die_001",1,"SCRATCH","COND_HOT_HIGHV",85,1.1,"HIGH_VDD","T_VMAX","VMAX",1.0522929361888145,"V","LOWER",1.15,"NOT_DEFINED",1.05,1.25,"NOT_UNIFORM","1.05,1.08,1.1,1.12,1.15,1.18,1.2,1.22,1.25","SYNTHETIC_ASSUMED","F",3.587961643929785,"TESTER_A",20260115,"temporal_parametric_v1.0.0","DTL_TEMPORAL_PARAMETRIC_V1","DTL_TEMPORAL_ACTUAL_DIE_V1","DTL_TEMPORAL_POPULATION_V1"
"2026-02","February 2026",2,"DTL_SCRATCH_001","DTL_SCRATCH_001_D001","die_001",1,"SCRATCH","COND_HOT_HIGHV",85,1.1,"HIGH_VDD","T_IDDQ","IDDQ",76.96739488457291,"uA","UPPER",50,"NOT_DEFINED",30,100,"NOT_UNIFORM","30.0,35.0,40.0,45.0,50.0,55.0,60.0,70.0,80.0,100.0","SYNTHETIC_ASSUMED","F",3.587961643929785,"TESTER_A",20260115,"temporal_parametric_v1.0.0","DTL_TEMPORAL_PARAMETRIC_V1","DTL_TEMPORAL_ACTUAL_DIE_V1","DTL_TEMPORAL_POPULATION_V1"
"2026-02","February 2026",2,"DTL_SCRATCH_001","DTL_SCRATCH_001_D001","die_001",1,"SCRATCH","COND_HOT_HIGHV",85,1.1,"HIGH_VDD","T_SUPPLY_CURRENT","SUPPLY_CURRENT",132.77671681000805,"mA","UPPER",120,"NOT_DEFINED",90,200,"NOT_UNIFORM","90.0,100.0,110.0,120.0,130.0,140.0,150.0,170.0,200.0","SYNTHETIC_ASSUMED","F",3.587961643929785,"TESTER_A",20260115,"temporal_parametric_v1.0.0","DTL_TEMPORAL_PARAMETRIC_V1","DTL_TEMPORAL_ACTUAL_DIE_V1","DTL_TEMPORAL_POPULATION_V1"
"2026-02","February 2026",2,"DTL_SCRATCH_001","DTL_SCRATCH_001_D002","die_002",2,"SCRATCH","COND_RT_NOM",25,1,"NOMINAL","T_CONTACT_R","CONTACT_RESISTANCE",6.649669231311032,"ohm","UPPER",5,"NOT_DEFINED",3.5,10,"NOT_UNIFORM","3.5,4.0,4.5,5.0,5.5,6.0,7.0,8.0,10.0","SYNTHETIC_ASSUMED","F",3.724273697804064,"TESTER_A",20260115,"temporal_parametric_v1.0.0","DTL_TEMPORAL_PARAMETRIC_V1","DTL_TEMPORAL_ACTUAL_DIE_V1","DTL_TEMPORAL_POPULATION_V1"
"2026-02","February 2026",2,"DTL_SCRATCH_001","DTL_SCRATCH_001_D002","die_002",2,"SCRATCH","COND_RT_NOM",25,1,"NOMINAL","T_INTERCONNECT_R","INTERCONNECT_RESISTANCE",17.198241360518818,"ohm","UPPER",15,"NOT_DEFINED",11,25,"NOT_UNIFORM","11.0,12.0,13.0,14.0,15.0,16.0,18.0,20.0,25.0","SYNTHETIC_ASSUMED","F",3.724273697804064,"TESTER_A",20260115,"temporal_parametric_v1.0.0","DTL_TEMPORAL_PARAMETRIC_V1","DTL_TEMPORAL_ACTUAL_DIE_V1","DTL_TEMPORAL_POPULATION_V1"
"2026-02","February 2026",2,"DTL_SCRATCH_001","DTL_SCRATCH_001_D002","die_002",2,"SCRATCH","COND_RT_NOM",25,1,"NOMINAL","T_ON_R","ON_RESISTANCE",31.05495756506892,"ohm","UPPER",25,"NOT_DEFINED",18,50,"NOT_UNIFORM","18.0,20.0,22.0,25.0,28.0,30.0,35.0,40.0,50.0","SYNTHETIC_ASSUMED","F",3.724273697804064,"TESTER_A",20260115,"temporal_parametric_v1.0.0","DTL_TEMPORAL_PARAMETRIC_V1","DTL_TEMPORAL_ACTUAL_DIE_V1","DTL_TEMPORAL_POPULATION_V1"
"2026-02","February 2026",2,"DTL_SCRATCH_001","DTL_SCRATCH_001_D002","die_002",2,"SCRATCH","COND_RT_NOM",25,1,"NOMINAL","T_VMIN","VMIN",0.973896686005144,"V","UPPER",0.85,"NOT_DEFINED",0.75,1,"NOT_UNIFORM","0.75,0.78,0.8,0.82,0.85,0.88,0.9,0.92,0.95,1.0","SYNTHETIC_ASSUMED","F",3.724273697804064,"TESTER_A",20260115,"temporal_parametric_v1.0.0","DTL_TEMPORAL_PARAMETRIC_V1","DTL_TEMPORAL_ACTUAL_DIE_V1","DTL_TEMPORAL_POPULATION_V1"
"2026-02","February 2026",2,"DTL_SCRATCH_001","DTL_SCRATCH_001_D002","die_002",2,"SCRATCH","COND_RT_NOM",25,1,"NOMINAL","T_VMAX","VMAX",1.011283756377121,"V","LOWER",1.15,"NOT_DEFINED",1.05,1.25,"NOT_UNIFORM","1.05,1.08,1.1,1.12,1.15,1.18,1.2,1.22,1.25","SYNTHETIC_ASSUMED","F",3.724273697804064,"TESTER_A",20260115,"temporal_parametric_v1.0.0","DTL_TEMPORAL_PARAMETRIC_V1","DTL_TEMPORAL_ACTUAL_DIE_V1","DTL_TEMPORAL_POPULATION_V1"
"2026-02","February 2026",2,"DTL_SCRATCH_001","DTL_SCRATCH_001_D002","die_002",2,"SCRATCH","COND_RT_NOM",25,1,"NOMINAL","T_IDDQ","IDDQ",64.29480483434502,"uA","UPPER",50,"NOT_DEFINED",30,100,"NOT_UNIFORM","30.0,35.0,40.0,45.0,50.0,55.0,60.0,70.0,80.0,100.0","SYNTHETIC_ASSUMED","F",3.724273697804064,"TESTER_A",20260115,"temporal_parametric_v1.0.0","DTL_TEMPORAL_PARAMETRIC_V1","DTL_TEMPORAL_ACTUAL_DIE_V1","DTL_TEMPORAL_POPULATION_V1"
"2026-02","February 2026",2,"DTL_SCRATCH_001","DTL_SCRATCH_001_D002","die_002",2,"SCRATCH","COND_RT_NOM",25,1,"NOMINAL","T_SUPPLY_CURRENT","SUPPLY_CURRENT",139.05304532936466,"mA","UPPER",120,"NOT_DEFINED",90,200,"NOT_UNIFORM","90.0,100.0,110.0,120.0,130.0,140.0,150.0,170.0,200.0","SYNTHETIC_ASSUMED","F",3.724273697804064,"TESTER_A",20260115,"temporal_parametric_v1.0.0","DTL_TEMPORAL_PARAMETRIC_V1","DTL_TEMPORAL_ACTUAL_DIE_V1","DTL_TEMPORAL_POPULATION_V1"
"2026-02","February 2026",2,"DTL_SCRATCH_001","DTL_SCRATCH_001_D002","die_002",2,"SCRATCH","COND_HOT_NOM",85,1,"HOT","T_CONTACT_R","CONTACT_RESISTANCE",6.694411758824312,"ohm","UPPER",5,"NOT_DEFINED",3.5,10,"NOT_UNIFORM","3.5,4.0,4.5,5.0,5.5,6.0,7.0,8.0,10.0","SYNTHETIC_ASSUMED","F",3.724273697804064,"TESTER_A",20260115,"temporal_parametric_v1.0.0","DTL_TEMPORAL_PARAMETRIC_V1","DTL_TEMPORAL_ACTUAL_DIE_V1","DTL_TEMPORAL_POPULATION_V1"
"2026-02","February 2026",2,"DTL_SCRATCH_001","DTL_SCRATCH_001_D002","die_002",2,"SCRATCH","COND_HOT_NOM",85,1,"HOT","T_INTERCONNECT_R","INTERCONNECT_RESISTANCE",18.83260845099708,"ohm","UPPER",15,"NOT_DEFINED",11,25,"NOT_UNIFORM","11.0,12.0,13.0,14.0,15.0,16.0,18.0,20.0,25.0","SYNTHETIC_ASSUMED","F",3.724273697804064,"TESTER_A",20260115,"temporal_parametric_v1.0.0","DTL_TEMPORAL_PARAMETRIC_V1","DTL_TEMPORAL_ACTUAL_DIE_V1","DTL_TEMPORAL_POPULATION_V1"
"2026-02","February 2026",2,"DTL_SCRATCH_001","DTL_SCRATCH_001_D002","die_002",2,"SCRATCH","COND_HOT_NOM",85,1,"HOT","T_ON_R","ON_RESISTANCE",29.42048076429942,"ohm","UPPER",25,"NOT_DEFINED",18,50,"NOT_UNIFORM","18.0,20.0,22.0,25.0,28.0,30.0,35.0,40.0,50.0","SYNTHETIC_ASSUMED","F",3.724273697804064,"TESTER_A",20260115,"temporal_parametric_v1.0.0","DTL_TEMPORAL_PARAMETRIC_V1","DTL_TEMPORAL_ACTUAL_DIE_V1","DTL_TEMPORAL_POPULATION_V1"
"2026-02","February 2026",2,"DTL_SCRATCH_001","DTL_SCRATCH_001_D002","die_002",2,"SCRATCH","COND_HOT_NOM",85,1,"HOT","T_VMIN","VMIN",0.992777443817959,"V","UPPER",0.85,"NOT_DEFINED",0.75,1,"NOT_UNIFORM","0.75,0.78,0.8,0.82,0.85,0.88,0.9,0.92,0.95,1.0","SYNTHETIC_ASSUMED","F",3.724273697804064,"TESTER_A",20260115,"temporal_parametric_v1.0.0","DTL_TEMPORAL_PARAMETRIC_V1","DTL_TEMPORAL_ACTUAL_DIE_V1","DTL_TEMPORAL_POPULATION_V1"
"2026-02","February 2026",2,"DTL_SCRATCH_001","DTL_SCRATCH_001_D002","die_002",2,"SCRATCH","COND_HOT_NOM",85,1,"HOT","T_VMAX","VMAX",1.0442221237389655,"V","LOWER",1.15,"NOT_DEFINED",1.05,1.25,"NOT_UNIFORM","1.05,1.08,1.1,1.12,1.15,1.18,1.2,1.22,1.25","SYNTHETIC_ASSUMED","F",3.724273697804064,"TESTER_A",20260115,"temporal_parametric_v1.0.0","DTL_TEMPORAL_PARAMETRIC_V1","DTL_TEMPORAL_ACTUAL_DIE_V1","DTL_TEMPORAL_POPULATION_V1"
"2026-02","February 2026",2,"DTL_SCRATCH_001","DTL_SCRATCH_001_D002","die_002",2,"SCRATCH","COND_HOT_NOM",85,1,"HOT","T_IDDQ","IDDQ",86.49085289930487,"uA","UPPER",50,"NOT_DEFINED",30,100,"NOT_UNIFORM","30.0,35.0,40.0,45.0,50.0,55.0,60.0,70.0,80.0,100.0","SYNTHETIC_ASSUMED","F",3.724273697804064,"TESTER_A",20260115,"temporal_parametric_v1.0.0","DTL_TEMPORAL_PARAMETRIC_V1","DTL_TEMPORAL_ACTUAL_DIE_V1","DTL_TEMPORAL_POPULATION_V1"
"2026-02","February 2026",2,"DTL_SCRATCH_001","DTL_SCRATCH_001_D002","die_002",2,"SCRATCH","COND_HOT_NOM",85,1,"HOT","T_SUPPLY_CURRENT","SUPPLY_CURRENT",146.156439468065,"mA","UPPER",120,"NOT_DEFINED",90,200,"NOT_UNIFORM","90.0,100.0,110.0,120.0,130.0,140.0,150.0,170.0,200.0","SYNTHETIC_ASSUMED","F",3.724273697804064,"TESTER_A",20260115,"temporal_parametric_v1.0.0","DTL_TEMPORAL_PARAMETRIC_V1","DTL_TEMPORAL_ACTUAL_DIE_V1","DTL_TEMPORAL_POPULATION_V1"
"2026-02","February 2026",2,"DTL_SCRATCH_001","DTL_SCRATCH_001_D002","die_002",2,"SCRATCH","COND_RT_LOWV",25,0.9,"LOW_VDD","T_CONTACT_R","CONTACT_RESISTANCE",6.36055777403636,"ohm","UPPER",5,"NOT_DEFINED",3.5,10,"NOT_UNIFORM","3.5,4.0,4.5,5.0,5.5,6.0,7.0,8.0,10.0","SYNTHETIC_ASSUMED","F",3.724273697804064,"TESTER_A",20260115,"temporal_parametric_v1.0.0","DTL_TEMPORAL_PARAMETRIC_V1","DTL_TEMPORAL_ACTUAL_DIE_V1","DTL_TEMPORAL_POPULATION_V1"
"2026-02","February 2026",2,"DTL_SCRATCH_001","DTL_SCRATCH_001_D002","die_002",2,"SCRATCH","COND_RT_LOWV",25,0.9,"LOW_VDD","T_INTERCONNECT_R","INTERCONNECT_RESISTANCE",16.40170145715873,"ohm","UPPER",15,"NOT_DEFINED",11,25,"NOT_UNIFORM","11.0,12.0,13.0,14.0,15.0,16.0,18.0,20.0,25.0","SYNTHETIC_ASSUMED","F",3.724273697804064,"TESTER_A",20260115,"temporal_parametric_v1.0.0","DTL_TEMPORAL_PARAMETRIC_V1","DTL_TEMPORAL_ACTUAL_DIE_V1","DTL_TEMPORAL_POPULATION_V1"
"2026-02","February 2026",2,"DTL_SCRATCH_001","DTL_SCRATCH_001_D002","die_002",2,"SCRATCH","COND_RT_LOWV",25,0.9,"LOW_VDD","T_ON_R","ON_RESISTANCE",28.68229361344822,"ohm","UPPER",25,"NOT_DEFINED",18,50,"NOT_UNIFORM","18.0,20.0,22.0,25.0,28.0,30.0,35.0,40.0,50.0","SYNTHETIC_ASSUMED","F",3.724273697804064,"TESTER_A",20260115,"temporal_parametric_v1.0.0","DTL_TEMPORAL_PARAMETRIC_V1","DTL_TEMPORAL_ACTUAL_DIE_V1","DTL_TEMPORAL_POPULATION_V1"
"2026-02","February 2026",2,"DTL_SCRATCH_001","DTL_SCRATCH_001_D002","die_002",2,"SCRATCH","COND_RT_LOWV",25,0.9,"LOW_VDD","T_VMIN","VMIN",0.9618200131459512,"V","UPPER",0.85,"NOT_DEFINED",0.75,1,"NOT_UNIFORM","0.75,0.78,0.8,0.82,0.85,0.88,0.9,0.92,0.95,1.0","SYNTHETIC_ASSUMED","F",3.724273697804064,"TESTER_A",20260115,"temporal_parametric_v1.0.0","DTL_TEMPORAL_PARAMETRIC_V1","DTL_TEMPORAL_ACTUAL_DIE_V1","DTL_TEMPORAL_POPULATION_V1"
"2026-02","February 2026",2,"DTL_SCRATCH_001","DTL_SCRATCH_001_D002","die_002",2,"SCRATCH","COND_RT_LOWV",25,0.9,"LOW_VDD","T_VMAX","VMAX",1.028175963324956,"V","LOWER",1.15,"NOT_DEFINED",1.05,1.25,"NOT_UNIFORM","1.05,1.08,1.1,1.12,1.15,1.18,1.2,1.22,1.25","SYNTHETIC_ASSUMED","F",3.724273697804064,"TESTER_A",20260115,"temporal_parametric_v1.0.0","DTL_TEMPORAL_PARAMETRIC_V1","DTL_TEMPORAL_ACTUAL_DIE_V1","DTL_TEMPORAL_POPULATION_V1"
"2026-02","February 2026",2,"DTL_SCRATCH_001","DTL_SCRATCH_001_D002","die_002",2,"SCRATCH","COND_RT_LOWV",25,0.9,"LOW_VDD","T_IDDQ","IDDQ",68.86513895309191,"uA","UPPER",50,"NOT_DEFINED",30,100,"NOT_UNIFORM","30.0,35.0,40.0,45.0,50.0,55.0,60.0,70.0,80.0,100.0","SYNTHETIC_ASSUMED","F",3.724273697804064,"TESTER_A",20260115,"temporal_parametric_v1.0.0","DTL_TEMPORAL_PARAMETRIC_V1","DTL_TEMPORAL_ACTUAL_DIE_V1","DTL_TEMPORAL_POPULATION_V1"
"2026-02","February 2026",2,"DTL_SCRATCH_001","DTL_SCRATCH_001_D002","die_002",2,"SCRATCH","COND_RT_LOWV",25,0.9,"LOW_VDD","T_SUPPLY_CURRENT","SUPPLY_CURRENT",142.69687379092332,"mA","UPPER",120,"NOT_DEFINED",90,200,"NOT_UNIFORM","90.0,100.0,110.0,120.0,130.0,140.0,150.0,170.0,200.0","SYNTHETIC_ASSUMED","F",3.724273697804064,"TESTER_A",20260115,"temporal_parametric_v1.0.0","DTL_TEMPORAL_PARAMETRIC_V1","DTL_TEMPORAL_ACTUAL_DIE_V1","DTL_TEMPORAL_POPULATION_V1"
"2026-02","February 2026",2,"DTL_SCRATCH_001","DTL_SCRATCH_001_D002","die_002",2,"SCRATCH","COND_HOT_HIGHV",85,1.1,"HIGH_VDD","T_CONTACT_R","CONTACT_RESISTANCE",6.843827140894353,"ohm","UPPER",5,"NOT_DEFINED",3.5,10,"NOT_UNIFORM","3.5,4.0,4.5,5.0,5.5,6.0,7.0,8.0,10.0","SYNTHETIC_ASSUMED","F",3.724273697804064,"TESTER_A",20260115,"temporal_parametric_v1.0.0","DTL_TEMPORAL_PARAMETRIC_V1","DTL_TEMPORAL_ACTUAL_DIE_V1","DTL_TEMPORAL_POPULATION_V1"
"2026-02","February 2026",2,"DTL_SCRATCH_001","DTL_SCRATCH_001_D002","die_002",2,"SCRATCH","COND_HOT_HIGHV",85,1.1,"HIGH_VDD","T_INTERCONNECT_R","INTERCONNECT_RESISTANCE",19.20236880614216,"ohm","UPPER",15,"NOT_DEFINED",11,25,"NOT_UNIFORM","11.0,12.0,13.0,14.0,15.0,16.0,18.0,20.0,25.0","SYNTHETIC_ASSUMED","F",3.724273697804064,"TESTER_A",20260115,"temporal_parametric_v1.0.0","DTL_TEMPORAL_PARAMETRIC_V1","DTL_TEMPORAL_ACTUAL_DIE_V1","DTL_TEMPORAL_POPULATION_V1"
"2026-02","February 2026",2,"DTL_SCRATCH_001","DTL_SCRATCH_001_D002","die_002",2,"SCRATCH","COND_HOT_HIGHV",85,1.1,"HIGH_VDD","T_ON_R","ON_RESISTANCE",30.25469431708119,"ohm","UPPER",25,"NOT_DEFINED",18,50,"NOT_UNIFORM","18.0,20.0,22.0,25.0,28.0,30.0,35.0,40.0,50.0","SYNTHETIC_ASSUMED","F",3.724273697804064,"TESTER_A",20260115,"temporal_parametric_v1.0.0","DTL_TEMPORAL_PARAMETRIC_V1","DTL_TEMPORAL_ACTUAL_DIE_V1","DTL_TEMPORAL_POPULATION_V1"
"2026-02","February 2026",2,"DTL_SCRATCH_001","DTL_SCRATCH_001_D002","die_002",2,"SCRATCH","COND_HOT_HIGHV",85,1.1,"HIGH_VDD","T_VMIN","VMIN",0.9542827136351404,"V","UPPER",0.85,"NOT_DEFINED",0.75,1,"NOT_UNIFORM","0.75,0.78,0.8,0.82,0.85,0.88,0.9,0.92,0.95,1.0","SYNTHETIC_ASSUMED","F",3.724273697804064,"TESTER_A",20260115,"temporal_parametric_v1.0.0","DTL_TEMPORAL_PARAMETRIC_V1","DTL_TEMPORAL_ACTUAL_DIE_V1","DTL_TEMPORAL_POPULATION_V1"
"2026-02","February 2026",2,"DTL_SCRATCH_001","DTL_SCRATCH_001_D002","die_002",2,"SCRATCH","COND_HOT_HIGHV",85,1.1,"HIGH_VDD","T_VMAX","VMAX",1.0725878250278442,"V","LOWER",1.15,"NOT_DEFINED",1.05,1.25,"NOT_UNIFORM","1.05,1.08,1.1,1.12,1.15,1.18,1.2,1.22,1.25","SYNTHETIC_ASSUMED","F",3.724273697804064,"TESTER_A",20260115,"temporal_parametric_v1.0.0","DTL_TEMPORAL_PARAMETRIC_V1","DTL_TEMPORAL_ACTUAL_DIE_V1","DTL_TEMPORAL_POPULATION_V1"
"2026-02","February 2026",2,"DTL_SCRATCH_001","DTL_SCRATCH_001_D002","die_002",2,"SCRATCH","COND_HOT_HIGHV",85,1.1,"HIGH_VDD","T_IDDQ","IDDQ",85.84265889019444,"uA","UPPER",50,"NOT_DEFINED",30,100,"NOT_UNIFORM","30.0,35.0,40.0,45.0,50.0,55.0,60.0,70.0,80.0,100.0","SYNTHETIC_ASSUMED","F",3.724273697804064,"TESTER_A",20260115,"temporal_parametric_v1.0.0","DTL_TEMPORAL_PARAMETRIC_V1","DTL_TEMPORAL_ACTUAL_DIE_V1","DTL_TEMPORAL_POPULATION_V1"
"2026-02","February 2026",2,"DTL_SCRATCH_001","DTL_SCRATCH_001_D002","die_002",2,"SCRATCH","COND_HOT_HIGHV",85,1.1,"HIGH_VDD","T_SUPPLY_CURRENT","SUPPLY_CURRENT",136.19088424449907,"mA","UPPER",120,"NOT_DEFINED",90,200,"NOT_UNIFORM","90.0,100.0,110.0,120.0,130.0,140.0,150.0,170.0,200.0","SYNTHETIC_ASSUMED","F",3.724273697804064,"TESTER_A",20260115,"temporal_parametric_v1.0.0","DTL_TEMPORAL_PARAMETRIC_V1","DTL_TEMPORAL_ACTUAL_DIE_V1","DTL_TEMPORAL_POPULATION_V1"
"2026-02","February 2026",2,"DTL_SCRATCH_001","DTL_SCRATCH_001_D003","die_003",3,"SCRATCH","COND_RT_NOM",25,1,"NOMINAL","T_CONTACT_R","CONTACT_RESISTANCE",7.128562706467681,"ohm","UPPER",5,"NOT_DEFINED",3.5,10,"NOT_UNIFORM","3.5,4.0,4.5,5.0,5.5,6.0,7.0,8.0,10.0","SYNTHETIC_ASSUMED","F",3.98354029060873,"TESTER_A",20260115,"temporal_parametric_v1.0.0","DTL_TEMPORAL_PARAMETRIC_V1","DTL_TEMPORAL_ACTUAL_DIE_V1","DTL_TEMPORAL_POPULATION_V1"
"2026-02","February 2026",2,"DTL_SCRATCH_001","DTL_SCRATCH_001_D003","die_003",3,"SCRATCH","COND_RT_NOM",25,1,"NOMINAL","T_INTERCONNECT_R","INTERCONNECT_RESISTANCE",19.755850255792183,"ohm","UPPER",15,"NOT_DEFINED",11,25,"NOT_UNIFORM","11.0,12.0,13.0,14.0,15.0,16.0,18.0,20.0,25.0","SYNTHETIC_ASSUMED","F",3.98354029060873,"TESTER_A",20260115,"temporal_parametric_v1.0.0","DTL_TEMPORAL_PARAMETRIC_V1","DTL_TEMPORAL_ACTUAL_DIE_V1","DTL_TEMPORAL_POPULATION_V1"
"2026-02","February 2026",2,"DTL_SCRATCH_001","DTL_SCRATCH_001_D003","die_003",3,"SCRATCH","COND_RT_NOM",25,1,"NOMINAL","T_ON_R","ON_RESISTANCE",27.31367030283649,"ohm","UPPER",25,"NOT_DEFINED",18,50,"NOT_UNIFORM","18.0,20.0,22.0,25.0,28.0,30.0,35.0,40.0,50.0","SYNTHETIC_ASSUMED","F",3.98354029060873,"TESTER_A",20260115,"temporal_parametric_v1.0.0","DTL_TEMPORAL_PARAMETRIC_V1","DTL_TEMPORAL_ACTUAL_DIE_V1","DTL_TEMPORAL_POPULATION_V1"
"2026-02","February 2026",2,"DTL_SCRATCH_001","DTL_SCRATCH_001_D003","die_003",3,"SCRATCH","COND_RT_NOM",25,1,"NOMINAL","T_VMIN","VMIN",0.968525245051168,"V","UPPER",0.85,"NOT_DEFINED",0.75,1,"NOT_UNIFORM","0.75,0.78,0.8,0.82,0.85,0.88,0.9,0.92,0.95,1.0","SYNTHETIC_ASSUMED","F",3.98354029060873,"TESTER_A",20260115,"temporal_parametric_v1.0.0","DTL_TEMPORAL_PARAMETRIC_V1","DTL_TEMPORAL_ACTUAL_DIE_V1","DTL_TEMPORAL_POPULATION_V1"
"2026-02","February 2026",2,"DTL_SCRATCH_001","DTL_SCRATCH_001_D003","die_003",3,"SCRATCH","COND_RT_NOM",25,1,"NOMINAL","T_VMAX","VMAX",1.0651043490357572,"V","LOWER",1.15,"NOT_DEFINED",1.05,1.25,"NOT_UNIFORM","1.05,1.08,1.1,1.12,1.15,1.18,1.2,1.22,1.25","SYNTHETIC_ASSUMED","F",3.98354029060873,"TESTER_A",20260115,"temporal_parametric_v1.0.0","DTL_TEMPORAL_PARAMETRIC_V1","DTL_TEMPORAL_ACTUAL_DIE_V1","DTL_TEMPORAL_POPULATION_V1"
"2026-02","February 2026",2,"DTL_SCRATCH_001","DTL_SCRATCH_001_D003","die_003",3,"SCRATCH","COND_RT_NOM",25,1,"NOMINAL","T_IDDQ","IDDQ",56.96155249391419,"uA","UPPER",50,"NOT_DEFINED",30,100,"NOT_UNIFORM","30.0,35.0,40.0,45.0,50.0,55.0,60.0,70.0,80.0,100.0","SYNTHETIC_ASSUMED","F",3.98354029060873,"TESTER_A",20260115,"temporal_parametric_v1.0.0","DTL_TEMPORAL_PARAMETRIC_V1","DTL_TEMPORAL_ACTUAL_DIE_V1","DTL_TEMPORAL_POPULATION_V1"
"2026-02","February 2026",2,"DTL_SCRATCH_001","DTL_SCRATCH_001_D003","die_003",3,"SCRATCH","COND_RT_NOM",25,1,"NOMINAL","T_SUPPLY_CURRENT","SUPPLY_CURRENT",150.61261430055734,"mA","UPPER",120,"NOT_DEFINED",90,200,"NOT_UNIFORM","90.0,100.0,110.0,120.0,130.0,140.0,150.0,170.0,200.0","SYNTHETIC_ASSUMED","F",3.98354029060873,"TESTER_A",20260115,"temporal_parametric_v1.0.0","DTL_TEMPORAL_PARAMETRIC_V1","DTL_TEMPORAL_ACTUAL_DIE_V1","DTL_TEMPORAL_POPULATION_V1"
"2026-02","February 2026",2,"DTL_SCRATCH_001","DTL_SCRATCH_001_D003","die_003",3,"SCRATCH","COND_HOT_NOM",85,1,"HOT","T_CONTACT_R","CONTACT_RESISTANCE",6.519443887995216,"ohm","UPPER",5,"NOT_DEFINED",3.5,10,"NOT_UNIFORM","3.5,4.0,4.5,5.0,5.5,6.0,7.0,8.0,10.0","SYNTHETIC_ASSUMED","F",3.98354029060873,"TESTER_A",20260115,"temporal_parametric_v1.0.0","DTL_TEMPORAL_PARAMETRIC_V1","DTL_TEMPORAL_ACTUAL_DIE_V1","DTL_TEMPORAL_POPULATION_V1"
"2026-02","February 2026",2,"DTL_SCRATCH_001","DTL_SCRATCH_001_D003","die_003",3,"SCRATCH","COND_HOT_NOM",85,1,"HOT","T_INTERCONNECT_R","INTERCONNECT_RESISTANCE",20.122679192756426,"ohm","UPPER",15,"NOT_DEFINED",11,25,"NOT_UNIFORM","11.0,12.0,13.0,14.0,15.0,16.0,18.0,20.0,25.0","SYNTHETIC_ASSUMED","F",3.98354029060873,"TESTER_A",20260115,"temporal_parametric_v1.0.0","DTL_TEMPORAL_PARAMETRIC_V1","DTL_TEMPORAL_ACTUAL_DIE_V1","DTL_TEMPORAL_POPULATION_V1"
"2026-02","February 2026",2,"DTL_SCRATCH_001","DTL_SCRATCH_001_D003","die_003",3,"SCRATCH","COND_HOT_NOM",85,1,"HOT","T_ON_R","ON_RESISTANCE",27.63150409405789,"ohm","UPPER",25,"NOT_DEFINED",18,50,"NOT_UNIFORM","18.0,20.0,22.0,25.0,28.0,30.0,35.0,40.0,50.0","SYNTHETIC_ASSUMED","F",3.98354029060873,"TESTER_A",20260115,"temporal_parametric_v1.0.0","DTL_TEMPORAL_PARAMETRIC_V1","DTL_TEMPORAL_ACTUAL_DIE_V1","DTL_TEMPORAL_POPULATION_V1"
"2026-02","February 2026",2,"DTL_SCRATCH_001","DTL_SCRATCH_001_D003","die_003",3,"SCRATCH","COND_HOT_NOM",85,1,"HOT","T_VMIN","VMIN",0.971121713775286,"V","UPPER",0.85,"NOT_DEFINED",0.75,1,"NOT_UNIFORM","0.75,0.78,0.8,0.82,0.85,0.88,0.9,0.92,0.95,1.0","SYNTHETIC_ASSUMED","F",3.98354029060873,"TESTER_A",20260115,"temporal_parametric_v1.0.0","DTL_TEMPORAL_PARAMETRIC_V1","DTL_TEMPORAL_ACTUAL_DIE_V1","DTL_TEMPORAL_POPULATION_V1"
"2026-02","February 2026",2,"DTL_SCRATCH_001","DTL_SCRATCH_001_D003","die_003",3,"SCRATCH","COND_HOT_NOM",85,1,"HOT","T_VMAX","VMAX",1.080216883475643,"V","LOWER",1.15,"NOT_DEFINED",1.05,1.25,"NOT_UNIFORM","1.05,1.08,1.1,1.12,1.15,1.18,1.2,1.22,1.25","SYNTHETIC_ASSUMED","F",3.98354029060873,"TESTER_A",20260115,"temporal_parametric_v1.0.0","DTL_TEMPORAL_PARAMETRIC_V1","DTL_TEMPORAL_ACTUAL_DIE_V1","DTL_TEMPORAL_POPULATION_V1"
"2026-02","February 2026",2,"DTL_SCRATCH_001","DTL_SCRATCH_001_D003","die_003",3,"SCRATCH","COND_HOT_NOM",85,1,"HOT","T_IDDQ","IDDQ",88.81103682214301,"uA","UPPER",50,"NOT_DEFINED",30,100,"NOT_UNIFORM","30.0,35.0,40.0,45.0,50.0,55.0,60.0,70.0,80.0,100.0","SYNTHETIC_ASSUMED","F",3.98354029060873,"TESTER_A",20260115,"temporal_parametric_v1.0.0","DTL_TEMPORAL_PARAMETRIC_V1","DTL_TEMPORAL_ACTUAL_DIE_V1","DTL_TEMPORAL_POPULATION_V1"
"2026-02","February 2026",2,"DTL_SCRATCH_001","DTL_SCRATCH_001_D003","die_003",3,"SCRATCH","COND_HOT_NOM",85,1,"HOT","T_SUPPLY_CURRENT","SUPPLY_CURRENT",120.1729255910505,"mA","UPPER",120,"NOT_DEFINED",90,200,"NOT_UNIFORM","90.0,100.0,110.0,120.0,130.0,140.0,150.0,170.0,200.0","SYNTHETIC_ASSUMED","F",3.98354029060873,"TESTER_A",20260115,"temporal_parametric_v1.0.0","DTL_TEMPORAL_PARAMETRIC_V1","DTL_TEMPORAL_ACTUAL_DIE_V1","DTL_TEMPORAL_POPULATION_V1"
"2026-02","February 2026",2,"DTL_SCRATCH_001","DTL_SCRATCH_001_D003","die_003",3,"SCRATCH","COND_RT_LOWV",25,0.9,"LOW_VDD","T_CONTACT_R","CONTACT_RESISTANCE",6.481070405661626,"ohm","UPPER",5,"NOT_DEFINED",3.5,10,"NOT_UNIFORM","3.5,4.0,4.5,5.0,5.5,6.0,7.0,8.0,10.0","SYNTHETIC_ASSUMED","F",3.98354029060873,"TESTER_A",20260115,"temporal_parametric_v1.0.0","DTL_TEMPORAL_PARAMETRIC_V1","DTL_TEMPORAL_ACTUAL_DIE_V1","DTL_TEMPORAL_POPULATION_V1"
"2026-02","February 2026",2,"DTL_SCRATCH_001","DTL_SCRATCH_001_D003","die_003",3,"SCRATCH","COND_RT_LOWV",25,0.9,"LOW_VDD","T_INTERCONNECT_R","INTERCONNECT_RESISTANCE",17.28432787893865,"ohm","UPPER",15,"NOT_DEFINED",11,25,"NOT_UNIFORM","11.0,12.0,13.0,14.0,15.0,16.0,18.0,20.0,25.0","SYNTHETIC_ASSUMED","F",3.98354029060873,"TESTER_A",20260115,"temporal_parametric_v1.0.0","DTL_TEMPORAL_PARAMETRIC_V1","DTL_TEMPORAL_ACTUAL_DIE_V1","DTL_TEMPORAL_POPULATION_V1"
"2026-02","February 2026",2,"DTL_SCRATCH_001","DTL_SCRATCH_001_D003","die_003",3,"SCRATCH","COND_RT_LOWV",25,0.9,"LOW_VDD","T_ON_R","ON_RESISTANCE",32.221292395841,"ohm","UPPER",25,"NOT_DEFINED",18,50,"NOT_UNIFORM","18.0,20.0,22.0,25.0,28.0,30.0,35.0,40.0,50.0","SYNTHETIC_ASSUMED","F",3.98354029060873,"TESTER_A",20260115,"temporal_parametric_v1.0.0","DTL_TEMPORAL_PARAMETRIC_V1","DTL_TEMPORAL_ACTUAL_DIE_V1","DTL_TEMPORAL_POPULATION_V1"
"2026-02","February 2026",2,"DTL_SCRATCH_001","DTL_SCRATCH_001_D003","die_003",3,"SCRATCH","COND_RT_LOWV",25,0.9,"LOW_VDD","T_VMIN","VMIN",1.005925928677873,"V","UPPER",0.85,"NOT_DEFINED",0.75,1,"NOT_UNIFORM","0.75,0.78,0.8,0.82,0.85,0.88,0.9,0.92,0.95,1.0","SYNTHETIC_ASSUMED","F",3.98354029060873,"TESTER_A",20260115,"temporal_parametric_v1.0.0","DTL_TEMPORAL_PARAMETRIC_V1","DTL_TEMPORAL_ACTUAL_DIE_V1","DTL_TEMPORAL_POPULATION_V1"
"2026-02","February 2026",2,"DTL_SCRATCH_001","DTL_SCRATCH_001_D003","die_003",3,"SCRATCH","COND_RT_LOWV",25,0.9,"LOW_VDD","T_VMAX","VMAX",1.0709580567601793,"V","LOWER",1.15,"NOT_DEFINED",1.05,1.25,"NOT_UNIFORM","1.05,1.08,1.1,1.12,1.15,1.18,1.2,1.22,1.25","SYNTHETIC_ASSUMED","F",3.98354029060873,"TESTER_A",20260115,"temporal_parametric_v1.0.0","DTL_TEMPORAL_PARAMETRIC_V1","DTL_TEMPORAL_ACTUAL_DIE_V1","DTL_TEMPORAL_POPULATION_V1"
"2026-02","February 2026",2,"DTL_SCRATCH_001","DTL_SCRATCH_001_D003","die_003",3,"SCRATCH","COND_RT_LOWV",25,0.9,"LOW_VDD","T_IDDQ","IDDQ",60.07074122959554,"uA","UPPER",50,"NOT_DEFINED",30,100,"NOT_UNIFORM","30.0,35.0,40.0,45.0,50.0,55.0,60.0,70.0,80.0,100.0","SYNTHETIC_ASSUMED","F",3.98354029060873,"TESTER_A",20260115,"temporal_parametric_v1.0.0","DTL_TEMPORAL_PARAMETRIC_V1","DTL_TEMPORAL_ACTUAL_DIE_V1","DTL_TEMPORAL_POPULATION_V1"
"2026-02","February 2026",2,"DTL_SCRATCH_001","DTL_SCRATCH_001_D003","die_003",3,"SCRATCH","COND_RT_LOWV",25,0.9,"LOW_VDD","T_SUPPLY_CURRENT","SUPPLY_CURRENT",136.80382017979056,"mA","UPPER",120,"NOT_DEFINED",90,200,"NOT_UNIFORM","90.0,100.0,110.0,120.0,130.0,140.0,150.0,170.0,200.0","SYNTHETIC_ASSUMED","F",3.98354029060873,"TESTER_A",20260115,"temporal_parametric_v1.0.0","DTL_TEMPORAL_PARAMETRIC_V1","DTL_TEMPORAL_ACTUAL_DIE_V1","DTL_TEMPORAL_POPULATION_V1"
"2026-02","February 2026",2,"DTL_SCRATCH_001","DTL_SCRATCH_001_D003","die_003",3,"SCRATCH","COND_HOT_HIGHV",85,1.1,"HIGH_VDD","T_CONTACT_R","CONTACT_RESISTANCE",6.412616909711196,"ohm","UPPER",5,"NOT_DEFINED",3.5,10,"NOT_UNIFORM","3.5,4.0,4.5,5.0,5.5,6.0,7.0,8.0,10.0","SYNTHETIC_ASSUMED","F",3.98354029060873,"TESTER_A",20260115,"temporal_parametric_v1.0.0","DTL_TEMPORAL_PARAMETRIC_V1","DTL_TEMPORAL_ACTUAL_DIE_V1","DTL_TEMPORAL_POPULATION_V1"
"2026-02","February 2026",2,"DTL_SCRATCH_001","DTL_SCRATCH_001_D003","die_003",3,"SCRATCH","COND_HOT_HIGHV",85,1.1,"HIGH_VDD","T_INTERCONNECT_R","INTERCONNECT_RESISTANCE",16.980164534715307,"ohm","UPPER",15,"NOT_DEFINED",11,25,"NOT_UNIFORM","11.0,12.0,13.0,14.0,15.0,16.0,18.0,20.0,25.0","SYNTHETIC_ASSUMED","F",3.98354029060873,"TESTER_A",20260115,"temporal_parametric_v1.0.0","DTL_TEMPORAL_PARAMETRIC_V1","DTL_TEMPORAL_ACTUAL_DIE_V1","DTL_TEMPORAL_POPULATION_V1"
"2026-02","February 2026",2,"DTL_SCRATCH_001","DTL_SCRATCH_001_D003","die_003",3,"SCRATCH","COND_HOT_HIGHV",85,1.1,"HIGH_VDD","T_ON_R","ON_RESISTANCE",30.124705190064248,"ohm","UPPER",25,"NOT_DEFINED",18,50,"NOT_UNIFORM","18.0,20.0,22.0,25.0,28.0,30.0,35.0,40.0,50.0","SYNTHETIC_ASSUMED","F",3.98354029060873,"TESTER_A",20260115,"temporal_parametric_v1.0.0","DTL_TEMPORAL_PARAMETRIC_V1","DTL_TEMPORAL_ACTUAL_DIE_V1","DTL_TEMPORAL_POPULATION_V1"
"2026-02","February 2026",2,"DTL_SCRATCH_001","DTL_SCRATCH_001_D003","die_003",3,"SCRATCH","COND_HOT_HIGHV",85,1.1,"HIGH_VDD","T_VMIN","VMIN",0.9397905398973008,"V","UPPER",0.85,"NOT_DEFINED",0.75,1,"NOT_UNIFORM","0.75,0.78,0.8,0.82,0.85,0.88,0.9,0.92,0.95,1.0","SYNTHETIC_ASSUMED","F",3.98354029060873,"TESTER_A",20260115,"temporal_parametric_v1.0.0","DTL_TEMPORAL_PARAMETRIC_V1","DTL_TEMPORAL_ACTUAL_DIE_V1","DTL_TEMPORAL_POPULATION_V1"
"2026-02","February 2026",2,"DTL_SCRATCH_001","DTL_SCRATCH_001_D003","die_003",3,"SCRATCH","COND_HOT_HIGHV",85,1.1,"HIGH_VDD","T_VMAX","VMAX",1.0922143946570195,"V","LOWER",1.15,"NOT_DEFINED",1.05,1.25,"NOT_UNIFORM","1.05,1.08,1.1,1.12,1.15,1.18,1.2,1.22,1.25","SYNTHETIC_ASSUMED","F",3.98354029060873,"TESTER_A",20260115,"temporal_parametric_v1.0.0","DTL_TEMPORAL_PARAMETRIC_V1","DTL_TEMPORAL_ACTUAL_DIE_V1","DTL_TEMPORAL_POPULATION_V1"
"2026-02","February 2026",2,"DTL_SCRATCH_001","DTL_SCRATCH_001_D003","die_003",3,"SCRATCH","COND_HOT_HIGHV",85,1.1,"HIGH_VDD","T_IDDQ","IDDQ",78.31371370012282,"uA","UPPER",50,"NOT_DEFINED",30,100,"NOT_UNIFORM","30.0,35.0,40.0,45.0,50.0,55.0,60.0,70.0,80.0,100.0","SYNTHETIC_ASSUMED","F",3.98354029060873,"TESTER_A",20260115,"temporal_parametric_v1.0.0","DTL_TEMPORAL_PARAMETRIC_V1","DTL_TEMPORAL_ACTUAL_DIE_V1","DTL_TEMPORAL_POPULATION_V1"
"2026-02","February 2026",2,"DTL_SCRATCH_001","DTL_SCRATCH_001_D003","die_003",3,"SCRATCH","COND_HOT_HIGHV",85,1.1,"HIGH_VDD","T_SUPPLY_CURRENT","SUPPLY_CURRENT",140.0381482359369,"mA","UPPER",120,"NOT_DEFINED",90,200,"NOT_UNIFORM","90.0,100.0,110.0,120.0,130.0,140.0,150.0,170.0,200.0","SYNTHETIC_ASSUMED","F",3.98354029060873,"TESTER_A",20260115,"temporal_parametric_v1.0.0","DTL_TEMPORAL_PARAMETRIC_V1","DTL_TEMPORAL_ACTUAL_DIE_V1","DTL_TEMPORAL_POPULATION_V1"
"2026-02","February 2026",2,"DTL_SCRATCH_002","DTL_SCRATCH_002_D001","die_001",1,"SCRATCH","COND_RT_NOM",25,1,"NOMINAL","T_CONTACT_R","CONTACT_RESISTANCE",5.375435331856066,"ohm","UPPER",5,"NOT_DEFINED",3.5,10,"NOT_UNIFORM","3.5,4.0,4.5,5.0,5.5,6.0,7.0,8.0,10.0","SYNTHETIC_ASSUMED","F",3.887366365900722,"TESTER_A",20260115,"temporal_parametric_v1.0.0","DTL_TEMPORAL_PARAMETRIC_V1","DTL_TEMPORAL_ACTUAL_DIE_V1","DTL_TEMPORAL_POPULATION_V1"
"2026-02","February 2026",2,"DTL_SCRATCH_002","DTL_SCRATCH_002_D001","die_001",1,"SCRATCH","COND_RT_NOM",25,1,"NOMINAL","T_INTERCONNECT_R","INTERCONNECT_RESISTANCE",17.690981943066213,"ohm","UPPER",15,"NOT_DEFINED",11,25,"NOT_UNIFORM","11.0,12.0,13.0,14.0,15.0,16.0,18.0,20.0,25.0","SYNTHETIC_ASSUMED","F",3.887366365900722,"TESTER_A",20260115,"temporal_parametric_v1.0.0","DTL_TEMPORAL_PARAMETRIC_V1","DTL_TEMPORAL_ACTUAL_DIE_V1","DTL_TEMPORAL_POPULATION_V1"
"2026-02","February 2026",2,"DTL_SCRATCH_002","DTL_SCRATCH_002_D001","die_001",1,"SCRATCH","COND_RT_NOM",25,1,"NOMINAL","T_ON_R","ON_RESISTANCE",32.270907289533625,"ohm","UPPER",25,"NOT_DEFINED",18,50,"NOT_UNIFORM","18.0,20.0,22.0,25.0,28.0,30.0,35.0,40.0,50.0","SYNTHETIC_ASSUMED","F",3.887366365900722,"TESTER_A",20260115,"temporal_parametric_v1.0.0","DTL_TEMPORAL_PARAMETRIC_V1","DTL_TEMPORAL_ACTUAL_DIE_V1","DTL_TEMPORAL_POPULATION_V1"
"2026-02","February 2026",2,"DTL_SCRATCH_002","DTL_SCRATCH_002_D001","die_001",1,"SCRATCH","COND_RT_NOM",25,1,"NOMINAL","T_VMIN","VMIN",0.9513366472655922,"V","UPPER",0.85,"NOT_DEFINED",0.75,1,"NOT_UNIFORM","0.75,0.78,0.8,0.82,0.85,0.88,0.9,0.92,0.95,1.0","SYNTHETIC_ASSUMED","F",3.887366365900722,"TESTER_A",20260115,"temporal_parametric_v1.0.0","DTL_TEMPORAL_PARAMETRIC_V1","DTL_TEMPORAL_ACTUAL_DIE_V1","DTL_TEMPORAL_POPULATION_V1"
"2026-02","February 2026",2,"DTL_SCRATCH_002","DTL_SCRATCH_002_D001","die_001",1,"SCRATCH","COND_RT_NOM",25,1,"NOMINAL","T_VMAX","VMAX",1.1032849823522113,"V","LOWER",1.15,"NOT_DEFINED",1.05,1.25,"NOT_UNIFORM","1.05,1.08,1.1,1.12,1.15,1.18,1.2,1.22,1.25","SYNTHETIC_ASSUMED","F",3.887366365900722,"TESTER_A",20260115,"temporal_parametric_v1.0.0","DTL_TEMPORAL_PARAMETRIC_V1","DTL_TEMPORAL_ACTUAL_DIE_V1","DTL_TEMPORAL_POPULATION_V1"
"2026-02","February 2026",2,"DTL_SCRATCH_002","DTL_SCRATCH_002_D001","die_001",1,"SCRATCH","COND_RT_NOM",25,1,"NOMINAL","T_IDDQ","IDDQ",58.36944419464146,"uA","UPPER",50,"NOT_DEFINED",30,100,"NOT_UNIFORM","30.0,35.0,40.0,45.0,50.0,55.0,60.0,70.0,80.0,100.0","SYNTHETIC_ASSUMED","F",3.887366365900722,"TESTER_A",20260115,"temporal_parametric_v1.0.0","DTL_TEMPORAL_PARAMETRIC_V1","DTL_TEMPORAL_ACTUAL_DIE_V1","DTL_TEMPORAL_POPULATION_V1"
"2026-02","February 2026",2,"DTL_SCRATCH_002","DTL_SCRATCH_002_D001","die_001",1,"SCRATCH","COND_RT_NOM",25,1,"NOMINAL","T_SUPPLY_CURRENT","SUPPLY_CURRENT",120.9711957596689,"mA","UPPER",120,"NOT_DEFINED",90,200,"NOT_UNIFORM","90.0,100.0,110.0,120.0,130.0,140.0,150.0,170.0,200.0","SYNTHETIC_ASSUMED","F",3.887366365900722,"TESTER_A",20260115,"temporal_parametric_v1.0.0","DTL_TEMPORAL_PARAMETRIC_V1","DTL_TEMPORAL_ACTUAL_DIE_V1","DTL_TEMPORAL_POPULATION_V1"
"2026-02","February 2026",2,"DTL_SCRATCH_002","DTL_SCRATCH_002_D001","die_001",1,"SCRATCH","COND_HOT_NOM",85,1,"HOT","T_CONTACT_R","CONTACT_RESISTANCE",6.583130956027284,"ohm","UPPER",5,"NOT_DEFINED",3.5,10,"NOT_UNIFORM","3.5,4.0,4.5,5.0,5.5,6.0,7.0,8.0,10.0","SYNTHETIC_ASSUMED","F",3.887366365900722,"TESTER_A",20260115,"temporal_parametric_v1.0.0","DTL_TEMPORAL_PARAMETRIC_V1","DTL_TEMPORAL_ACTUAL_DIE_V1","DTL_TEMPORAL_POPULATION_V1"
"2026-02","February 2026",2,"DTL_SCRATCH_002","DTL_SCRATCH_002_D001","die_001",1,"SCRATCH","COND_HOT_NOM",85,1,"HOT","T_INTERCONNECT_R","INTERCONNECT_RESISTANCE",18.648609167268365,"ohm","UPPER",15,"NOT_DEFINED",11,25,"NOT_UNIFORM","11.0,12.0,13.0,14.0,15.0,16.0,18.0,20.0,25.0","SYNTHETIC_ASSUMED","F",3.887366365900722,"TESTER_A",20260115,"temporal_parametric_v1.0.0","DTL_TEMPORAL_PARAMETRIC_V1","DTL_TEMPORAL_ACTUAL_DIE_V1","DTL_TEMPORAL_POPULATION_V1"
"2026-02","February 2026",2,"DTL_SCRATCH_002","DTL_SCRATCH_002_D001","die_001",1,"SCRATCH","COND_HOT_NOM",85,1,"HOT","T_ON_R","ON_RESISTANCE",31.188599924446777,"ohm","UPPER",25,"NOT_DEFINED",18,50,"NOT_UNIFORM","18.0,20.0,22.0,25.0,28.0,30.0,35.0,40.0,50.0","SYNTHETIC_ASSUMED","F",3.887366365900722,"TESTER_A",20260115,"temporal_parametric_v1.0.0","DTL_TEMPORAL_PARAMETRIC_V1","DTL_TEMPORAL_ACTUAL_DIE_V1","DTL_TEMPORAL_POPULATION_V1"
"2026-02","February 2026",2,"DTL_SCRATCH_002","DTL_SCRATCH_002_D001","die_001",1,"SCRATCH","COND_HOT_NOM",85,1,"HOT","T_VMIN","VMIN",0.9985413844779888,"V","UPPER",0.85,"NOT_DEFINED",0.75,1,"NOT_UNIFORM","0.75,0.78,0.8,0.82,0.85,0.88,0.9,0.92,0.95,1.0","SYNTHETIC_ASSUMED","F",3.887366365900722,"TESTER_A",20260115,"temporal_parametric_v1.0.0","DTL_TEMPORAL_PARAMETRIC_V1","DTL_TEMPORAL_ACTUAL_DIE_V1","DTL_TEMPORAL_POPULATION_V1"
"2026-02","February 2026",2,"DTL_SCRATCH_002","DTL_SCRATCH_002_D001","die_001",1,"SCRATCH","COND_HOT_NOM",85,1,"HOT","T_VMAX","VMAX",0.9922439000797832,"V","LOWER",1.15,"NOT_DEFINED",1.05,1.25,"NOT_UNIFORM","1.05,1.08,1.1,1.12,1.15,1.18,1.2,1.22,1.25","SYNTHETIC_ASSUMED","F",3.887366365900722,"TESTER_A",20260115,"temporal_parametric_v1.0.0","DTL_TEMPORAL_PARAMETRIC_V1","DTL_TEMPORAL_ACTUAL_DIE_V1","DTL_TEMPORAL_POPULATION_V1"
"2026-02","February 2026",2,"DTL_SCRATCH_002","DTL_SCRATCH_002_D001","die_001",1,"SCRATCH","COND_HOT_NOM",85,1,"HOT","T_IDDQ","IDDQ",85.93022993209382,"uA","UPPER",50,"NOT_DEFINED",30,100,"NOT_UNIFORM","30.0,35.0,40.0,45.0,50.0,55.0,60.0,70.0,80.0,100.0","SYNTHETIC_ASSUMED","F",3.887366365900722,"TESTER_A",20260115,"temporal_parametric_v1.0.0","DTL_TEMPORAL_PARAMETRIC_V1","DTL_TEMPORAL_ACTUAL_DIE_V1","DTL_TEMPORAL_POPULATION_V1"
"2026-02","February 2026",2,"DTL_SCRATCH_002","DTL_SCRATCH_002_D001","die_001",1,"SCRATCH","COND_HOT_NOM",85,1,"HOT","T_SUPPLY_CURRENT","SUPPLY_CURRENT",132.70038725083734,"mA","UPPER",120,"NOT_DEFINED",90,200,"NOT_UNIFORM","90.0,100.0,110.0,120.0,130.0,140.0,150.0,170.0,200.0","SYNTHETIC_ASSUMED","F",3.887366365900722,"TESTER_A",20260115,"temporal_parametric_v1.0.0","DTL_TEMPORAL_PARAMETRIC_V1","DTL_TEMPORAL_ACTUAL_DIE_V1","DTL_TEMPORAL_POPULATION_V1"
"2026-02","February 2026",2,"DTL_SCRATCH_002","DTL_SCRATCH_002_D001","die_001",1,"SCRATCH","COND_RT_LOWV",25,0.9,"LOW_VDD","T_CONTACT_R","CONTACT_RESISTANCE",7.492425122888544,"ohm","UPPER",5,"NOT_DEFINED",3.5,10,"NOT_UNIFORM","3.5,4.0,4.5,5.0,5.5,6.0,7.0,8.0,10.0","SYNTHETIC_ASSUMED","F",3.887366365900722,"TESTER_A",20260115,"temporal_parametric_v1.0.0","DTL_TEMPORAL_PARAMETRIC_V1","DTL_TEMPORAL_ACTUAL_DIE_V1","DTL_TEMPORAL_POPULATION_V1"
"2026-02","February 2026",2,"DTL_SCRATCH_002","DTL_SCRATCH_002_D001","die_001",1,"SCRATCH","COND_RT_LOWV",25,0.9,"LOW_VDD","T_INTERCONNECT_R","INTERCONNECT_RESISTANCE",18.48893882043031,"ohm","UPPER",15,"NOT_DEFINED",11,25,"NOT_UNIFORM","11.0,12.0,13.0,14.0,15.0,16.0,18.0,20.0,25.0","SYNTHETIC_ASSUMED","F",3.887366365900722,"TESTER_A",20260115,"temporal_parametric_v1.0.0","DTL_TEMPORAL_PARAMETRIC_V1","DTL_TEMPORAL_ACTUAL_DIE_V1","DTL_TEMPORAL_POPULATION_V1"
"2026-02","February 2026",2,"DTL_SCRATCH_002","DTL_SCRATCH_002_D001","die_001",1,"SCRATCH","COND_RT_LOWV",25,0.9,"LOW_VDD","T_ON_R","ON_RESISTANCE",29.65577841587621,"ohm","UPPER",25,"NOT_DEFINED",18,50,"NOT_UNIFORM","18.0,20.0,22.0,25.0,28.0,30.0,35.0,40.0,50.0","SYNTHETIC_ASSUMED","F",3.887366365900722,"TESTER_A",20260115,"temporal_parametric_v1.0.0","DTL_TEMPORAL_PARAMETRIC_V1","DTL_TEMPORAL_ACTUAL_DIE_V1","DTL_TEMPORAL_POPULATION_V1"
"2026-02","February 2026",2,"DTL_SCRATCH_002","DTL_SCRATCH_002_D001","die_001",1,"SCRATCH","COND_RT_LOWV",25,0.9,"LOW_VDD","T_VMIN","VMIN",1.0074600238776912,"V","UPPER",0.85,"NOT_DEFINED",0.75,1,"NOT_UNIFORM","0.75,0.78,0.8,0.82,0.85,0.88,0.9,0.92,0.95,1.0","SYNTHETIC_ASSUMED","F",3.887366365900722,"TESTER_A",20260115,"temporal_parametric_v1.0.0","DTL_TEMPORAL_PARAMETRIC_V1","DTL_TEMPORAL_ACTUAL_DIE_V1","DTL_TEMPORAL_POPULATION_V1"
"2026-02","February 2026",2,"DTL_SCRATCH_002","DTL_SCRATCH_002_D001","die_001",1,"SCRATCH","COND_RT_LOWV",25,0.9,"LOW_VDD","T_VMAX","VMAX",1.1378921071559909,"V","LOWER",1.15,"NOT_DEFINED",1.05,1.25,"NOT_UNIFORM","1.05,1.08,1.1,1.12,1.15,1.18,1.2,1.22,1.25","SYNTHETIC_ASSUMED","F",3.887366365900722,"TESTER_A",20260115,"temporal_parametric_v1.0.0","DTL_TEMPORAL_PARAMETRIC_V1","DTL_TEMPORAL_ACTUAL_DIE_V1","DTL_TEMPORAL_POPULATION_V1"
"2026-02","February 2026",2,"DTL_SCRATCH_002","DTL_SCRATCH_002_D001","die_001",1,"SCRATCH","COND_RT_LOWV",25,0.9,"LOW_VDD","T_IDDQ","IDDQ",71.23659960201283,"uA","UPPER",50,"NOT_DEFINED",30,100,"NOT_UNIFORM","30.0,35.0,40.0,45.0,50.0,55.0,60.0,70.0,80.0,100.0","SYNTHETIC_ASSUMED","F",3.887366365900722,"TESTER_A",20260115,"temporal_parametric_v1.0.0","DTL_TEMPORAL_PARAMETRIC_V1","DTL_TEMPORAL_ACTUAL_DIE_V1","DTL_TEMPORAL_POPULATION_V1"
"2026-02","February 2026",2,"DTL_SCRATCH_002","DTL_SCRATCH_002_D001","die_001",1,"SCRATCH","COND_RT_LOWV",25,0.9,"LOW_VDD","T_SUPPLY_CURRENT","SUPPLY_CURRENT",126.12723421918557,"mA","UPPER",120,"NOT_DEFINED",90,200,"NOT_UNIFORM","90.0,100.0,110.0,120.0,130.0,140.0,150.0,170.0,200.0","SYNTHETIC_ASSUMED","F",3.887366365900722,"TESTER_A",20260115,"temporal_parametric_v1.0.0","DTL_TEMPORAL_PARAMETRIC_V1","DTL_TEMPORAL_ACTUAL_DIE_V1","DTL_TEMPORAL_POPULATION_V1"
"2026-02","February 2026",2,"DTL_SCRATCH_002","DTL_SCRATCH_002_D001","die_001",1,"SCRATCH","COND_HOT_HIGHV",85,1.1,"HIGH_VDD","T_CONTACT_R","CONTACT_RESISTANCE",6.405939880980021,"ohm","UPPER",5,"NOT_DEFINED",3.5,10,"NOT_UNIFORM","3.5,4.0,4.5,5.0,5.5,6.0,7.0,8.0,10.0","SYNTHETIC_ASSUMED","F",3.887366365900722,"TESTER_A",20260115,"temporal_parametric_v1.0.0","DTL_TEMPORAL_PARAMETRIC_V1","DTL_TEMPORAL_ACTUAL_DIE_V1","DTL_TEMPORAL_POPULATION_V1"
"2026-02","February 2026",2,"DTL_SCRATCH_002","DTL_SCRATCH_002_D001","die_001",1,"SCRATCH","COND_HOT_HIGHV",85,1.1,"HIGH_VDD","T_INTERCONNECT_R","INTERCONNECT_RESISTANCE",19.36678065121064,"ohm","UPPER",15,"NOT_DEFINED",11,25,"NOT_UNIFORM","11.0,12.0,13.0,14.0,15.0,16.0,18.0,20.0,25.0","SYNTHETIC_ASSUMED","F",3.887366365900722,"TESTER_A",20260115,"temporal_parametric_v1.0.0","DTL_TEMPORAL_PARAMETRIC_V1","DTL_TEMPORAL_ACTUAL_DIE_V1","DTL_TEMPORAL_POPULATION_V1"
"2026-02","February 2026",2,"DTL_SCRATCH_002","DTL_SCRATCH_002_D001","die_001",1,"SCRATCH","COND_HOT_HIGHV",85,1.1,"HIGH_VDD","T_ON_R","ON_RESISTANCE",31.675493339553963,"ohm","UPPER",25,"NOT_DEFINED",18,50,"NOT_UNIFORM","18.0,20.0,22.0,25.0,28.0,30.0,35.0,40.0,50.0","SYNTHETIC_ASSUMED","F",3.887366365900722,"TESTER_A",20260115,"temporal_parametric_v1.0.0","DTL_TEMPORAL_PARAMETRIC_V1","DTL_TEMPORAL_ACTUAL_DIE_V1","DTL_TEMPORAL_POPULATION_V1"
"2026-02","February 2026",2,"DTL_SCRATCH_002","DTL_SCRATCH_002_D001","die_001",1,"SCRATCH","COND_HOT_HIGHV",85,1.1,"HIGH_VDD","T_VMIN","VMIN",0.9454216082538448,"V","UPPER",0.85,"NOT_DEFINED",0.75,1,"NOT_UNIFORM","0.75,0.78,0.8,0.82,0.85,0.88,0.9,0.92,0.95,1.0","SYNTHETIC_ASSUMED","F",3.887366365900722,"TESTER_A",20260115,"temporal_parametric_v1.0.0","DTL_TEMPORAL_PARAMETRIC_V1","DTL_TEMPORAL_ACTUAL_DIE_V1","DTL_TEMPORAL_POPULATION_V1"
"2026-02","February 2026",2,"DTL_SCRATCH_002","DTL_SCRATCH_002_D001","die_001",1,"SCRATCH","COND_HOT_HIGHV",85,1.1,"HIGH_VDD","T_VMAX","VMAX",1.10638558741472,"V","LOWER",1.15,"NOT_DEFINED",1.05,1.25,"NOT_UNIFORM","1.05,1.08,1.1,1.12,1.15,1.18,1.2,1.22,1.25","SYNTHETIC_ASSUMED","F",3.887366365900722,"TESTER_A",20260115,"temporal_parametric_v1.0.0","DTL_TEMPORAL_PARAMETRIC_V1","DTL_TEMPORAL_ACTUAL_DIE_V1","DTL_TEMPORAL_POPULATION_V1"
"2026-02","February 2026",2,"DTL_SCRATCH_002","DTL_SCRATCH_002_D001","die_001",1,"SCRATCH","COND_HOT_HIGHV",85,1.1,"HIGH_VDD","T_IDDQ","IDDQ",80.55396204272344,"uA","UPPER",50,"NOT_DEFINED",30,100,"NOT_UNIFORM","30.0,35.0,40.0,45.0,50.0,55.0,60.0,70.0,80.0,100.0","SYNTHETIC_ASSUMED","F",3.887366365900722,"TESTER_A",20260115,"temporal_parametric_v1.0.0","DTL_TEMPORAL_PARAMETRIC_V1","DTL_TEMPORAL_ACTUAL_DIE_V1","DTL_TEMPORAL_POPULATION_V1"
"2026-02","February 2026",2,"DTL_SCRATCH_002","DTL_SCRATCH_002_D001","die_001",1,"SCRATCH","COND_HOT_HIGHV",85,1.1,"HIGH_VDD","T_SUPPLY_CURRENT","SUPPLY_CURRENT",137.3775263482339,"mA","UPPER",120,"NOT_DEFINED",90,200,"NOT_UNIFORM","90.0,100.0,110.0,120.0,130.0,140.0,150.0,170.0,200.0","SYNTHETIC_ASSUMED","F",3.887366365900722,"TESTER_A",20260115,"temporal_parametric_v1.0.0","DTL_TEMPORAL_PARAMETRIC_V1","DTL_TEMPORAL_ACTUAL_DIE_V1","DTL_TEMPORAL_POPULATION_V1"
"2026-02","February 2026",2,"DTL_SCRATCH_002","DTL_SCRATCH_002_D002","die_002",2,"SCRATCH","COND_RT_NOM",25,1,"NOMINAL","T_CONTACT_R","CONTACT_RESISTANCE",6.390396086298271,"ohm","UPPER",5,"NOT_DEFINED",3.5,10,"NOT_UNIFORM","3.5,4.0,4.5,5.0,5.5,6.0,7.0,8.0,10.0","SYNTHETIC_ASSUMED","F",3.5653134981123227,"TESTER_A",20260115,"temporal_parametric_v1.0.0","DTL_TEMPORAL_PARAMETRIC_V1","DTL_TEMPORAL_ACTUAL_DIE_V1","DTL_TEMPORAL_POPULATION_V1"
"2026-02","February 2026",2,"DTL_SCRATCH_002","DTL_SCRATCH_002_D002","die_002",2,"SCRATCH","COND_RT_NOM",25,1,"NOMINAL","T_INTERCONNECT_R","INTERCONNECT_RESISTANCE",17.62528704013661,"ohm","UPPER",15,"NOT_DEFINED",11,25,"NOT_UNIFORM","11.0,12.0,13.0,14.0,15.0,16.0,18.0,20.0,25.0","SYNTHETIC_ASSUMED","F",3.5653134981123227,"TESTER_A",20260115,"temporal_parametric_v1.0.0","DTL_TEMPORAL_PARAMETRIC_V1","DTL_TEMPORAL_ACTUAL_DIE_V1","DTL_TEMPORAL_POPULATION_V1"
"2026-02","February 2026",2,"DTL_SCRATCH_002","DTL_SCRATCH_002_D002","die_002",2,"SCRATCH","COND_RT_NOM",25,1,"NOMINAL","T_ON_R","ON_RESISTANCE",24.1291951668844,"ohm","UPPER",25,"NOT_DEFINED",18,50,"NOT_UNIFORM","18.0,20.0,22.0,25.0,28.0,30.0,35.0,40.0,50.0","SYNTHETIC_ASSUMED","P",3.5653134981123227,"TESTER_A",20260115,"temporal_parametric_v1.0.0","DTL_TEMPORAL_PARAMETRIC_V1","DTL_TEMPORAL_ACTUAL_DIE_V1","DTL_TEMPORAL_POPULATION_V1"
"2026-02","February 2026",2,"DTL_SCRATCH_002","DTL_SCRATCH_002_D002","die_002",2,"SCRATCH","COND_RT_NOM",25,1,"NOMINAL","T_VMIN","VMIN",1.0267841724146047,"V","UPPER",0.85,"NOT_DEFINED",0.75,1,"NOT_UNIFORM","0.75,0.78,0.8,0.82,0.85,0.88,0.9,0.92,0.95,1.0","SYNTHETIC_ASSUMED","F",3.5653134981123227,"TESTER_A",20260115,"temporal_parametric_v1.0.0","DTL_TEMPORAL_PARAMETRIC_V1","DTL_TEMPORAL_ACTUAL_DIE_V1","DTL_TEMPORAL_POPULATION_V1"
"2026-02","February 2026",2,"DTL_SCRATCH_002","DTL_SCRATCH_002_D002","die_002",2,"SCRATCH","COND_RT_NOM",25,1,"NOMINAL","T_VMAX","VMAX",1.0597076536937595,"V","LOWER",1.15,"NOT_DEFINED",1.05,1.25,"NOT_UNIFORM","1.05,1.08,1.1,1.12,1.15,1.18,1.2,1.22,1.25","SYNTHETIC_ASSUMED","F",3.5653134981123227,"TESTER_A",20260115,"temporal_parametric_v1.0.0","DTL_TEMPORAL_PARAMETRIC_V1","DTL_TEMPORAL_ACTUAL_DIE_V1","DTL_TEMPORAL_POPULATION_V1"
"2026-02","February 2026",2,"DTL_SCRATCH_002","DTL_SCRATCH_002_D002","die_002",2,"SCRATCH","COND_RT_NOM",25,1,"NOMINAL","T_IDDQ","IDDQ",84.84358667120401,"uA","UPPER",50,"NOT_DEFINED",30,100,"NOT_UNIFORM","30.0,35.0,40.0,45.0,50.0,55.0,60.0,70.0,80.0,100.0","SYNTHETIC_ASSUMED","F",3.5653134981123227,"TESTER_A",20260115,"temporal_parametric_v1.0.0","DTL_TEMPORAL_PARAMETRIC_V1","DTL_TEMPORAL_ACTUAL_DIE_V1","DTL_TEMPORAL_POPULATION_V1"
"2026-02","February 2026",2,"DTL_SCRATCH_002","DTL_SCRATCH_002_D002","die_002",2,"SCRATCH","COND_RT_NOM",25,1,"NOMINAL","T_SUPPLY_CURRENT","SUPPLY_CURRENT",123.38684762501131,"mA","UPPER",120,"NOT_DEFINED",90,200,"NOT_UNIFORM","90.0,100.0,110.0,120.0,130.0,140.0,150.0,170.0,200.0","SYNTHETIC_ASSUMED","F",3.5653134981123227,"TESTER_A",20260115,"temporal_parametric_v1.0.0","DTL_TEMPORAL_PARAMETRIC_V1","DTL_TEMPORAL_ACTUAL_DIE_V1","DTL_TEMPORAL_POPULATION_V1"
"2026-02","February 2026",2,"DTL_SCRATCH_002","DTL_SCRATCH_002_D002","die_002",2,"SCRATCH","COND_HOT_NOM",85,1,"HOT","T_CONTACT_R","CONTACT_RESISTANCE",6.791179998710219,"ohm","UPPER",5,"NOT_DEFINED",3.5,10,"NOT_UNIFORM","3.5,4.0,4.5,5.0,5.5,6.0,7.0,8.0,10.0","SYNTHETIC_ASSUMED","F",3.5653134981123227,"TESTER_A",20260115,"temporal_parametric_v1.0.0","DTL_TEMPORAL_PARAMETRIC_V1","DTL_TEMPORAL_ACTUAL_DIE_V1","DTL_TEMPORAL_POPULATION_V1"
"2026-02","February 2026",2,"DTL_SCRATCH_002","DTL_SCRATCH_002_D002","die_002",2,"SCRATCH","COND_HOT_NOM",85,1,"HOT","T_INTERCONNECT_R","INTERCONNECT_RESISTANCE",19.171376764135896,"ohm","UPPER",15,"NOT_DEFINED",11,25,"NOT_UNIFORM","11.0,12.0,13.0,14.0,15.0,16.0,18.0,20.0,25.0","SYNTHETIC_ASSUMED","F",3.5653134981123227,"TESTER_A",20260115,"temporal_parametric_v1.0.0","DTL_TEMPORAL_PARAMETRIC_V1","DTL_TEMPORAL_ACTUAL_DIE_V1","DTL_TEMPORAL_POPULATION_V1"
"2026-02","February 2026",2,"DTL_SCRATCH_002","DTL_SCRATCH_002_D002","die_002",2,"SCRATCH","COND_HOT_NOM",85,1,"HOT","T_ON_R","ON_RESISTANCE",30.689622424073896,"ohm","UPPER",25,"NOT_DEFINED",18,50,"NOT_UNIFORM","18.0,20.0,22.0,25.0,28.0,30.0,35.0,40.0,50.0","SYNTHETIC_ASSUMED","F",3.5653134981123227,"TESTER_A",20260115,"temporal_parametric_v1.0.0","DTL_TEMPORAL_PARAMETRIC_V1","DTL_TEMPORAL_ACTUAL_DIE_V1","DTL_TEMPORAL_POPULATION_V1"
"2026-02","February 2026",2,"DTL_SCRATCH_002","DTL_SCRATCH_002_D002","die_002",2,"SCRATCH","COND_HOT_NOM",85,1,"HOT","T_VMIN","VMIN",1.0242306745720815,"V","UPPER",0.85,"NOT_DEFINED",0.75,1,"NOT_UNIFORM","0.75,0.78,0.8,0.82,0.85,0.88,0.9,0.92,0.95,1.0","SYNTHETIC_ASSUMED","F",3.5653134981123227,"TESTER_A",20260115,"temporal_parametric_v1.0.0","DTL_TEMPORAL_PARAMETRIC_V1","DTL_TEMPORAL_ACTUAL_DIE_V1","DTL_TEMPORAL_POPULATION_V1"
"2026-02","February 2026",2,"DTL_SCRATCH_002","DTL_SCRATCH_002_D002","die_002",2,"SCRATCH","COND_HOT_NOM",85,1,"HOT","T_VMAX","VMAX",1.0225429162374289,"V","LOWER",1.15,"NOT_DEFINED",1.05,1.25,"NOT_UNIFORM","1.05,1.08,1.1,1.12,1.15,1.18,1.2,1.22,1.25","SYNTHETIC_ASSUMED","F",3.5653134981123227,"TESTER_A",20260115,"temporal_parametric_v1.0.0","DTL_TEMPORAL_PARAMETRIC_V1","DTL_TEMPORAL_ACTUAL_DIE_V1","DTL_TEMPORAL_POPULATION_V1"
"2026-02","February 2026",2,"DTL_SCRATCH_002","DTL_SCRATCH_002_D002","die_002",2,"SCRATCH","COND_HOT_NOM",85,1,"HOT","T_IDDQ","IDDQ",73.85329914960924,"uA","UPPER",50,"NOT_DEFINED",30,100,"NOT_UNIFORM","30.0,35.0,40.0,45.0,50.0,55.0,60.0,70.0,80.0,100.0","SYNTHETIC_ASSUMED","F",3.5653134981123227,"TESTER_A",20260115,"temporal_parametric_v1.0.0","DTL_TEMPORAL_PARAMETRIC_V1","DTL_TEMPORAL_ACTUAL_DIE_V1","DTL_TEMPORAL_POPULATION_V1"
"2026-02","February 2026",2,"DTL_SCRATCH_002","DTL_SCRATCH_002_D002","die_002",2,"SCRATCH","COND_HOT_NOM",85,1,"HOT","T_SUPPLY_CURRENT","SUPPLY_CURRENT",147.30644851926343,"mA","UPPER",120,"NOT_DEFINED",90,200,"NOT_UNIFORM","90.0,100.0,110.0,120.0,130.0,140.0,150.0,170.0,200.0","SYNTHETIC_ASSUMED","F",3.5653134981123227,"TESTER_A",20260115,"temporal_parametric_v1.0.0","DTL_TEMPORAL_PARAMETRIC_V1","DTL_TEMPORAL_ACTUAL_DIE_V1","DTL_TEMPORAL_POPULATION_V1"
"2026-02","February 2026",2,"DTL_SCRATCH_002","DTL_SCRATCH_002_D002","die_002",2,"SCRATCH","COND_RT_LOWV",25,0.9,"LOW_VDD","T_CONTACT_R","CONTACT_RESISTANCE",6.798789219213315,"ohm","UPPER",5,"NOT_DEFINED",3.5,10,"NOT_UNIFORM","3.5,4.0,4.5,5.0,5.5,6.0,7.0,8.0,10.0","SYNTHETIC_ASSUMED","F",3.5653134981123227,"TESTER_A",20260115,"temporal_parametric_v1.0.0","DTL_TEMPORAL_PARAMETRIC_V1","DTL_TEMPORAL_ACTUAL_DIE_V1","DTL_TEMPORAL_POPULATION_V1"
"2026-02","February 2026",2,"DTL_SCRATCH_002","DTL_SCRATCH_002_D002","die_002",2,"SCRATCH","COND_RT_LOWV",25,0.9,"LOW_VDD","T_INTERCONNECT_R","INTERCONNECT_RESISTANCE",19.62311632317986,"ohm","UPPER",15,"NOT_DEFINED",11,25,"NOT_UNIFORM","11.0,12.0,13.0,14.0,15.0,16.0,18.0,20.0,25.0","SYNTHETIC_ASSUMED","F",3.5653134981123227,"TESTER_A",20260115,"temporal_parametric_v1.0.0","DTL_TEMPORAL_PARAMETRIC_V1","DTL_TEMPORAL_ACTUAL_DIE_V1","DTL_TEMPORAL_POPULATION_V1"
"2026-02","February 2026",2,"DTL_SCRATCH_002","DTL_SCRATCH_002_D002","die_002",2,"SCRATCH","COND_RT_LOWV",25,0.9,"LOW_VDD","T_ON_R","ON_RESISTANCE",30.347971879932828,"ohm","UPPER",25,"NOT_DEFINED",18,50,"NOT_UNIFORM","18.0,20.0,22.0,25.0,28.0,30.0,35.0,40.0,50.0","SYNTHETIC_ASSUMED","F",3.5653134981123227,"TESTER_A",20260115,"temporal_parametric_v1.0.0","DTL_TEMPORAL_PARAMETRIC_V1","DTL_TEMPORAL_ACTUAL_DIE_V1","DTL_TEMPORAL_POPULATION_V1"
"2026-02","February 2026",2,"DTL_SCRATCH_002","DTL_SCRATCH_002_D002","die_002",2,"SCRATCH","COND_RT_LOWV",25,0.9,"LOW_VDD","T_VMIN","VMIN",0.9602023118007146,"V","UPPER",0.85,"NOT_DEFINED",0.75,1,"NOT_UNIFORM","0.75,0.78,0.8,0.82,0.85,0.88,0.9,0.92,0.95,1.0","SYNTHETIC_ASSUMED","F",3.5653134981123227,"TESTER_A",20260115,"temporal_parametric_v1.0.0","DTL_TEMPORAL_PARAMETRIC_V1","DTL_TEMPORAL_ACTUAL_DIE_V1","DTL_TEMPORAL_POPULATION_V1"
"2026-02","February 2026",2,"DTL_SCRATCH_002","DTL_SCRATCH_002_D002","die_002",2,"SCRATCH","COND_RT_LOWV",25,0.9,"LOW_VDD","T_VMAX","VMAX",1.0549008862579892,"V","LOWER",1.15,"NOT_DEFINED",1.05,1.25,"NOT_UNIFORM","1.05,1.08,1.1,1.12,1.15,1.18,1.2,1.22,1.25","SYNTHETIC_ASSUMED","F",3.5653134981123227,"TESTER_A",20260115,"temporal_parametric_v1.0.0","DTL_TEMPORAL_PARAMETRIC_V1","DTL_TEMPORAL_ACTUAL_DIE_V1","DTL_TEMPORAL_POPULATION_V1"
"2026-02","February 2026",2,"DTL_SCRATCH_002","DTL_SCRATCH_002_D002","die_002",2,"SCRATCH","COND_RT_LOWV",25,0.9,"LOW_VDD","T_IDDQ","IDDQ",77.77255772114222,"uA","UPPER",50,"NOT_DEFINED",30,100,"NOT_UNIFORM","30.0,35.0,40.0,45.0,50.0,55.0,60.0,70.0,80.0,100.0","SYNTHETIC_ASSUMED","F",3.5653134981123227,"TESTER_A",20260115,"temporal_parametric_v1.0.0","DTL_TEMPORAL_PARAMETRIC_V1","DTL_TEMPORAL_ACTUAL_DIE_V1","DTL_TEMPORAL_POPULATION_V1"
"2026-02","February 2026",2,"DTL_SCRATCH_002","DTL_SCRATCH_002_D002","die_002",2,"SCRATCH","COND_RT_LOWV",25,0.9,"LOW_VDD","T_SUPPLY_CURRENT","SUPPLY_CURRENT",123.7110496021422,"mA","UPPER",120,"NOT_DEFINED",90,200,"NOT_UNIFORM","90.0,100.0,110.0,120.0,130.0,140.0,150.0,170.0,200.0","SYNTHETIC_ASSUMED","F",3.5653134981123227,"TESTER_A",20260115,"temporal_parametric_v1.0.0","DTL_TEMPORAL_PARAMETRIC_V1","DTL_TEMPORAL_ACTUAL_DIE_V1","DTL_TEMPORAL_POPULATION_V1"
"2026-02","February 2026",2,"DTL_SCRATCH_002","DTL_SCRATCH_002_D002","die_002",2,"SCRATCH","COND_HOT_HIGHV",85,1.1,"HIGH_VDD","T_CONTACT_R","CONTACT_RESISTANCE",6.518470547314297,"ohm","UPPER",5,"NOT_DEFINED",3.5,10,"NOT_UNIFORM","3.5,4.0,4.5,5.0,5.5,6.0,7.0,8.0,10.0","SYNTHETIC_ASSUMED","F",3.5653134981123227,"TESTER_A",20260115,"temporal_parametric_v1.0.0","DTL_TEMPORAL_PARAMETRIC_V1","DTL_TEMPORAL_ACTUAL_DIE_V1","DTL_TEMPORAL_POPULATION_V1"
"2026-02","February 2026",2,"DTL_SCRATCH_002","DTL_SCRATCH_002_D002","die_002",2,"SCRATCH","COND_HOT_HIGHV",85,1.1,"HIGH_VDD","T_INTERCONNECT_R","INTERCONNECT_RESISTANCE",19.30137600305768,"ohm","UPPER",15,"NOT_DEFINED",11,25,"NOT_UNIFORM","11.0,12.0,13.0,14.0,15.0,16.0,18.0,20.0,25.0","SYNTHETIC_ASSUMED","F",3.5653134981123227,"TESTER_A",20260115,"temporal_parametric_v1.0.0","DTL_TEMPORAL_PARAMETRIC_V1","DTL_TEMPORAL_ACTUAL_DIE_V1","DTL_TEMPORAL_POPULATION_V1"
"2026-02","February 2026",2,"DTL_SCRATCH_002","DTL_SCRATCH_002_D002","die_002",2,"SCRATCH","COND_HOT_HIGHV",85,1.1,"HIGH_VDD","T_ON_R","ON_RESISTANCE",32.00561258408167,"ohm","UPPER",25,"NOT_DEFINED",18,50,"NOT_UNIFORM","18.0,20.0,22.0,25.0,28.0,30.0,35.0,40.0,50.0","SYNTHETIC_ASSUMED","F",3.5653134981123227,"TESTER_A",20260115,"temporal_parametric_v1.0.0","DTL_TEMPORAL_PARAMETRIC_V1","DTL_TEMPORAL_ACTUAL_DIE_V1","DTL_TEMPORAL_POPULATION_V1"
"2026-02","February 2026",2,"DTL_SCRATCH_002","DTL_SCRATCH_002_D002","die_002",2,"SCRATCH","COND_HOT_HIGHV",85,1.1,"HIGH_VDD","T_VMIN","VMIN",1.0482588544490234,"V","UPPER",0.85,"NOT_DEFINED",0.75,1,"NOT_UNIFORM","0.75,0.78,0.8,0.82,0.85,0.88,0.9,0.92,0.95,1.0","SYNTHETIC_ASSUMED","F",3.5653134981123227,"TESTER_A",20260115,"temporal_parametric_v1.0.0","DTL_TEMPORAL_PARAMETRIC_V1","DTL_TEMPORAL_ACTUAL_DIE_V1","DTL_TEMPORAL_POPULATION_V1"
"2026-02","February 2026",2,"DTL_SCRATCH_002","DTL_SCRATCH_002_D002","die_002",2,"SCRATCH","COND_HOT_HIGHV",85,1.1,"HIGH_VDD","T_VMAX","VMAX",1.124720142167682,"V","LOWER",1.15,"NOT_DEFINED",1.05,1.25,"NOT_UNIFORM","1.05,1.08,1.1,1.12,1.15,1.18,1.2,1.22,1.25","SYNTHETIC_ASSUMED","F",3.5653134981123227,"TESTER_A",20260115,"temporal_parametric_v1.0.0","DTL_TEMPORAL_PARAMETRIC_V1","DTL_TEMPORAL_ACTUAL_DIE_V1","DTL_TEMPORAL_POPULATION_V1"
"2026-02","February 2026",2,"DTL_SCRATCH_002","DTL_SCRATCH_002_D002","die_002",2,"SCRATCH","COND_HOT_HIGHV",85,1.1,"HIGH_VDD","T_IDDQ","IDDQ",78.87062079736562,"uA","UPPER",50,"NOT_DEFINED",30,100,"NOT_UNIFORM","30.0,35.0,40.0,45.0,50.0,55.0,60.0,70.0,80.0,100.0","SYNTHETIC_ASSUMED","F",3.5653134981123227,"TESTER_A",20260115,"temporal_parametric_v1.0.0","DTL_TEMPORAL_PARAMETRIC_V1","DTL_TEMPORAL_ACTUAL_DIE_V1","DTL_TEMPORAL_POPULATION_V1"
"2026-02","February 2026",2,"DTL_SCRATCH_002","DTL_SCRATCH_002_D002","die_002",2,"SCRATCH","COND_HOT_HIGHV",85,1.1,"HIGH_VDD","T_SUPPLY_CURRENT","SUPPLY_CURRENT",129.9528153385405,"mA","UPPER",120,"NOT_DEFINED",90,200,"NOT_UNIFORM","90.0,100.0,110.0,120.0,130.0,140.0,150.0,170.0,200.0","SYNTHETIC_ASSUMED","F",3.5653134981123227,"TESTER_A",20260115,"temporal_parametric_v1.0.0","DTL_TEMPORAL_PARAMETRIC_V1","DTL_TEMPORAL_ACTUAL_DIE_V1","DTL_TEMPORAL_POPULATION_V1"
"2026-02","February 2026",2,"DTL_SCRATCH_002","DTL_SCRATCH_002_D003","die_003",3,"SCRATCH","COND_RT_NOM",25,1,"NOMINAL","T_CONTACT_R","CONTACT_RESISTANCE",5.675234898354058,"ohm","UPPER",5,"NOT_DEFINED",3.5,10,"NOT_UNIFORM","3.5,4.0,4.5,5.0,5.5,6.0,7.0,8.0,10.0","SYNTHETIC_ASSUMED","F",2.85485890831677,"TESTER_A",20260115,"temporal_parametric_v1.0.0","DTL_TEMPORAL_PARAMETRIC_V1","DTL_TEMPORAL_ACTUAL_DIE_V1","DTL_TEMPORAL_POPULATION_V1"
"2026-02","February 2026",2,"DTL_SCRATCH_002","DTL_SCRATCH_002_D003","die_003",3,"SCRATCH","COND_RT_NOM",25,1,"NOMINAL","T_INTERCONNECT_R","INTERCONNECT_RESISTANCE",17.065876967486176,"ohm","UPPER",15,"NOT_DEFINED",11,25,"NOT_UNIFORM","11.0,12.0,13.0,14.0,15.0,16.0,18.0,20.0,25.0","SYNTHETIC_ASSUMED","F",2.85485890831677,"TESTER_A",20260115,"temporal_parametric_v1.0.0","DTL_TEMPORAL_PARAMETRIC_V1","DTL_TEMPORAL_ACTUAL_DIE_V1","DTL_TEMPORAL_POPULATION_V1"
"2026-02","February 2026",2,"DTL_SCRATCH_002","DTL_SCRATCH_002_D003","die_003",3,"SCRATCH","COND_RT_NOM",25,1,"NOMINAL","T_ON_R","ON_RESISTANCE",27.557519553795306,"ohm","UPPER",25,"NOT_DEFINED",18,50,"NOT_UNIFORM","18.0,20.0,22.0,25.0,28.0,30.0,35.0,40.0,50.0","SYNTHETIC_ASSUMED","F",2.85485890831677,"TESTER_A",20260115,"temporal_parametric_v1.0.0","DTL_TEMPORAL_PARAMETRIC_V1","DTL_TEMPORAL_ACTUAL_DIE_V1","DTL_TEMPORAL_POPULATION_V1"
"2026-02","February 2026",2,"DTL_SCRATCH_002","DTL_SCRATCH_002_D003","die_003",3,"SCRATCH","COND_RT_NOM",25,1,"NOMINAL","T_VMIN","VMIN",0.936423367393524,"V","UPPER",0.85,"NOT_DEFINED",0.75,1,"NOT_UNIFORM","0.75,0.78,0.8,0.82,0.85,0.88,0.9,0.92,0.95,1.0","SYNTHETIC_ASSUMED","F",2.85485890831677,"TESTER_A",20260115,"temporal_parametric_v1.0.0","DTL_TEMPORAL_PARAMETRIC_V1","DTL_TEMPORAL_ACTUAL_DIE_V1","DTL_TEMPORAL_POPULATION_V1"
"2026-02","February 2026",2,"DTL_SCRATCH_002","DTL_SCRATCH_002_D003","die_003",3,"SCRATCH","COND_RT_NOM",25,1,"NOMINAL","T_VMAX","VMAX",1.1268378229702063,"V","LOWER",1.15,"NOT_DEFINED",1.05,1.25,"NOT_UNIFORM","1.05,1.08,1.1,1.12,1.15,1.18,1.2,1.22,1.25","SYNTHETIC_ASSUMED","F",2.85485890831677,"TESTER_A",20260115,"temporal_parametric_v1.0.0","DTL_TEMPORAL_PARAMETRIC_V1","DTL_TEMPORAL_ACTUAL_DIE_V1","DTL_TEMPORAL_POPULATION_V1"
"2026-02","February 2026",2,"DTL_SCRATCH_002","DTL_SCRATCH_002_D003","die_003",3,"SCRATCH","COND_RT_NOM",25,1,"NOMINAL","T_IDDQ","IDDQ",58.67231359988244,"uA","UPPER",50,"NOT_DEFINED",30,100,"NOT_UNIFORM","30.0,35.0,40.0,45.0,50.0,55.0,60.0,70.0,80.0,100.0","SYNTHETIC_ASSUMED","F",2.85485890831677,"TESTER_A",20260115,"temporal_parametric_v1.0.0","DTL_TEMPORAL_PARAMETRIC_V1","DTL_TEMPORAL_ACTUAL_DIE_V1","DTL_TEMPORAL_POPULATION_V1"
"2026-02","February 2026",2,"DTL_SCRATCH_002","DTL_SCRATCH_002_D003","die_003",3,"SCRATCH","COND_RT_NOM",25,1,"NOMINAL","T_SUPPLY_CURRENT","SUPPLY_CURRENT",124.14368011976038,"mA","UPPER",120,"NOT_DEFINED",90,200,"NOT_UNIFORM","90.0,100.0,110.0,120.0,130.0,140.0,150.0,170.0,200.0","SYNTHETIC_ASSUMED","F",2.85485890831677,"TESTER_A",20260115,"temporal_parametric_v1.0.0","DTL_TEMPORAL_PARAMETRIC_V1","DTL_TEMPORAL_ACTUAL_DIE_V1","DTL_TEMPORAL_POPULATION_V1"
"2026-02","February 2026",2,"DTL_SCRATCH_002","DTL_SCRATCH_002_D003","die_003",3,"SCRATCH","COND_HOT_NOM",85,1,"HOT","T_CONTACT_R","CONTACT_RESISTANCE",6.680149117199068,"ohm","UPPER",5,"NOT_DEFINED",3.5,10,"NOT_UNIFORM","3.5,4.0,4.5,5.0,5.5,6.0,7.0,8.0,10.0","SYNTHETIC_ASSUMED","F",2.85485890831677,"TESTER_A",20260115,"temporal_parametric_v1.0.0","DTL_TEMPORAL_PARAMETRIC_V1","DTL_TEMPORAL_ACTUAL_DIE_V1","DTL_TEMPORAL_POPULATION_V1"
"2026-02","February 2026",2,"DTL_SCRATCH_002","DTL_SCRATCH_002_D003","die_003",3,"SCRATCH","COND_HOT_NOM",85,1,"HOT","T_INTERCONNECT_R","INTERCONNECT_RESISTANCE",19.55898252308633,"ohm","UPPER",15,"NOT_DEFINED",11,25,"NOT_UNIFORM","11.0,12.0,13.0,14.0,15.0,16.0,18.0,20.0,25.0","SYNTHETIC_ASSUMED","F",2.85485890831677,"TESTER_A",20260115,"temporal_parametric_v1.0.0","DTL_TEMPORAL_PARAMETRIC_V1","DTL_TEMPORAL_ACTUAL_DIE_V1","DTL_TEMPORAL_POPULATION_V1"
"2026-02","February 2026",2,"DTL_SCRATCH_002","DTL_SCRATCH_002_D003","die_003",3,"SCRATCH","COND_HOT_NOM",85,1,"HOT","T_ON_R","ON_RESISTANCE",33.56212907226661,"ohm","UPPER",25,"NOT_DEFINED",18,50,"NOT_UNIFORM","18.0,20.0,22.0,25.0,28.0,30.0,35.0,40.0,50.0","SYNTHETIC_ASSUMED","F",2.85485890831677,"TESTER_A",20260115,"temporal_parametric_v1.0.0","DTL_TEMPORAL_PARAMETRIC_V1","DTL_TEMPORAL_ACTUAL_DIE_V1","DTL_TEMPORAL_POPULATION_V1"
"2026-02","February 2026",2,"DTL_SCRATCH_002","DTL_SCRATCH_002_D003","die_003",3,"SCRATCH","COND_HOT_NOM",85,1,"HOT","T_VMIN","VMIN",1.0283704512259058,"V","UPPER",0.85,"NOT_DEFINED",0.75,1,"NOT_UNIFORM","0.75,0.78,0.8,0.82,0.85,0.88,0.9,0.92,0.95,1.0","SYNTHETIC_ASSUMED","F",2.85485890831677,"TESTER_A",20260115,"temporal_parametric_v1.0.0","DTL_TEMPORAL_PARAMETRIC_V1","DTL_TEMPORAL_ACTUAL_DIE_V1","DTL_TEMPORAL_POPULATION_V1"
"2026-02","February 2026",2,"DTL_SCRATCH_002","DTL_SCRATCH_002_D003","die_003",3,"SCRATCH","COND_HOT_NOM",85,1,"HOT","T_VMAX","VMAX",1.0818592651863304,"V","LOWER",1.15,"NOT_DEFINED",1.05,1.25,"NOT_UNIFORM","1.05,1.08,1.1,1.12,1.15,1.18,1.2,1.22,1.25","SYNTHETIC_ASSUMED","F",2.85485890831677,"TESTER_A",20260115,"temporal_parametric_v1.0.0","DTL_TEMPORAL_PARAMETRIC_V1","DTL_TEMPORAL_ACTUAL_DIE_V1","DTL_TEMPORAL_POPULATION_V1"
"2026-02","February 2026",2,"DTL_SCRATCH_002","DTL_SCRATCH_002_D003","die_003",3,"SCRATCH","COND_HOT_NOM",85,1,"HOT","T_IDDQ","IDDQ",86.01006829102529,"uA","UPPER",50,"NOT_DEFINED",30,100,"NOT_UNIFORM","30.0,35.0,40.0,45.0,50.0,55.0,60.0,70.0,80.0,100.0","SYNTHETIC_ASSUMED","F",2.85485890831677,"TESTER_A",20260115,"temporal_parametric_v1.0.0","DTL_TEMPORAL_PARAMETRIC_V1","DTL_TEMPORAL_ACTUAL_DIE_V1","DTL_TEMPORAL_POPULATION_V1"
"2026-02","February 2026",2,"DTL_SCRATCH_002","DTL_SCRATCH_002_D003","die_003",3,"SCRATCH","COND_HOT_NOM",85,1,"HOT","T_SUPPLY_CURRENT","SUPPLY_CURRENT",142.64920541736663,"mA","UPPER",120,"NOT_DEFINED",90,200,"NOT_UNIFORM","90.0,100.0,110.0,120.0,130.0,140.0,150.0,170.0,200.0","SYNTHETIC_ASSUMED","F",2.85485890831677,"TESTER_A",20260115,"temporal_parametric_v1.0.0","DTL_TEMPORAL_PARAMETRIC_V1","DTL_TEMPORAL_ACTUAL_DIE_V1","DTL_TEMPORAL_POPULATION_V1"
"2026-02","February 2026",2,"DTL_SCRATCH_002","DTL_SCRATCH_002_D003","die_003",3,"SCRATCH","COND_RT_LOWV",25,0.9,"LOW_VDD","T_CONTACT_R","CONTACT_RESISTANCE",5.382080943538095,"ohm","UPPER",5,"NOT_DEFINED",3.5,10,"NOT_UNIFORM","3.5,4.0,4.5,5.0,5.5,6.0,7.0,8.0,10.0","SYNTHETIC_ASSUMED","F",2.85485890831677,"TESTER_A",20260115,"temporal_parametric_v1.0.0","DTL_TEMPORAL_PARAMETRIC_V1","DTL_TEMPORAL_ACTUAL_DIE_V1","DTL_TEMPORAL_POPULATION_V1"
"2026-02","February 2026",2,"DTL_SCRATCH_002","DTL_SCRATCH_002_D003","die_003",3,"SCRATCH","COND_RT_LOWV",25,0.9,"LOW_VDD","T_INTERCONNECT_R","INTERCONNECT_RESISTANCE",14.502824592138552,"ohm","UPPER",15,"NOT_DEFINED",11,25,"NOT_UNIFORM","11.0,12.0,13.0,14.0,15.0,16.0,18.0,20.0,25.0","SYNTHETIC_ASSUMED","P",2.85485890831677,"TESTER_A",20260115,"temporal_parametric_v1.0.0","DTL_TEMPORAL_PARAMETRIC_V1","DTL_TEMPORAL_ACTUAL_DIE_V1","DTL_TEMPORAL_POPULATION_V1"
"2026-02","February 2026",2,"DTL_SCRATCH_002","DTL_SCRATCH_002_D003","die_003",3,"SCRATCH","COND_RT_LOWV",25,0.9,"LOW_VDD","T_ON_R","ON_RESISTANCE",27.660933874088936,"ohm","UPPER",25,"NOT_DEFINED",18,50,"NOT_UNIFORM","18.0,20.0,22.0,25.0,28.0,30.0,35.0,40.0,50.0","SYNTHETIC_ASSUMED","F",2.85485890831677,"TESTER_A",20260115,"temporal_parametric_v1.0.0","DTL_TEMPORAL_PARAMETRIC_V1","DTL_TEMPORAL_ACTUAL_DIE_V1","DTL_TEMPORAL_POPULATION_V1"
"2026-02","February 2026",2,"DTL_SCRATCH_002","DTL_SCRATCH_002_D003","die_003",3,"SCRATCH","COND_RT_LOWV",25,0.9,"LOW_VDD","T_VMIN","VMIN",0.9316658934755336,"V","UPPER",0.85,"NOT_DEFINED",0.75,1,"NOT_UNIFORM","0.75,0.78,0.8,0.82,0.85,0.88,0.9,0.92,0.95,1.0","SYNTHETIC_ASSUMED","F",2.85485890831677,"TESTER_A",20260115,"temporal_parametric_v1.0.0","DTL_TEMPORAL_PARAMETRIC_V1","DTL_TEMPORAL_ACTUAL_DIE_V1","DTL_TEMPORAL_POPULATION_V1"
"2026-02","February 2026",2,"DTL_SCRATCH_002","DTL_SCRATCH_002_D003","die_003",3,"SCRATCH","COND_RT_LOWV",25,0.9,"LOW_VDD","T_VMAX","VMAX",1.1420742547454763,"V","LOWER",1.15,"NOT_DEFINED",1.05,1.25,"NOT_UNIFORM","1.05,1.08,1.1,1.12,1.15,1.18,1.2,1.22,1.25","SYNTHETIC_ASSUMED","F",2.85485890831677,"TESTER_A",20260115,"temporal_parametric_v1.0.0","DTL_TEMPORAL_PARAMETRIC_V1","DTL_TEMPORAL_ACTUAL_DIE_V1","DTL_TEMPORAL_POPULATION_V1"
"2026-02","February 2026",2,"DTL_SCRATCH_002","DTL_SCRATCH_002_D003","die_003",3,"SCRATCH","COND_RT_LOWV",25,0.9,"LOW_VDD","T_IDDQ","IDDQ",55.91454407328329,"uA","UPPER",50,"NOT_DEFINED",30,100,"NOT_UNIFORM","30.0,35.0,40.0,45.0,50.0,55.0,60.0,70.0,80.0,100.0","SYNTHETIC_ASSUMED","F",2.85485890831677,"TESTER_A",20260115,"temporal_parametric_v1.0.0","DTL_TEMPORAL_PARAMETRIC_V1","DTL_TEMPORAL_ACTUAL_DIE_V1","DTL_TEMPORAL_POPULATION_V1"
"2026-02","February 2026",2,"DTL_SCRATCH_002","DTL_SCRATCH_002_D003","die_003",3,"SCRATCH","COND_RT_LOWV",25,0.9,"LOW_VDD","T_SUPPLY_CURRENT","SUPPLY_CURRENT",117.6252640842308,"mA","UPPER",120,"NOT_DEFINED",90,200,"NOT_UNIFORM","90.0,100.0,110.0,120.0,130.0,140.0,150.0,170.0,200.0","SYNTHETIC_ASSUMED","P",2.85485890831677,"TESTER_A",20260115,"temporal_parametric_v1.0.0","DTL_TEMPORAL_PARAMETRIC_V1","DTL_TEMPORAL_ACTUAL_DIE_V1","DTL_TEMPORAL_POPULATION_V1"
"2026-02","February 2026",2,"DTL_SCRATCH_002","DTL_SCRATCH_002_D003","die_003",3,"SCRATCH","COND_HOT_HIGHV",85,1.1,"HIGH_VDD","T_CONTACT_R","CONTACT_RESISTANCE",5.61943120804062,"ohm","UPPER",5,"NOT_DEFINED",3.5,10,"NOT_UNIFORM","3.5,4.0,4.5,5.0,5.5,6.0,7.0,8.0,10.0","SYNTHETIC_ASSUMED","F",2.85485890831677,"TESTER_A",20260115,"temporal_parametric_v1.0.0","DTL_TEMPORAL_PARAMETRIC_V1","DTL_TEMPORAL_ACTUAL_DIE_V1","DTL_TEMPORAL_POPULATION_V1"
"2026-02","February 2026",2,"DTL_SCRATCH_002","DTL_SCRATCH_002_D003","die_003",3,"SCRATCH","COND_HOT_HIGHV",85,1.1,"HIGH_VDD","T_INTERCONNECT_R","INTERCONNECT_RESISTANCE",17.243880384543214,"ohm","UPPER",15,"NOT_DEFINED",11,25,"NOT_UNIFORM","11.0,12.0,13.0,14.0,15.0,16.0,18.0,20.0,25.0","SYNTHETIC_ASSUMED","F",2.85485890831677,"TESTER_A",20260115,"temporal_parametric_v1.0.0","DTL_TEMPORAL_PARAMETRIC_V1","DTL_TEMPORAL_ACTUAL_DIE_V1","DTL_TEMPORAL_POPULATION_V1"
"2026-02","February 2026",2,"DTL_SCRATCH_002","DTL_SCRATCH_002_D003","die_003",3,"SCRATCH","COND_HOT_HIGHV",85,1.1,"HIGH_VDD","T_ON_R","ON_RESISTANCE",32.04863045306478,"ohm","UPPER",25,"NOT_DEFINED",18,50,"NOT_UNIFORM","18.0,20.0,22.0,25.0,28.0,30.0,35.0,40.0,50.0","SYNTHETIC_ASSUMED","F",2.85485890831677,"TESTER_A",20260115,"temporal_parametric_v1.0.0","DTL_TEMPORAL_PARAMETRIC_V1","DTL_TEMPORAL_ACTUAL_DIE_V1","DTL_TEMPORAL_POPULATION_V1"
"2026-02","February 2026",2,"DTL_SCRATCH_002","DTL_SCRATCH_002_D003","die_003",3,"SCRATCH","COND_HOT_HIGHV",85,1.1,"HIGH_VDD","T_VMIN","VMIN",0.8227532353299343,"V","UPPER",0.85,"NOT_DEFINED",0.75,1,"NOT_UNIFORM","0.75,0.78,0.8,0.82,0.85,0.88,0.9,0.92,0.95,1.0","SYNTHETIC_ASSUMED","P",2.85485890831677,"TESTER_A",20260115,"temporal_parametric_v1.0.0","DTL_TEMPORAL_PARAMETRIC_V1","DTL_TEMPORAL_ACTUAL_DIE_V1","DTL_TEMPORAL_POPULATION_V1"
"2026-02","February 2026",2,"DTL_SCRATCH_002","DTL_SCRATCH_002_D003","die_003",3,"SCRATCH","COND_HOT_HIGHV",85,1.1,"HIGH_VDD","T_VMAX","VMAX",1.0423588408981352,"V","LOWER",1.15,"NOT_DEFINED",1.05,1.25,"NOT_UNIFORM","1.05,1.08,1.1,1.12,1.15,1.18,1.2,1.22,1.25","SYNTHETIC_ASSUMED","F",2.85485890831677,"TESTER_A",20260115,"temporal_parametric_v1.0.0","DTL_TEMPORAL_PARAMETRIC_V1","DTL_TEMPORAL_ACTUAL_DIE_V1","DTL_TEMPORAL_POPULATION_V1"
"2026-02","February 2026",2,"DTL_SCRATCH_002","DTL_SCRATCH_002_D003","die_003",3,"SCRATCH","COND_HOT_HIGHV",85,1.1,"HIGH_VDD","T_IDDQ","IDDQ",78.08903673287277,"uA","UPPER",50,"NOT_DEFINED",30,100,"NOT_UNIFORM","30.0,35.0,40.0,45.0,50.0,55.0,60.0,70.0,80.0,100.0","SYNTHETIC_ASSUMED","F",2.85485890831677,"TESTER_A",20260115,"temporal_parametric_v1.0.0","DTL_TEMPORAL_PARAMETRIC_V1","DTL_TEMPORAL_ACTUAL_DIE_V1","DTL_TEMPORAL_POPULATION_V1"
"2026-02","February 2026",2,"DTL_SCRATCH_002","DTL_SCRATCH_002_D003","die_003",3,"SCRATCH","COND_HOT_HIGHV",85,1.1,"HIGH_VDD","T_SUPPLY_CURRENT","SUPPLY_CURRENT",127.75107390262008,"mA","UPPER",120,"NOT_DEFINED",90,200,"NOT_UNIFORM","90.0,100.0,110.0,120.0,130.0,140.0,150.0,170.0,200.0","SYNTHETIC_ASSUMED","F",2.85485890831677,"TESTER_A",20260115,"temporal_parametric_v1.0.0","DTL_TEMPORAL_PARAMETRIC_V1","DTL_TEMPORAL_ACTUAL_DIE_V1","DTL_TEMPORAL_POPULATION_V1"
"2026-02","February 2026",2,"DTL_EDGE_001","DTL_EDGE_001_D001","die_001",1,"EDGE","COND_RT_NOM",25,1,"NOMINAL","T_CONTACT_R","CONTACT_RESISTANCE",6.884743959772806,"ohm","UPPER",5,"NOT_DEFINED",3.5,10,"NOT_UNIFORM","3.5,4.0,4.5,5.0,5.5,6.0,7.0,8.0,10.0","SYNTHETIC_ASSUMED","F",3.7514009296418127,"TESTER_A",20260115,"temporal_parametric_v1.0.0","DTL_TEMPORAL_PARAMETRIC_V1","DTL_TEMPORAL_ACTUAL_DIE_V1","DTL_TEMPORAL_POPULATION_V1"
"2026-02","February 2026",2,"DTL_EDGE_001","DTL_EDGE_001_D001","die_001",1,"EDGE","COND_RT_NOM",25,1,"NOMINAL","T_INTERCONNECT_R","INTERCONNECT_RESISTANCE",18.09486011090036,"ohm","UPPER",15,"NOT_DEFINED",11,25,"NOT_UNIFORM","11.0,12.0,13.0,14.0,15.0,16.0,18.0,20.0,25.0","SYNTHETIC_ASSUMED","F",3.7514009296418127,"TESTER_A",20260115,"temporal_parametric_v1.0.0","DTL_TEMPORAL_PARAMETRIC_V1","DTL_TEMPORAL_ACTUAL_DIE_V1","DTL_TEMPORAL_POPULATION_V1"
"2026-02","February 2026",2,"DTL_EDGE_001","DTL_EDGE_001_D001","die_001",1,"EDGE","COND_RT_NOM",25,1,"NOMINAL","T_ON_R","ON_RESISTANCE",28.70283138270216,"ohm","UPPER",25,"NOT_DEFINED",18,50,"NOT_UNIFORM","18.0,20.0,22.0,25.0,28.0,30.0,35.0,40.0,50.0","SYNTHETIC_ASSUMED","F",3.7514009296418127,"TESTER_A",20260115,"temporal_parametric_v1.0.0","DTL_TEMPORAL_PARAMETRIC_V1","DTL_TEMPORAL_ACTUAL_DIE_V1","DTL_TEMPORAL_POPULATION_V1"
"2026-02","February 2026",2,"DTL_EDGE_001","DTL_EDGE_001_D001","die_001",1,"EDGE","COND_RT_NOM",25,1,"NOMINAL","T_VMIN","VMIN",0.9396474168031568,"V","UPPER",0.85,"NOT_DEFINED",0.75,1,"NOT_UNIFORM","0.75,0.78,0.8,0.82,0.85,0.88,0.9,0.92,0.95,1.0","SYNTHETIC_ASSUMED","F",3.7514009296418127,"TESTER_A",20260115,"temporal_parametric_v1.0.0","DTL_TEMPORAL_PARAMETRIC_V1","DTL_TEMPORAL_ACTUAL_DIE_V1","DTL_TEMPORAL_POPULATION_V1"
"2026-02","February 2026",2,"DTL_EDGE_001","DTL_EDGE_001_D001","die_001",1,"EDGE","COND_RT_NOM",25,1,"NOMINAL","T_VMAX","VMAX",0.9887222270225734,"V","LOWER",1.15,"NOT_DEFINED",1.05,1.25,"NOT_UNIFORM","1.05,1.08,1.1,1.12,1.15,1.18,1.2,1.22,1.25","SYNTHETIC_ASSUMED","F",3.7514009296418127,"TESTER_A",20260115,"temporal_parametric_v1.0.0","DTL_TEMPORAL_PARAMETRIC_V1","DTL_TEMPORAL_ACTUAL_DIE_V1","DTL_TEMPORAL_POPULATION_V1"
"2026-02","February 2026",2,"DTL_EDGE_001","DTL_EDGE_001_D001","die_001",1,"EDGE","COND_RT_NOM",25,1,"NOMINAL","T_IDDQ","IDDQ",64.13373222583287,"uA","UPPER",50,"NOT_DEFINED",30,100,"NOT_UNIFORM","30.0,35.0,40.0,45.0,50.0,55.0,60.0,70.0,80.0,100.0","SYNTHETIC_ASSUMED","F",3.7514009296418127,"TESTER_A",20260115,"temporal_parametric_v1.0.0","DTL_TEMPORAL_PARAMETRIC_V1","DTL_TEMPORAL_ACTUAL_DIE_V1","DTL_TEMPORAL_POPULATION_V1"
"2026-02","February 2026",2,"DTL_EDGE_001","DTL_EDGE_001_D001","die_001",1,"EDGE","COND_RT_NOM",25,1,"NOMINAL","T_SUPPLY_CURRENT","SUPPLY_CURRENT",137.37685828294525,"mA","UPPER",120,"NOT_DEFINED",90,200,"NOT_UNIFORM","90.0,100.0,110.0,120.0,130.0,140.0,150.0,170.0,200.0","SYNTHETIC_ASSUMED","F",3.7514009296418127,"TESTER_A",20260115,"temporal_parametric_v1.0.0","DTL_TEMPORAL_PARAMETRIC_V1","DTL_TEMPORAL_ACTUAL_DIE_V1","DTL_TEMPORAL_POPULATION_V1"
"2026-02","February 2026",2,"DTL_EDGE_001","DTL_EDGE_001_D001","die_001",1,"EDGE","COND_HOT_NOM",85,1,"HOT","T_CONTACT_R","CONTACT_RESISTANCE",7.064741321472056,"ohm","UPPER",5,"NOT_DEFINED",3.5,10,"NOT_UNIFORM","3.5,4.0,4.5,5.0,5.5,6.0,7.0,8.0,10.0","SYNTHETIC_ASSUMED","F",3.7514009296418127,"TESTER_A",20260115,"temporal_parametric_v1.0.0","DTL_TEMPORAL_PARAMETRIC_V1","DTL_TEMPORAL_ACTUAL_DIE_V1","DTL_TEMPORAL_POPULATION_V1"
"2026-02","February 2026",2,"DTL_EDGE_001","DTL_EDGE_001_D001","die_001",1,"EDGE","COND_HOT_NOM",85,1,"HOT","T_INTERCONNECT_R","INTERCONNECT_RESISTANCE",20.10402027321092,"ohm","UPPER",15,"NOT_DEFINED",11,25,"NOT_UNIFORM","11.0,12.0,13.0,14.0,15.0,16.0,18.0,20.0,25.0","SYNTHETIC_ASSUMED","F",3.7514009296418127,"TESTER_A",20260115,"temporal_parametric_v1.0.0","DTL_TEMPORAL_PARAMETRIC_V1","DTL_TEMPORAL_ACTUAL_DIE_V1","DTL_TEMPORAL_POPULATION_V1"
"2026-02","February 2026",2,"DTL_EDGE_001","DTL_EDGE_001_D001","die_001",1,"EDGE","COND_HOT_NOM",85,1,"HOT","T_ON_R","ON_RESISTANCE",30.621981151185505,"ohm","UPPER",25,"NOT_DEFINED",18,50,"NOT_UNIFORM","18.0,20.0,22.0,25.0,28.0,30.0,35.0,40.0,50.0","SYNTHETIC_ASSUMED","F",3.7514009296418127,"TESTER_A",20260115,"temporal_parametric_v1.0.0","DTL_TEMPORAL_PARAMETRIC_V1","DTL_TEMPORAL_ACTUAL_DIE_V1","DTL_TEMPORAL_POPULATION_V1"
"2026-02","February 2026",2,"DTL_EDGE_001","DTL_EDGE_001_D001","die_001",1,"EDGE","COND_HOT_NOM",85,1,"HOT","T_VMIN","VMIN",0.9620350289415738,"V","UPPER",0.85,"NOT_DEFINED",0.75,1,"NOT_UNIFORM","0.75,0.78,0.8,0.82,0.85,0.88,0.9,0.92,0.95,1.0","SYNTHETIC_ASSUMED","F",3.7514009296418127,"TESTER_A",20260115,"temporal_parametric_v1.0.0","DTL_TEMPORAL_PARAMETRIC_V1","DTL_TEMPORAL_ACTUAL_DIE_V1","DTL_TEMPORAL_POPULATION_V1"
"2026-02","February 2026",2,"DTL_EDGE_001","DTL_EDGE_001_D001","die_001",1,"EDGE","COND_HOT_NOM",85,1,"HOT","T_VMAX","VMAX",1.0832398038360331,"V","LOWER",1.15,"NOT_DEFINED",1.05,1.25,"NOT_UNIFORM","1.05,1.08,1.1,1.12,1.15,1.18,1.2,1.22,1.25","SYNTHETIC_ASSUMED","F",3.7514009296418127,"TESTER_A",20260115,"temporal_parametric_v1.0.0","DTL_TEMPORAL_PARAMETRIC_V1","DTL_TEMPORAL_ACTUAL_DIE_V1","DTL_TEMPORAL_POPULATION_V1"
"2026-02","February 2026",2,"DTL_EDGE_001","DTL_EDGE_001_D001","die_001",1,"EDGE","COND_HOT_NOM",85,1,"HOT","T_IDDQ","IDDQ",81.71807785056768,"uA","UPPER",50,"NOT_DEFINED",30,100,"NOT_UNIFORM","30.0,35.0,40.0,45.0,50.0,55.0,60.0,70.0,80.0,100.0","SYNTHETIC_ASSUMED","F",3.7514009296418127,"TESTER_A",20260115,"temporal_parametric_v1.0.0","DTL_TEMPORAL_PARAMETRIC_V1","DTL_TEMPORAL_ACTUAL_DIE_V1","DTL_TEMPORAL_POPULATION_V1"
"2026-02","February 2026",2,"DTL_EDGE_001","DTL_EDGE_001_D001","die_001",1,"EDGE","COND_HOT_NOM",85,1,"HOT","T_SUPPLY_CURRENT","SUPPLY_CURRENT",138.8233183560019,"mA","UPPER",120,"NOT_DEFINED",90,200,"NOT_UNIFORM","90.0,100.0,110.0,120.0,130.0,140.0,150.0,170.0,200.0","SYNTHETIC_ASSUMED","F",3.7514009296418127,"TESTER_A",20260115,"temporal_parametric_v1.0.0","DTL_TEMPORAL_PARAMETRIC_V1","DTL_TEMPORAL_ACTUAL_DIE_V1","DTL_TEMPORAL_POPULATION_V1"
"2026-02","February 2026",2,"DTL_EDGE_001","DTL_EDGE_001_D001","die_001",1,"EDGE","COND_RT_LOWV",25,0.9,"LOW_VDD","T_CONTACT_R","CONTACT_RESISTANCE",7.1312558260239,"ohm","UPPER",5,"NOT_DEFINED",3.5,10,"NOT_UNIFORM","3.5,4.0,4.5,5.0,5.5,6.0,7.0,8.0,10.0","SYNTHETIC_ASSUMED","F",3.7514009296418127,"TESTER_A",20260115,"temporal_parametric_v1.0.0","DTL_TEMPORAL_PARAMETRIC_V1","DTL_TEMPORAL_ACTUAL_DIE_V1","DTL_TEMPORAL_POPULATION_V1"
"2026-02","February 2026",2,"DTL_EDGE_001","DTL_EDGE_001_D001","die_001",1,"EDGE","COND_RT_LOWV",25,0.9,"LOW_VDD","T_INTERCONNECT_R","INTERCONNECT_RESISTANCE",17.728468513516177,"ohm","UPPER",15,"NOT_DEFINED",11,25,"NOT_UNIFORM","11.0,12.0,13.0,14.0,15.0,16.0,18.0,20.0,25.0","SYNTHETIC_ASSUMED","F",3.7514009296418127,"TESTER_A",20260115,"temporal_parametric_v1.0.0","DTL_TEMPORAL_PARAMETRIC_V1","DTL_TEMPORAL_ACTUAL_DIE_V1","DTL_TEMPORAL_POPULATION_V1"
"2026-02","February 2026",2,"DTL_EDGE_001","DTL_EDGE_001_D001","die_001",1,"EDGE","COND_RT_LOWV",25,0.9,"LOW_VDD","T_ON_R","ON_RESISTANCE",28.86246839911,"ohm","UPPER",25,"NOT_DEFINED",18,50,"NOT_UNIFORM","18.0,20.0,22.0,25.0,28.0,30.0,35.0,40.0,50.0","SYNTHETIC_ASSUMED","F",3.7514009296418127,"TESTER_A",20260115,"temporal_parametric_v1.0.0","DTL_TEMPORAL_PARAMETRIC_V1","DTL_TEMPORAL_ACTUAL_DIE_V1","DTL_TEMPORAL_POPULATION_V1"
"2026-02","February 2026",2,"DTL_EDGE_001","DTL_EDGE_001_D001","die_001",1,"EDGE","COND_RT_LOWV",25,0.9,"LOW_VDD","T_VMIN","VMIN",0.9765736220619472,"V","UPPER",0.85,"NOT_DEFINED",0.75,1,"NOT_UNIFORM","0.75,0.78,0.8,0.82,0.85,0.88,0.9,0.92,0.95,1.0","SYNTHETIC_ASSUMED","F",3.7514009296418127,"TESTER_A",20260115,"temporal_parametric_v1.0.0","DTL_TEMPORAL_PARAMETRIC_V1","DTL_TEMPORAL_ACTUAL_DIE_V1","DTL_TEMPORAL_POPULATION_V1"
"2026-02","February 2026",2,"DTL_EDGE_001","DTL_EDGE_001_D001","die_001",1,"EDGE","COND_RT_LOWV",25,0.9,"LOW_VDD","T_VMAX","VMAX",1.0579640893342528,"V","LOWER",1.15,"NOT_DEFINED",1.05,1.25,"NOT_UNIFORM","1.05,1.08,1.1,1.12,1.15,1.18,1.2,1.22,1.25","SYNTHETIC_ASSUMED","F",3.7514009296418127,"TESTER_A",20260115,"temporal_parametric_v1.0.0","DTL_TEMPORAL_PARAMETRIC_V1","DTL_TEMPORAL_ACTUAL_DIE_V1","DTL_TEMPORAL_POPULATION_V1"
"2026-02","February 2026",2,"DTL_EDGE_001","DTL_EDGE_001_D001","die_001",1,"EDGE","COND_RT_LOWV",25,0.9,"LOW_VDD","T_IDDQ","IDDQ",68.9377991669036,"uA","UPPER",50,"NOT_DEFINED",30,100,"NOT_UNIFORM","30.0,35.0,40.0,45.0,50.0,55.0,60.0,70.0,80.0,100.0","SYNTHETIC_ASSUMED","F",3.7514009296418127,"TESTER_A",20260115,"temporal_parametric_v1.0.0","DTL_TEMPORAL_PARAMETRIC_V1","DTL_TEMPORAL_ACTUAL_DIE_V1","DTL_TEMPORAL_POPULATION_V1"
"2026-02","February 2026",2,"DTL_EDGE_001","DTL_EDGE_001_D001","die_001",1,"EDGE","COND_RT_LOWV",25,0.9,"LOW_VDD","T_SUPPLY_CURRENT","SUPPLY_CURRENT",126.42577565397583,"mA","UPPER",120,"NOT_DEFINED",90,200,"NOT_UNIFORM","90.0,100.0,110.0,120.0,130.0,140.0,150.0,170.0,200.0","SYNTHETIC_ASSUMED","F",3.7514009296418127,"TESTER_A",20260115,"temporal_parametric_v1.0.0","DTL_TEMPORAL_PARAMETRIC_V1","DTL_TEMPORAL_ACTUAL_DIE_V1","DTL_TEMPORAL_POPULATION_V1"
"2026-02","February 2026",2,"DTL_EDGE_001","DTL_EDGE_001_D001","die_001",1,"EDGE","COND_HOT_HIGHV",85,1.1,"HIGH_VDD","T_CONTACT_R","CONTACT_RESISTANCE",6.773520103993128,"ohm","UPPER",5,"NOT_DEFINED",3.5,10,"NOT_UNIFORM","3.5,4.0,4.5,5.0,5.5,6.0,7.0,8.0,10.0","SYNTHETIC_ASSUMED","F",3.7514009296418127,"TESTER_A",20260115,"temporal_parametric_v1.0.0","DTL_TEMPORAL_PARAMETRIC_V1","DTL_TEMPORAL_ACTUAL_DIE_V1","DTL_TEMPORAL_POPULATION_V1"
"2026-02","February 2026",2,"DTL_EDGE_001","DTL_EDGE_001_D001","die_001",1,"EDGE","COND_HOT_HIGHV",85,1.1,"HIGH_VDD","T_INTERCONNECT_R","INTERCONNECT_RESISTANCE",19.09616062359958,"ohm","UPPER",15,"NOT_DEFINED",11,25,"NOT_UNIFORM","11.0,12.0,13.0,14.0,15.0,16.0,18.0,20.0,25.0","SYNTHETIC_ASSUMED","F",3.7514009296418127,"TESTER_A",20260115,"temporal_parametric_v1.0.0","DTL_TEMPORAL_PARAMETRIC_V1","DTL_TEMPORAL_ACTUAL_DIE_V1","DTL_TEMPORAL_POPULATION_V1"
"2026-02","February 2026",2,"DTL_EDGE_001","DTL_EDGE_001_D001","die_001",1,"EDGE","COND_HOT_HIGHV",85,1.1,"HIGH_VDD","T_ON_R","ON_RESISTANCE",29.684570631792905,"ohm","UPPER",25,"NOT_DEFINED",18,50,"NOT_UNIFORM","18.0,20.0,22.0,25.0,28.0,30.0,35.0,40.0,50.0","SYNTHETIC_ASSUMED","F",3.7514009296418127,"TESTER_A",20260115,"temporal_parametric_v1.0.0","DTL_TEMPORAL_PARAMETRIC_V1","DTL_TEMPORAL_ACTUAL_DIE_V1","DTL_TEMPORAL_POPULATION_V1"
"2026-02","February 2026",2,"DTL_EDGE_001","DTL_EDGE_001_D001","die_001",1,"EDGE","COND_HOT_HIGHV",85,1.1,"HIGH_VDD","T_VMIN","VMIN",0.9684194650654464,"V","UPPER",0.85,"NOT_DEFINED",0.75,1,"NOT_UNIFORM","0.75,0.78,0.8,0.82,0.85,0.88,0.9,0.92,0.95,1.0","SYNTHETIC_ASSUMED","F",3.7514009296418127,"TESTER_A",20260115,"temporal_parametric_v1.0.0","DTL_TEMPORAL_PARAMETRIC_V1","DTL_TEMPORAL_ACTUAL_DIE_V1","DTL_TEMPORAL_POPULATION_V1"
"2026-02","February 2026",2,"DTL_EDGE_001","DTL_EDGE_001_D001","die_001",1,"EDGE","COND_HOT_HIGHV",85,1.1,"HIGH_VDD","T_VMAX","VMAX",1.044327531672624,"V","LOWER",1.15,"NOT_DEFINED",1.05,1.25,"NOT_UNIFORM","1.05,1.08,1.1,1.12,1.15,1.18,1.2,1.22,1.25","SYNTHETIC_ASSUMED","F",3.7514009296418127,"TESTER_A",20260115,"temporal_parametric_v1.0.0","DTL_TEMPORAL_PARAMETRIC_V1","DTL_TEMPORAL_ACTUAL_DIE_V1","DTL_TEMPORAL_POPULATION_V1"
"2026-02","February 2026",2,"DTL_EDGE_001","DTL_EDGE_001_D001","die_001",1,"EDGE","COND_HOT_HIGHV",85,1.1,"HIGH_VDD","T_IDDQ","IDDQ",81.56712081766617,"uA","UPPER",50,"NOT_DEFINED",30,100,"NOT_UNIFORM","30.0,35.0,40.0,45.0,50.0,55.0,60.0,70.0,80.0,100.0","SYNTHETIC_ASSUMED","F",3.7514009296418127,"TESTER_A",20260115,"temporal_parametric_v1.0.0","DTL_TEMPORAL_PARAMETRIC_V1","DTL_TEMPORAL_ACTUAL_DIE_V1","DTL_TEMPORAL_POPULATION_V1"
"2026-02","February 2026",2,"DTL_EDGE_001","DTL_EDGE_001_D001","die_001",1,"EDGE","COND_HOT_HIGHV",85,1.1,"HIGH_VDD","T_SUPPLY_CURRENT","SUPPLY_CURRENT",136.03356242145148,"mA","UPPER",120,"NOT_DEFINED",90,200,"NOT_UNIFORM","90.0,100.0,110.0,120.0,130.0,140.0,150.0,170.0,200.0","SYNTHETIC_ASSUMED","F",3.7514009296418127,"TESTER_A",20260115,"temporal_parametric_v1.0.0","DTL_TEMPORAL_PARAMETRIC_V1","DTL_TEMPORAL_ACTUAL_DIE_V1","DTL_TEMPORAL_POPULATION_V1"
"2026-02","February 2026",2,"DTL_EDGE_001","DTL_EDGE_001_D002","die_002",2,"EDGE","COND_RT_NOM",25,1,"NOMINAL","T_CONTACT_R","CONTACT_RESISTANCE",5.814822272093245,"ohm","UPPER",5,"NOT_DEFINED",3.5,10,"NOT_UNIFORM","3.5,4.0,4.5,5.0,5.5,6.0,7.0,8.0,10.0","SYNTHETIC_ASSUMED","F",3.224367339219569,"TESTER_A",20260115,"temporal_parametric_v1.0.0","DTL_TEMPORAL_PARAMETRIC_V1","DTL_TEMPORAL_ACTUAL_DIE_V1","DTL_TEMPORAL_POPULATION_V1"
"2026-02","February 2026",2,"DTL_EDGE_001","DTL_EDGE_001_D002","die_002",2,"EDGE","COND_RT_NOM",25,1,"NOMINAL","T_INTERCONNECT_R","INTERCONNECT_RESISTANCE",16.451074652699234,"ohm","UPPER",15,"NOT_DEFINED",11,25,"NOT_UNIFORM","11.0,12.0,13.0,14.0,15.0,16.0,18.0,20.0,25.0","SYNTHETIC_ASSUMED","F",3.224367339219569,"TESTER_A",20260115,"temporal_parametric_v1.0.0","DTL_TEMPORAL_PARAMETRIC_V1","DTL_TEMPORAL_ACTUAL_DIE_V1","DTL_TEMPORAL_POPULATION_V1"
"2026-02","February 2026",2,"DTL_EDGE_001","DTL_EDGE_001_D002","die_002",2,"EDGE","COND_RT_NOM",25,1,"NOMINAL","T_ON_R","ON_RESISTANCE",27.7746891863604,"ohm","UPPER",25,"NOT_DEFINED",18,50,"NOT_UNIFORM","18.0,20.0,22.0,25.0,28.0,30.0,35.0,40.0,50.0","SYNTHETIC_ASSUMED","F",3.224367339219569,"TESTER_A",20260115,"temporal_parametric_v1.0.0","DTL_TEMPORAL_PARAMETRIC_V1","DTL_TEMPORAL_ACTUAL_DIE_V1","DTL_TEMPORAL_POPULATION_V1"
"2026-02","February 2026",2,"DTL_EDGE_001","DTL_EDGE_001_D002","die_002",2,"EDGE","COND_RT_NOM",25,1,"NOMINAL","T_VMIN","VMIN",1.0297813133289169,"V","UPPER",0.85,"NOT_DEFINED",0.75,1,"NOT_UNIFORM","0.75,0.78,0.8,0.82,0.85,0.88,0.9,0.92,0.95,1.0","SYNTHETIC_ASSUMED","F",3.224367339219569,"TESTER_A",20260115,"temporal_parametric_v1.0.0","DTL_TEMPORAL_PARAMETRIC_V1","DTL_TEMPORAL_ACTUAL_DIE_V1","DTL_TEMPORAL_POPULATION_V1"
"2026-02","February 2026",2,"DTL_EDGE_001","DTL_EDGE_001_D002","die_002",2,"EDGE","COND_RT_NOM",25,1,"NOMINAL","T_VMAX","VMAX",1.0568387105386583,"V","LOWER",1.15,"NOT_DEFINED",1.05,1.25,"NOT_UNIFORM","1.05,1.08,1.1,1.12,1.15,1.18,1.2,1.22,1.25","SYNTHETIC_ASSUMED","F",3.224367339219569,"TESTER_A",20260115,"temporal_parametric_v1.0.0","DTL_TEMPORAL_PARAMETRIC_V1","DTL_TEMPORAL_ACTUAL_DIE_V1","DTL_TEMPORAL_POPULATION_V1"
"2026-02","February 2026",2,"DTL_EDGE_001","DTL_EDGE_001_D002","die_002",2,"EDGE","COND_RT_NOM",25,1,"NOMINAL","T_IDDQ","IDDQ",52.85860753511405,"uA","UPPER",50,"NOT_DEFINED",30,100,"NOT_UNIFORM","30.0,35.0,40.0,45.0,50.0,55.0,60.0,70.0,80.0,100.0","SYNTHETIC_ASSUMED","F",3.224367339219569,"TESTER_A",20260115,"temporal_parametric_v1.0.0","DTL_TEMPORAL_PARAMETRIC_V1","DTL_TEMPORAL_ACTUAL_DIE_V1","DTL_TEMPORAL_POPULATION_V1"
"2026-02","February 2026",2,"DTL_EDGE_001","DTL_EDGE_001_D002","die_002",2,"EDGE","COND_RT_NOM",25,1,"NOMINAL","T_SUPPLY_CURRENT","SUPPLY_CURRENT",117.58209385246526,"mA","UPPER",120,"NOT_DEFINED",90,200,"NOT_UNIFORM","90.0,100.0,110.0,120.0,130.0,140.0,150.0,170.0,200.0","SYNTHETIC_ASSUMED","P",3.224367339219569,"TESTER_A",20260115,"temporal_parametric_v1.0.0","DTL_TEMPORAL_PARAMETRIC_V1","DTL_TEMPORAL_ACTUAL_DIE_V1","DTL_TEMPORAL_POPULATION_V1"
"2026-02","February 2026",2,"DTL_EDGE_001","DTL_EDGE_001_D002","die_002",2,"EDGE","COND_HOT_NOM",85,1,"HOT","T_CONTACT_R","CONTACT_RESISTANCE",6.427155480644221,"ohm","UPPER",5,"NOT_DEFINED",3.5,10,"NOT_UNIFORM","3.5,4.0,4.5,5.0,5.5,6.0,7.0,8.0,10.0","SYNTHETIC_ASSUMED","F",3.224367339219569,"TESTER_A",20260115,"temporal_parametric_v1.0.0","DTL_TEMPORAL_PARAMETRIC_V1","DTL_TEMPORAL_ACTUAL_DIE_V1","DTL_TEMPORAL_POPULATION_V1"
"2026-02","February 2026",2,"DTL_EDGE_001","DTL_EDGE_001_D002","die_002",2,"EDGE","COND_HOT_NOM",85,1,"HOT","T_INTERCONNECT_R","INTERCONNECT_RESISTANCE",15.21371859731779,"ohm","UPPER",15,"NOT_DEFINED",11,25,"NOT_UNIFORM","11.0,12.0,13.0,14.0,15.0,16.0,18.0,20.0,25.0","SYNTHETIC_ASSUMED","F",3.224367339219569,"TESTER_A",20260115,"temporal_parametric_v1.0.0","DTL_TEMPORAL_PARAMETRIC_V1","DTL_TEMPORAL_ACTUAL_DIE_V1","DTL_TEMPORAL_POPULATION_V1"
"2026-02","February 2026",2,"DTL_EDGE_001","DTL_EDGE_001_D002","die_002",2,"EDGE","COND_HOT_NOM",85,1,"HOT","T_ON_R","ON_RESISTANCE",27.89233680885626,"ohm","UPPER",25,"NOT_DEFINED",18,50,"NOT_UNIFORM","18.0,20.0,22.0,25.0,28.0,30.0,35.0,40.0,50.0","SYNTHETIC_ASSUMED","F",3.224367339219569,"TESTER_A",20260115,"temporal_parametric_v1.0.0","DTL_TEMPORAL_PARAMETRIC_V1","DTL_TEMPORAL_ACTUAL_DIE_V1","DTL_TEMPORAL_POPULATION_V1"
"2026-02","February 2026",2,"DTL_EDGE_001","DTL_EDGE_001_D002","die_002",2,"EDGE","COND_HOT_NOM",85,1,"HOT","T_VMIN","VMIN",0.9365858868573445,"V","UPPER",0.85,"NOT_DEFINED",0.75,1,"NOT_UNIFORM","0.75,0.78,0.8,0.82,0.85,0.88,0.9,0.92,0.95,1.0","SYNTHETIC_ASSUMED","F",3.224367339219569,"TESTER_A",20260115,"temporal_parametric_v1.0.0","DTL_TEMPORAL_PARAMETRIC_V1","DTL_TEMPORAL_ACTUAL_DIE_V1","DTL_TEMPORAL_POPULATION_V1"
"2026-02","February 2026",2,"DTL_EDGE_001","DTL_EDGE_001_D002","die_002",2,"EDGE","COND_HOT_NOM",85,1,"HOT","T_VMAX","VMAX",1.015154381087484,"V","LOWER",1.15,"NOT_DEFINED",1.05,1.25,"NOT_UNIFORM","1.05,1.08,1.1,1.12,1.15,1.18,1.2,1.22,1.25","SYNTHETIC_ASSUMED","F",3.224367339219569,"TESTER_A",20260115,"temporal_parametric_v1.0.0","DTL_TEMPORAL_PARAMETRIC_V1","DTL_TEMPORAL_ACTUAL_DIE_V1","DTL_TEMPORAL_POPULATION_V1"
"2026-02","February 2026",2,"DTL_EDGE_001","DTL_EDGE_001_D002","die_002",2,"EDGE","COND_HOT_NOM",85,1,"HOT","T_IDDQ","IDDQ",72.61988480844332,"uA","UPPER",50,"NOT_DEFINED",30,100,"NOT_UNIFORM","30.0,35.0,40.0,45.0,50.0,55.0,60.0,70.0,80.0,100.0","SYNTHETIC_ASSUMED","F",3.224367339219569,"TESTER_A",20260115,"temporal_parametric_v1.0.0","DTL_TEMPORAL_PARAMETRIC_V1","DTL_TEMPORAL_ACTUAL_DIE_V1","DTL_TEMPORAL_POPULATION_V1"
"2026-02","February 2026",2,"DTL_EDGE_001","DTL_EDGE_001_D002","die_002",2,"EDGE","COND_HOT_NOM",85,1,"HOT","T_SUPPLY_CURRENT","SUPPLY_CURRENT",139.5816674649321,"mA","UPPER",120,"NOT_DEFINED",90,200,"NOT_UNIFORM","90.0,100.0,110.0,120.0,130.0,140.0,150.0,170.0,200.0","SYNTHETIC_ASSUMED","F",3.224367339219569,"TESTER_A",20260115,"temporal_parametric_v1.0.0","DTL_TEMPORAL_PARAMETRIC_V1","DTL_TEMPORAL_ACTUAL_DIE_V1","DTL_TEMPORAL_POPULATION_V1"
"2026-02","February 2026",2,"DTL_EDGE_001","DTL_EDGE_001_D002","die_002",2,"EDGE","COND_RT_LOWV",25,0.9,"LOW_VDD","T_CONTACT_R","CONTACT_RESISTANCE",6.186459255370901,"ohm","UPPER",5,"NOT_DEFINED",3.5,10,"NOT_UNIFORM","3.5,4.0,4.5,5.0,5.5,6.0,7.0,8.0,10.0","SYNTHETIC_ASSUMED","F",3.224367339219569,"TESTER_A",20260115,"temporal_parametric_v1.0.0","DTL_TEMPORAL_PARAMETRIC_V1","DTL_TEMPORAL_ACTUAL_DIE_V1","DTL_TEMPORAL_POPULATION_V1"
"2026-02","February 2026",2,"DTL_EDGE_001","DTL_EDGE_001_D002","die_002",2,"EDGE","COND_RT_LOWV",25,0.9,"LOW_VDD","T_INTERCONNECT_R","INTERCONNECT_RESISTANCE",15.966485249280892,"ohm","UPPER",15,"NOT_DEFINED",11,25,"NOT_UNIFORM","11.0,12.0,13.0,14.0,15.0,16.0,18.0,20.0,25.0","SYNTHETIC_ASSUMED","F",3.224367339219569,"TESTER_A",20260115,"temporal_parametric_v1.0.0","DTL_TEMPORAL_PARAMETRIC_V1","DTL_TEMPORAL_ACTUAL_DIE_V1","DTL_TEMPORAL_POPULATION_V1"
"2026-02","February 2026",2,"DTL_EDGE_001","DTL_EDGE_001_D002","die_002",2,"EDGE","COND_RT_LOWV",25,0.9,"LOW_VDD","T_ON_R","ON_RESISTANCE",28.03524315947937,"ohm","UPPER",25,"NOT_DEFINED",18,50,"NOT_UNIFORM","18.0,20.0,22.0,25.0,28.0,30.0,35.0,40.0,50.0","SYNTHETIC_ASSUMED","F",3.224367339219569,"TESTER_A",20260115,"temporal_parametric_v1.0.0","DTL_TEMPORAL_PARAMETRIC_V1","DTL_TEMPORAL_ACTUAL_DIE_V1","DTL_TEMPORAL_POPULATION_V1"
"2026-02","February 2026",2,"DTL_EDGE_001","DTL_EDGE_001_D002","die_002",2,"EDGE","COND_RT_LOWV",25,0.9,"LOW_VDD","T_VMIN","VMIN",0.992965350057512,"V","UPPER",0.85,"NOT_DEFINED",0.75,1,"NOT_UNIFORM","0.75,0.78,0.8,0.82,0.85,0.88,0.9,0.92,0.95,1.0","SYNTHETIC_ASSUMED","F",3.224367339219569,"TESTER_A",20260115,"temporal_parametric_v1.0.0","DTL_TEMPORAL_PARAMETRIC_V1","DTL_TEMPORAL_ACTUAL_DIE_V1","DTL_TEMPORAL_POPULATION_V1"
"2026-02","February 2026",2,"DTL_EDGE_001","DTL_EDGE_001_D002","die_002",2,"EDGE","COND_RT_LOWV",25,0.9,"LOW_VDD","T_VMAX","VMAX",1.039764676750503,"V","LOWER",1.15,"NOT_DEFINED",1.05,1.25,"NOT_UNIFORM","1.05,1.08,1.1,1.12,1.15,1.18,1.2,1.22,1.25","SYNTHETIC_ASSUMED","F",3.224367339219569,"TESTER_A",20260115,"temporal_parametric_v1.0.0","DTL_TEMPORAL_PARAMETRIC_V1","DTL_TEMPORAL_ACTUAL_DIE_V1","DTL_TEMPORAL_POPULATION_V1"
"2026-02","February 2026",2,"DTL_EDGE_001","DTL_EDGE_001_D002","die_002",2,"EDGE","COND_RT_LOWV",25,0.9,"LOW_VDD","T_IDDQ","IDDQ",62.494533900639226,"uA","UPPER",50,"NOT_DEFINED",30,100,"NOT_UNIFORM","30.0,35.0,40.0,45.0,50.0,55.0,60.0,70.0,80.0,100.0","SYNTHETIC_ASSUMED","F",3.224367339219569,"TESTER_A",20260115,"temporal_parametric_v1.0.0","DTL_TEMPORAL_PARAMETRIC_V1","DTL_TEMPORAL_ACTUAL_DIE_V1","DTL_TEMPORAL_POPULATION_V1"
"2026-02","February 2026",2,"DTL_EDGE_001","DTL_EDGE_001_D002","die_002",2,"EDGE","COND_RT_LOWV",25,0.9,"LOW_VDD","T_SUPPLY_CURRENT","SUPPLY_CURRENT",123.46307989483648,"mA","UPPER",120,"NOT_DEFINED",90,200,"NOT_UNIFORM","90.0,100.0,110.0,120.0,130.0,140.0,150.0,170.0,200.0","SYNTHETIC_ASSUMED","F",3.224367339219569,"TESTER_A",20260115,"temporal_parametric_v1.0.0","DTL_TEMPORAL_PARAMETRIC_V1","DTL_TEMPORAL_ACTUAL_DIE_V1","DTL_TEMPORAL_POPULATION_V1"
"2026-02","February 2026",2,"DTL_EDGE_001","DTL_EDGE_001_D002","die_002",2,"EDGE","COND_HOT_HIGHV",85,1.1,"HIGH_VDD","T_CONTACT_R","CONTACT_RESISTANCE",5.323053582120035,"ohm","UPPER",5,"NOT_DEFINED",3.5,10,"NOT_UNIFORM","3.5,4.0,4.5,5.0,5.5,6.0,7.0,8.0,10.0","SYNTHETIC_ASSUMED","F",3.224367339219569,"TESTER_A",20260115,"temporal_parametric_v1.0.0","DTL_TEMPORAL_PARAMETRIC_V1","DTL_TEMPORAL_ACTUAL_DIE_V1","DTL_TEMPORAL_POPULATION_V1"
"2026-02","February 2026",2,"DTL_EDGE_001","DTL_EDGE_001_D002","die_002",2,"EDGE","COND_HOT_HIGHV",85,1.1,"HIGH_VDD","T_INTERCONNECT_R","INTERCONNECT_RESISTANCE",16.517248733643004,"ohm","UPPER",15,"NOT_DEFINED",11,25,"NOT_UNIFORM","11.0,12.0,13.0,14.0,15.0,16.0,18.0,20.0,25.0","SYNTHETIC_ASSUMED","F",3.224367339219569,"TESTER_A",20260115,"temporal_parametric_v1.0.0","DTL_TEMPORAL_PARAMETRIC_V1","DTL_TEMPORAL_ACTUAL_DIE_V1","DTL_TEMPORAL_POPULATION_V1"
"2026-02","February 2026",2,"DTL_EDGE_001","DTL_EDGE_001_D002","die_002",2,"EDGE","COND_HOT_HIGHV",85,1.1,"HIGH_VDD","T_ON_R","ON_RESISTANCE",28.994407212287445,"ohm","UPPER",25,"NOT_DEFINED",18,50,"NOT_UNIFORM","18.0,20.0,22.0,25.0,28.0,30.0,35.0,40.0,50.0","SYNTHETIC_ASSUMED","F",3.224367339219569,"TESTER_A",20260115,"temporal_parametric_v1.0.0","DTL_TEMPORAL_PARAMETRIC_V1","DTL_TEMPORAL_ACTUAL_DIE_V1","DTL_TEMPORAL_POPULATION_V1"
"2026-02","February 2026",2,"DTL_EDGE_001","DTL_EDGE_001_D002","die_002",2,"EDGE","COND_HOT_HIGHV",85,1.1,"HIGH_VDD","T_VMIN","VMIN",0.917844881457246,"V","UPPER",0.85,"NOT_DEFINED",0.75,1,"NOT_UNIFORM","0.75,0.78,0.8,0.82,0.85,0.88,0.9,0.92,0.95,1.0","SYNTHETIC_ASSUMED","F",3.224367339219569,"TESTER_A",20260115,"temporal_parametric_v1.0.0","DTL_TEMPORAL_PARAMETRIC_V1","DTL_TEMPORAL_ACTUAL_DIE_V1","DTL_TEMPORAL_POPULATION_V1"
"2026-02","February 2026",2,"DTL_EDGE_001","DTL_EDGE_001_D002","die_002",2,"EDGE","COND_HOT_HIGHV",85,1.1,"HIGH_VDD","T_VMAX","VMAX",1.0741653741064612,"V","LOWER",1.15,"NOT_DEFINED",1.05,1.25,"NOT_UNIFORM","1.05,1.08,1.1,1.12,1.15,1.18,1.2,1.22,1.25","SYNTHETIC_ASSUMED","F",3.224367339219569,"TESTER_A",20260115,"temporal_parametric_v1.0.0","DTL_TEMPORAL_PARAMETRIC_V1","DTL_TEMPORAL_ACTUAL_DIE_V1","DTL_TEMPORAL_POPULATION_V1"
"2026-02","February 2026",2,"DTL_EDGE_001","DTL_EDGE_001_D002","die_002",2,"EDGE","COND_HOT_HIGHV",85,1.1,"HIGH_VDD","T_IDDQ","IDDQ",74.43981136846604,"uA","UPPER",50,"NOT_DEFINED",30,100,"NOT_UNIFORM","30.0,35.0,40.0,45.0,50.0,55.0,60.0,70.0,80.0,100.0","SYNTHETIC_ASSUMED","F",3.224367339219569,"TESTER_A",20260115,"temporal_parametric_v1.0.0","DTL_TEMPORAL_PARAMETRIC_V1","DTL_TEMPORAL_ACTUAL_DIE_V1","DTL_TEMPORAL_POPULATION_V1"
"2026-02","February 2026",2,"DTL_EDGE_001","DTL_EDGE_001_D002","die_002",2,"EDGE","COND_HOT_HIGHV",85,1.1,"HIGH_VDD","T_SUPPLY_CURRENT","SUPPLY_CURRENT",119.53058797736064,"mA","UPPER",120,"NOT_DEFINED",90,200,"NOT_UNIFORM","90.0,100.0,110.0,120.0,130.0,140.0,150.0,170.0,200.0","SYNTHETIC_ASSUMED","P",3.224367339219569,"TESTER_A",20260115,"temporal_parametric_v1.0.0","DTL_TEMPORAL_PARAMETRIC_V1","DTL_TEMPORAL_ACTUAL_DIE_V1","DTL_TEMPORAL_POPULATION_V1"
"2026-02","February 2026",2,"DTL_EDGE_001","DTL_EDGE_001_D003","die_003",3,"EDGE","COND_RT_NOM",25,1,"NOMINAL","T_CONTACT_R","CONTACT_RESISTANCE",5.504378987742459,"ohm","UPPER",5,"NOT_DEFINED",3.5,10,"NOT_UNIFORM","3.5,4.0,4.5,5.0,5.5,6.0,7.0,8.0,10.0","SYNTHETIC_ASSUMED","F",3.602801902614276,"TESTER_A",20260115,"temporal_parametric_v1.0.0","DTL_TEMPORAL_PARAMETRIC_V1","DTL_TEMPORAL_ACTUAL_DIE_V1","DTL_TEMPORAL_POPULATION_V1"
"2026-02","February 2026",2,"DTL_EDGE_001","DTL_EDGE_001_D003","die_003",3,"EDGE","COND_RT_NOM",25,1,"NOMINAL","T_INTERCONNECT_R","INTERCONNECT_RESISTANCE",17.40268116131311,"ohm","UPPER",15,"NOT_DEFINED",11,25,"NOT_UNIFORM","11.0,12.0,13.0,14.0,15.0,16.0,18.0,20.0,25.0","SYNTHETIC_ASSUMED","F",3.602801902614276,"TESTER_A",20260115,"temporal_parametric_v1.0.0","DTL_TEMPORAL_PARAMETRIC_V1","DTL_TEMPORAL_ACTUAL_DIE_V1","DTL_TEMPORAL_POPULATION_V1"
"2026-02","February 2026",2,"DTL_EDGE_001","DTL_EDGE_001_D003","die_003",3,"EDGE","COND_RT_NOM",25,1,"NOMINAL","T_ON_R","ON_RESISTANCE",31.16223830815096,"ohm","UPPER",25,"NOT_DEFINED",18,50,"NOT_UNIFORM","18.0,20.0,22.0,25.0,28.0,30.0,35.0,40.0,50.0","SYNTHETIC_ASSUMED","F",3.602801902614276,"TESTER_A",20260115,"temporal_parametric_v1.0.0","DTL_TEMPORAL_PARAMETRIC_V1","DTL_TEMPORAL_ACTUAL_DIE_V1","DTL_TEMPORAL_POPULATION_V1"
"2026-02","February 2026",2,"DTL_EDGE_001","DTL_EDGE_001_D003","die_003",3,"EDGE","COND_RT_NOM",25,1,"NOMINAL","T_VMIN","VMIN",0.9300544437620826,"V","UPPER",0.85,"NOT_DEFINED",0.75,1,"NOT_UNIFORM","0.75,0.78,0.8,0.82,0.85,0.88,0.9,0.92,0.95,1.0","SYNTHETIC_ASSUMED","F",3.602801902614276,"TESTER_A",20260115,"temporal_parametric_v1.0.0","DTL_TEMPORAL_PARAMETRIC_V1","DTL_TEMPORAL_ACTUAL_DIE_V1","DTL_TEMPORAL_POPULATION_V1"
"2026-02","February 2026",2,"DTL_EDGE_001","DTL_EDGE_001_D003","die_003",3,"EDGE","COND_RT_NOM",25,1,"NOMINAL","T_VMAX","VMAX",1.056158223292697,"V","LOWER",1.15,"NOT_DEFINED",1.05,1.25,"NOT_UNIFORM","1.05,1.08,1.1,1.12,1.15,1.18,1.2,1.22,1.25","SYNTHETIC_ASSUMED","F",3.602801902614276,"TESTER_A",20260115,"temporal_parametric_v1.0.0","DTL_TEMPORAL_PARAMETRIC_V1","DTL_TEMPORAL_ACTUAL_DIE_V1","DTL_TEMPORAL_POPULATION_V1"
"2026-02","February 2026",2,"DTL_EDGE_001","DTL_EDGE_001_D003","die_003",3,"EDGE","COND_RT_NOM",25,1,"NOMINAL","T_IDDQ","IDDQ",62.96099851969311,"uA","UPPER",50,"NOT_DEFINED",30,100,"NOT_UNIFORM","30.0,35.0,40.0,45.0,50.0,55.0,60.0,70.0,80.0,100.0","SYNTHETIC_ASSUMED","F",3.602801902614276,"TESTER_A",20260115,"temporal_parametric_v1.0.0","DTL_TEMPORAL_PARAMETRIC_V1","DTL_TEMPORAL_ACTUAL_DIE_V1","DTL_TEMPORAL_POPULATION_V1"
"2026-02","February 2026",2,"DTL_EDGE_001","DTL_EDGE_001_D003","die_003",3,"EDGE","COND_RT_NOM",25,1,"NOMINAL","T_SUPPLY_CURRENT","SUPPLY_CURRENT",125.76727676722516,"mA","UPPER",120,"NOT_DEFINED",90,200,"NOT_UNIFORM","90.0,100.0,110.0,120.0,130.0,140.0,150.0,170.0,200.0","SYNTHETIC_ASSUMED","F",3.602801902614276,"TESTER_A",20260115,"temporal_parametric_v1.0.0","DTL_TEMPORAL_PARAMETRIC_V1","DTL_TEMPORAL_ACTUAL_DIE_V1","DTL_TEMPORAL_POPULATION_V1"
"2026-02","February 2026",2,"DTL_EDGE_001","DTL_EDGE_001_D003","die_003",3,"EDGE","COND_HOT_NOM",85,1,"HOT","T_CONTACT_R","CONTACT_RESISTANCE",6.527914947631745,"ohm","UPPER",5,"NOT_DEFINED",3.5,10,"NOT_UNIFORM","3.5,4.0,4.5,5.0,5.5,6.0,7.0,8.0,10.0","SYNTHETIC_ASSUMED","F",3.602801902614276,"TESTER_A",20260115,"temporal_parametric_v1.0.0","DTL_TEMPORAL_PARAMETRIC_V1","DTL_TEMPORAL_ACTUAL_DIE_V1","DTL_TEMPORAL_POPULATION_V1"
"2026-02","February 2026",2,"DTL_EDGE_001","DTL_EDGE_001_D003","die_003",3,"EDGE","COND_HOT_NOM",85,1,"HOT","T_INTERCONNECT_R","INTERCONNECT_RESISTANCE",16.406974340339602,"ohm","UPPER",15,"NOT_DEFINED",11,25,"NOT_UNIFORM","11.0,12.0,13.0,14.0,15.0,16.0,18.0,20.0,25.0","SYNTHETIC_ASSUMED","F",3.602801902614276,"TESTER_A",20260115,"temporal_parametric_v1.0.0","DTL_TEMPORAL_PARAMETRIC_V1","DTL_TEMPORAL_ACTUAL_DIE_V1","DTL_TEMPORAL_POPULATION_V1"
"2026-02","February 2026",2,"DTL_EDGE_001","DTL_EDGE_001_D003","die_003",3,"EDGE","COND_HOT_NOM",85,1,"HOT","T_ON_R","ON_RESISTANCE",31.696690473524555,"ohm","UPPER",25,"NOT_DEFINED",18,50,"NOT_UNIFORM","18.0,20.0,22.0,25.0,28.0,30.0,35.0,40.0,50.0","SYNTHETIC_ASSUMED","F",3.602801902614276,"TESTER_A",20260115,"temporal_parametric_v1.0.0","DTL_TEMPORAL_PARAMETRIC_V1","DTL_TEMPORAL_ACTUAL_DIE_V1","DTL_TEMPORAL_POPULATION_V1"
"2026-02","February 2026",2,"DTL_EDGE_001","DTL_EDGE_001_D003","die_003",3,"EDGE","COND_HOT_NOM",85,1,"HOT","T_VMIN","VMIN",0.9742591155684786,"V","UPPER",0.85,"NOT_DEFINED",0.75,1,"NOT_UNIFORM","0.75,0.78,0.8,0.82,0.85,0.88,0.9,0.92,0.95,1.0","SYNTHETIC_ASSUMED","F",3.602801902614276,"TESTER_A",20260115,"temporal_parametric_v1.0.0","DTL_TEMPORAL_PARAMETRIC_V1","DTL_TEMPORAL_ACTUAL_DIE_V1","DTL_TEMPORAL_POPULATION_V1"
"2026-02","February 2026",2,"DTL_EDGE_001","DTL_EDGE_001_D003","die_003",3,"EDGE","COND_HOT_NOM",85,1,"HOT","T_VMAX","VMAX",1.1197555844459726,"V","LOWER",1.15,"NOT_DEFINED",1.05,1.25,"NOT_UNIFORM","1.05,1.08,1.1,1.12,1.15,1.18,1.2,1.22,1.25","SYNTHETIC_ASSUMED","F",3.602801902614276,"TESTER_A",20260115,"temporal_parametric_v1.0.0","DTL_TEMPORAL_PARAMETRIC_V1","DTL_TEMPORAL_ACTUAL_DIE_V1","DTL_TEMPORAL_POPULATION_V1"
"2026-02","February 2026",2,"DTL_EDGE_001","DTL_EDGE_001_D003","die_003",3,"EDGE","COND_HOT_NOM",85,1,"HOT","T_IDDQ","IDDQ",75.17433991557364,"uA","UPPER",50,"NOT_DEFINED",30,100,"NOT_UNIFORM","30.0,35.0,40.0,45.0,50.0,55.0,60.0,70.0,80.0,100.0","SYNTHETIC_ASSUMED","F",3.602801902614276,"TESTER_A",20260115,"temporal_parametric_v1.0.0","DTL_TEMPORAL_PARAMETRIC_V1","DTL_TEMPORAL_ACTUAL_DIE_V1","DTL_TEMPORAL_POPULATION_V1"
"2026-02","February 2026",2,"DTL_EDGE_001","DTL_EDGE_001_D003","die_003",3,"EDGE","COND_HOT_NOM",85,1,"HOT","T_SUPPLY_CURRENT","SUPPLY_CURRENT",135.23487563677622,"mA","UPPER",120,"NOT_DEFINED",90,200,"NOT_UNIFORM","90.0,100.0,110.0,120.0,130.0,140.0,150.0,170.0,200.0","SYNTHETIC_ASSUMED","F",3.602801902614276,"TESTER_A",20260115,"temporal_parametric_v1.0.0","DTL_TEMPORAL_PARAMETRIC_V1","DTL_TEMPORAL_ACTUAL_DIE_V1","DTL_TEMPORAL_POPULATION_V1"
"2026-02","February 2026",2,"DTL_EDGE_001","DTL_EDGE_001_D003","die_003",3,"EDGE","COND_RT_LOWV",25,0.9,"LOW_VDD","T_CONTACT_R","CONTACT_RESISTANCE",5.986222572559626,"ohm","UPPER",5,"NOT_DEFINED",3.5,10,"NOT_UNIFORM","3.5,4.0,4.5,5.0,5.5,6.0,7.0,8.0,10.0","SYNTHETIC_ASSUMED","F",3.602801902614276,"TESTER_A",20260115,"temporal_parametric_v1.0.0","DTL_TEMPORAL_PARAMETRIC_V1","DTL_TEMPORAL_ACTUAL_DIE_V1","DTL_TEMPORAL_POPULATION_V1"
"2026-02","February 2026",2,"DTL_EDGE_001","DTL_EDGE_001_D003","die_003",3,"EDGE","COND_RT_LOWV",25,0.9,"LOW_VDD","T_INTERCONNECT_R","INTERCONNECT_RESISTANCE",17.81034103788634,"ohm","UPPER",15,"NOT_DEFINED",11,25,"NOT_UNIFORM","11.0,12.0,13.0,14.0,15.0,16.0,18.0,20.0,25.0","SYNTHETIC_ASSUMED","F",3.602801902614276,"TESTER_A",20260115,"temporal_parametric_v1.0.0","DTL_TEMPORAL_PARAMETRIC_V1","DTL_TEMPORAL_ACTUAL_DIE_V1","DTL_TEMPORAL_POPULATION_V1"
"2026-02","February 2026",2,"DTL_EDGE_001","DTL_EDGE_001_D003","die_003",3,"EDGE","COND_RT_LOWV",25,0.9,"LOW_VDD","T_ON_R","ON_RESISTANCE",28.709863430276577,"ohm","UPPER",25,"NOT_DEFINED",18,50,"NOT_UNIFORM","18.0,20.0,22.0,25.0,28.0,30.0,35.0,40.0,50.0","SYNTHETIC_ASSUMED","F",3.602801902614276,"TESTER_A",20260115,"temporal_parametric_v1.0.0","DTL_TEMPORAL_PARAMETRIC_V1","DTL_TEMPORAL_ACTUAL_DIE_V1","DTL_TEMPORAL_POPULATION_V1"
"2026-02","February 2026",2,"DTL_EDGE_001","DTL_EDGE_001_D003","die_003",3,"EDGE","COND_RT_LOWV",25,0.9,"LOW_VDD","T_VMIN","VMIN",0.9804640362839874,"V","UPPER",0.85,"NOT_DEFINED",0.75,1,"NOT_UNIFORM","0.75,0.78,0.8,0.82,0.85,0.88,0.9,0.92,0.95,1.0","SYNTHETIC_ASSUMED","F",3.602801902614276,"TESTER_A",20260115,"temporal_parametric_v1.0.0","DTL_TEMPORAL_PARAMETRIC_V1","DTL_TEMPORAL_ACTUAL_DIE_V1","DTL_TEMPORAL_POPULATION_V1"
"2026-02","February 2026",2,"DTL_EDGE_001","DTL_EDGE_001_D003","die_003",3,"EDGE","COND_RT_LOWV",25,0.9,"LOW_VDD","T_VMAX","VMAX",1.0129621807680156,"V","LOWER",1.15,"NOT_DEFINED",1.05,1.25,"NOT_UNIFORM","1.05,1.08,1.1,1.12,1.15,1.18,1.2,1.22,1.25","SYNTHETIC_ASSUMED","F",3.602801902614276,"TESTER_A",20260115,"temporal_parametric_v1.0.0","DTL_TEMPORAL_PARAMETRIC_V1","DTL_TEMPORAL_ACTUAL_DIE_V1","DTL_TEMPORAL_POPULATION_V1"
"2026-02","February 2026",2,"DTL_EDGE_001","DTL_EDGE_001_D003","die_003",3,"EDGE","COND_RT_LOWV",25,0.9,"LOW_VDD","T_IDDQ","IDDQ",63.67525425793663,"uA","UPPER",50,"NOT_DEFINED",30,100,"NOT_UNIFORM","30.0,35.0,40.0,45.0,50.0,55.0,60.0,70.0,80.0,100.0","SYNTHETIC_ASSUMED","F",3.602801902614276,"TESTER_A",20260115,"temporal_parametric_v1.0.0","DTL_TEMPORAL_PARAMETRIC_V1","DTL_TEMPORAL_ACTUAL_DIE_V1","DTL_TEMPORAL_POPULATION_V1"
"2026-02","February 2026",2,"DTL_EDGE_001","DTL_EDGE_001_D003","die_003",3,"EDGE","COND_RT_LOWV",25,0.9,"LOW_VDD","T_SUPPLY_CURRENT","SUPPLY_CURRENT",126.72359493139132,"mA","UPPER",120,"NOT_DEFINED",90,200,"NOT_UNIFORM","90.0,100.0,110.0,120.0,130.0,140.0,150.0,170.0,200.0","SYNTHETIC_ASSUMED","F",3.602801902614276,"TESTER_A",20260115,"temporal_parametric_v1.0.0","DTL_TEMPORAL_PARAMETRIC_V1","DTL_TEMPORAL_ACTUAL_DIE_V1","DTL_TEMPORAL_POPULATION_V1"
"2026-02","February 2026",2,"DTL_EDGE_001","DTL_EDGE_001_D003","die_003",3,"EDGE","COND_HOT_HIGHV",85,1.1,"HIGH_VDD","T_CONTACT_R","CONTACT_RESISTANCE",7.03807620710394,"ohm","UPPER",5,"NOT_DEFINED",3.5,10,"NOT_UNIFORM","3.5,4.0,4.5,5.0,5.5,6.0,7.0,8.0,10.0","SYNTHETIC_ASSUMED","F",3.602801902614276,"TESTER_A",20260115,"temporal_parametric_v1.0.0","DTL_TEMPORAL_PARAMETRIC_V1","DTL_TEMPORAL_ACTUAL_DIE_V1","DTL_TEMPORAL_POPULATION_V1"
"2026-02","February 2026",2,"DTL_EDGE_001","DTL_EDGE_001_D003","die_003",3,"EDGE","COND_HOT_HIGHV",85,1.1,"HIGH_VDD","T_INTERCONNECT_R","INTERCONNECT_RESISTANCE",19.447360346777405,"ohm","UPPER",15,"NOT_DEFINED",11,25,"NOT_UNIFORM","11.0,12.0,13.0,14.0,15.0,16.0,18.0,20.0,25.0","SYNTHETIC_ASSUMED","F",3.602801902614276,"TESTER_A",20260115,"temporal_parametric_v1.0.0","DTL_TEMPORAL_PARAMETRIC_V1","DTL_TEMPORAL_ACTUAL_DIE_V1","DTL_TEMPORAL_POPULATION_V1"
"2026-02","February 2026",2,"DTL_EDGE_001","DTL_EDGE_001_D003","die_003",3,"EDGE","COND_HOT_HIGHV",85,1.1,"HIGH_VDD","T_ON_R","ON_RESISTANCE",28.27199595722349,"ohm","UPPER",25,"NOT_DEFINED",18,50,"NOT_UNIFORM","18.0,20.0,22.0,25.0,28.0,30.0,35.0,40.0,50.0","SYNTHETIC_ASSUMED","F",3.602801902614276,"TESTER_A",20260115,"temporal_parametric_v1.0.0","DTL_TEMPORAL_PARAMETRIC_V1","DTL_TEMPORAL_ACTUAL_DIE_V1","DTL_TEMPORAL_POPULATION_V1"
"2026-02","February 2026",2,"DTL_EDGE_001","DTL_EDGE_001_D003","die_003",3,"EDGE","COND_HOT_HIGHV",85,1.1,"HIGH_VDD","T_VMIN","VMIN",0.9973657733873812,"V","UPPER",0.85,"NOT_DEFINED",0.75,1,"NOT_UNIFORM","0.75,0.78,0.8,0.82,0.85,0.88,0.9,0.92,0.95,1.0","SYNTHETIC_ASSUMED","F",3.602801902614276,"TESTER_A",20260115,"temporal_parametric_v1.0.0","DTL_TEMPORAL_PARAMETRIC_V1","DTL_TEMPORAL_ACTUAL_DIE_V1","DTL_TEMPORAL_POPULATION_V1"
"2026-02","February 2026",2,"DTL_EDGE_001","DTL_EDGE_001_D003","die_003",3,"EDGE","COND_HOT_HIGHV",85,1.1,"HIGH_VDD","T_VMAX","VMAX",1.0389250312575444,"V","LOWER",1.15,"NOT_DEFINED",1.05,1.25,"NOT_UNIFORM","1.05,1.08,1.1,1.12,1.15,1.18,1.2,1.22,1.25","SYNTHETIC_ASSUMED","F",3.602801902614276,"TESTER_A",20260115,"temporal_parametric_v1.0.0","DTL_TEMPORAL_PARAMETRIC_V1","DTL_TEMPORAL_ACTUAL_DIE_V1","DTL_TEMPORAL_POPULATION_V1"
"2026-02","February 2026",2,"DTL_EDGE_001","DTL_EDGE_001_D003","die_003",3,"EDGE","COND_HOT_HIGHV",85,1.1,"HIGH_VDD","T_IDDQ","IDDQ",83.89484526323926,"uA","UPPER",50,"NOT_DEFINED",30,100,"NOT_UNIFORM","30.0,35.0,40.0,45.0,50.0,55.0,60.0,70.0,80.0,100.0","SYNTHETIC_ASSUMED","F",3.602801902614276,"TESTER_A",20260115,"temporal_parametric_v1.0.0","DTL_TEMPORAL_PARAMETRIC_V1","DTL_TEMPORAL_ACTUAL_DIE_V1","DTL_TEMPORAL_POPULATION_V1"
"2026-02","February 2026",2,"DTL_EDGE_001","DTL_EDGE_001_D003","die_003",3,"EDGE","COND_HOT_HIGHV",85,1.1,"HIGH_VDD","T_SUPPLY_CURRENT","SUPPLY_CURRENT",146.92370776306993,"mA","UPPER",120,"NOT_DEFINED",90,200,"NOT_UNIFORM","90.0,100.0,110.0,120.0,130.0,140.0,150.0,170.0,200.0","SYNTHETIC_ASSUMED","F",3.602801902614276,"TESTER_A",20260115,"temporal_parametric_v1.0.0","DTL_TEMPORAL_PARAMETRIC_V1","DTL_TEMPORAL_ACTUAL_DIE_V1","DTL_TEMPORAL_POPULATION_V1"
"2026-02","February 2026",2,"DTL_EDGE_002","DTL_EDGE_002_D001","die_001",1,"EDGE","COND_RT_NOM",25,1,"NOMINAL","T_CONTACT_R","CONTACT_RESISTANCE",5.597671880756256,"ohm","UPPER",5,"NOT_DEFINED",3.5,10,"NOT_UNIFORM","3.5,4.0,4.5,5.0,5.5,6.0,7.0,8.0,10.0","SYNTHETIC_ASSUMED","F",2.799534756619411,"TESTER_A",20260115,"temporal_parametric_v1.0.0","DTL_TEMPORAL_PARAMETRIC_V1","DTL_TEMPORAL_ACTUAL_DIE_V1","DTL_TEMPORAL_POPULATION_V1"
"2026-02","February 2026",2,"DTL_EDGE_002","DTL_EDGE_002_D001","die_001",1,"EDGE","COND_RT_NOM",25,1,"NOMINAL","T_INTERCONNECT_R","INTERCONNECT_RESISTANCE",16.783663243150098,"ohm","UPPER",15,"NOT_DEFINED",11,25,"NOT_UNIFORM","11.0,12.0,13.0,14.0,15.0,16.0,18.0,20.0,25.0","SYNTHETIC_ASSUMED","F",2.799534756619411,"TESTER_A",20260115,"temporal_parametric_v1.0.0","DTL_TEMPORAL_PARAMETRIC_V1","DTL_TEMPORAL_ACTUAL_DIE_V1","DTL_TEMPORAL_POPULATION_V1"
"2026-02","February 2026",2,"DTL_EDGE_002","DTL_EDGE_002_D001","die_001",1,"EDGE","COND_RT_NOM",25,1,"NOMINAL","T_ON_R","ON_RESISTANCE",26.9861523228536,"ohm","UPPER",25,"NOT_DEFINED",18,50,"NOT_UNIFORM","18.0,20.0,22.0,25.0,28.0,30.0,35.0,40.0,50.0","SYNTHETIC_ASSUMED","F",2.799534756619411,"TESTER_A",20260115,"temporal_parametric_v1.0.0","DTL_TEMPORAL_PARAMETRIC_V1","DTL_TEMPORAL_ACTUAL_DIE_V1","DTL_TEMPORAL_POPULATION_V1"
"2026-02","February 2026",2,"DTL_EDGE_002","DTL_EDGE_002_D001","die_001",1,"EDGE","COND_RT_NOM",25,1,"NOMINAL","T_VMIN","VMIN",0.927345706851336,"V","UPPER",0.85,"NOT_DEFINED",0.75,1,"NOT_UNIFORM","0.75,0.78,0.8,0.82,0.85,0.88,0.9,0.92,0.95,1.0","SYNTHETIC_ASSUMED","F",2.799534756619411,"TESTER_A",20260115,"temporal_parametric_v1.0.0","DTL_TEMPORAL_PARAMETRIC_V1","DTL_TEMPORAL_ACTUAL_DIE_V1","DTL_TEMPORAL_POPULATION_V1"
"2026-02","February 2026",2,"DTL_EDGE_002","DTL_EDGE_002_D001","die_001",1,"EDGE","COND_RT_NOM",25,1,"NOMINAL","T_VMAX","VMAX",1.0841351025740278,"V","LOWER",1.15,"NOT_DEFINED",1.05,1.25,"NOT_UNIFORM","1.05,1.08,1.1,1.12,1.15,1.18,1.2,1.22,1.25","SYNTHETIC_ASSUMED","F",2.799534756619411,"TESTER_A",20260115,"temporal_parametric_v1.0.0","DTL_TEMPORAL_PARAMETRIC_V1","DTL_TEMPORAL_ACTUAL_DIE_V1","DTL_TEMPORAL_POPULATION_V1"
"2026-02","February 2026",2,"DTL_EDGE_002","DTL_EDGE_002_D001","die_001",1,"EDGE","COND_RT_NOM",25,1,"NOMINAL","T_IDDQ","IDDQ",54.748085252442806,"uA","UPPER",50,"NOT_DEFINED",30,100,"NOT_UNIFORM","30.0,35.0,40.0,45.0,50.0,55.0,60.0,70.0,80.0,100.0","SYNTHETIC_ASSUMED","F",2.799534756619411,"TESTER_A",20260115,"temporal_parametric_v1.0.0","DTL_TEMPORAL_PARAMETRIC_V1","DTL_TEMPORAL_ACTUAL_DIE_V1","DTL_TEMPORAL_POPULATION_V1"
"2026-02","February 2026",2,"DTL_EDGE_002","DTL_EDGE_002_D001","die_001",1,"EDGE","COND_RT_NOM",25,1,"NOMINAL","T_SUPPLY_CURRENT","SUPPLY_CURRENT",126.9740306040123,"mA","UPPER",120,"NOT_DEFINED",90,200,"NOT_UNIFORM","90.0,100.0,110.0,120.0,130.0,140.0,150.0,170.0,200.0","SYNTHETIC_ASSUMED","F",2.799534756619411,"TESTER_A",20260115,"temporal_parametric_v1.0.0","DTL_TEMPORAL_PARAMETRIC_V1","DTL_TEMPORAL_ACTUAL_DIE_V1","DTL_TEMPORAL_POPULATION_V1"
"2026-02","February 2026",2,"DTL_EDGE_002","DTL_EDGE_002_D001","die_001",1,"EDGE","COND_HOT_NOM",85,1,"HOT","T_CONTACT_R","CONTACT_RESISTANCE",5.4292971190137616,"ohm","UPPER",5,"NOT_DEFINED",3.5,10,"NOT_UNIFORM","3.5,4.0,4.5,5.0,5.5,6.0,7.0,8.0,10.0","SYNTHETIC_ASSUMED","F",2.799534756619411,"TESTER_A",20260115,"temporal_parametric_v1.0.0","DTL_TEMPORAL_PARAMETRIC_V1","DTL_TEMPORAL_ACTUAL_DIE_V1","DTL_TEMPORAL_POPULATION_V1"
"2026-02","February 2026",2,"DTL_EDGE_002","DTL_EDGE_002_D001","die_001",1,"EDGE","COND_HOT_NOM",85,1,"HOT","T_INTERCONNECT_R","INTERCONNECT_RESISTANCE",14.977240221446438,"ohm","UPPER",15,"NOT_DEFINED",11,25,"NOT_UNIFORM","11.0,12.0,13.0,14.0,15.0,16.0,18.0,20.0,25.0","SYNTHETIC_ASSUMED","P",2.799534756619411,"TESTER_A",20260115,"temporal_parametric_v1.0.0","DTL_TEMPORAL_PARAMETRIC_V1","DTL_TEMPORAL_ACTUAL_DIE_V1","DTL_TEMPORAL_POPULATION_V1"
"2026-02","February 2026",2,"DTL_EDGE_002","DTL_EDGE_002_D001","die_001",1,"EDGE","COND_HOT_NOM",85,1,"HOT","T_ON_R","ON_RESISTANCE",23.15521710144632,"ohm","UPPER",25,"NOT_DEFINED",18,50,"NOT_UNIFORM","18.0,20.0,22.0,25.0,28.0,30.0,35.0,40.0,50.0","SYNTHETIC_ASSUMED","P",2.799534756619411,"TESTER_A",20260115,"temporal_parametric_v1.0.0","DTL_TEMPORAL_PARAMETRIC_V1","DTL_TEMPORAL_ACTUAL_DIE_V1","DTL_TEMPORAL_POPULATION_V1"
"2026-02","February 2026",2,"DTL_EDGE_002","DTL_EDGE_002_D001","die_001",1,"EDGE","COND_HOT_NOM",85,1,"HOT","T_VMIN","VMIN",0.969406825427072,"V","UPPER",0.85,"NOT_DEFINED",0.75,1,"NOT_UNIFORM","0.75,0.78,0.8,0.82,0.85,0.88,0.9,0.92,0.95,1.0","SYNTHETIC_ASSUMED","F",2.799534756619411,"TESTER_A",20260115,"temporal_parametric_v1.0.0","DTL_TEMPORAL_PARAMETRIC_V1","DTL_TEMPORAL_ACTUAL_DIE_V1","DTL_TEMPORAL_POPULATION_V1"
"2026-02","February 2026",2,"DTL_EDGE_002","DTL_EDGE_002_D001","die_001",1,"EDGE","COND_HOT_NOM",85,1,"HOT","T_VMAX","VMAX",1.056610864616448,"V","LOWER",1.15,"NOT_DEFINED",1.05,1.25,"NOT_UNIFORM","1.05,1.08,1.1,1.12,1.15,1.18,1.2,1.22,1.25","SYNTHETIC_ASSUMED","F",2.799534756619411,"TESTER_A",20260115,"temporal_parametric_v1.0.0","DTL_TEMPORAL_PARAMETRIC_V1","DTL_TEMPORAL_ACTUAL_DIE_V1","DTL_TEMPORAL_POPULATION_V1"
"2026-02","February 2026",2,"DTL_EDGE_002","DTL_EDGE_002_D001","die_001",1,"EDGE","COND_HOT_NOM",85,1,"HOT","T_IDDQ","IDDQ",63.32316693338781,"uA","UPPER",50,"NOT_DEFINED",30,100,"NOT_UNIFORM","30.0,35.0,40.0,45.0,50.0,55.0,60.0,70.0,80.0,100.0","SYNTHETIC_ASSUMED","F",2.799534756619411,"TESTER_A",20260115,"temporal_parametric_v1.0.0","DTL_TEMPORAL_PARAMETRIC_V1","DTL_TEMPORAL_ACTUAL_DIE_V1","DTL_TEMPORAL_POPULATION_V1"
"2026-02","February 2026",2,"DTL_EDGE_002","DTL_EDGE_002_D001","die_001",1,"EDGE","COND_HOT_NOM",85,1,"HOT","T_SUPPLY_CURRENT","SUPPLY_CURRENT",118.29336187489764,"mA","UPPER",120,"NOT_DEFINED",90,200,"NOT_UNIFORM","90.0,100.0,110.0,120.0,130.0,140.0,150.0,170.0,200.0","SYNTHETIC_ASSUMED","P",2.799534756619411,"TESTER_A",20260115,"temporal_parametric_v1.0.0","DTL_TEMPORAL_PARAMETRIC_V1","DTL_TEMPORAL_ACTUAL_DIE_V1","DTL_TEMPORAL_POPULATION_V1"
"2026-02","February 2026",2,"DTL_EDGE_002","DTL_EDGE_002_D001","die_001",1,"EDGE","COND_RT_LOWV",25,0.9,"LOW_VDD","T_CONTACT_R","CONTACT_RESISTANCE",5.014024112434242,"ohm","UPPER",5,"NOT_DEFINED",3.5,10,"NOT_UNIFORM","3.5,4.0,4.5,5.0,5.5,6.0,7.0,8.0,10.0","SYNTHETIC_ASSUMED","F",2.799534756619411,"TESTER_A",20260115,"temporal_parametric_v1.0.0","DTL_TEMPORAL_PARAMETRIC_V1","DTL_TEMPORAL_ACTUAL_DIE_V1","DTL_TEMPORAL_POPULATION_V1"
"2026-02","February 2026",2,"DTL_EDGE_002","DTL_EDGE_002_D001","die_001",1,"EDGE","COND_RT_LOWV",25,0.9,"LOW_VDD","T_INTERCONNECT_R","INTERCONNECT_RESISTANCE",16.766684662558305,"ohm","UPPER",15,"NOT_DEFINED",11,25,"NOT_UNIFORM","11.0,12.0,13.0,14.0,15.0,16.0,18.0,20.0,25.0","SYNTHETIC_ASSUMED","F",2.799534756619411,"TESTER_A",20260115,"temporal_parametric_v1.0.0","DTL_TEMPORAL_PARAMETRIC_V1","DTL_TEMPORAL_ACTUAL_DIE_V1","DTL_TEMPORAL_POPULATION_V1"
"2026-02","February 2026",2,"DTL_EDGE_002","DTL_EDGE_002_D001","die_001",1,"EDGE","COND_RT_LOWV",25,0.9,"LOW_VDD","T_ON_R","ON_RESISTANCE",26.60155145744073,"ohm","UPPER",25,"NOT_DEFINED",18,50,"NOT_UNIFORM","18.0,20.0,22.0,25.0,28.0,30.0,35.0,40.0,50.0","SYNTHETIC_ASSUMED","F",2.799534756619411,"TESTER_A",20260115,"temporal_parametric_v1.0.0","DTL_TEMPORAL_PARAMETRIC_V1","DTL_TEMPORAL_ACTUAL_DIE_V1","DTL_TEMPORAL_POPULATION_V1"
"2026-02","February 2026",2,"DTL_EDGE_002","DTL_EDGE_002_D001","die_001",1,"EDGE","COND_RT_LOWV",25,0.9,"LOW_VDD","T_VMIN","VMIN",0.9078468294495736,"V","UPPER",0.85,"NOT_DEFINED",0.75,1,"NOT_UNIFORM","0.75,0.78,0.8,0.82,0.85,0.88,0.9,0.92,0.95,1.0","SYNTHETIC_ASSUMED","F",2.799534756619411,"TESTER_A",20260115,"temporal_parametric_v1.0.0","DTL_TEMPORAL_PARAMETRIC_V1","DTL_TEMPORAL_ACTUAL_DIE_V1","DTL_TEMPORAL_POPULATION_V1"
"2026-02","February 2026",2,"DTL_EDGE_002","DTL_EDGE_002_D001","die_001",1,"EDGE","COND_RT_LOWV",25,0.9,"LOW_VDD","T_VMAX","VMAX",1.046095478122955,"V","LOWER",1.15,"NOT_DEFINED",1.05,1.25,"NOT_UNIFORM","1.05,1.08,1.1,1.12,1.15,1.18,1.2,1.22,1.25","SYNTHETIC_ASSUMED","F",2.799534756619411,"TESTER_A",20260115,"temporal_parametric_v1.0.0","DTL_TEMPORAL_PARAMETRIC_V1","DTL_TEMPORAL_ACTUAL_DIE_V1","DTL_TEMPORAL_POPULATION_V1"
"2026-02","February 2026",2,"DTL_EDGE_002","DTL_EDGE_002_D001","die_001",1,"EDGE","COND_RT_LOWV",25,0.9,"LOW_VDD","T_IDDQ","IDDQ",64.75154112973807,"uA","UPPER",50,"NOT_DEFINED",30,100,"NOT_UNIFORM","30.0,35.0,40.0,45.0,50.0,55.0,60.0,70.0,80.0,100.0","SYNTHETIC_ASSUMED","F",2.799534756619411,"TESTER_A",20260115,"temporal_parametric_v1.0.0","DTL_TEMPORAL_PARAMETRIC_V1","DTL_TEMPORAL_ACTUAL_DIE_V1","DTL_TEMPORAL_POPULATION_V1"
"2026-02","February 2026",2,"DTL_EDGE_002","DTL_EDGE_002_D001","die_001",1,"EDGE","COND_RT_LOWV",25,0.9,"LOW_VDD","T_SUPPLY_CURRENT","SUPPLY_CURRENT",108.84275359837063,"mA","UPPER",120,"NOT_DEFINED",90,200,"NOT_UNIFORM","90.0,100.0,110.0,120.0,130.0,140.0,150.0,170.0,200.0","SYNTHETIC_ASSUMED","P",2.799534756619411,"TESTER_A",20260115,"temporal_parametric_v1.0.0","DTL_TEMPORAL_PARAMETRIC_V1","DTL_TEMPORAL_ACTUAL_DIE_V1","DTL_TEMPORAL_POPULATION_V1"
"2026-02","February 2026",2,"DTL_EDGE_002","DTL_EDGE_002_D001","die_001",1,"EDGE","COND_HOT_HIGHV",85,1.1,"HIGH_VDD","T_CONTACT_R","CONTACT_RESISTANCE",6.551227849697682,"ohm","UPPER",5,"NOT_DEFINED",3.5,10,"NOT_UNIFORM","3.5,4.0,4.5,5.0,5.5,6.0,7.0,8.0,10.0","SYNTHETIC_ASSUMED","F",2.799534756619411,"TESTER_A",20260115,"temporal_parametric_v1.0.0","DTL_TEMPORAL_PARAMETRIC_V1","DTL_TEMPORAL_ACTUAL_DIE_V1","DTL_TEMPORAL_POPULATION_V1"
"2026-02","February 2026",2,"DTL_EDGE_002","DTL_EDGE_002_D001","die_001",1,"EDGE","COND_HOT_HIGHV",85,1.1,"HIGH_VDD","T_INTERCONNECT_R","INTERCONNECT_RESISTANCE",17.530393648090733,"ohm","UPPER",15,"NOT_DEFINED",11,25,"NOT_UNIFORM","11.0,12.0,13.0,14.0,15.0,16.0,18.0,20.0,25.0","SYNTHETIC_ASSUMED","F",2.799534756619411,"TESTER_A",20260115,"temporal_parametric_v1.0.0","DTL_TEMPORAL_PARAMETRIC_V1","DTL_TEMPORAL_ACTUAL_DIE_V1","DTL_TEMPORAL_POPULATION_V1"
"2026-02","February 2026",2,"DTL_EDGE_002","DTL_EDGE_002_D001","die_001",1,"EDGE","COND_HOT_HIGHV",85,1.1,"HIGH_VDD","T_ON_R","ON_RESISTANCE",29.46286994357161,"ohm","UPPER",25,"NOT_DEFINED",18,50,"NOT_UNIFORM","18.0,20.0,22.0,25.0,28.0,30.0,35.0,40.0,50.0","SYNTHETIC_ASSUMED","F",2.799534756619411,"TESTER_A",20260115,"temporal_parametric_v1.0.0","DTL_TEMPORAL_PARAMETRIC_V1","DTL_TEMPORAL_ACTUAL_DIE_V1","DTL_TEMPORAL_POPULATION_V1"
"2026-02","February 2026",2,"DTL_EDGE_002","DTL_EDGE_002_D001","die_001",1,"EDGE","COND_HOT_HIGHV",85,1.1,"HIGH_VDD","T_VMIN","VMIN",0.9315845086252104,"V","UPPER",0.85,"NOT_DEFINED",0.75,1,"NOT_UNIFORM","0.75,0.78,0.8,0.82,0.85,0.88,0.9,0.92,0.95,1.0","SYNTHETIC_ASSUMED","F",2.799534756619411,"TESTER_A",20260115,"temporal_parametric_v1.0.0","DTL_TEMPORAL_PARAMETRIC_V1","DTL_TEMPORAL_ACTUAL_DIE_V1","DTL_TEMPORAL_POPULATION_V1"
"2026-02","February 2026",2,"DTL_EDGE_002","DTL_EDGE_002_D001","die_001",1,"EDGE","COND_HOT_HIGHV",85,1.1,"HIGH_VDD","T_VMAX","VMAX",1.0635729418368818,"V","LOWER",1.15,"NOT_DEFINED",1.05,1.25,"NOT_UNIFORM","1.05,1.08,1.1,1.12,1.15,1.18,1.2,1.22,1.25","SYNTHETIC_ASSUMED","F",2.799534756619411,"TESTER_A",20260115,"temporal_parametric_v1.0.0","DTL_TEMPORAL_PARAMETRIC_V1","DTL_TEMPORAL_ACTUAL_DIE_V1","DTL_TEMPORAL_POPULATION_V1"
"2026-02","February 2026",2,"DTL_EDGE_002","DTL_EDGE_002_D001","die_001",1,"EDGE","COND_HOT_HIGHV",85,1.1,"HIGH_VDD","T_IDDQ","IDDQ",66.02398065078319,"uA","UPPER",50,"NOT_DEFINED",30,100,"NOT_UNIFORM","30.0,35.0,40.0,45.0,50.0,55.0,60.0,70.0,80.0,100.0","SYNTHETIC_ASSUMED","F",2.799534756619411,"TESTER_A",20260115,"temporal_parametric_v1.0.0","DTL_TEMPORAL_PARAMETRIC_V1","DTL_TEMPORAL_ACTUAL_DIE_V1","DTL_TEMPORAL_POPULATION_V1"
"2026-02","February 2026",2,"DTL_EDGE_002","DTL_EDGE_002_D001","die_001",1,"EDGE","COND_HOT_HIGHV",85,1.1,"HIGH_VDD","T_SUPPLY_CURRENT","SUPPLY_CURRENT",133.85238850541927,"mA","UPPER",120,"NOT_DEFINED",90,200,"NOT_UNIFORM","90.0,100.0,110.0,120.0,130.0,140.0,150.0,170.0,200.0","SYNTHETIC_ASSUMED","F",2.799534756619411,"TESTER_A",20260115,"temporal_parametric_v1.0.0","DTL_TEMPORAL_PARAMETRIC_V1","DTL_TEMPORAL_ACTUAL_DIE_V1","DTL_TEMPORAL_POPULATION_V1"
"2026-02","February 2026",2,"DTL_EDGE_002","DTL_EDGE_002_D002","die_002",2,"EDGE","COND_RT_NOM",25,1,"NOMINAL","T_CONTACT_R","CONTACT_RESISTANCE",7.1368212138894,"ohm","UPPER",5,"NOT_DEFINED",3.5,10,"NOT_UNIFORM","3.5,4.0,4.5,5.0,5.5,6.0,7.0,8.0,10.0","SYNTHETIC_ASSUMED","F",4.849331690816772,"TESTER_A",20260115,"temporal_parametric_v1.0.0","DTL_TEMPORAL_PARAMETRIC_V1","DTL_TEMPORAL_ACTUAL_DIE_V1","DTL_TEMPORAL_POPULATION_V1"
"2026-02","February 2026",2,"DTL_EDGE_002","DTL_EDGE_002_D002","die_002",2,"EDGE","COND_RT_NOM",25,1,"NOMINAL","T_INTERCONNECT_R","INTERCONNECT_RESISTANCE",21.61611755381752,"ohm","UPPER",15,"NOT_DEFINED",11,25,"NOT_UNIFORM","11.0,12.0,13.0,14.0,15.0,16.0,18.0,20.0,25.0","SYNTHETIC_ASSUMED","F",4.849331690816772,"TESTER_A",20260115,"temporal_parametric_v1.0.0","DTL_TEMPORAL_PARAMETRIC_V1","DTL_TEMPORAL_ACTUAL_DIE_V1","DTL_TEMPORAL_POPULATION_V1"
"2026-02","February 2026",2,"DTL_EDGE_002","DTL_EDGE_002_D002","die_002",2,"EDGE","COND_RT_NOM",25,1,"NOMINAL","T_ON_R","ON_RESISTANCE",33.478932319777904,"ohm","UPPER",25,"NOT_DEFINED",18,50,"NOT_UNIFORM","18.0,20.0,22.0,25.0,28.0,30.0,35.0,40.0,50.0","SYNTHETIC_ASSUMED","F",4.849331690816772,"TESTER_A",20260115,"temporal_parametric_v1.0.0","DTL_TEMPORAL_PARAMETRIC_V1","DTL_TEMPORAL_ACTUAL_DIE_V1","DTL_TEMPORAL_POPULATION_V1"
"2026-02","February 2026",2,"DTL_EDGE_002","DTL_EDGE_002_D002","die_002",2,"EDGE","COND_RT_NOM",25,1,"NOMINAL","T_VMIN","VMIN",1.007071723538767,"V","UPPER",0.85,"NOT_DEFINED",0.75,1,"NOT_UNIFORM","0.75,0.78,0.8,0.82,0.85,0.88,0.9,0.92,0.95,1.0","SYNTHETIC_ASSUMED","F",4.849331690816772,"TESTER_A",20260115,"temporal_parametric_v1.0.0","DTL_TEMPORAL_PARAMETRIC_V1","DTL_TEMPORAL_ACTUAL_DIE_V1","DTL_TEMPORAL_POPULATION_V1"
"2026-02","February 2026",2,"DTL_EDGE_002","DTL_EDGE_002_D002","die_002",2,"EDGE","COND_RT_NOM",25,1,"NOMINAL","T_VMAX","VMAX",0.9661436478312544,"V","LOWER",1.15,"NOT_DEFINED",1.05,1.25,"NOT_UNIFORM","1.05,1.08,1.1,1.12,1.15,1.18,1.2,1.22,1.25","SYNTHETIC_ASSUMED","F",4.849331690816772,"TESTER_A",20260115,"temporal_parametric_v1.0.0","DTL_TEMPORAL_PARAMETRIC_V1","DTL_TEMPORAL_ACTUAL_DIE_V1","DTL_TEMPORAL_POPULATION_V1"
"2026-02","February 2026",2,"DTL_EDGE_002","DTL_EDGE_002_D002","die_002",2,"EDGE","COND_RT_NOM",25,1,"NOMINAL","T_IDDQ","IDDQ",76.44607009376952,"uA","UPPER",50,"NOT_DEFINED",30,100,"NOT_UNIFORM","30.0,35.0,40.0,45.0,50.0,55.0,60.0,70.0,80.0,100.0","SYNTHETIC_ASSUMED","F",4.849331690816772,"TESTER_A",20260115,"temporal_parametric_v1.0.0","DTL_TEMPORAL_PARAMETRIC_V1","DTL_TEMPORAL_ACTUAL_DIE_V1","DTL_TEMPORAL_POPULATION_V1"
"2026-02","February 2026",2,"DTL_EDGE_002","DTL_EDGE_002_D002","die_002",2,"EDGE","COND_RT_NOM",25,1,"NOMINAL","T_SUPPLY_CURRENT","SUPPLY_CURRENT",142.34312592113517,"mA","UPPER",120,"NOT_DEFINED",90,200,"NOT_UNIFORM","90.0,100.0,110.0,120.0,130.0,140.0,150.0,170.0,200.0","SYNTHETIC_ASSUMED","F",4.849331690816772,"TESTER_A",20260115,"temporal_parametric_v1.0.0","DTL_TEMPORAL_PARAMETRIC_V1","DTL_TEMPORAL_ACTUAL_DIE_V1","DTL_TEMPORAL_POPULATION_V1"
"2026-02","February 2026",2,"DTL_EDGE_002","DTL_EDGE_002_D002","die_002",2,"EDGE","COND_HOT_NOM",85,1,"HOT","T_CONTACT_R","CONTACT_RESISTANCE",7.472017997893412,"ohm","UPPER",5,"NOT_DEFINED",3.5,10,"NOT_UNIFORM","3.5,4.0,4.5,5.0,5.5,6.0,7.0,8.0,10.0","SYNTHETIC_ASSUMED","F",4.849331690816772,"TESTER_A",20260115,"temporal_parametric_v1.0.0","DTL_TEMPORAL_PARAMETRIC_V1","DTL_TEMPORAL_ACTUAL_DIE_V1","DTL_TEMPORAL_POPULATION_V1"
"2026-02","February 2026",2,"DTL_EDGE_002","DTL_EDGE_002_D002","die_002",2,"EDGE","COND_HOT_NOM",85,1,"HOT","T_INTERCONNECT_R","INTERCONNECT_RESISTANCE",22.063925921854523,"ohm","UPPER",15,"NOT_DEFINED",11,25,"NOT_UNIFORM","11.0,12.0,13.0,14.0,15.0,16.0,18.0,20.0,25.0","SYNTHETIC_ASSUMED","F",4.849331690816772,"TESTER_A",20260115,"temporal_parametric_v1.0.0","DTL_TEMPORAL_PARAMETRIC_V1","DTL_TEMPORAL_ACTUAL_DIE_V1","DTL_TEMPORAL_POPULATION_V1"
"2026-02","February 2026",2,"DTL_EDGE_002","DTL_EDGE_002_D002","die_002",2,"EDGE","COND_HOT_NOM",85,1,"HOT","T_ON_R","ON_RESISTANCE",33.99619499808228,"ohm","UPPER",25,"NOT_DEFINED",18,50,"NOT_UNIFORM","18.0,20.0,22.0,25.0,28.0,30.0,35.0,40.0,50.0","SYNTHETIC_ASSUMED","F",4.849331690816772,"TESTER_A",20260115,"temporal_parametric_v1.0.0","DTL_TEMPORAL_PARAMETRIC_V1","DTL_TEMPORAL_ACTUAL_DIE_V1","DTL_TEMPORAL_POPULATION_V1"
"2026-02","February 2026",2,"DTL_EDGE_002","DTL_EDGE_002_D002","die_002",2,"EDGE","COND_HOT_NOM",85,1,"HOT","T_VMIN","VMIN",1.0686582688881996,"V","UPPER",0.85,"NOT_DEFINED",0.75,1,"NOT_UNIFORM","0.75,0.78,0.8,0.82,0.85,0.88,0.9,0.92,0.95,1.0","SYNTHETIC_ASSUMED","F",4.849331690816772,"TESTER_A",20260115,"temporal_parametric_v1.0.0","DTL_TEMPORAL_PARAMETRIC_V1","DTL_TEMPORAL_ACTUAL_DIE_V1","DTL_TEMPORAL_POPULATION_V1"
"2026-02","February 2026",2,"DTL_EDGE_002","DTL_EDGE_002_D002","die_002",2,"EDGE","COND_HOT_NOM",85,1,"HOT","T_VMAX","VMAX",0.8935552451076842,"V","LOWER",1.15,"NOT_DEFINED",1.05,1.25,"NOT_UNIFORM","1.05,1.08,1.1,1.12,1.15,1.18,1.2,1.22,1.25","SYNTHETIC_ASSUMED","F",4.849331690816772,"TESTER_A",20260115,"temporal_parametric_v1.0.0","DTL_TEMPORAL_PARAMETRIC_V1","DTL_TEMPORAL_ACTUAL_DIE_V1","DTL_TEMPORAL_POPULATION_V1"
"2026-02","February 2026",2,"DTL_EDGE_002","DTL_EDGE_002_D002","die_002",2,"EDGE","COND_HOT_NOM",85,1,"HOT","T_IDDQ","IDDQ",95.0722905168362,"uA","UPPER",50,"NOT_DEFINED",30,100,"NOT_UNIFORM","30.0,35.0,40.0,45.0,50.0,55.0,60.0,70.0,80.0,100.0","SYNTHETIC_ASSUMED","F",4.849331690816772,"TESTER_A",20260115,"temporal_parametric_v1.0.0","DTL_TEMPORAL_PARAMETRIC_V1","DTL_TEMPORAL_ACTUAL_DIE_V1","DTL_TEMPORAL_POPULATION_V1"
"2026-02","February 2026",2,"DTL_EDGE_002","DTL_EDGE_002_D002","die_002",2,"EDGE","COND_HOT_NOM",85,1,"HOT","T_SUPPLY_CURRENT","SUPPLY_CURRENT",141.7948574943586,"mA","UPPER",120,"NOT_DEFINED",90,200,"NOT_UNIFORM","90.0,100.0,110.0,120.0,130.0,140.0,150.0,170.0,200.0","SYNTHETIC_ASSUMED","F",4.849331690816772,"TESTER_A",20260115,"temporal_parametric_v1.0.0","DTL_TEMPORAL_PARAMETRIC_V1","DTL_TEMPORAL_ACTUAL_DIE_V1","DTL_TEMPORAL_POPULATION_V1"
"2026-02","February 2026",2,"DTL_EDGE_002","DTL_EDGE_002_D002","die_002",2,"EDGE","COND_RT_LOWV",25,0.9,"LOW_VDD","T_CONTACT_R","CONTACT_RESISTANCE",7.466694064780553,"ohm","UPPER",5,"NOT_DEFINED",3.5,10,"NOT_UNIFORM","3.5,4.0,4.5,5.0,5.5,6.0,7.0,8.0,10.0","SYNTHETIC_ASSUMED","F",4.849331690816772,"TESTER_A",20260115,"temporal_parametric_v1.0.0","DTL_TEMPORAL_PARAMETRIC_V1","DTL_TEMPORAL_ACTUAL_DIE_V1","DTL_TEMPORAL_POPULATION_V1"
"2026-02","February 2026",2,"DTL_EDGE_002","DTL_EDGE_002_D002","die_002",2,"EDGE","COND_RT_LOWV",25,0.9,"LOW_VDD","T_INTERCONNECT_R","INTERCONNECT_RESISTANCE",22.4761422484338,"ohm","UPPER",15,"NOT_DEFINED",11,25,"NOT_UNIFORM","11.0,12.0,13.0,14.0,15.0,16.0,18.0,20.0,25.0","SYNTHETIC_ASSUMED","F",4.849331690816772,"TESTER_A",20260115,"temporal_parametric_v1.0.0","DTL_TEMPORAL_PARAMETRIC_V1","DTL_TEMPORAL_ACTUAL_DIE_V1","DTL_TEMPORAL_POPULATION_V1"
"2026-02","February 2026",2,"DTL_EDGE_002","DTL_EDGE_002_D002","die_002",2,"EDGE","COND_RT_LOWV",25,0.9,"LOW_VDD","T_ON_R","ON_RESISTANCE",31.0892165662924,"ohm","UPPER",25,"NOT_DEFINED",18,50,"NOT_UNIFORM","18.0,20.0,22.0,25.0,28.0,30.0,35.0,40.0,50.0","SYNTHETIC_ASSUMED","F",4.849331690816772,"TESTER_A",20260115,"temporal_parametric_v1.0.0","DTL_TEMPORAL_PARAMETRIC_V1","DTL_TEMPORAL_ACTUAL_DIE_V1","DTL_TEMPORAL_POPULATION_V1"
"2026-02","February 2026",2,"DTL_EDGE_002","DTL_EDGE_002_D002","die_002",2,"EDGE","COND_RT_LOWV",25,0.9,"LOW_VDD","T_VMIN","VMIN",1.0678186503129874,"V","UPPER",0.85,"NOT_DEFINED",0.75,1,"NOT_UNIFORM","0.75,0.78,0.8,0.82,0.85,0.88,0.9,0.92,0.95,1.0","SYNTHETIC_ASSUMED","F",4.849331690816772,"TESTER_A",20260115,"temporal_parametric_v1.0.0","DTL_TEMPORAL_PARAMETRIC_V1","DTL_TEMPORAL_ACTUAL_DIE_V1","DTL_TEMPORAL_POPULATION_V1"
"2026-02","February 2026",2,"DTL_EDGE_002","DTL_EDGE_002_D002","die_002",2,"EDGE","COND_RT_LOWV",25,0.9,"LOW_VDD","T_VMAX","VMAX",1.002042331194483,"V","LOWER",1.15,"NOT_DEFINED",1.05,1.25,"NOT_UNIFORM","1.05,1.08,1.1,1.12,1.15,1.18,1.2,1.22,1.25","SYNTHETIC_ASSUMED","F",4.849331690816772,"TESTER_A",20260115,"temporal_parametric_v1.0.0","DTL_TEMPORAL_PARAMETRIC_V1","DTL_TEMPORAL_ACTUAL_DIE_V1","DTL_TEMPORAL_POPULATION_V1"
"2026-02","February 2026",2,"DTL_EDGE_002","DTL_EDGE_002_D002","die_002",2,"EDGE","COND_RT_LOWV",25,0.9,"LOW_VDD","T_IDDQ","IDDQ",78.63404951032604,"uA","UPPER",50,"NOT_DEFINED",30,100,"NOT_UNIFORM","30.0,35.0,40.0,45.0,50.0,55.0,60.0,70.0,80.0,100.0","SYNTHETIC_ASSUMED","F",4.849331690816772,"TESTER_A",20260115,"temporal_parametric_v1.0.0","DTL_TEMPORAL_PARAMETRIC_V1","DTL_TEMPORAL_ACTUAL_DIE_V1","DTL_TEMPORAL_POPULATION_V1"
"2026-02","February 2026",2,"DTL_EDGE_002","DTL_EDGE_002_D002","die_002",2,"EDGE","COND_RT_LOWV",25,0.9,"LOW_VDD","T_SUPPLY_CURRENT","SUPPLY_CURRENT",128.4606004190523,"mA","UPPER",120,"NOT_DEFINED",90,200,"NOT_UNIFORM","90.0,100.0,110.0,120.0,130.0,140.0,150.0,170.0,200.0","SYNTHETIC_ASSUMED","F",4.849331690816772,"TESTER_A",20260115,"temporal_parametric_v1.0.0","DTL_TEMPORAL_PARAMETRIC_V1","DTL_TEMPORAL_ACTUAL_DIE_V1","DTL_TEMPORAL_POPULATION_V1"
"2026-02","February 2026",2,"DTL_EDGE_002","DTL_EDGE_002_D002","die_002",2,"EDGE","COND_HOT_HIGHV",85,1.1,"HIGH_VDD","T_CONTACT_R","CONTACT_RESISTANCE",7.31571477055509,"ohm","UPPER",5,"NOT_DEFINED",3.5,10,"NOT_UNIFORM","3.5,4.0,4.5,5.0,5.5,6.0,7.0,8.0,10.0","SYNTHETIC_ASSUMED","F",4.849331690816772,"TESTER_A",20260115,"temporal_parametric_v1.0.0","DTL_TEMPORAL_PARAMETRIC_V1","DTL_TEMPORAL_ACTUAL_DIE_V1","DTL_TEMPORAL_POPULATION_V1"
"2026-02","February 2026",2,"DTL_EDGE_002","DTL_EDGE_002_D002","die_002",2,"EDGE","COND_HOT_HIGHV",85,1.1,"HIGH_VDD","T_INTERCONNECT_R","INTERCONNECT_RESISTANCE",19.778293511099765,"ohm","UPPER",15,"NOT_DEFINED",11,25,"NOT_UNIFORM","11.0,12.0,13.0,14.0,15.0,16.0,18.0,20.0,25.0","SYNTHETIC_ASSUMED","F",4.849331690816772,"TESTER_A",20260115,"temporal_parametric_v1.0.0","DTL_TEMPORAL_PARAMETRIC_V1","DTL_TEMPORAL_ACTUAL_DIE_V1","DTL_TEMPORAL_POPULATION_V1"
"2026-02","February 2026",2,"DTL_EDGE_002","DTL_EDGE_002_D002","die_002",2,"EDGE","COND_HOT_HIGHV",85,1.1,"HIGH_VDD","T_ON_R","ON_RESISTANCE",34.05646256833014,"ohm","UPPER",25,"NOT_DEFINED",18,50,"NOT_UNIFORM","18.0,20.0,22.0,25.0,28.0,30.0,35.0,40.0,50.0","SYNTHETIC_ASSUMED","F",4.849331690816772,"TESTER_A",20260115,"temporal_parametric_v1.0.0","DTL_TEMPORAL_PARAMETRIC_V1","DTL_TEMPORAL_ACTUAL_DIE_V1","DTL_TEMPORAL_POPULATION_V1"
"2026-02","February 2026",2,"DTL_EDGE_002","DTL_EDGE_002_D002","die_002",2,"EDGE","COND_HOT_HIGHV",85,1.1,"HIGH_VDD","T_VMIN","VMIN",1.0362265471301906,"V","UPPER",0.85,"NOT_DEFINED",0.75,1,"NOT_UNIFORM","0.75,0.78,0.8,0.82,0.85,0.88,0.9,0.92,0.95,1.0","SYNTHETIC_ASSUMED","F",4.849331690816772,"TESTER_A",20260115,"temporal_parametric_v1.0.0","DTL_TEMPORAL_PARAMETRIC_V1","DTL_TEMPORAL_ACTUAL_DIE_V1","DTL_TEMPORAL_POPULATION_V1"
"2026-02","February 2026",2,"DTL_EDGE_002","DTL_EDGE_002_D002","die_002",2,"EDGE","COND_HOT_HIGHV",85,1.1,"HIGH_VDD","T_VMAX","VMAX",0.9913337558187122,"V","LOWER",1.15,"NOT_DEFINED",1.05,1.25,"NOT_UNIFORM","1.05,1.08,1.1,1.12,1.15,1.18,1.2,1.22,1.25","SYNTHETIC_ASSUMED","F",4.849331690816772,"TESTER_A",20260115,"temporal_parametric_v1.0.0","DTL_TEMPORAL_PARAMETRIC_V1","DTL_TEMPORAL_ACTUAL_DIE_V1","DTL_TEMPORAL_POPULATION_V1"
"2026-02","February 2026",2,"DTL_EDGE_002","DTL_EDGE_002_D002","die_002",2,"EDGE","COND_HOT_HIGHV",85,1.1,"HIGH_VDD","T_IDDQ","IDDQ",90.9158621870251,"uA","UPPER",50,"NOT_DEFINED",30,100,"NOT_UNIFORM","30.0,35.0,40.0,45.0,50.0,55.0,60.0,70.0,80.0,100.0","SYNTHETIC_ASSUMED","F",4.849331690816772,"TESTER_A",20260115,"temporal_parametric_v1.0.0","DTL_TEMPORAL_PARAMETRIC_V1","DTL_TEMPORAL_ACTUAL_DIE_V1","DTL_TEMPORAL_POPULATION_V1"
"2026-02","February 2026",2,"DTL_EDGE_002","DTL_EDGE_002_D002","die_002",2,"EDGE","COND_HOT_HIGHV",85,1.1,"HIGH_VDD","T_SUPPLY_CURRENT","SUPPLY_CURRENT",151.5800637263383,"mA","UPPER",120,"NOT_DEFINED",90,200,"NOT_UNIFORM","90.0,100.0,110.0,120.0,130.0,140.0,150.0,170.0,200.0","SYNTHETIC_ASSUMED","F",4.849331690816772,"TESTER_A",20260115,"temporal_parametric_v1.0.0","DTL_TEMPORAL_PARAMETRIC_V1","DTL_TEMPORAL_ACTUAL_DIE_V1","DTL_TEMPORAL_POPULATION_V1"
"2026-02","February 2026",2,"DTL_EDGE_002","DTL_EDGE_002_D003","die_003",3,"EDGE","COND_RT_NOM",25,1,"NOMINAL","T_CONTACT_R","CONTACT_RESISTANCE",7.665655927579097,"ohm","UPPER",5,"NOT_DEFINED",3.5,10,"NOT_UNIFORM","3.5,4.0,4.5,5.0,5.5,6.0,7.0,8.0,10.0","SYNTHETIC_ASSUMED","F",5.9079348885400655,"TESTER_A",20260115,"temporal_parametric_v1.0.0","DTL_TEMPORAL_PARAMETRIC_V1","DTL_TEMPORAL_ACTUAL_DIE_V1","DTL_TEMPORAL_POPULATION_V1"
"2026-02","February 2026",2,"DTL_EDGE_002","DTL_EDGE_002_D003","die_003",3,"EDGE","COND_RT_NOM",25,1,"NOMINAL","T_INTERCONNECT_R","INTERCONNECT_RESISTANCE",22.823022978381253,"ohm","UPPER",15,"NOT_DEFINED",11,25,"NOT_UNIFORM","11.0,12.0,13.0,14.0,15.0,16.0,18.0,20.0,25.0","SYNTHETIC_ASSUMED","F",5.9079348885400655,"TESTER_A",20260115,"temporal_parametric_v1.0.0","DTL_TEMPORAL_PARAMETRIC_V1","DTL_TEMPORAL_ACTUAL_DIE_V1","DTL_TEMPORAL_POPULATION_V1"
"2026-02","February 2026",2,"DTL_EDGE_002","DTL_EDGE_002_D003","die_003",3,"EDGE","COND_RT_NOM",25,1,"NOMINAL","T_ON_R","ON_RESISTANCE",37.186556331921096,"ohm","UPPER",25,"NOT_DEFINED",18,50,"NOT_UNIFORM","18.0,20.0,22.0,25.0,28.0,30.0,35.0,40.0,50.0","SYNTHETIC_ASSUMED","F",5.9079348885400655,"TESTER_A",20260115,"temporal_parametric_v1.0.0","DTL_TEMPORAL_PARAMETRIC_V1","DTL_TEMPORAL_ACTUAL_DIE_V1","DTL_TEMPORAL_POPULATION_V1"
"2026-02","February 2026",2,"DTL_EDGE_002","DTL_EDGE_002_D003","die_003",3,"EDGE","COND_RT_NOM",25,1,"NOMINAL","T_VMIN","VMIN",1.1119495077072024,"V","UPPER",0.85,"NOT_DEFINED",0.75,1,"NOT_UNIFORM","0.75,0.78,0.8,0.82,0.85,0.88,0.9,0.92,0.95,1.0","SYNTHETIC_ASSUMED","F",5.9079348885400655,"TESTER_A",20260115,"temporal_parametric_v1.0.0","DTL_TEMPORAL_PARAMETRIC_V1","DTL_TEMPORAL_ACTUAL_DIE_V1","DTL_TEMPORAL_POPULATION_V1"
"2026-02","February 2026",2,"DTL_EDGE_002","DTL_EDGE_002_D003","die_003",3,"EDGE","COND_RT_NOM",25,1,"NOMINAL","T_VMAX","VMAX",0.9198271837977268,"V","LOWER",1.15,"NOT_DEFINED",1.05,1.25,"NOT_UNIFORM","1.05,1.08,1.1,1.12,1.15,1.18,1.2,1.22,1.25","SYNTHETIC_ASSUMED","F",5.9079348885400655,"TESTER_A",20260115,"temporal_parametric_v1.0.0","DTL_TEMPORAL_PARAMETRIC_V1","DTL_TEMPORAL_ACTUAL_DIE_V1","DTL_TEMPORAL_POPULATION_V1"
"2026-02","February 2026",2,"DTL_EDGE_002","DTL_EDGE_002_D003","die_003",3,"EDGE","COND_RT_NOM",25,1,"NOMINAL","T_IDDQ","IDDQ",81.33735344990555,"uA","UPPER",50,"NOT_DEFINED",30,100,"NOT_UNIFORM","30.0,35.0,40.0,45.0,50.0,55.0,60.0,70.0,80.0,100.0","SYNTHETIC_ASSUMED","F",5.9079348885400655,"TESTER_A",20260115,"temporal_parametric_v1.0.0","DTL_TEMPORAL_PARAMETRIC_V1","DTL_TEMPORAL_ACTUAL_DIE_V1","DTL_TEMPORAL_POPULATION_V1"
"2026-02","February 2026",2,"DTL_EDGE_002","DTL_EDGE_002_D003","die_003",3,"EDGE","COND_RT_NOM",25,1,"NOMINAL","T_SUPPLY_CURRENT","SUPPLY_CURRENT",143.80940831203228,"mA","UPPER",120,"NOT_DEFINED",90,200,"NOT_UNIFORM","90.0,100.0,110.0,120.0,130.0,140.0,150.0,170.0,200.0","SYNTHETIC_ASSUMED","F",5.9079348885400655,"TESTER_A",20260115,"temporal_parametric_v1.0.0","DTL_TEMPORAL_PARAMETRIC_V1","DTL_TEMPORAL_ACTUAL_DIE_V1","DTL_TEMPORAL_POPULATION_V1"
"2026-02","February 2026",2,"DTL_EDGE_002","DTL_EDGE_002_D003","die_003",3,"EDGE","COND_HOT_NOM",85,1,"HOT","T_CONTACT_R","CONTACT_RESISTANCE",8.568246882238107,"ohm","UPPER",5,"NOT_DEFINED",3.5,10,"NOT_UNIFORM","3.5,4.0,4.5,5.0,5.5,6.0,7.0,8.0,10.0","SYNTHETIC_ASSUMED","F",5.9079348885400655,"TESTER_A",20260115,"temporal_parametric_v1.0.0","DTL_TEMPORAL_PARAMETRIC_V1","DTL_TEMPORAL_ACTUAL_DIE_V1","DTL_TEMPORAL_POPULATION_V1"
"2026-02","February 2026",2,"DTL_EDGE_002","DTL_EDGE_002_D003","die_003",3,"EDGE","COND_HOT_NOM",85,1,"HOT","T_INTERCONNECT_R","INTERCONNECT_RESISTANCE",24.37684616151983,"ohm","UPPER",15,"NOT_DEFINED",11,25,"NOT_UNIFORM","11.0,12.0,13.0,14.0,15.0,16.0,18.0,20.0,25.0","SYNTHETIC_ASSUMED","F",5.9079348885400655,"TESTER_A",20260115,"temporal_parametric_v1.0.0","DTL_TEMPORAL_PARAMETRIC_V1","DTL_TEMPORAL_ACTUAL_DIE_V1","DTL_TEMPORAL_POPULATION_V1"
"2026-02","February 2026",2,"DTL_EDGE_002","DTL_EDGE_002_D003","die_003",3,"EDGE","COND_HOT_NOM",85,1,"HOT","T_ON_R","ON_RESISTANCE",35.84288871547007,"ohm","UPPER",25,"NOT_DEFINED",18,50,"NOT_UNIFORM","18.0,20.0,22.0,25.0,28.0,30.0,35.0,40.0,50.0","SYNTHETIC_ASSUMED","F",5.9079348885400655,"TESTER_A",20260115,"temporal_parametric_v1.0.0","DTL_TEMPORAL_PARAMETRIC_V1","DTL_TEMPORAL_ACTUAL_DIE_V1","DTL_TEMPORAL_POPULATION_V1"
"2026-02","February 2026",2,"DTL_EDGE_002","DTL_EDGE_002_D003","die_003",3,"EDGE","COND_HOT_NOM",85,1,"HOT","T_VMIN","VMIN",1.062533384648543,"V","UPPER",0.85,"NOT_DEFINED",0.75,1,"NOT_UNIFORM","0.75,0.78,0.8,0.82,0.85,0.88,0.9,0.92,0.95,1.0","SYNTHETIC_ASSUMED","F",5.9079348885400655,"TESTER_A",20260115,"temporal_parametric_v1.0.0","DTL_TEMPORAL_PARAMETRIC_V1","DTL_TEMPORAL_ACTUAL_DIE_V1","DTL_TEMPORAL_POPULATION_V1"
"2026-02","February 2026",2,"DTL_EDGE_002","DTL_EDGE_002_D003","die_003",3,"EDGE","COND_HOT_NOM",85,1,"HOT","T_VMAX","VMAX",0.9834093036776852,"V","LOWER",1.15,"NOT_DEFINED",1.05,1.25,"NOT_UNIFORM","1.05,1.08,1.1,1.12,1.15,1.18,1.2,1.22,1.25","SYNTHETIC_ASSUMED","F",5.9079348885400655,"TESTER_A",20260115,"temporal_parametric_v1.0.0","DTL_TEMPORAL_PARAMETRIC_V1","DTL_TEMPORAL_ACTUAL_DIE_V1","DTL_TEMPORAL_POPULATION_V1"
"2026-02","February 2026",2,"DTL_EDGE_002","DTL_EDGE_002_D003","die_003",3,"EDGE","COND_HOT_NOM",85,1,"HOT","T_IDDQ","IDDQ",93.80776354664276,"uA","UPPER",50,"NOT_DEFINED",30,100,"NOT_UNIFORM","30.0,35.0,40.0,45.0,50.0,55.0,60.0,70.0,80.0,100.0","SYNTHETIC_ASSUMED","F",5.9079348885400655,"TESTER_A",20260115,"temporal_parametric_v1.0.0","DTL_TEMPORAL_PARAMETRIC_V1","DTL_TEMPORAL_ACTUAL_DIE_V1","DTL_TEMPORAL_POPULATION_V1"
"2026-02","February 2026",2,"DTL_EDGE_002","DTL_EDGE_002_D003","die_003",3,"EDGE","COND_HOT_NOM",85,1,"HOT","T_SUPPLY_CURRENT","SUPPLY_CURRENT",145.62077086390164,"mA","UPPER",120,"NOT_DEFINED",90,200,"NOT_UNIFORM","90.0,100.0,110.0,120.0,130.0,140.0,150.0,170.0,200.0","SYNTHETIC_ASSUMED","F",5.9079348885400655,"TESTER_A",20260115,"temporal_parametric_v1.0.0","DTL_TEMPORAL_PARAMETRIC_V1","DTL_TEMPORAL_ACTUAL_DIE_V1","DTL_TEMPORAL_POPULATION_V1"
"2026-02","February 2026",2,"DTL_EDGE_002","DTL_EDGE_002_D003","die_003",3,"EDGE","COND_RT_LOWV",25,0.9,"LOW_VDD","T_CONTACT_R","CONTACT_RESISTANCE",8.431650719890394,"ohm","UPPER",5,"NOT_DEFINED",3.5,10,"NOT_UNIFORM","3.5,4.0,4.5,5.0,5.5,6.0,7.0,8.0,10.0","SYNTHETIC_ASSUMED","F",5.9079348885400655,"TESTER_A",20260115,"temporal_parametric_v1.0.0","DTL_TEMPORAL_PARAMETRIC_V1","DTL_TEMPORAL_ACTUAL_DIE_V1","DTL_TEMPORAL_POPULATION_V1"
"2026-02","February 2026",2,"DTL_EDGE_002","DTL_EDGE_002_D003","die_003",3,"EDGE","COND_RT_LOWV",25,0.9,"LOW_VDD","T_INTERCONNECT_R","INTERCONNECT_RESISTANCE",23.8692631712277,"ohm","UPPER",15,"NOT_DEFINED",11,25,"NOT_UNIFORM","11.0,12.0,13.0,14.0,15.0,16.0,18.0,20.0,25.0","SYNTHETIC_ASSUMED","F",5.9079348885400655,"TESTER_A",20260115,"temporal_parametric_v1.0.0","DTL_TEMPORAL_PARAMETRIC_V1","DTL_TEMPORAL_ACTUAL_DIE_V1","DTL_TEMPORAL_POPULATION_V1"
"2026-02","February 2026",2,"DTL_EDGE_002","DTL_EDGE_002_D003","die_003",3,"EDGE","COND_RT_LOWV",25,0.9,"LOW_VDD","T_ON_R","ON_RESISTANCE",34.9397495292633,"ohm","UPPER",25,"NOT_DEFINED",18,50,"NOT_UNIFORM","18.0,20.0,22.0,25.0,28.0,30.0,35.0,40.0,50.0","SYNTHETIC_ASSUMED","F",5.9079348885400655,"TESTER_A",20260115,"temporal_parametric_v1.0.0","DTL_TEMPORAL_PARAMETRIC_V1","DTL_TEMPORAL_ACTUAL_DIE_V1","DTL_TEMPORAL_POPULATION_V1"
"2026-02","February 2026",2,"DTL_EDGE_002","DTL_EDGE_002_D003","die_003",3,"EDGE","COND_RT_LOWV",25,0.9,"LOW_VDD","T_VMIN","VMIN",1.0926796069914757,"V","UPPER",0.85,"NOT_DEFINED",0.75,1,"NOT_UNIFORM","0.75,0.78,0.8,0.82,0.85,0.88,0.9,0.92,0.95,1.0","SYNTHETIC_ASSUMED","F",5.9079348885400655,"TESTER_A",20260115,"temporal_parametric_v1.0.0","DTL_TEMPORAL_PARAMETRIC_V1","DTL_TEMPORAL_ACTUAL_DIE_V1","DTL_TEMPORAL_POPULATION_V1"
"2026-02","February 2026",2,"DTL_EDGE_002","DTL_EDGE_002_D003","die_003",3,"EDGE","COND_RT_LOWV",25,0.9,"LOW_VDD","T_VMAX","VMAX",0.9297289832838688,"V","LOWER",1.15,"NOT_DEFINED",1.05,1.25,"NOT_UNIFORM","1.05,1.08,1.1,1.12,1.15,1.18,1.2,1.22,1.25","SYNTHETIC_ASSUMED","F",5.9079348885400655,"TESTER_A",20260115,"temporal_parametric_v1.0.0","DTL_TEMPORAL_PARAMETRIC_V1","DTL_TEMPORAL_ACTUAL_DIE_V1","DTL_TEMPORAL_POPULATION_V1"
"2026-02","February 2026",2,"DTL_EDGE_002","DTL_EDGE_002_D003","die_003",3,"EDGE","COND_RT_LOWV",25,0.9,"LOW_VDD","T_IDDQ","IDDQ",77.05788369050578,"uA","UPPER",50,"NOT_DEFINED",30,100,"NOT_UNIFORM","30.0,35.0,40.0,45.0,50.0,55.0,60.0,70.0,80.0,100.0","SYNTHETIC_ASSUMED","F",5.9079348885400655,"TESTER_A",20260115,"temporal_parametric_v1.0.0","DTL_TEMPORAL_PARAMETRIC_V1","DTL_TEMPORAL_ACTUAL_DIE_V1","DTL_TEMPORAL_POPULATION_V1"
"2026-02","February 2026",2,"DTL_EDGE_002","DTL_EDGE_002_D003","die_003",3,"EDGE","COND_RT_LOWV",25,0.9,"LOW_VDD","T_SUPPLY_CURRENT","SUPPLY_CURRENT",153.87162634522835,"mA","UPPER",120,"NOT_DEFINED",90,200,"NOT_UNIFORM","90.0,100.0,110.0,120.0,130.0,140.0,150.0,170.0,200.0","SYNTHETIC_ASSUMED","F",5.9079348885400655,"TESTER_A",20260115,"temporal_parametric_v1.0.0","DTL_TEMPORAL_PARAMETRIC_V1","DTL_TEMPORAL_ACTUAL_DIE_V1","DTL_TEMPORAL_POPULATION_V1"
"2026-02","February 2026",2,"DTL_EDGE_002","DTL_EDGE_002_D003","die_003",3,"EDGE","COND_HOT_HIGHV",85,1.1,"HIGH_VDD","T_CONTACT_R","CONTACT_RESISTANCE",7.973743656002398,"ohm","UPPER",5,"NOT_DEFINED",3.5,10,"NOT_UNIFORM","3.5,4.0,4.5,5.0,5.5,6.0,7.0,8.0,10.0","SYNTHETIC_ASSUMED","F",5.9079348885400655,"TESTER_A",20260115,"temporal_parametric_v1.0.0","DTL_TEMPORAL_PARAMETRIC_V1","DTL_TEMPORAL_ACTUAL_DIE_V1","DTL_TEMPORAL_POPULATION_V1"
"2026-02","February 2026",2,"DTL_EDGE_002","DTL_EDGE_002_D003","die_003",3,"EDGE","COND_HOT_HIGHV",85,1.1,"HIGH_VDD","T_INTERCONNECT_R","INTERCONNECT_RESISTANCE",23.763356917070787,"ohm","UPPER",15,"NOT_DEFINED",11,25,"NOT_UNIFORM","11.0,12.0,13.0,14.0,15.0,16.0,18.0,20.0,25.0","SYNTHETIC_ASSUMED","F",5.9079348885400655,"TESTER_A",20260115,"temporal_parametric_v1.0.0","DTL_TEMPORAL_PARAMETRIC_V1","DTL_TEMPORAL_ACTUAL_DIE_V1","DTL_TEMPORAL_POPULATION_V1"
"2026-02","February 2026",2,"DTL_EDGE_002","DTL_EDGE_002_D003","die_003",3,"EDGE","COND_HOT_HIGHV",85,1.1,"HIGH_VDD","T_ON_R","ON_RESISTANCE",39.79179026191623,"ohm","UPPER",25,"NOT_DEFINED",18,50,"NOT_UNIFORM","18.0,20.0,22.0,25.0,28.0,30.0,35.0,40.0,50.0","SYNTHETIC_ASSUMED","F",5.9079348885400655,"TESTER_A",20260115,"temporal_parametric_v1.0.0","DTL_TEMPORAL_PARAMETRIC_V1","DTL_TEMPORAL_ACTUAL_DIE_V1","DTL_TEMPORAL_POPULATION_V1"
"2026-02","February 2026",2,"DTL_EDGE_002","DTL_EDGE_002_D003","die_003",3,"EDGE","COND_HOT_HIGHV",85,1.1,"HIGH_VDD","T_VMIN","VMIN",1.1049457370377445,"V","UPPER",0.85,"NOT_DEFINED",0.75,1,"NOT_UNIFORM","0.75,0.78,0.8,0.82,0.85,0.88,0.9,0.92,0.95,1.0","SYNTHETIC_ASSUMED","F",5.9079348885400655,"TESTER_A",20260115,"temporal_parametric_v1.0.0","DTL_TEMPORAL_PARAMETRIC_V1","DTL_TEMPORAL_ACTUAL_DIE_V1","DTL_TEMPORAL_POPULATION_V1"
"2026-02","February 2026",2,"DTL_EDGE_002","DTL_EDGE_002_D003","die_003",3,"EDGE","COND_HOT_HIGHV",85,1.1,"HIGH_VDD","T_VMAX","VMAX",0.899446131687431,"V","LOWER",1.15,"NOT_DEFINED",1.05,1.25,"NOT_UNIFORM","1.05,1.08,1.1,1.12,1.15,1.18,1.2,1.22,1.25","SYNTHETIC_ASSUMED","F",5.9079348885400655,"TESTER_A",20260115,"temporal_parametric_v1.0.0","DTL_TEMPORAL_PARAMETRIC_V1","DTL_TEMPORAL_ACTUAL_DIE_V1","DTL_TEMPORAL_POPULATION_V1"
"2026-02","February 2026",2,"DTL_EDGE_002","DTL_EDGE_002_D003","die_003",3,"EDGE","COND_HOT_HIGHV",85,1.1,"HIGH_VDD","T_IDDQ","IDDQ",107.92682080071472,"uA","UPPER",50,"NOT_DEFINED",30,100,"NOT_UNIFORM","30.0,35.0,40.0,45.0,50.0,55.0,60.0,70.0,80.0,100.0","SYNTHETIC_ASSUMED","F",5.9079348885400655,"TESTER_A",20260115,"temporal_parametric_v1.0.0","DTL_TEMPORAL_PARAMETRIC_V1","DTL_TEMPORAL_ACTUAL_DIE_V1","DTL_TEMPORAL_POPULATION_V1"
"2026-02","February 2026",2,"DTL_EDGE_002","DTL_EDGE_002_D003","die_003",3,"EDGE","COND_HOT_HIGHV",85,1.1,"HIGH_VDD","T_SUPPLY_CURRENT","SUPPLY_CURRENT",153.762383151152,"mA","UPPER",120,"NOT_DEFINED",90,200,"NOT_UNIFORM","90.0,100.0,110.0,120.0,130.0,140.0,150.0,170.0,200.0","SYNTHETIC_ASSUMED","F",5.9079348885400655,"TESTER_A",20260115,"temporal_parametric_v1.0.0","DTL_TEMPORAL_PARAMETRIC_V1","DTL_TEMPORAL_ACTUAL_DIE_V1","DTL_TEMPORAL_POPULATION_V1"
"2026-02","February 2026",2,"DTL_CENTER_001","DTL_CENTER_001_D001","die_001",1,"CENTER","COND_RT_NOM",25,1,"NOMINAL","T_CONTACT_R","CONTACT_RESISTANCE",4.841587372241445,"ohm","UPPER",5,"NOT_DEFINED",3.5,10,"NOT_UNIFORM","3.5,4.0,4.5,5.0,5.5,6.0,7.0,8.0,10.0","SYNTHETIC_ASSUMED","P",2.096747281652726,"TESTER_A",20260115,"temporal_parametric_v1.0.0","DTL_TEMPORAL_PARAMETRIC_V1","DTL_TEMPORAL_ACTUAL_DIE_V1","DTL_TEMPORAL_POPULATION_V1"
"2026-02","February 2026",2,"DTL_CENTER_001","DTL_CENTER_001_D001","die_001",1,"CENTER","COND_RT_NOM",25,1,"NOMINAL","T_INTERCONNECT_R","INTERCONNECT_RESISTANCE",12.906921555702755,"ohm","UPPER",15,"NOT_DEFINED",11,25,"NOT_UNIFORM","11.0,12.0,13.0,14.0,15.0,16.0,18.0,20.0,25.0","SYNTHETIC_ASSUMED","P",2.096747281652726,"TESTER_A",20260115,"temporal_parametric_v1.0.0","DTL_TEMPORAL_PARAMETRIC_V1","DTL_TEMPORAL_ACTUAL_DIE_V1","DTL_TEMPORAL_POPULATION_V1"
"2026-02","February 2026",2,"DTL_CENTER_001","DTL_CENTER_001_D001","die_001",1,"CENTER","COND_RT_NOM",25,1,"NOMINAL","T_ON_R","ON_RESISTANCE",23.802129150484305,"ohm","UPPER",25,"NOT_DEFINED",18,50,"NOT_UNIFORM","18.0,20.0,22.0,25.0,28.0,30.0,35.0,40.0,50.0","SYNTHETIC_ASSUMED","P",2.096747281652726,"TESTER_A",20260115,"temporal_parametric_v1.0.0","DTL_TEMPORAL_PARAMETRIC_V1","DTL_TEMPORAL_ACTUAL_DIE_V1","DTL_TEMPORAL_POPULATION_V1"
"2026-02","February 2026",2,"DTL_CENTER_001","DTL_CENTER_001_D001","die_001",1,"CENTER","COND_RT_NOM",25,1,"NOMINAL","T_VMIN","VMIN",0.8378063114544197,"V","UPPER",0.85,"NOT_DEFINED",0.75,1,"NOT_UNIFORM","0.75,0.78,0.8,0.82,0.85,0.88,0.9,0.92,0.95,1.0","SYNTHETIC_ASSUMED","P",2.096747281652726,"TESTER_A",20260115,"temporal_parametric_v1.0.0","DTL_TEMPORAL_PARAMETRIC_V1","DTL_TEMPORAL_ACTUAL_DIE_V1","DTL_TEMPORAL_POPULATION_V1"
"2026-02","February 2026",2,"DTL_CENTER_001","DTL_CENTER_001_D001","die_001",1,"CENTER","COND_RT_NOM",25,1,"NOMINAL","T_VMAX","VMAX",1.1942827385773638,"V","LOWER",1.15,"NOT_DEFINED",1.05,1.25,"NOT_UNIFORM","1.05,1.08,1.1,1.12,1.15,1.18,1.2,1.22,1.25","SYNTHETIC_ASSUMED","P",2.096747281652726,"TESTER_A",20260115,"temporal_parametric_v1.0.0","DTL_TEMPORAL_PARAMETRIC_V1","DTL_TEMPORAL_ACTUAL_DIE_V1","DTL_TEMPORAL_POPULATION_V1"
"2026-02","February 2026",2,"DTL_CENTER_001","DTL_CENTER_001_D001","die_001",1,"CENTER","COND_RT_NOM",25,1,"NOMINAL","T_IDDQ","IDDQ",54.1045592492538,"uA","UPPER",50,"NOT_DEFINED",30,100,"NOT_UNIFORM","30.0,35.0,40.0,45.0,50.0,55.0,60.0,70.0,80.0,100.0","SYNTHETIC_ASSUMED","F",2.096747281652726,"TESTER_A",20260115,"temporal_parametric_v1.0.0","DTL_TEMPORAL_PARAMETRIC_V1","DTL_TEMPORAL_ACTUAL_DIE_V1","DTL_TEMPORAL_POPULATION_V1"
"2026-02","February 2026",2,"DTL_CENTER_001","DTL_CENTER_001_D001","die_001",1,"CENTER","COND_RT_NOM",25,1,"NOMINAL","T_SUPPLY_CURRENT","SUPPLY_CURRENT",115.24213233599978,"mA","UPPER",120,"NOT_DEFINED",90,200,"NOT_UNIFORM","90.0,100.0,110.0,120.0,130.0,140.0,150.0,170.0,200.0","SYNTHETIC_ASSUMED","P",2.096747281652726,"TESTER_A",20260115,"temporal_parametric_v1.0.0","DTL_TEMPORAL_PARAMETRIC_V1","DTL_TEMPORAL_ACTUAL_DIE_V1","DTL_TEMPORAL_POPULATION_V1"
"2026-02","February 2026",2,"DTL_CENTER_001","DTL_CENTER_001_D001","die_001",1,"CENTER","COND_HOT_NOM",85,1,"HOT","T_CONTACT_R","CONTACT_RESISTANCE",4.725950197502029,"ohm","UPPER",5,"NOT_DEFINED",3.5,10,"NOT_UNIFORM","3.5,4.0,4.5,5.0,5.5,6.0,7.0,8.0,10.0","SYNTHETIC_ASSUMED","P",2.096747281652726,"TESTER_A",20260115,"temporal_parametric_v1.0.0","DTL_TEMPORAL_PARAMETRIC_V1","DTL_TEMPORAL_ACTUAL_DIE_V1","DTL_TEMPORAL_POPULATION_V1"
"2026-02","February 2026",2,"DTL_CENTER_001","DTL_CENTER_001_D001","die_001",1,"CENTER","COND_HOT_NOM",85,1,"HOT","T_INTERCONNECT_R","INTERCONNECT_RESISTANCE",14.472485024987764,"ohm","UPPER",15,"NOT_DEFINED",11,25,"NOT_UNIFORM","11.0,12.0,13.0,14.0,15.0,16.0,18.0,20.0,25.0","SYNTHETIC_ASSUMED","P",2.096747281652726,"TESTER_A",20260115,"temporal_parametric_v1.0.0","DTL_TEMPORAL_PARAMETRIC_V1","DTL_TEMPORAL_ACTUAL_DIE_V1","DTL_TEMPORAL_POPULATION_V1"
"2026-02","February 2026",2,"DTL_CENTER_001","DTL_CENTER_001_D001","die_001",1,"CENTER","COND_HOT_NOM",85,1,"HOT","T_ON_R","ON_RESISTANCE",26.148750214520348,"ohm","UPPER",25,"NOT_DEFINED",18,50,"NOT_UNIFORM","18.0,20.0,22.0,25.0,28.0,30.0,35.0,40.0,50.0","SYNTHETIC_ASSUMED","F",2.096747281652726,"TESTER_A",20260115,"temporal_parametric_v1.0.0","DTL_TEMPORAL_PARAMETRIC_V1","DTL_TEMPORAL_ACTUAL_DIE_V1","DTL_TEMPORAL_POPULATION_V1"
"2026-02","February 2026",2,"DTL_CENTER_001","DTL_CENTER_001_D001","die_001",1,"CENTER","COND_HOT_NOM",85,1,"HOT","T_VMIN","VMIN",0.8940699194145655,"V","UPPER",0.85,"NOT_DEFINED",0.75,1,"NOT_UNIFORM","0.75,0.78,0.8,0.82,0.85,0.88,0.9,0.92,0.95,1.0","SYNTHETIC_ASSUMED","F",2.096747281652726,"TESTER_A",20260115,"temporal_parametric_v1.0.0","DTL_TEMPORAL_PARAMETRIC_V1","DTL_TEMPORAL_ACTUAL_DIE_V1","DTL_TEMPORAL_POPULATION_V1"
"2026-02","February 2026",2,"DTL_CENTER_001","DTL_CENTER_001_D001","die_001",1,"CENTER","COND_HOT_NOM",85,1,"HOT","T_VMAX","VMAX",1.1413655708794714,"V","LOWER",1.15,"NOT_DEFINED",1.05,1.25,"NOT_UNIFORM","1.05,1.08,1.1,1.12,1.15,1.18,1.2,1.22,1.25","SYNTHETIC_ASSUMED","F",2.096747281652726,"TESTER_A",20260115,"temporal_parametric_v1.0.0","DTL_TEMPORAL_PARAMETRIC_V1","DTL_TEMPORAL_ACTUAL_DIE_V1","DTL_TEMPORAL_POPULATION_V1"
"2026-02","February 2026",2,"DTL_CENTER_001","DTL_CENTER_001_D001","die_001",1,"CENTER","COND_HOT_NOM",85,1,"HOT","T_IDDQ","IDDQ",66.69148686526663,"uA","UPPER",50,"NOT_DEFINED",30,100,"NOT_UNIFORM","30.0,35.0,40.0,45.0,50.0,55.0,60.0,70.0,80.0,100.0","SYNTHETIC_ASSUMED","F",2.096747281652726,"TESTER_A",20260115,"temporal_parametric_v1.0.0","DTL_TEMPORAL_PARAMETRIC_V1","DTL_TEMPORAL_ACTUAL_DIE_V1","DTL_TEMPORAL_POPULATION_V1"
"2026-02","February 2026",2,"DTL_CENTER_001","DTL_CENTER_001_D001","die_001",1,"CENTER","COND_HOT_NOM",85,1,"HOT","T_SUPPLY_CURRENT","SUPPLY_CURRENT",126.3096687718064,"mA","UPPER",120,"NOT_DEFINED",90,200,"NOT_UNIFORM","90.0,100.0,110.0,120.0,130.0,140.0,150.0,170.0,200.0","SYNTHETIC_ASSUMED","F",2.096747281652726,"TESTER_A",20260115,"temporal_parametric_v1.0.0","DTL_TEMPORAL_PARAMETRIC_V1","DTL_TEMPORAL_ACTUAL_DIE_V1","DTL_TEMPORAL_POPULATION_V1"
"2026-02","February 2026",2,"DTL_CENTER_001","DTL_CENTER_001_D001","die_001",1,"CENTER","COND_RT_LOWV",25,0.9,"LOW_VDD","T_CONTACT_R","CONTACT_RESISTANCE",4.912694882036766,"ohm","UPPER",5,"NOT_DEFINED",3.5,10,"NOT_UNIFORM","3.5,4.0,4.5,5.0,5.5,6.0,7.0,8.0,10.0","SYNTHETIC_ASSUMED","P",2.096747281652726,"TESTER_A",20260115,"temporal_parametric_v1.0.0","DTL_TEMPORAL_PARAMETRIC_V1","DTL_TEMPORAL_ACTUAL_DIE_V1","DTL_TEMPORAL_POPULATION_V1"
"2026-02","February 2026",2,"DTL_CENTER_001","DTL_CENTER_001_D001","die_001",1,"CENTER","COND_RT_LOWV",25,0.9,"LOW_VDD","T_INTERCONNECT_R","INTERCONNECT_RESISTANCE",14.784243286903443,"ohm","UPPER",15,"NOT_DEFINED",11,25,"NOT_UNIFORM","11.0,12.0,13.0,14.0,15.0,16.0,18.0,20.0,25.0","SYNTHETIC_ASSUMED","P",2.096747281652726,"TESTER_A",20260115,"temporal_parametric_v1.0.0","DTL_TEMPORAL_PARAMETRIC_V1","DTL_TEMPORAL_ACTUAL_DIE_V1","DTL_TEMPORAL_POPULATION_V1"
"2026-02","February 2026",2,"DTL_CENTER_001","DTL_CENTER_001_D001","die_001",1,"CENTER","COND_RT_LOWV",25,0.9,"LOW_VDD","T_ON_R","ON_RESISTANCE",25.474922464083964,"ohm","UPPER",25,"NOT_DEFINED",18,50,"NOT_UNIFORM","18.0,20.0,22.0,25.0,28.0,30.0,35.0,40.0,50.0","SYNTHETIC_ASSUMED","F",2.096747281652726,"TESTER_A",20260115,"temporal_parametric_v1.0.0","DTL_TEMPORAL_PARAMETRIC_V1","DTL_TEMPORAL_ACTUAL_DIE_V1","DTL_TEMPORAL_POPULATION_V1"
"2026-02","February 2026",2,"DTL_CENTER_001","DTL_CENTER_001_D001","die_001",1,"CENTER","COND_RT_LOWV",25,0.9,"LOW_VDD","T_VMIN","VMIN",0.8693541065948508,"V","UPPER",0.85,"NOT_DEFINED",0.75,1,"NOT_UNIFORM","0.75,0.78,0.8,0.82,0.85,0.88,0.9,0.92,0.95,1.0","SYNTHETIC_ASSUMED","F",2.096747281652726,"TESTER_A",20260115,"temporal_parametric_v1.0.0","DTL_TEMPORAL_PARAMETRIC_V1","DTL_TEMPORAL_ACTUAL_DIE_V1","DTL_TEMPORAL_POPULATION_V1"
"2026-02","February 2026",2,"DTL_CENTER_001","DTL_CENTER_001_D001","die_001",1,"CENTER","COND_RT_LOWV",25,0.9,"LOW_VDD","T_VMAX","VMAX",1.118595947705736,"V","LOWER",1.15,"NOT_DEFINED",1.05,1.25,"NOT_UNIFORM","1.05,1.08,1.1,1.12,1.15,1.18,1.2,1.22,1.25","SYNTHETIC_ASSUMED","F",2.096747281652726,"TESTER_A",20260115,"temporal_parametric_v1.0.0","DTL_TEMPORAL_PARAMETRIC_V1","DTL_TEMPORAL_ACTUAL_DIE_V1","DTL_TEMPORAL_POPULATION_V1"
"2026-02","February 2026",2,"DTL_CENTER_001","DTL_CENTER_001_D001","die_001",1,"CENTER","COND_RT_LOWV",25,0.9,"LOW_VDD","T_IDDQ","IDDQ",54.35913435511808,"uA","UPPER",50,"NOT_DEFINED",30,100,"NOT_UNIFORM","30.0,35.0,40.0,45.0,50.0,55.0,60.0,70.0,80.0,100.0","SYNTHETIC_ASSUMED","F",2.096747281652726,"TESTER_A",20260115,"temporal_parametric_v1.0.0","DTL_TEMPORAL_PARAMETRIC_V1","DTL_TEMPORAL_ACTUAL_DIE_V1","DTL_TEMPORAL_POPULATION_V1"
"2026-02","February 2026",2,"DTL_CENTER_001","DTL_CENTER_001_D001","die_001",1,"CENTER","COND_RT_LOWV",25,0.9,"LOW_VDD","T_SUPPLY_CURRENT","SUPPLY_CURRENT",122.61513776750964,"mA","UPPER",120,"NOT_DEFINED",90,200,"NOT_UNIFORM","90.0,100.0,110.0,120.0,130.0,140.0,150.0,170.0,200.0","SYNTHETIC_ASSUMED","F",2.096747281652726,"TESTER_A",20260115,"temporal_parametric_v1.0.0","DTL_TEMPORAL_PARAMETRIC_V1","DTL_TEMPORAL_ACTUAL_DIE_V1","DTL_TEMPORAL_POPULATION_V1"
"2026-02","February 2026",2,"DTL_CENTER_001","DTL_CENTER_001_D001","die_001",1,"CENTER","COND_HOT_HIGHV",85,1.1,"HIGH_VDD","T_CONTACT_R","CONTACT_RESISTANCE",5.360592856598398,"ohm","UPPER",5,"NOT_DEFINED",3.5,10,"NOT_UNIFORM","3.5,4.0,4.5,5.0,5.5,6.0,7.0,8.0,10.0","SYNTHETIC_ASSUMED","F",2.096747281652726,"TESTER_A",20260115,"temporal_parametric_v1.0.0","DTL_TEMPORAL_PARAMETRIC_V1","DTL_TEMPORAL_ACTUAL_DIE_V1","DTL_TEMPORAL_POPULATION_V1"
"2026-02","February 2026",2,"DTL_CENTER_001","DTL_CENTER_001_D001","die_001",1,"CENTER","COND_HOT_HIGHV",85,1.1,"HIGH_VDD","T_INTERCONNECT_R","INTERCONNECT_RESISTANCE",16.782363423275765,"ohm","UPPER",15,"NOT_DEFINED",11,25,"NOT_UNIFORM","11.0,12.0,13.0,14.0,15.0,16.0,18.0,20.0,25.0","SYNTHETIC_ASSUMED","F",2.096747281652726,"TESTER_A",20260115,"temporal_parametric_v1.0.0","DTL_TEMPORAL_PARAMETRIC_V1","DTL_TEMPORAL_ACTUAL_DIE_V1","DTL_TEMPORAL_POPULATION_V1"
"2026-02","February 2026",2,"DTL_CENTER_001","DTL_CENTER_001_D001","die_001",1,"CENTER","COND_HOT_HIGHV",85,1.1,"HIGH_VDD","T_ON_R","ON_RESISTANCE",26.313069052715537,"ohm","UPPER",25,"NOT_DEFINED",18,50,"NOT_UNIFORM","18.0,20.0,22.0,25.0,28.0,30.0,35.0,40.0,50.0","SYNTHETIC_ASSUMED","F",2.096747281652726,"TESTER_A",20260115,"temporal_parametric_v1.0.0","DTL_TEMPORAL_PARAMETRIC_V1","DTL_TEMPORAL_ACTUAL_DIE_V1","DTL_TEMPORAL_POPULATION_V1"
"2026-02","February 2026",2,"DTL_CENTER_001","DTL_CENTER_001_D001","die_001",1,"CENTER","COND_HOT_HIGHV",85,1.1,"HIGH_VDD","T_VMIN","VMIN",0.9700500687444852,"V","UPPER",0.85,"NOT_DEFINED",0.75,1,"NOT_UNIFORM","0.75,0.78,0.8,0.82,0.85,0.88,0.9,0.92,0.95,1.0","SYNTHETIC_ASSUMED","F",2.096747281652726,"TESTER_A",20260115,"temporal_parametric_v1.0.0","DTL_TEMPORAL_PARAMETRIC_V1","DTL_TEMPORAL_ACTUAL_DIE_V1","DTL_TEMPORAL_POPULATION_V1"
"2026-02","February 2026",2,"DTL_CENTER_001","DTL_CENTER_001_D001","die_001",1,"CENTER","COND_HOT_HIGHV",85,1.1,"HIGH_VDD","T_VMAX","VMAX",1.041585213873338,"V","LOWER",1.15,"NOT_DEFINED",1.05,1.25,"NOT_UNIFORM","1.05,1.08,1.1,1.12,1.15,1.18,1.2,1.22,1.25","SYNTHETIC_ASSUMED","F",2.096747281652726,"TESTER_A",20260115,"temporal_parametric_v1.0.0","DTL_TEMPORAL_PARAMETRIC_V1","DTL_TEMPORAL_ACTUAL_DIE_V1","DTL_TEMPORAL_POPULATION_V1"
"2026-02","February 2026",2,"DTL_CENTER_001","DTL_CENTER_001_D001","die_001",1,"CENTER","COND_HOT_HIGHV",85,1.1,"HIGH_VDD","T_IDDQ","IDDQ",70.29399859223858,"uA","UPPER",50,"NOT_DEFINED",30,100,"NOT_UNIFORM","30.0,35.0,40.0,45.0,50.0,55.0,60.0,70.0,80.0,100.0","SYNTHETIC_ASSUMED","F",2.096747281652726,"TESTER_A",20260115,"temporal_parametric_v1.0.0","DTL_TEMPORAL_PARAMETRIC_V1","DTL_TEMPORAL_ACTUAL_DIE_V1","DTL_TEMPORAL_POPULATION_V1"
"2026-02","February 2026",2,"DTL_CENTER_001","DTL_CENTER_001_D001","die_001",1,"CENTER","COND_HOT_HIGHV",85,1.1,"HIGH_VDD","T_SUPPLY_CURRENT","SUPPLY_CURRENT",126.88006934846922,"mA","UPPER",120,"NOT_DEFINED",90,200,"NOT_UNIFORM","90.0,100.0,110.0,120.0,130.0,140.0,150.0,170.0,200.0","SYNTHETIC_ASSUMED","F",2.096747281652726,"TESTER_A",20260115,"temporal_parametric_v1.0.0","DTL_TEMPORAL_PARAMETRIC_V1","DTL_TEMPORAL_ACTUAL_DIE_V1","DTL_TEMPORAL_POPULATION_V1"
"2026-02","February 2026",2,"DTL_CENTER_001","DTL_CENTER_001_D002","die_002",2,"CENTER","COND_RT_NOM",25,1,"NOMINAL","T_CONTACT_R","CONTACT_RESISTANCE",6.054029624476188,"ohm","UPPER",5,"NOT_DEFINED",3.5,10,"NOT_UNIFORM","3.5,4.0,4.5,5.0,5.5,6.0,7.0,8.0,10.0","SYNTHETIC_ASSUMED","F",3.4909829439793283,"TESTER_A",20260115,"temporal_parametric_v1.0.0","DTL_TEMPORAL_PARAMETRIC_V1","DTL_TEMPORAL_ACTUAL_DIE_V1","DTL_TEMPORAL_POPULATION_V1"
"2026-02","February 2026",2,"DTL_CENTER_001","DTL_CENTER_001_D002","die_002",2,"CENTER","COND_RT_NOM",25,1,"NOMINAL","T_INTERCONNECT_R","INTERCONNECT_RESISTANCE",18.465694333015524,"ohm","UPPER",15,"NOT_DEFINED",11,25,"NOT_UNIFORM","11.0,12.0,13.0,14.0,15.0,16.0,18.0,20.0,25.0","SYNTHETIC_ASSUMED","F",3.4909829439793283,"TESTER_A",20260115,"temporal_parametric_v1.0.0","DTL_TEMPORAL_PARAMETRIC_V1","DTL_TEMPORAL_ACTUAL_DIE_V1","DTL_TEMPORAL_POPULATION_V1"
"2026-02","February 2026",2,"DTL_CENTER_001","DTL_CENTER_001_D002","die_002",2,"CENTER","COND_RT_NOM",25,1,"NOMINAL","T_ON_R","ON_RESISTANCE",27.97124069602918,"ohm","UPPER",25,"NOT_DEFINED",18,50,"NOT_UNIFORM","18.0,20.0,22.0,25.0,28.0,30.0,35.0,40.0,50.0","SYNTHETIC_ASSUMED","F",3.4909829439793283,"TESTER_A",20260115,"temporal_parametric_v1.0.0","DTL_TEMPORAL_PARAMETRIC_V1","DTL_TEMPORAL_ACTUAL_DIE_V1","DTL_TEMPORAL_POPULATION_V1"
"2026-02","February 2026",2,"DTL_CENTER_001","DTL_CENTER_001_D002","die_002",2,"CENTER","COND_RT_NOM",25,1,"NOMINAL","T_VMIN","VMIN",0.9327122312093242,"V","UPPER",0.85,"NOT_DEFINED",0.75,1,"NOT_UNIFORM","0.75,0.78,0.8,0.82,0.85,0.88,0.9,0.92,0.95,1.0","SYNTHETIC_ASSUMED","F",3.4909829439793283,"TESTER_A",20260115,"temporal_parametric_v1.0.0","DTL_TEMPORAL_PARAMETRIC_V1","DTL_TEMPORAL_ACTUAL_DIE_V1","DTL_TEMPORAL_POPULATION_V1"
"2026-02","February 2026",2,"DTL_CENTER_001","DTL_CENTER_001_D002","die_002",2,"CENTER","COND_RT_NOM",25,1,"NOMINAL","T_VMAX","VMAX",1.0312401409618797,"V","LOWER",1.15,"NOT_DEFINED",1.05,1.25,"NOT_UNIFORM","1.05,1.08,1.1,1.12,1.15,1.18,1.2,1.22,1.25","SYNTHETIC_ASSUMED","F",3.4909829439793283,"TESTER_A",20260115,"temporal_parametric_v1.0.0","DTL_TEMPORAL_PARAMETRIC_V1","DTL_TEMPORAL_ACTUAL_DIE_V1","DTL_TEMPORAL_POPULATION_V1"
"2026-02","February 2026",2,"DTL_CENTER_001","DTL_CENTER_001_D002","die_002",2,"CENTER","COND_RT_NOM",25,1,"NOMINAL","T_IDDQ","IDDQ",74.32332981690293,"uA","UPPER",50,"NOT_DEFINED",30,100,"NOT_UNIFORM","30.0,35.0,40.0,45.0,50.0,55.0,60.0,70.0,80.0,100.0","SYNTHETIC_ASSUMED","F",3.4909829439793283,"TESTER_A",20260115,"temporal_parametric_v1.0.0","DTL_TEMPORAL_PARAMETRIC_V1","DTL_TEMPORAL_ACTUAL_DIE_V1","DTL_TEMPORAL_POPULATION_V1"
"2026-02","February 2026",2,"DTL_CENTER_001","DTL_CENTER_001_D002","die_002",2,"CENTER","COND_RT_NOM",25,1,"NOMINAL","T_SUPPLY_CURRENT","SUPPLY_CURRENT",125.06310199475378,"mA","UPPER",120,"NOT_DEFINED",90,200,"NOT_UNIFORM","90.0,100.0,110.0,120.0,130.0,140.0,150.0,170.0,200.0","SYNTHETIC_ASSUMED","F",3.4909829439793283,"TESTER_A",20260115,"temporal_parametric_v1.0.0","DTL_TEMPORAL_PARAMETRIC_V1","DTL_TEMPORAL_ACTUAL_DIE_V1","DTL_TEMPORAL_POPULATION_V1"
"2026-02","February 2026",2,"DTL_CENTER_001","DTL_CENTER_001_D002","die_002",2,"CENTER","COND_HOT_NOM",85,1,"HOT","T_CONTACT_R","CONTACT_RESISTANCE",6.081178740011403,"ohm","UPPER",5,"NOT_DEFINED",3.5,10,"NOT_UNIFORM","3.5,4.0,4.5,5.0,5.5,6.0,7.0,8.0,10.0","SYNTHETIC_ASSUMED","F",3.4909829439793283,"TESTER_A",20260115,"temporal_parametric_v1.0.0","DTL_TEMPORAL_PARAMETRIC_V1","DTL_TEMPORAL_ACTUAL_DIE_V1","DTL_TEMPORAL_POPULATION_V1"
"2026-02","February 2026",2,"DTL_CENTER_001","DTL_CENTER_001_D002","die_002",2,"CENTER","COND_HOT_NOM",85,1,"HOT","T_INTERCONNECT_R","INTERCONNECT_RESISTANCE",19.68624338978181,"ohm","UPPER",15,"NOT_DEFINED",11,25,"NOT_UNIFORM","11.0,12.0,13.0,14.0,15.0,16.0,18.0,20.0,25.0","SYNTHETIC_ASSUMED","F",3.4909829439793283,"TESTER_A",20260115,"temporal_parametric_v1.0.0","DTL_TEMPORAL_PARAMETRIC_V1","DTL_TEMPORAL_ACTUAL_DIE_V1","DTL_TEMPORAL_POPULATION_V1"
"2026-02","February 2026",2,"DTL_CENTER_001","DTL_CENTER_001_D002","die_002",2,"CENTER","COND_HOT_NOM",85,1,"HOT","T_ON_R","ON_RESISTANCE",31.37611463025902,"ohm","UPPER",25,"NOT_DEFINED",18,50,"NOT_UNIFORM","18.0,20.0,22.0,25.0,28.0,30.0,35.0,40.0,50.0","SYNTHETIC_ASSUMED","F",3.4909829439793283,"TESTER_A",20260115,"temporal_parametric_v1.0.0","DTL_TEMPORAL_PARAMETRIC_V1","DTL_TEMPORAL_ACTUAL_DIE_V1","DTL_TEMPORAL_POPULATION_V1"
"2026-02","February 2026",2,"DTL_CENTER_001","DTL_CENTER_001_D002","die_002",2,"CENTER","COND_HOT_NOM",85,1,"HOT","T_VMIN","VMIN",0.9791199016060784,"V","UPPER",0.85,"NOT_DEFINED",0.75,1,"NOT_UNIFORM","0.75,0.78,0.8,0.82,0.85,0.88,0.9,0.92,0.95,1.0","SYNTHETIC_ASSUMED","F",3.4909829439793283,"TESTER_A",20260115,"temporal_parametric_v1.0.0","DTL_TEMPORAL_PARAMETRIC_V1","DTL_TEMPORAL_ACTUAL_DIE_V1","DTL_TEMPORAL_POPULATION_V1"
"2026-02","February 2026",2,"DTL_CENTER_001","DTL_CENTER_001_D002","die_002",2,"CENTER","COND_HOT_NOM",85,1,"HOT","T_VMAX","VMAX",1.0902491680412127,"V","LOWER",1.15,"NOT_DEFINED",1.05,1.25,"NOT_UNIFORM","1.05,1.08,1.1,1.12,1.15,1.18,1.2,1.22,1.25","SYNTHETIC_ASSUMED","F",3.4909829439793283,"TESTER_A",20260115,"temporal_parametric_v1.0.0","DTL_TEMPORAL_PARAMETRIC_V1","DTL_TEMPORAL_ACTUAL_DIE_V1","DTL_TEMPORAL_POPULATION_V1"
"2026-02","February 2026",2,"DTL_CENTER_001","DTL_CENTER_001_D002","die_002",2,"CENTER","COND_HOT_NOM",85,1,"HOT","T_IDDQ","IDDQ",69.70418569553516,"uA","UPPER",50,"NOT_DEFINED",30,100,"NOT_UNIFORM","30.0,35.0,40.0,45.0,50.0,55.0,60.0,70.0,80.0,100.0","SYNTHETIC_ASSUMED","F",3.4909829439793283,"TESTER_A",20260115,"temporal_parametric_v1.0.0","DTL_TEMPORAL_PARAMETRIC_V1","DTL_TEMPORAL_ACTUAL_DIE_V1","DTL_TEMPORAL_POPULATION_V1"
"2026-02","February 2026",2,"DTL_CENTER_001","DTL_CENTER_001_D002","die_002",2,"CENTER","COND_HOT_NOM",85,1,"HOT","T_SUPPLY_CURRENT","SUPPLY_CURRENT",141.59184646899433,"mA","UPPER",120,"NOT_DEFINED",90,200,"NOT_UNIFORM","90.0,100.0,110.0,120.0,130.0,140.0,150.0,170.0,200.0","SYNTHETIC_ASSUMED","F",3.4909829439793283,"TESTER_A",20260115,"temporal_parametric_v1.0.0","DTL_TEMPORAL_PARAMETRIC_V1","DTL_TEMPORAL_ACTUAL_DIE_V1","DTL_TEMPORAL_POPULATION_V1"
"2026-02","February 2026",2,"DTL_CENTER_001","DTL_CENTER_001_D002","die_002",2,"CENTER","COND_RT_LOWV",25,0.9,"LOW_VDD","T_CONTACT_R","CONTACT_RESISTANCE",6.1565278253356,"ohm","UPPER",5,"NOT_DEFINED",3.5,10,"NOT_UNIFORM","3.5,4.0,4.5,5.0,5.5,6.0,7.0,8.0,10.0","SYNTHETIC_ASSUMED","F",3.4909829439793283,"TESTER_A",20260115,"temporal_parametric_v1.0.0","DTL_TEMPORAL_PARAMETRIC_V1","DTL_TEMPORAL_ACTUAL_DIE_V1","DTL_TEMPORAL_POPULATION_V1"
"2026-02","February 2026",2,"DTL_CENTER_001","DTL_CENTER_001_D002","die_002",2,"CENTER","COND_RT_LOWV",25,0.9,"LOW_VDD","T_INTERCONNECT_R","INTERCONNECT_RESISTANCE",19.53317683596353,"ohm","UPPER",15,"NOT_DEFINED",11,25,"NOT_UNIFORM","11.0,12.0,13.0,14.0,15.0,16.0,18.0,20.0,25.0","SYNTHETIC_ASSUMED","F",3.4909829439793283,"TESTER_A",20260115,"temporal_parametric_v1.0.0","DTL_TEMPORAL_PARAMETRIC_V1","DTL_TEMPORAL_ACTUAL_DIE_V1","DTL_TEMPORAL_POPULATION_V1"
"2026-02","February 2026",2,"DTL_CENTER_001","DTL_CENTER_001_D002","die_002",2,"CENTER","COND_RT_LOWV",25,0.9,"LOW_VDD","T_ON_R","ON_RESISTANCE",28.592483350733968,"ohm","UPPER",25,"NOT_DEFINED",18,50,"NOT_UNIFORM","18.0,20.0,22.0,25.0,28.0,30.0,35.0,40.0,50.0","SYNTHETIC_ASSUMED","F",3.4909829439793283,"TESTER_A",20260115,"temporal_parametric_v1.0.0","DTL_TEMPORAL_PARAMETRIC_V1","DTL_TEMPORAL_ACTUAL_DIE_V1","DTL_TEMPORAL_POPULATION_V1"
"2026-02","February 2026",2,"DTL_CENTER_001","DTL_CENTER_001_D002","die_002",2,"CENTER","COND_RT_LOWV",25,0.9,"LOW_VDD","T_VMIN","VMIN",0.9605575557815168,"V","UPPER",0.85,"NOT_DEFINED",0.75,1,"NOT_UNIFORM","0.75,0.78,0.8,0.82,0.85,0.88,0.9,0.92,0.95,1.0","SYNTHETIC_ASSUMED","F",3.4909829439793283,"TESTER_A",20260115,"temporal_parametric_v1.0.0","DTL_TEMPORAL_PARAMETRIC_V1","DTL_TEMPORAL_ACTUAL_DIE_V1","DTL_TEMPORAL_POPULATION_V1"
"2026-02","February 2026",2,"DTL_CENTER_001","DTL_CENTER_001_D002","die_002",2,"CENTER","COND_RT_LOWV",25,0.9,"LOW_VDD","T_VMAX","VMAX",1.1534274091249852,"V","LOWER",1.15,"NOT_DEFINED",1.05,1.25,"NOT_UNIFORM","1.05,1.08,1.1,1.12,1.15,1.18,1.2,1.22,1.25","SYNTHETIC_ASSUMED","P",3.4909829439793283,"TESTER_A",20260115,"temporal_parametric_v1.0.0","DTL_TEMPORAL_PARAMETRIC_V1","DTL_TEMPORAL_ACTUAL_DIE_V1","DTL_TEMPORAL_POPULATION_V1"
"2026-02","February 2026",2,"DTL_CENTER_001","DTL_CENTER_001_D002","die_002",2,"CENTER","COND_RT_LOWV",25,0.9,"LOW_VDD","T_IDDQ","IDDQ",66.81419545263739,"uA","UPPER",50,"NOT_DEFINED",30,100,"NOT_UNIFORM","30.0,35.0,40.0,45.0,50.0,55.0,60.0,70.0,80.0,100.0","SYNTHETIC_ASSUMED","F",3.4909829439793283,"TESTER_A",20260115,"temporal_parametric_v1.0.0","DTL_TEMPORAL_PARAMETRIC_V1","DTL_TEMPORAL_ACTUAL_DIE_V1","DTL_TEMPORAL_POPULATION_V1"
"2026-02","February 2026",2,"DTL_CENTER_001","DTL_CENTER_001_D002","die_002",2,"CENTER","COND_RT_LOWV",25,0.9,"LOW_VDD","T_SUPPLY_CURRENT","SUPPLY_CURRENT",128.0610467642259,"mA","UPPER",120,"NOT_DEFINED",90,200,"NOT_UNIFORM","90.0,100.0,110.0,120.0,130.0,140.0,150.0,170.0,200.0","SYNTHETIC_ASSUMED","F",3.4909829439793283,"TESTER_A",20260115,"temporal_parametric_v1.0.0","DTL_TEMPORAL_PARAMETRIC_V1","DTL_TEMPORAL_ACTUAL_DIE_V1","DTL_TEMPORAL_POPULATION_V1"
"2026-02","February 2026",2,"DTL_CENTER_001","DTL_CENTER_001_D002","die_002",2,"CENTER","COND_HOT_HIGHV",85,1.1,"HIGH_VDD","T_CONTACT_R","CONTACT_RESISTANCE",5.824845876500822,"ohm","UPPER",5,"NOT_DEFINED",3.5,10,"NOT_UNIFORM","3.5,4.0,4.5,5.0,5.5,6.0,7.0,8.0,10.0","SYNTHETIC_ASSUMED","F",3.4909829439793283,"TESTER_A",20260115,"temporal_parametric_v1.0.0","DTL_TEMPORAL_PARAMETRIC_V1","DTL_TEMPORAL_ACTUAL_DIE_V1","DTL_TEMPORAL_POPULATION_V1"
"2026-02","February 2026",2,"DTL_CENTER_001","DTL_CENTER_001_D002","die_002",2,"CENTER","COND_HOT_HIGHV",85,1.1,"HIGH_VDD","T_INTERCONNECT_R","INTERCONNECT_RESISTANCE",18.413970354437417,"ohm","UPPER",15,"NOT_DEFINED",11,25,"NOT_UNIFORM","11.0,12.0,13.0,14.0,15.0,16.0,18.0,20.0,25.0","SYNTHETIC_ASSUMED","F",3.4909829439793283,"TESTER_A",20260115,"temporal_parametric_v1.0.0","DTL_TEMPORAL_PARAMETRIC_V1","DTL_TEMPORAL_ACTUAL_DIE_V1","DTL_TEMPORAL_POPULATION_V1"
"2026-02","February 2026",2,"DTL_CENTER_001","DTL_CENTER_001_D002","die_002",2,"CENTER","COND_HOT_HIGHV",85,1.1,"HIGH_VDD","T_ON_R","ON_RESISTANCE",30.41237372651601,"ohm","UPPER",25,"NOT_DEFINED",18,50,"NOT_UNIFORM","18.0,20.0,22.0,25.0,28.0,30.0,35.0,40.0,50.0","SYNTHETIC_ASSUMED","F",3.4909829439793283,"TESTER_A",20260115,"temporal_parametric_v1.0.0","DTL_TEMPORAL_PARAMETRIC_V1","DTL_TEMPORAL_ACTUAL_DIE_V1","DTL_TEMPORAL_POPULATION_V1"
"2026-02","February 2026",2,"DTL_CENTER_001","DTL_CENTER_001_D002","die_002",2,"CENTER","COND_HOT_HIGHV",85,1.1,"HIGH_VDD","T_VMIN","VMIN",0.9352798457592304,"V","UPPER",0.85,"NOT_DEFINED",0.75,1,"NOT_UNIFORM","0.75,0.78,0.8,0.82,0.85,0.88,0.9,0.92,0.95,1.0","SYNTHETIC_ASSUMED","F",3.4909829439793283,"TESTER_A",20260115,"temporal_parametric_v1.0.0","DTL_TEMPORAL_PARAMETRIC_V1","DTL_TEMPORAL_ACTUAL_DIE_V1","DTL_TEMPORAL_POPULATION_V1"
"2026-02","February 2026",2,"DTL_CENTER_001","DTL_CENTER_001_D002","die_002",2,"CENTER","COND_HOT_HIGHV",85,1.1,"HIGH_VDD","T_VMAX","VMAX",1.064032823051685,"V","LOWER",1.15,"NOT_DEFINED",1.05,1.25,"NOT_UNIFORM","1.05,1.08,1.1,1.12,1.15,1.18,1.2,1.22,1.25","SYNTHETIC_ASSUMED","F",3.4909829439793283,"TESTER_A",20260115,"temporal_parametric_v1.0.0","DTL_TEMPORAL_PARAMETRIC_V1","DTL_TEMPORAL_ACTUAL_DIE_V1","DTL_TEMPORAL_POPULATION_V1"
"2026-02","February 2026",2,"DTL_CENTER_001","DTL_CENTER_001_D002","die_002",2,"CENTER","COND_HOT_HIGHV",85,1.1,"HIGH_VDD","T_IDDQ","IDDQ",74.65736016971417,"uA","UPPER",50,"NOT_DEFINED",30,100,"NOT_UNIFORM","30.0,35.0,40.0,45.0,50.0,55.0,60.0,70.0,80.0,100.0","SYNTHETIC_ASSUMED","F",3.4909829439793283,"TESTER_A",20260115,"temporal_parametric_v1.0.0","DTL_TEMPORAL_PARAMETRIC_V1","DTL_TEMPORAL_ACTUAL_DIE_V1","DTL_TEMPORAL_POPULATION_V1"
"2026-02","February 2026",2,"DTL_CENTER_001","DTL_CENTER_001_D002","die_002",2,"CENTER","COND_HOT_HIGHV",85,1.1,"HIGH_VDD","T_SUPPLY_CURRENT","SUPPLY_CURRENT",134.90145643946127,"mA","UPPER",120,"NOT_DEFINED",90,200,"NOT_UNIFORM","90.0,100.0,110.0,120.0,130.0,140.0,150.0,170.0,200.0","SYNTHETIC_ASSUMED","F",3.4909829439793283,"TESTER_A",20260115,"temporal_parametric_v1.0.0","DTL_TEMPORAL_PARAMETRIC_V1","DTL_TEMPORAL_ACTUAL_DIE_V1","DTL_TEMPORAL_POPULATION_V1"
"2026-02","February 2026",2,"DTL_CENTER_001","DTL_CENTER_001_D003","die_003",3,"CENTER","COND_RT_NOM",25,1,"NOMINAL","T_CONTACT_R","CONTACT_RESISTANCE",5.145584753694301,"ohm","UPPER",5,"NOT_DEFINED",3.5,10,"NOT_UNIFORM","3.5,4.0,4.5,5.0,5.5,6.0,7.0,8.0,10.0","SYNTHETIC_ASSUMED","F",1.492213887188687,"TESTER_A",20260115,"temporal_parametric_v1.0.0","DTL_TEMPORAL_PARAMETRIC_V1","DTL_TEMPORAL_ACTUAL_DIE_V1","DTL_TEMPORAL_POPULATION_V1"
"2026-02","February 2026",2,"DTL_CENTER_001","DTL_CENTER_001_D003","die_003",3,"CENTER","COND_RT_NOM",25,1,"NOMINAL","T_INTERCONNECT_R","INTERCONNECT_RESISTANCE",14.674767223986844,"ohm","UPPER",15,"NOT_DEFINED",11,25,"NOT_UNIFORM","11.0,12.0,13.0,14.0,15.0,16.0,18.0,20.0,25.0","SYNTHETIC_ASSUMED","P",1.492213887188687,"TESTER_A",20260115,"temporal_parametric_v1.0.0","DTL_TEMPORAL_PARAMETRIC_V1","DTL_TEMPORAL_ACTUAL_DIE_V1","DTL_TEMPORAL_POPULATION_V1"
"2026-02","February 2026",2,"DTL_CENTER_001","DTL_CENTER_001_D003","die_003",3,"CENTER","COND_RT_NOM",25,1,"NOMINAL","T_ON_R","ON_RESISTANCE",22.35397751735933,"ohm","UPPER",25,"NOT_DEFINED",18,50,"NOT_UNIFORM","18.0,20.0,22.0,25.0,28.0,30.0,35.0,40.0,50.0","SYNTHETIC_ASSUMED","P",1.492213887188687,"TESTER_A",20260115,"temporal_parametric_v1.0.0","DTL_TEMPORAL_PARAMETRIC_V1","DTL_TEMPORAL_ACTUAL_DIE_V1","DTL_TEMPORAL_POPULATION_V1"
"2026-02","February 2026",2,"DTL_CENTER_001","DTL_CENTER_001_D003","die_003",3,"CENTER","COND_RT_NOM",25,1,"NOMINAL","T_VMIN","VMIN",0.868586425357719,"V","UPPER",0.85,"NOT_DEFINED",0.75,1,"NOT_UNIFORM","0.75,0.78,0.8,0.82,0.85,0.88,0.9,0.92,0.95,1.0","SYNTHETIC_ASSUMED","F",1.492213887188687,"TESTER_A",20260115,"temporal_parametric_v1.0.0","DTL_TEMPORAL_PARAMETRIC_V1","DTL_TEMPORAL_ACTUAL_DIE_V1","DTL_TEMPORAL_POPULATION_V1"
"2026-02","February 2026",2,"DTL_CENTER_001","DTL_CENTER_001_D003","die_003",3,"CENTER","COND_RT_NOM",25,1,"NOMINAL","T_VMAX","VMAX",1.1168993579263309,"V","LOWER",1.15,"NOT_DEFINED",1.05,1.25,"NOT_UNIFORM","1.05,1.08,1.1,1.12,1.15,1.18,1.2,1.22,1.25","SYNTHETIC_ASSUMED","F",1.492213887188687,"TESTER_A",20260115,"temporal_parametric_v1.0.0","DTL_TEMPORAL_PARAMETRIC_V1","DTL_TEMPORAL_ACTUAL_DIE_V1","DTL_TEMPORAL_POPULATION_V1"
"2026-02","February 2026",2,"DTL_CENTER_001","DTL_CENTER_001_D003","die_003",3,"CENTER","COND_RT_NOM",25,1,"NOMINAL","T_IDDQ","IDDQ",42.50377211960606,"uA","UPPER",50,"NOT_DEFINED",30,100,"NOT_UNIFORM","30.0,35.0,40.0,45.0,50.0,55.0,60.0,70.0,80.0,100.0","SYNTHETIC_ASSUMED","P",1.492213887188687,"TESTER_A",20260115,"temporal_parametric_v1.0.0","DTL_TEMPORAL_PARAMETRIC_V1","DTL_TEMPORAL_ACTUAL_DIE_V1","DTL_TEMPORAL_POPULATION_V1"
"2026-02","February 2026",2,"DTL_CENTER_001","DTL_CENTER_001_D003","die_003",3,"CENTER","COND_RT_NOM",25,1,"NOMINAL","T_SUPPLY_CURRENT","SUPPLY_CURRENT",103.41932116666496,"mA","UPPER",120,"NOT_DEFINED",90,200,"NOT_UNIFORM","90.0,100.0,110.0,120.0,130.0,140.0,150.0,170.0,200.0","SYNTHETIC_ASSUMED","P",1.492213887188687,"TESTER_A",20260115,"temporal_parametric_v1.0.0","DTL_TEMPORAL_PARAMETRIC_V1","DTL_TEMPORAL_ACTUAL_DIE_V1","DTL_TEMPORAL_POPULATION_V1"
"2026-02","February 2026",2,"DTL_CENTER_001","DTL_CENTER_001_D003","die_003",3,"CENTER","COND_HOT_NOM",85,1,"HOT","T_CONTACT_R","CONTACT_RESISTANCE",4.8270873432739885,"ohm","UPPER",5,"NOT_DEFINED",3.5,10,"NOT_UNIFORM","3.5,4.0,4.5,5.0,5.5,6.0,7.0,8.0,10.0","SYNTHETIC_ASSUMED","P",1.492213887188687,"TESTER_A",20260115,"temporal_parametric_v1.0.0","DTL_TEMPORAL_PARAMETRIC_V1","DTL_TEMPORAL_ACTUAL_DIE_V1","DTL_TEMPORAL_POPULATION_V1"
"2026-02","February 2026",2,"DTL_CENTER_001","DTL_CENTER_001_D003","die_003",3,"CENTER","COND_HOT_NOM",85,1,"HOT","T_INTERCONNECT_R","INTERCONNECT_RESISTANCE",12.130938159167602,"ohm","UPPER",15,"NOT_DEFINED",11,25,"NOT_UNIFORM","11.0,12.0,13.0,14.0,15.0,16.0,18.0,20.0,25.0","SYNTHETIC_ASSUMED","P",1.492213887188687,"TESTER_A",20260115,"temporal_parametric_v1.0.0","DTL_TEMPORAL_PARAMETRIC_V1","DTL_TEMPORAL_ACTUAL_DIE_V1","DTL_TEMPORAL_POPULATION_V1"
"2026-02","February 2026",2,"DTL_CENTER_001","DTL_CENTER_001_D003","die_003",3,"CENTER","COND_HOT_NOM",85,1,"HOT","T_ON_R","ON_RESISTANCE",22.87174539960261,"ohm","UPPER",25,"NOT_DEFINED",18,50,"NOT_UNIFORM","18.0,20.0,22.0,25.0,28.0,30.0,35.0,40.0,50.0","SYNTHETIC_ASSUMED","P",1.492213887188687,"TESTER_A",20260115,"temporal_parametric_v1.0.0","DTL_TEMPORAL_PARAMETRIC_V1","DTL_TEMPORAL_ACTUAL_DIE_V1","DTL_TEMPORAL_POPULATION_V1"
"2026-02","February 2026",2,"DTL_CENTER_001","DTL_CENTER_001_D003","die_003",3,"CENTER","COND_HOT_NOM",85,1,"HOT","T_VMIN","VMIN",0.8543722265262415,"V","UPPER",0.85,"NOT_DEFINED",0.75,1,"NOT_UNIFORM","0.75,0.78,0.8,0.82,0.85,0.88,0.9,0.92,0.95,1.0","SYNTHETIC_ASSUMED","F",1.492213887188687,"TESTER_A",20260115,"temporal_parametric_v1.0.0","DTL_TEMPORAL_PARAMETRIC_V1","DTL_TEMPORAL_ACTUAL_DIE_V1","DTL_TEMPORAL_POPULATION_V1"
"2026-02","February 2026",2,"DTL_CENTER_001","DTL_CENTER_001_D003","die_003",3,"CENTER","COND_HOT_NOM",85,1,"HOT","T_VMAX","VMAX",1.1746610785626015,"V","LOWER",1.15,"NOT_DEFINED",1.05,1.25,"NOT_UNIFORM","1.05,1.08,1.1,1.12,1.15,1.18,1.2,1.22,1.25","SYNTHETIC_ASSUMED","P",1.492213887188687,"TESTER_A",20260115,"temporal_parametric_v1.0.0","DTL_TEMPORAL_PARAMETRIC_V1","DTL_TEMPORAL_ACTUAL_DIE_V1","DTL_TEMPORAL_POPULATION_V1"
"2026-02","February 2026",2,"DTL_CENTER_001","DTL_CENTER_001_D003","die_003",3,"CENTER","COND_HOT_NOM",85,1,"HOT","T_IDDQ","IDDQ",48.443699572562,"uA","UPPER",50,"NOT_DEFINED",30,100,"NOT_UNIFORM","30.0,35.0,40.0,45.0,50.0,55.0,60.0,70.0,80.0,100.0","SYNTHETIC_ASSUMED","P",1.492213887188687,"TESTER_A",20260115,"temporal_parametric_v1.0.0","DTL_TEMPORAL_PARAMETRIC_V1","DTL_TEMPORAL_ACTUAL_DIE_V1","DTL_TEMPORAL_POPULATION_V1"
"2026-02","February 2026",2,"DTL_CENTER_001","DTL_CENTER_001_D003","die_003",3,"CENTER","COND_HOT_NOM",85,1,"HOT","T_SUPPLY_CURRENT","SUPPLY_CURRENT",123.4139664742013,"mA","UPPER",120,"NOT_DEFINED",90,200,"NOT_UNIFORM","90.0,100.0,110.0,120.0,130.0,140.0,150.0,170.0,200.0","SYNTHETIC_ASSUMED","F",1.492213887188687,"TESTER_A",20260115,"temporal_parametric_v1.0.0","DTL_TEMPORAL_PARAMETRIC_V1","DTL_TEMPORAL_ACTUAL_DIE_V1","DTL_TEMPORAL_POPULATION_V1"
"2026-02","February 2026",2,"DTL_CENTER_001","DTL_CENTER_001_D003","die_003",3,"CENTER","COND_RT_LOWV",25,0.9,"LOW_VDD","T_CONTACT_R","CONTACT_RESISTANCE",4.45309242791939,"ohm","UPPER",5,"NOT_DEFINED",3.5,10,"NOT_UNIFORM","3.5,4.0,4.5,5.0,5.5,6.0,7.0,8.0,10.0","SYNTHETIC_ASSUMED","P",1.492213887188687,"TESTER_A",20260115,"temporal_parametric_v1.0.0","DTL_TEMPORAL_PARAMETRIC_V1","DTL_TEMPORAL_ACTUAL_DIE_V1","DTL_TEMPORAL_POPULATION_V1"
"2026-02","February 2026",2,"DTL_CENTER_001","DTL_CENTER_001_D003","die_003",3,"CENTER","COND_RT_LOWV",25,0.9,"LOW_VDD","T_INTERCONNECT_R","INTERCONNECT_RESISTANCE",14.500975372094633,"ohm","UPPER",15,"NOT_DEFINED",11,25,"NOT_UNIFORM","11.0,12.0,13.0,14.0,15.0,16.0,18.0,20.0,25.0","SYNTHETIC_ASSUMED","P",1.492213887188687,"TESTER_A",20260115,"temporal_parametric_v1.0.0","DTL_TEMPORAL_PARAMETRIC_V1","DTL_TEMPORAL_ACTUAL_DIE_V1","DTL_TEMPORAL_POPULATION_V1"
"2026-02","February 2026",2,"DTL_CENTER_001","DTL_CENTER_001_D003","die_003",3,"CENTER","COND_RT_LOWV",25,0.9,"LOW_VDD","T_ON_R","ON_RESISTANCE",23.012712826314456,"ohm","UPPER",25,"NOT_DEFINED",18,50,"NOT_UNIFORM","18.0,20.0,22.0,25.0,28.0,30.0,35.0,40.0,50.0","SYNTHETIC_ASSUMED","P",1.492213887188687,"TESTER_A",20260115,"temporal_parametric_v1.0.0","DTL_TEMPORAL_PARAMETRIC_V1","DTL_TEMPORAL_ACTUAL_DIE_V1","DTL_TEMPORAL_POPULATION_V1"
"2026-02","February 2026",2,"DTL_CENTER_001","DTL_CENTER_001_D003","die_003",3,"CENTER","COND_RT_LOWV",25,0.9,"LOW_VDD","T_VMIN","VMIN",0.9002087684556838,"V","UPPER",0.85,"NOT_DEFINED",0.75,1,"NOT_UNIFORM","0.75,0.78,0.8,0.82,0.85,0.88,0.9,0.92,0.95,1.0","SYNTHETIC_ASSUMED","F",1.492213887188687,"TESTER_A",20260115,"temporal_parametric_v1.0.0","DTL_TEMPORAL_PARAMETRIC_V1","DTL_TEMPORAL_ACTUAL_DIE_V1","DTL_TEMPORAL_POPULATION_V1"
"2026-02","February 2026",2,"DTL_CENTER_001","DTL_CENTER_001_D003","die_003",3,"CENTER","COND_RT_LOWV",25,0.9,"LOW_VDD","T_VMAX","VMAX",1.0869705765604232,"V","LOWER",1.15,"NOT_DEFINED",1.05,1.25,"NOT_UNIFORM","1.05,1.08,1.1,1.12,1.15,1.18,1.2,1.22,1.25","SYNTHETIC_ASSUMED","F",1.492213887188687,"TESTER_A",20260115,"temporal_parametric_v1.0.0","DTL_TEMPORAL_PARAMETRIC_V1","DTL_TEMPORAL_ACTUAL_DIE_V1","DTL_TEMPORAL_POPULATION_V1"
"2026-02","February 2026",2,"DTL_CENTER_001","DTL_CENTER_001_D003","die_003",3,"CENTER","COND_RT_LOWV",25,0.9,"LOW_VDD","T_IDDQ","IDDQ",39.6331536792956,"uA","UPPER",50,"NOT_DEFINED",30,100,"NOT_UNIFORM","30.0,35.0,40.0,45.0,50.0,55.0,60.0,70.0,80.0,100.0","SYNTHETIC_ASSUMED","P",1.492213887188687,"TESTER_A",20260115,"temporal_parametric_v1.0.0","DTL_TEMPORAL_PARAMETRIC_V1","DTL_TEMPORAL_ACTUAL_DIE_V1","DTL_TEMPORAL_POPULATION_V1"
"2026-02","February 2026",2,"DTL_CENTER_001","DTL_CENTER_001_D003","die_003",3,"CENTER","COND_RT_LOWV",25,0.9,"LOW_VDD","T_SUPPLY_CURRENT","SUPPLY_CURRENT",104.01349834443936,"mA","UPPER",120,"NOT_DEFINED",90,200,"NOT_UNIFORM","90.0,100.0,110.0,120.0,130.0,140.0,150.0,170.0,200.0","SYNTHETIC_ASSUMED","P",1.492213887188687,"TESTER_A",20260115,"temporal_parametric_v1.0.0","DTL_TEMPORAL_PARAMETRIC_V1","DTL_TEMPORAL_ACTUAL_DIE_V1","DTL_TEMPORAL_POPULATION_V1"
"2026-02","February 2026",2,"DTL_CENTER_001","DTL_CENTER_001_D003","die_003",3,"CENTER","COND_HOT_HIGHV",85,1.1,"HIGH_VDD","T_CONTACT_R","CONTACT_RESISTANCE",4.859874374321408,"ohm","UPPER",5,"NOT_DEFINED",3.5,10,"NOT_UNIFORM","3.5,4.0,4.5,5.0,5.5,6.0,7.0,8.0,10.0","SYNTHETIC_ASSUMED","P",1.492213887188687,"TESTER_A",20260115,"temporal_parametric_v1.0.0","DTL_TEMPORAL_PARAMETRIC_V1","DTL_TEMPORAL_ACTUAL_DIE_V1","DTL_TEMPORAL_POPULATION_V1"
"2026-02","February 2026",2,"DTL_CENTER_001","DTL_CENTER_001_D003","die_003",3,"CENTER","COND_HOT_HIGHV",85,1.1,"HIGH_VDD","T_INTERCONNECT_R","INTERCONNECT_RESISTANCE",13.208499256486936,"ohm","UPPER",15,"NOT_DEFINED",11,25,"NOT_UNIFORM","11.0,12.0,13.0,14.0,15.0,16.0,18.0,20.0,25.0","SYNTHETIC_ASSUMED","P",1.492213887188687,"TESTER_A",20260115,"temporal_parametric_v1.0.0","DTL_TEMPORAL_PARAMETRIC_V1","DTL_TEMPORAL_ACTUAL_DIE_V1","DTL_TEMPORAL_POPULATION_V1"
"2026-02","February 2026",2,"DTL_CENTER_001","DTL_CENTER_001_D003","die_003",3,"CENTER","COND_HOT_HIGHV",85,1.1,"HIGH_VDD","T_ON_R","ON_RESISTANCE",23.843502661325125,"ohm","UPPER",25,"NOT_DEFINED",18,50,"NOT_UNIFORM","18.0,20.0,22.0,25.0,28.0,30.0,35.0,40.0,50.0","SYNTHETIC_ASSUMED","P",1.492213887188687,"TESTER_A",20260115,"temporal_parametric_v1.0.0","DTL_TEMPORAL_PARAMETRIC_V1","DTL_TEMPORAL_ACTUAL_DIE_V1","DTL_TEMPORAL_POPULATION_V1"
"2026-02","February 2026",2,"DTL_CENTER_001","DTL_CENTER_001_D003","die_003",3,"CENTER","COND_HOT_HIGHV",85,1.1,"HIGH_VDD","T_VMIN","VMIN",0.8671999098431222,"V","UPPER",0.85,"NOT_DEFINED",0.75,1,"NOT_UNIFORM","0.75,0.78,0.8,0.82,0.85,0.88,0.9,0.92,0.95,1.0","SYNTHETIC_ASSUMED","F",1.492213887188687,"TESTER_A",20260115,"temporal_parametric_v1.0.0","DTL_TEMPORAL_PARAMETRIC_V1","DTL_TEMPORAL_ACTUAL_DIE_V1","DTL_TEMPORAL_POPULATION_V1"
"2026-02","February 2026",2,"DTL_CENTER_001","DTL_CENTER_001_D003","die_003",3,"CENTER","COND_HOT_HIGHV",85,1.1,"HIGH_VDD","T_VMAX","VMAX",1.1047358743590503,"V","LOWER",1.15,"NOT_DEFINED",1.05,1.25,"NOT_UNIFORM","1.05,1.08,1.1,1.12,1.15,1.18,1.2,1.22,1.25","SYNTHETIC_ASSUMED","F",1.492213887188687,"TESTER_A",20260115,"temporal_parametric_v1.0.0","DTL_TEMPORAL_PARAMETRIC_V1","DTL_TEMPORAL_ACTUAL_DIE_V1","DTL_TEMPORAL_POPULATION_V1"
"2026-02","February 2026",2,"DTL_CENTER_001","DTL_CENTER_001_D003","die_003",3,"CENTER","COND_HOT_HIGHV",85,1.1,"HIGH_VDD","T_IDDQ","IDDQ",64.206054945908,"uA","UPPER",50,"NOT_DEFINED",30,100,"NOT_UNIFORM","30.0,35.0,40.0,45.0,50.0,55.0,60.0,70.0,80.0,100.0","SYNTHETIC_ASSUMED","F",1.492213887188687,"TESTER_A",20260115,"temporal_parametric_v1.0.0","DTL_TEMPORAL_PARAMETRIC_V1","DTL_TEMPORAL_ACTUAL_DIE_V1","DTL_TEMPORAL_POPULATION_V1"
"2026-02","February 2026",2,"DTL_CENTER_001","DTL_CENTER_001_D003","die_003",3,"CENTER","COND_HOT_HIGHV",85,1.1,"HIGH_VDD","T_SUPPLY_CURRENT","SUPPLY_CURRENT",113.55390274051771,"mA","UPPER",120,"NOT_DEFINED",90,200,"NOT_UNIFORM","90.0,100.0,110.0,120.0,130.0,140.0,150.0,170.0,200.0","SYNTHETIC_ASSUMED","P",1.492213887188687,"TESTER_A",20260115,"temporal_parametric_v1.0.0","DTL_TEMPORAL_PARAMETRIC_V1","DTL_TEMPORAL_ACTUAL_DIE_V1","DTL_TEMPORAL_POPULATION_V1"
"2026-02","February 2026",2,"DTL_CENTER_002","DTL_CENTER_002_D001","die_001",1,"CENTER","COND_RT_NOM",25,1,"NOMINAL","T_CONTACT_R","CONTACT_RESISTANCE",5.042012912170687,"ohm","UPPER",5,"NOT_DEFINED",3.5,10,"NOT_UNIFORM","3.5,4.0,4.5,5.0,5.5,6.0,7.0,8.0,10.0","SYNTHETIC_ASSUMED","F",2.229523636997948,"TESTER_A",20260115,"temporal_parametric_v1.0.0","DTL_TEMPORAL_PARAMETRIC_V1","DTL_TEMPORAL_ACTUAL_DIE_V1","DTL_TEMPORAL_POPULATION_V1"
"2026-02","February 2026",2,"DTL_CENTER_002","DTL_CENTER_002_D001","die_001",1,"CENTER","COND_RT_NOM",25,1,"NOMINAL","T_INTERCONNECT_R","INTERCONNECT_RESISTANCE",13.660417451509238,"ohm","UPPER",15,"NOT_DEFINED",11,25,"NOT_UNIFORM","11.0,12.0,13.0,14.0,15.0,16.0,18.0,20.0,25.0","SYNTHETIC_ASSUMED","P",2.229523636997948,"TESTER_A",20260115,"temporal_parametric_v1.0.0","DTL_TEMPORAL_PARAMETRIC_V1","DTL_TEMPORAL_ACTUAL_DIE_V1","DTL_TEMPORAL_POPULATION_V1"
"2026-02","February 2026",2,"DTL_CENTER_002","DTL_CENTER_002_D001","die_001",1,"CENTER","COND_RT_NOM",25,1,"NOMINAL","T_ON_R","ON_RESISTANCE",24.761039424319552,"ohm","UPPER",25,"NOT_DEFINED",18,50,"NOT_UNIFORM","18.0,20.0,22.0,25.0,28.0,30.0,35.0,40.0,50.0","SYNTHETIC_ASSUMED","P",2.229523636997948,"TESTER_A",20260115,"temporal_parametric_v1.0.0","DTL_TEMPORAL_PARAMETRIC_V1","DTL_TEMPORAL_ACTUAL_DIE_V1","DTL_TEMPORAL_POPULATION_V1"
"2026-02","February 2026",2,"DTL_CENTER_002","DTL_CENTER_002_D001","die_001",1,"CENTER","COND_RT_NOM",25,1,"NOMINAL","T_VMIN","VMIN",0.8831080811349444,"V","UPPER",0.85,"NOT_DEFINED",0.75,1,"NOT_UNIFORM","0.75,0.78,0.8,0.82,0.85,0.88,0.9,0.92,0.95,1.0","SYNTHETIC_ASSUMED","F",2.229523636997948,"TESTER_A",20260115,"temporal_parametric_v1.0.0","DTL_TEMPORAL_PARAMETRIC_V1","DTL_TEMPORAL_ACTUAL_DIE_V1","DTL_TEMPORAL_POPULATION_V1"
"2026-02","February 2026",2,"DTL_CENTER_002","DTL_CENTER_002_D001","die_001",1,"CENTER","COND_RT_NOM",25,1,"NOMINAL","T_VMAX","VMAX",1.1379865109842562,"V","LOWER",1.15,"NOT_DEFINED",1.05,1.25,"NOT_UNIFORM","1.05,1.08,1.1,1.12,1.15,1.18,1.2,1.22,1.25","SYNTHETIC_ASSUMED","F",2.229523636997948,"TESTER_A",20260115,"temporal_parametric_v1.0.0","DTL_TEMPORAL_PARAMETRIC_V1","DTL_TEMPORAL_ACTUAL_DIE_V1","DTL_TEMPORAL_POPULATION_V1"
"2026-02","February 2026",2,"DTL_CENTER_002","DTL_CENTER_002_D001","die_001",1,"CENTER","COND_RT_NOM",25,1,"NOMINAL","T_IDDQ","IDDQ",57.03545155895713,"uA","UPPER",50,"NOT_DEFINED",30,100,"NOT_UNIFORM","30.0,35.0,40.0,45.0,50.0,55.0,60.0,70.0,80.0,100.0","SYNTHETIC_ASSUMED","F",2.229523636997948,"TESTER_A",20260115,"temporal_parametric_v1.0.0","DTL_TEMPORAL_PARAMETRIC_V1","DTL_TEMPORAL_ACTUAL_DIE_V1","DTL_TEMPORAL_POPULATION_V1"
"2026-02","February 2026",2,"DTL_CENTER_002","DTL_CENTER_002_D001","die_001",1,"CENTER","COND_RT_NOM",25,1,"NOMINAL","T_SUPPLY_CURRENT","SUPPLY_CURRENT",108.20716578541808,"mA","UPPER",120,"NOT_DEFINED",90,200,"NOT_UNIFORM","90.0,100.0,110.0,120.0,130.0,140.0,150.0,170.0,200.0","SYNTHETIC_ASSUMED","P",2.229523636997948,"TESTER_A",20260115,"temporal_parametric_v1.0.0","DTL_TEMPORAL_PARAMETRIC_V1","DTL_TEMPORAL_ACTUAL_DIE_V1","DTL_TEMPORAL_POPULATION_V1"
"2026-02","February 2026",2,"DTL_CENTER_002","DTL_CENTER_002_D001","die_001",1,"CENTER","COND_HOT_NOM",85,1,"HOT","T_CONTACT_R","CONTACT_RESISTANCE",5.158291395651441,"ohm","UPPER",5,"NOT_DEFINED",3.5,10,"NOT_UNIFORM","3.5,4.0,4.5,5.0,5.5,6.0,7.0,8.0,10.0","SYNTHETIC_ASSUMED","F",2.229523636997948,"TESTER_A",20260115,"temporal_parametric_v1.0.0","DTL_TEMPORAL_PARAMETRIC_V1","DTL_TEMPORAL_ACTUAL_DIE_V1","DTL_TEMPORAL_POPULATION_V1"
"2026-02","February 2026",2,"DTL_CENTER_002","DTL_CENTER_002_D001","die_001",1,"CENTER","COND_HOT_NOM",85,1,"HOT","T_INTERCONNECT_R","INTERCONNECT_RESISTANCE",14.592602596807875,"ohm","UPPER",15,"NOT_DEFINED",11,25,"NOT_UNIFORM","11.0,12.0,13.0,14.0,15.0,16.0,18.0,20.0,25.0","SYNTHETIC_ASSUMED","P",2.229523636997948,"TESTER_A",20260115,"temporal_parametric_v1.0.0","DTL_TEMPORAL_PARAMETRIC_V1","DTL_TEMPORAL_ACTUAL_DIE_V1","DTL_TEMPORAL_POPULATION_V1"
"2026-02","February 2026",2,"DTL_CENTER_002","DTL_CENTER_002_D001","die_001",1,"CENTER","COND_HOT_NOM",85,1,"HOT","T_ON_R","ON_RESISTANCE",26.62199191740345,"ohm","UPPER",25,"NOT_DEFINED",18,50,"NOT_UNIFORM","18.0,20.0,22.0,25.0,28.0,30.0,35.0,40.0,50.0","SYNTHETIC_ASSUMED","F",2.229523636997948,"TESTER_A",20260115,"temporal_parametric_v1.0.0","DTL_TEMPORAL_PARAMETRIC_V1","DTL_TEMPORAL_ACTUAL_DIE_V1","DTL_TEMPORAL_POPULATION_V1"
"2026-02","February 2026",2,"DTL_CENTER_002","DTL_CENTER_002_D001","die_001",1,"CENTER","COND_HOT_NOM",85,1,"HOT","T_VMIN","VMIN",0.9615590490621672,"V","UPPER",0.85,"NOT_DEFINED",0.75,1,"NOT_UNIFORM","0.75,0.78,0.8,0.82,0.85,0.88,0.9,0.92,0.95,1.0","SYNTHETIC_ASSUMED","F",2.229523636997948,"TESTER_A",20260115,"temporal_parametric_v1.0.0","DTL_TEMPORAL_PARAMETRIC_V1","DTL_TEMPORAL_ACTUAL_DIE_V1","DTL_TEMPORAL_POPULATION_V1"
"2026-02","February 2026",2,"DTL_CENTER_002","DTL_CENTER_002_D001","die_001",1,"CENTER","COND_HOT_NOM",85,1,"HOT","T_VMAX","VMAX",1.0905959141832042,"V","LOWER",1.15,"NOT_DEFINED",1.05,1.25,"NOT_UNIFORM","1.05,1.08,1.1,1.12,1.15,1.18,1.2,1.22,1.25","SYNTHETIC_ASSUMED","F",2.229523636997948,"TESTER_A",20260115,"temporal_parametric_v1.0.0","DTL_TEMPORAL_PARAMETRIC_V1","DTL_TEMPORAL_ACTUAL_DIE_V1","DTL_TEMPORAL_POPULATION_V1"
"2026-02","February 2026",2,"DTL_CENTER_002","DTL_CENTER_002_D001","die_001",1,"CENTER","COND_HOT_NOM",85,1,"HOT","T_IDDQ","IDDQ",69.43013224954798,"uA","UPPER",50,"NOT_DEFINED",30,100,"NOT_UNIFORM","30.0,35.0,40.0,45.0,50.0,55.0,60.0,70.0,80.0,100.0","SYNTHETIC_ASSUMED","F",2.229523636997948,"TESTER_A",20260115,"temporal_parametric_v1.0.0","DTL_TEMPORAL_PARAMETRIC_V1","DTL_TEMPORAL_ACTUAL_DIE_V1","DTL_TEMPORAL_POPULATION_V1"
"2026-02","February 2026",2,"DTL_CENTER_002","DTL_CENTER_002_D001","die_001",1,"CENTER","COND_HOT_NOM",85,1,"HOT","T_SUPPLY_CURRENT","SUPPLY_CURRENT",118.3816284891532,"mA","UPPER",120,"NOT_DEFINED",90,200,"NOT_UNIFORM","90.0,100.0,110.0,120.0,130.0,140.0,150.0,170.0,200.0","SYNTHETIC_ASSUMED","P",2.229523636997948,"TESTER_A",20260115,"temporal_parametric_v1.0.0","DTL_TEMPORAL_PARAMETRIC_V1","DTL_TEMPORAL_ACTUAL_DIE_V1","DTL_TEMPORAL_POPULATION_V1"
"2026-02","February 2026",2,"DTL_CENTER_002","DTL_CENTER_002_D001","die_001",1,"CENTER","COND_RT_LOWV",25,0.9,"LOW_VDD","T_CONTACT_R","CONTACT_RESISTANCE",3.9291346261321896,"ohm","UPPER",5,"NOT_DEFINED",3.5,10,"NOT_UNIFORM","3.5,4.0,4.5,5.0,5.5,6.0,7.0,8.0,10.0","SYNTHETIC_ASSUMED","P",2.229523636997948,"TESTER_A",20260115,"temporal_parametric_v1.0.0","DTL_TEMPORAL_PARAMETRIC_V1","DTL_TEMPORAL_ACTUAL_DIE_V1","DTL_TEMPORAL_POPULATION_V1"
"2026-02","February 2026",2,"DTL_CENTER_002","DTL_CENTER_002_D001","die_001",1,"CENTER","COND_RT_LOWV",25,0.9,"LOW_VDD","T_INTERCONNECT_R","INTERCONNECT_RESISTANCE",13.240343732712876,"ohm","UPPER",15,"NOT_DEFINED",11,25,"NOT_UNIFORM","11.0,12.0,13.0,14.0,15.0,16.0,18.0,20.0,25.0","SYNTHETIC_ASSUMED","P",2.229523636997948,"TESTER_A",20260115,"temporal_parametric_v1.0.0","DTL_TEMPORAL_PARAMETRIC_V1","DTL_TEMPORAL_ACTUAL_DIE_V1","DTL_TEMPORAL_POPULATION_V1"
"2026-02","February 2026",2,"DTL_CENTER_002","DTL_CENTER_002_D001","die_001",1,"CENTER","COND_RT_LOWV",25,0.9,"LOW_VDD","T_ON_R","ON_RESISTANCE",25.47865244030261,"ohm","UPPER",25,"NOT_DEFINED",18,50,"NOT_UNIFORM","18.0,20.0,22.0,25.0,28.0,30.0,35.0,40.0,50.0","SYNTHETIC_ASSUMED","F",2.229523636997948,"TESTER_A",20260115,"temporal_parametric_v1.0.0","DTL_TEMPORAL_PARAMETRIC_V1","DTL_TEMPORAL_ACTUAL_DIE_V1","DTL_TEMPORAL_POPULATION_V1"
"2026-02","February 2026",2,"DTL_CENTER_002","DTL_CENTER_002_D001","die_001",1,"CENTER","COND_RT_LOWV",25,0.9,"LOW_VDD","T_VMIN","VMIN",0.8759482867873368,"V","UPPER",0.85,"NOT_DEFINED",0.75,1,"NOT_UNIFORM","0.75,0.78,0.8,0.82,0.85,0.88,0.9,0.92,0.95,1.0","SYNTHETIC_ASSUMED","F",2.229523636997948,"TESTER_A",20260115,"temporal_parametric_v1.0.0","DTL_TEMPORAL_PARAMETRIC_V1","DTL_TEMPORAL_ACTUAL_DIE_V1","DTL_TEMPORAL_POPULATION_V1"
"2026-02","February 2026",2,"DTL_CENTER_002","DTL_CENTER_002_D001","die_001",1,"CENTER","COND_RT_LOWV",25,0.9,"LOW_VDD","T_VMAX","VMAX",1.1237864190811755,"V","LOWER",1.15,"NOT_DEFINED",1.05,1.25,"NOT_UNIFORM","1.05,1.08,1.1,1.12,1.15,1.18,1.2,1.22,1.25","SYNTHETIC_ASSUMED","F",2.229523636997948,"TESTER_A",20260115,"temporal_parametric_v1.0.0","DTL_TEMPORAL_PARAMETRIC_V1","DTL_TEMPORAL_ACTUAL_DIE_V1","DTL_TEMPORAL_POPULATION_V1"
"2026-02","February 2026",2,"DTL_CENTER_002","DTL_CENTER_002_D001","die_001",1,"CENTER","COND_RT_LOWV",25,0.9,"LOW_VDD","T_IDDQ","IDDQ",47.887676474876976,"uA","UPPER",50,"NOT_DEFINED",30,100,"NOT_UNIFORM","30.0,35.0,40.0,45.0,50.0,55.0,60.0,70.0,80.0,100.0","SYNTHETIC_ASSUMED","P",2.229523636997948,"TESTER_A",20260115,"temporal_parametric_v1.0.0","DTL_TEMPORAL_PARAMETRIC_V1","DTL_TEMPORAL_ACTUAL_DIE_V1","DTL_TEMPORAL_POPULATION_V1"
"2026-02","February 2026",2,"DTL_CENTER_002","DTL_CENTER_002_D001","die_001",1,"CENTER","COND_RT_LOWV",25,0.9,"LOW_VDD","T_SUPPLY_CURRENT","SUPPLY_CURRENT",116.25063726471444,"mA","UPPER",120,"NOT_DEFINED",90,200,"NOT_UNIFORM","90.0,100.0,110.0,120.0,130.0,140.0,150.0,170.0,200.0","SYNTHETIC_ASSUMED","P",2.229523636997948,"TESTER_A",20260115,"temporal_parametric_v1.0.0","DTL_TEMPORAL_PARAMETRIC_V1","DTL_TEMPORAL_ACTUAL_DIE_V1","DTL_TEMPORAL_POPULATION_V1"
"2026-02","February 2026",2,"DTL_CENTER_002","DTL_CENTER_002_D001","die_001",1,"CENTER","COND_HOT_HIGHV",85,1.1,"HIGH_VDD","T_CONTACT_R","CONTACT_RESISTANCE",5.260801782938644,"ohm","UPPER",5,"NOT_DEFINED",3.5,10,"NOT_UNIFORM","3.5,4.0,4.5,5.0,5.5,6.0,7.0,8.0,10.0","SYNTHETIC_ASSUMED","F",2.229523636997948,"TESTER_A",20260115,"temporal_parametric_v1.0.0","DTL_TEMPORAL_PARAMETRIC_V1","DTL_TEMPORAL_ACTUAL_DIE_V1","DTL_TEMPORAL_POPULATION_V1"
"2026-02","February 2026",2,"DTL_CENTER_002","DTL_CENTER_002_D001","die_001",1,"CENTER","COND_HOT_HIGHV",85,1.1,"HIGH_VDD","T_INTERCONNECT_R","INTERCONNECT_RESISTANCE",15.411816598391583,"ohm","UPPER",15,"NOT_DEFINED",11,25,"NOT_UNIFORM","11.0,12.0,13.0,14.0,15.0,16.0,18.0,20.0,25.0","SYNTHETIC_ASSUMED","F",2.229523636997948,"TESTER_A",20260115,"temporal_parametric_v1.0.0","DTL_TEMPORAL_PARAMETRIC_V1","DTL_TEMPORAL_ACTUAL_DIE_V1","DTL_TEMPORAL_POPULATION_V1"
"2026-02","February 2026",2,"DTL_CENTER_002","DTL_CENTER_002_D001","die_001",1,"CENTER","COND_HOT_HIGHV",85,1.1,"HIGH_VDD","T_ON_R","ON_RESISTANCE",25.63719914742512,"ohm","UPPER",25,"NOT_DEFINED",18,50,"NOT_UNIFORM","18.0,20.0,22.0,25.0,28.0,30.0,35.0,40.0,50.0","SYNTHETIC_ASSUMED","F",2.229523636997948,"TESTER_A",20260115,"temporal_parametric_v1.0.0","DTL_TEMPORAL_PARAMETRIC_V1","DTL_TEMPORAL_ACTUAL_DIE_V1","DTL_TEMPORAL_POPULATION_V1"
"2026-02","February 2026",2,"DTL_CENTER_002","DTL_CENTER_002_D001","die_001",1,"CENTER","COND_HOT_HIGHV",85,1.1,"HIGH_VDD","T_VMIN","VMIN",0.9314648829454624,"V","UPPER",0.85,"NOT_DEFINED",0.75,1,"NOT_UNIFORM","0.75,0.78,0.8,0.82,0.85,0.88,0.9,0.92,0.95,1.0","SYNTHETIC_ASSUMED","F",2.229523636997948,"TESTER_A",20260115,"temporal_parametric_v1.0.0","DTL_TEMPORAL_PARAMETRIC_V1","DTL_TEMPORAL_ACTUAL_DIE_V1","DTL_TEMPORAL_POPULATION_V1"
"2026-02","February 2026",2,"DTL_CENTER_002","DTL_CENTER_002_D001","die_001",1,"CENTER","COND_HOT_HIGHV",85,1.1,"HIGH_VDD","T_VMAX","VMAX",1.0890225135874887,"V","LOWER",1.15,"NOT_DEFINED",1.05,1.25,"NOT_UNIFORM","1.05,1.08,1.1,1.12,1.15,1.18,1.2,1.22,1.25","SYNTHETIC_ASSUMED","F",2.229523636997948,"TESTER_A",20260115,"temporal_parametric_v1.0.0","DTL_TEMPORAL_PARAMETRIC_V1","DTL_TEMPORAL_ACTUAL_DIE_V1","DTL_TEMPORAL_POPULATION_V1"
"2026-02","February 2026",2,"DTL_CENTER_002","DTL_CENTER_002_D001","die_001",1,"CENTER","COND_HOT_HIGHV",85,1.1,"HIGH_VDD","T_IDDQ","IDDQ",65.73741566715054,"uA","UPPER",50,"NOT_DEFINED",30,100,"NOT_UNIFORM","30.0,35.0,40.0,45.0,50.0,55.0,60.0,70.0,80.0,100.0","SYNTHETIC_ASSUMED","F",2.229523636997948,"TESTER_A",20260115,"temporal_parametric_v1.0.0","DTL_TEMPORAL_PARAMETRIC_V1","DTL_TEMPORAL_ACTUAL_DIE_V1","DTL_TEMPORAL_POPULATION_V1"
"2026-02","February 2026",2,"DTL_CENTER_002","DTL_CENTER_002_D001","die_001",1,"CENTER","COND_HOT_HIGHV",85,1.1,"HIGH_VDD","T_SUPPLY_CURRENT","SUPPLY_CURRENT",117.04200984606376,"mA","UPPER",120,"NOT_DEFINED",90,200,"NOT_UNIFORM","90.0,100.0,110.0,120.0,130.0,140.0,150.0,170.0,200.0","SYNTHETIC_ASSUMED","P",2.229523636997948,"TESTER_A",20260115,"temporal_parametric_v1.0.0","DTL_TEMPORAL_PARAMETRIC_V1","DTL_TEMPORAL_ACTUAL_DIE_V1","DTL_TEMPORAL_POPULATION_V1"
"2026-02","February 2026",2,"DTL_CENTER_002","DTL_CENTER_002_D002","die_002",2,"CENTER","COND_RT_NOM",25,1,"NOMINAL","T_CONTACT_R","CONTACT_RESISTANCE",4.274038457326385,"ohm","UPPER",5,"NOT_DEFINED",3.5,10,"NOT_UNIFORM","3.5,4.0,4.5,5.0,5.5,6.0,7.0,8.0,10.0","SYNTHETIC_ASSUMED","P",1.214825790088601,"TESTER_A",20260115,"temporal_parametric_v1.0.0","DTL_TEMPORAL_PARAMETRIC_V1","DTL_TEMPORAL_ACTUAL_DIE_V1","DTL_TEMPORAL_POPULATION_V1"
"2026-02","February 2026",2,"DTL_CENTER_002","DTL_CENTER_002_D002","die_002",2,"CENTER","COND_RT_NOM",25,1,"NOMINAL","T_INTERCONNECT_R","INTERCONNECT_RESISTANCE",13.470341197176005,"ohm","UPPER",15,"NOT_DEFINED",11,25,"NOT_UNIFORM","11.0,12.0,13.0,14.0,15.0,16.0,18.0,20.0,25.0","SYNTHETIC_ASSUMED","P",1.214825790088601,"TESTER_A",20260115,"temporal_parametric_v1.0.0","DTL_TEMPORAL_PARAMETRIC_V1","DTL_TEMPORAL_ACTUAL_DIE_V1","DTL_TEMPORAL_POPULATION_V1"
"2026-02","February 2026",2,"DTL_CENTER_002","DTL_CENTER_002_D002","die_002",2,"CENTER","COND_RT_NOM",25,1,"NOMINAL","T_ON_R","ON_RESISTANCE",23.44241314947613,"ohm","UPPER",25,"NOT_DEFINED",18,50,"NOT_UNIFORM","18.0,20.0,22.0,25.0,28.0,30.0,35.0,40.0,50.0","SYNTHETIC_ASSUMED","P",1.214825790088601,"TESTER_A",20260115,"temporal_parametric_v1.0.0","DTL_TEMPORAL_PARAMETRIC_V1","DTL_TEMPORAL_ACTUAL_DIE_V1","DTL_TEMPORAL_POPULATION_V1"
"2026-02","February 2026",2,"DTL_CENTER_002","DTL_CENTER_002_D002","die_002",2,"CENTER","COND_RT_NOM",25,1,"NOMINAL","T_VMIN","VMIN",0.8557372668183472,"V","UPPER",0.85,"NOT_DEFINED",0.75,1,"NOT_UNIFORM","0.75,0.78,0.8,0.82,0.85,0.88,0.9,0.92,0.95,1.0","SYNTHETIC_ASSUMED","F",1.214825790088601,"TESTER_A",20260115,"temporal_parametric_v1.0.0","DTL_TEMPORAL_PARAMETRIC_V1","DTL_TEMPORAL_ACTUAL_DIE_V1","DTL_TEMPORAL_POPULATION_V1"
"2026-02","February 2026",2,"DTL_CENTER_002","DTL_CENTER_002_D002","die_002",2,"CENTER","COND_RT_NOM",25,1,"NOMINAL","T_VMAX","VMAX",1.1441814606552991,"V","LOWER",1.15,"NOT_DEFINED",1.05,1.25,"NOT_UNIFORM","1.05,1.08,1.1,1.12,1.15,1.18,1.2,1.22,1.25","SYNTHETIC_ASSUMED","F",1.214825790088601,"TESTER_A",20260115,"temporal_parametric_v1.0.0","DTL_TEMPORAL_PARAMETRIC_V1","DTL_TEMPORAL_ACTUAL_DIE_V1","DTL_TEMPORAL_POPULATION_V1"
"2026-02","February 2026",2,"DTL_CENTER_002","DTL_CENTER_002_D002","die_002",2,"CENTER","COND_RT_NOM",25,1,"NOMINAL","T_IDDQ","IDDQ",49.54793349550109,"uA","UPPER",50,"NOT_DEFINED",30,100,"NOT_UNIFORM","30.0,35.0,40.0,45.0,50.0,55.0,60.0,70.0,80.0,100.0","SYNTHETIC_ASSUMED","P",1.214825790088601,"TESTER_A",20260115,"temporal_parametric_v1.0.0","DTL_TEMPORAL_PARAMETRIC_V1","DTL_TEMPORAL_ACTUAL_DIE_V1","DTL_TEMPORAL_POPULATION_V1"
"2026-02","February 2026",2,"DTL_CENTER_002","DTL_CENTER_002_D002","die_002",2,"CENTER","COND_RT_NOM",25,1,"NOMINAL","T_SUPPLY_CURRENT","SUPPLY_CURRENT",107.3209166611825,"mA","UPPER",120,"NOT_DEFINED",90,200,"NOT_UNIFORM","90.0,100.0,110.0,120.0,130.0,140.0,150.0,170.0,200.0","SYNTHETIC_ASSUMED","P",1.214825790088601,"TESTER_A",20260115,"temporal_parametric_v1.0.0","DTL_TEMPORAL_PARAMETRIC_V1","DTL_TEMPORAL_ACTUAL_DIE_V1","DTL_TEMPORAL_POPULATION_V1"
"2026-02","February 2026",2,"DTL_CENTER_002","DTL_CENTER_002_D002","die_002",2,"CENTER","COND_HOT_NOM",85,1,"HOT","T_CONTACT_R","CONTACT_RESISTANCE",4.042497769005382,"ohm","UPPER",5,"NOT_DEFINED",3.5,10,"NOT_UNIFORM","3.5,4.0,4.5,5.0,5.5,6.0,7.0,8.0,10.0","SYNTHETIC_ASSUMED","P",1.214825790088601,"TESTER_A",20260115,"temporal_parametric_v1.0.0","DTL_TEMPORAL_PARAMETRIC_V1","DTL_TEMPORAL_ACTUAL_DIE_V1","DTL_TEMPORAL_POPULATION_V1"
"2026-02","February 2026",2,"DTL_CENTER_002","DTL_CENTER_002_D002","die_002",2,"CENTER","COND_HOT_NOM",85,1,"HOT","T_INTERCONNECT_R","INTERCONNECT_RESISTANCE",13.174787417345236,"ohm","UPPER",15,"NOT_DEFINED",11,25,"NOT_UNIFORM","11.0,12.0,13.0,14.0,15.0,16.0,18.0,20.0,25.0","SYNTHETIC_ASSUMED","P",1.214825790088601,"TESTER_A",20260115,"temporal_parametric_v1.0.0","DTL_TEMPORAL_PARAMETRIC_V1","DTL_TEMPORAL_ACTUAL_DIE_V1","DTL_TEMPORAL_POPULATION_V1"
"2026-02","February 2026",2,"DTL_CENTER_002","DTL_CENTER_002_D002","die_002",2,"CENTER","COND_HOT_NOM",85,1,"HOT","T_ON_R","ON_RESISTANCE",21.76092562910808,"ohm","UPPER",25,"NOT_DEFINED",18,50,"NOT_UNIFORM","18.0,20.0,22.0,25.0,28.0,30.0,35.0,40.0,50.0","SYNTHETIC_ASSUMED","P",1.214825790088601,"TESTER_A",20260115,"temporal_parametric_v1.0.0","DTL_TEMPORAL_PARAMETRIC_V1","DTL_TEMPORAL_ACTUAL_DIE_V1","DTL_TEMPORAL_POPULATION_V1"
"2026-02","February 2026",2,"DTL_CENTER_002","DTL_CENTER_002_D002","die_002",2,"CENTER","COND_HOT_NOM",85,1,"HOT","T_VMIN","VMIN",0.8535689746934557,"V","UPPER",0.85,"NOT_DEFINED",0.75,1,"NOT_UNIFORM","0.75,0.78,0.8,0.82,0.85,0.88,0.9,0.92,0.95,1.0","SYNTHETIC_ASSUMED","F",1.214825790088601,"TESTER_A",20260115,"temporal_parametric_v1.0.0","DTL_TEMPORAL_PARAMETRIC_V1","DTL_TEMPORAL_ACTUAL_DIE_V1","DTL_TEMPORAL_POPULATION_V1"
"2026-02","February 2026",2,"DTL_CENTER_002","DTL_CENTER_002_D002","die_002",2,"CENTER","COND_HOT_NOM",85,1,"HOT","T_VMAX","VMAX",1.1566905777390926,"V","LOWER",1.15,"NOT_DEFINED",1.05,1.25,"NOT_UNIFORM","1.05,1.08,1.1,1.12,1.15,1.18,1.2,1.22,1.25","SYNTHETIC_ASSUMED","P",1.214825790088601,"TESTER_A",20260115,"temporal_parametric_v1.0.0","DTL_TEMPORAL_PARAMETRIC_V1","DTL_TEMPORAL_ACTUAL_DIE_V1","DTL_TEMPORAL_POPULATION_V1"
"2026-02","February 2026",2,"DTL_CENTER_002","DTL_CENTER_002_D002","die_002",2,"CENTER","COND_HOT_NOM",85,1,"HOT","T_IDDQ","IDDQ",61.44904402679291,"uA","UPPER",50,"NOT_DEFINED",30,100,"NOT_UNIFORM","30.0,35.0,40.0,45.0,50.0,55.0,60.0,70.0,80.0,100.0","SYNTHETIC_ASSUMED","F",1.214825790088601,"TESTER_A",20260115,"temporal_parametric_v1.0.0","DTL_TEMPORAL_PARAMETRIC_V1","DTL_TEMPORAL_ACTUAL_DIE_V1","DTL_TEMPORAL_POPULATION_V1"
"2026-02","February 2026",2,"DTL_CENTER_002","DTL_CENTER_002_D002","die_002",2,"CENTER","COND_HOT_NOM",85,1,"HOT","T_SUPPLY_CURRENT","SUPPLY_CURRENT",130.0559380150479,"mA","UPPER",120,"NOT_DEFINED",90,200,"NOT_UNIFORM","90.0,100.0,110.0,120.0,130.0,140.0,150.0,170.0,200.0","SYNTHETIC_ASSUMED","F",1.214825790088601,"TESTER_A",20260115,"temporal_parametric_v1.0.0","DTL_TEMPORAL_PARAMETRIC_V1","DTL_TEMPORAL_ACTUAL_DIE_V1","DTL_TEMPORAL_POPULATION_V1"
"2026-02","February 2026",2,"DTL_CENTER_002","DTL_CENTER_002_D002","die_002",2,"CENTER","COND_RT_LOWV",25,0.9,"LOW_VDD","T_CONTACT_R","CONTACT_RESISTANCE",3.470113896052306,"ohm","UPPER",5,"NOT_DEFINED",3.5,10,"NOT_UNIFORM","3.5,4.0,4.5,5.0,5.5,6.0,7.0,8.0,10.0","SYNTHETIC_ASSUMED","P",1.214825790088601,"TESTER_A",20260115,"temporal_parametric_v1.0.0","DTL_TEMPORAL_PARAMETRIC_V1","DTL_TEMPORAL_ACTUAL_DIE_V1","DTL_TEMPORAL_POPULATION_V1"
"2026-02","February 2026",2,"DTL_CENTER_002","DTL_CENTER_002_D002","die_002",2,"CENTER","COND_RT_LOWV",25,0.9,"LOW_VDD","T_INTERCONNECT_R","INTERCONNECT_RESISTANCE",11.542961753300728,"ohm","UPPER",15,"NOT_DEFINED",11,25,"NOT_UNIFORM","11.0,12.0,13.0,14.0,15.0,16.0,18.0,20.0,25.0","SYNTHETIC_ASSUMED","P",1.214825790088601,"TESTER_A",20260115,"temporal_parametric_v1.0.0","DTL_TEMPORAL_PARAMETRIC_V1","DTL_TEMPORAL_ACTUAL_DIE_V1","DTL_TEMPORAL_POPULATION_V1"
"2026-02","February 2026",2,"DTL_CENTER_002","DTL_CENTER_002_D002","die_002",2,"CENTER","COND_RT_LOWV",25,0.9,"LOW_VDD","T_ON_R","ON_RESISTANCE",21.27868231188842,"ohm","UPPER",25,"NOT_DEFINED",18,50,"NOT_UNIFORM","18.0,20.0,22.0,25.0,28.0,30.0,35.0,40.0,50.0","SYNTHETIC_ASSUMED","P",1.214825790088601,"TESTER_A",20260115,"temporal_parametric_v1.0.0","DTL_TEMPORAL_PARAMETRIC_V1","DTL_TEMPORAL_ACTUAL_DIE_V1","DTL_TEMPORAL_POPULATION_V1"
"2026-02","February 2026",2,"DTL_CENTER_002","DTL_CENTER_002_D002","die_002",2,"CENTER","COND_RT_LOWV",25,0.9,"LOW_VDD","T_VMIN","VMIN",0.798617630888678,"V","UPPER",0.85,"NOT_DEFINED",0.75,1,"NOT_UNIFORM","0.75,0.78,0.8,0.82,0.85,0.88,0.9,0.92,0.95,1.0","SYNTHETIC_ASSUMED","P",1.214825790088601,"TESTER_A",20260115,"temporal_parametric_v1.0.0","DTL_TEMPORAL_PARAMETRIC_V1","DTL_TEMPORAL_ACTUAL_DIE_V1","DTL_TEMPORAL_POPULATION_V1"
"2026-02","February 2026",2,"DTL_CENTER_002","DTL_CENTER_002_D002","die_002",2,"CENTER","COND_RT_LOWV",25,0.9,"LOW_VDD","T_VMAX","VMAX",1.1259643982813006,"V","LOWER",1.15,"NOT_DEFINED",1.05,1.25,"NOT_UNIFORM","1.05,1.08,1.1,1.12,1.15,1.18,1.2,1.22,1.25","SYNTHETIC_ASSUMED","F",1.214825790088601,"TESTER_A",20260115,"temporal_parametric_v1.0.0","DTL_TEMPORAL_PARAMETRIC_V1","DTL_TEMPORAL_ACTUAL_DIE_V1","DTL_TEMPORAL_POPULATION_V1"
"2026-02","February 2026",2,"DTL_CENTER_002","DTL_CENTER_002_D002","die_002",2,"CENTER","COND_RT_LOWV",25,0.9,"LOW_VDD","T_IDDQ","IDDQ",38.97133675212115,"uA","UPPER",50,"NOT_DEFINED",30,100,"NOT_UNIFORM","30.0,35.0,40.0,45.0,50.0,55.0,60.0,70.0,80.0,100.0","SYNTHETIC_ASSUMED","P",1.214825790088601,"TESTER_A",20260115,"temporal_parametric_v1.0.0","DTL_TEMPORAL_PARAMETRIC_V1","DTL_TEMPORAL_ACTUAL_DIE_V1","DTL_TEMPORAL_POPULATION_V1"
"2026-02","February 2026",2,"DTL_CENTER_002","DTL_CENTER_002_D002","die_002",2,"CENTER","COND_RT_LOWV",25,0.9,"LOW_VDD","T_SUPPLY_CURRENT","SUPPLY_CURRENT",101.08346625532492,"mA","UPPER",120,"NOT_DEFINED",90,200,"NOT_UNIFORM","90.0,100.0,110.0,120.0,130.0,140.0,150.0,170.0,200.0","SYNTHETIC_ASSUMED","P",1.214825790088601,"TESTER_A",20260115,"temporal_parametric_v1.0.0","DTL_TEMPORAL_PARAMETRIC_V1","DTL_TEMPORAL_ACTUAL_DIE_V1","DTL_TEMPORAL_POPULATION_V1"
"2026-02","February 2026",2,"DTL_CENTER_002","DTL_CENTER_002_D002","die_002",2,"CENTER","COND_HOT_HIGHV",85,1.1,"HIGH_VDD","T_CONTACT_R","CONTACT_RESISTANCE",4.466335270955192,"ohm","UPPER",5,"NOT_DEFINED",3.5,10,"NOT_UNIFORM","3.5,4.0,4.5,5.0,5.5,6.0,7.0,8.0,10.0","SYNTHETIC_ASSUMED","P",1.214825790088601,"TESTER_A",20260115,"temporal_parametric_v1.0.0","DTL_TEMPORAL_PARAMETRIC_V1","DTL_TEMPORAL_ACTUAL_DIE_V1","DTL_TEMPORAL_POPULATION_V1"
"2026-02","February 2026",2,"DTL_CENTER_002","DTL_CENTER_002_D002","die_002",2,"CENTER","COND_HOT_HIGHV",85,1.1,"HIGH_VDD","T_INTERCONNECT_R","INTERCONNECT_RESISTANCE",13.165637172981798,"ohm","UPPER",15,"NOT_DEFINED",11,25,"NOT_UNIFORM","11.0,12.0,13.0,14.0,15.0,16.0,18.0,20.0,25.0","SYNTHETIC_ASSUMED","P",1.214825790088601,"TESTER_A",20260115,"temporal_parametric_v1.0.0","DTL_TEMPORAL_PARAMETRIC_V1","DTL_TEMPORAL_ACTUAL_DIE_V1","DTL_TEMPORAL_POPULATION_V1"
"2026-02","February 2026",2,"DTL_CENTER_002","DTL_CENTER_002_D002","die_002",2,"CENTER","COND_HOT_HIGHV",85,1.1,"HIGH_VDD","T_ON_R","ON_RESISTANCE",19.226065586112323,"ohm","UPPER",25,"NOT_DEFINED",18,50,"NOT_UNIFORM","18.0,20.0,22.0,25.0,28.0,30.0,35.0,40.0,50.0","SYNTHETIC_ASSUMED","P",1.214825790088601,"TESTER_A",20260115,"temporal_parametric_v1.0.0","DTL_TEMPORAL_PARAMETRIC_V1","DTL_TEMPORAL_ACTUAL_DIE_V1","DTL_TEMPORAL_POPULATION_V1"
"2026-02","February 2026",2,"DTL_CENTER_002","DTL_CENTER_002_D002","die_002",2,"CENTER","COND_HOT_HIGHV",85,1.1,"HIGH_VDD","T_VMIN","VMIN",0.8551902796140144,"V","UPPER",0.85,"NOT_DEFINED",0.75,1,"NOT_UNIFORM","0.75,0.78,0.8,0.82,0.85,0.88,0.9,0.92,0.95,1.0","SYNTHETIC_ASSUMED","F",1.214825790088601,"TESTER_A",20260115,"temporal_parametric_v1.0.0","DTL_TEMPORAL_PARAMETRIC_V1","DTL_TEMPORAL_ACTUAL_DIE_V1","DTL_TEMPORAL_POPULATION_V1"
"2026-02","February 2026",2,"DTL_CENTER_002","DTL_CENTER_002_D002","die_002",2,"CENTER","COND_HOT_HIGHV",85,1.1,"HIGH_VDD","T_VMAX","VMAX",1.2094844352118954,"V","LOWER",1.15,"NOT_DEFINED",1.05,1.25,"NOT_UNIFORM","1.05,1.08,1.1,1.12,1.15,1.18,1.2,1.22,1.25","SYNTHETIC_ASSUMED","P",1.214825790088601,"TESTER_A",20260115,"temporal_parametric_v1.0.0","DTL_TEMPORAL_PARAMETRIC_V1","DTL_TEMPORAL_ACTUAL_DIE_V1","DTL_TEMPORAL_POPULATION_V1"
"2026-02","February 2026",2,"DTL_CENTER_002","DTL_CENTER_002_D002","die_002",2,"CENTER","COND_HOT_HIGHV",85,1.1,"HIGH_VDD","T_IDDQ","IDDQ",43.19445693284479,"uA","UPPER",50,"NOT_DEFINED",30,100,"NOT_UNIFORM","30.0,35.0,40.0,45.0,50.0,55.0,60.0,70.0,80.0,100.0","SYNTHETIC_ASSUMED","P",1.214825790088601,"TESTER_A",20260115,"temporal_parametric_v1.0.0","DTL_TEMPORAL_PARAMETRIC_V1","DTL_TEMPORAL_ACTUAL_DIE_V1","DTL_TEMPORAL_POPULATION_V1"
"2026-02","February 2026",2,"DTL_CENTER_002","DTL_CENTER_002_D002","die_002",2,"CENTER","COND_HOT_HIGHV",85,1.1,"HIGH_VDD","T_SUPPLY_CURRENT","SUPPLY_CURRENT",105.54045063286858,"mA","UPPER",120,"NOT_DEFINED",90,200,"NOT_UNIFORM","90.0,100.0,110.0,120.0,130.0,140.0,150.0,170.0,200.0","SYNTHETIC_ASSUMED","P",1.214825790088601,"TESTER_A",20260115,"temporal_parametric_v1.0.0","DTL_TEMPORAL_PARAMETRIC_V1","DTL_TEMPORAL_ACTUAL_DIE_V1","DTL_TEMPORAL_POPULATION_V1"
"2026-02","February 2026",2,"DTL_CENTER_002","DTL_CENTER_002_D003","die_003",3,"CENTER","COND_RT_NOM",25,1,"NOMINAL","T_CONTACT_R","CONTACT_RESISTANCE",5.623677809948341,"ohm","UPPER",5,"NOT_DEFINED",3.5,10,"NOT_UNIFORM","3.5,4.0,4.5,5.0,5.5,6.0,7.0,8.0,10.0","SYNTHETIC_ASSUMED","F",3.214069436501689,"TESTER_A",20260115,"temporal_parametric_v1.0.0","DTL_TEMPORAL_PARAMETRIC_V1","DTL_TEMPORAL_ACTUAL_DIE_V1","DTL_TEMPORAL_POPULATION_V1"
"2026-02","February 2026",2,"DTL_CENTER_002","DTL_CENTER_002_D003","die_003",3,"CENTER","COND_RT_NOM",25,1,"NOMINAL","T_INTERCONNECT_R","INTERCONNECT_RESISTANCE",19.19176085196618,"ohm","UPPER",15,"NOT_DEFINED",11,25,"NOT_UNIFORM","11.0,12.0,13.0,14.0,15.0,16.0,18.0,20.0,25.0","SYNTHETIC_ASSUMED","F",3.214069436501689,"TESTER_A",20260115,"temporal_parametric_v1.0.0","DTL_TEMPORAL_PARAMETRIC_V1","DTL_TEMPORAL_ACTUAL_DIE_V1","DTL_TEMPORAL_POPULATION_V1"
"2026-02","February 2026",2,"DTL_CENTER_002","DTL_CENTER_002_D003","die_003",3,"CENTER","COND_RT_NOM",25,1,"NOMINAL","T_ON_R","ON_RESISTANCE",26.923306018707446,"ohm","UPPER",25,"NOT_DEFINED",18,50,"NOT_UNIFORM","18.0,20.0,22.0,25.0,28.0,30.0,35.0,40.0,50.0","SYNTHETIC_ASSUMED","F",3.214069436501689,"TESTER_A",20260115,"temporal_parametric_v1.0.0","DTL_TEMPORAL_PARAMETRIC_V1","DTL_TEMPORAL_ACTUAL_DIE_V1","DTL_TEMPORAL_POPULATION_V1"
"2026-02","February 2026",2,"DTL_CENTER_002","DTL_CENTER_002_D003","die_003",3,"CENTER","COND_RT_NOM",25,1,"NOMINAL","T_VMIN","VMIN",0.95636170962723,"V","UPPER",0.85,"NOT_DEFINED",0.75,1,"NOT_UNIFORM","0.75,0.78,0.8,0.82,0.85,0.88,0.9,0.92,0.95,1.0","SYNTHETIC_ASSUMED","F",3.214069436501689,"TESTER_A",20260115,"temporal_parametric_v1.0.0","DTL_TEMPORAL_PARAMETRIC_V1","DTL_TEMPORAL_ACTUAL_DIE_V1","DTL_TEMPORAL_POPULATION_V1"
"2026-02","February 2026",2,"DTL_CENTER_002","DTL_CENTER_002_D003","die_003",3,"CENTER","COND_RT_NOM",25,1,"NOMINAL","T_VMAX","VMAX",1.0175467652185897,"V","LOWER",1.15,"NOT_DEFINED",1.05,1.25,"NOT_UNIFORM","1.05,1.08,1.1,1.12,1.15,1.18,1.2,1.22,1.25","SYNTHETIC_ASSUMED","F",3.214069436501689,"TESTER_A",20260115,"temporal_parametric_v1.0.0","DTL_TEMPORAL_PARAMETRIC_V1","DTL_TEMPORAL_ACTUAL_DIE_V1","DTL_TEMPORAL_POPULATION_V1"
"2026-02","February 2026",2,"DTL_CENTER_002","DTL_CENTER_002_D003","die_003",3,"CENTER","COND_RT_NOM",25,1,"NOMINAL","T_IDDQ","IDDQ",61.27579052122903,"uA","UPPER",50,"NOT_DEFINED",30,100,"NOT_UNIFORM","30.0,35.0,40.0,45.0,50.0,55.0,60.0,70.0,80.0,100.0","SYNTHETIC_ASSUMED","F",3.214069436501689,"TESTER_A",20260115,"temporal_parametric_v1.0.0","DTL_TEMPORAL_PARAMETRIC_V1","DTL_TEMPORAL_ACTUAL_DIE_V1","DTL_TEMPORAL_POPULATION_V1"
"2026-02","February 2026",2,"DTL_CENTER_002","DTL_CENTER_002_D003","die_003",3,"CENTER","COND_RT_NOM",25,1,"NOMINAL","T_SUPPLY_CURRENT","SUPPLY_CURRENT",120.11755605020076,"mA","UPPER",120,"NOT_DEFINED",90,200,"NOT_UNIFORM","90.0,100.0,110.0,120.0,130.0,140.0,150.0,170.0,200.0","SYNTHETIC_ASSUMED","F",3.214069436501689,"TESTER_A",20260115,"temporal_parametric_v1.0.0","DTL_TEMPORAL_PARAMETRIC_V1","DTL_TEMPORAL_ACTUAL_DIE_V1","DTL_TEMPORAL_POPULATION_V1"
"2026-02","February 2026",2,"DTL_CENTER_002","DTL_CENTER_002_D003","die_003",3,"CENTER","COND_HOT_NOM",85,1,"HOT","T_CONTACT_R","CONTACT_RESISTANCE",6.235724028814325,"ohm","UPPER",5,"NOT_DEFINED",3.5,10,"NOT_UNIFORM","3.5,4.0,4.5,5.0,5.5,6.0,7.0,8.0,10.0","SYNTHETIC_ASSUMED","F",3.214069436501689,"TESTER_A",20260115,"temporal_parametric_v1.0.0","DTL_TEMPORAL_PARAMETRIC_V1","DTL_TEMPORAL_ACTUAL_DIE_V1","DTL_TEMPORAL_POPULATION_V1"
"2026-02","February 2026",2,"DTL_CENTER_002","DTL_CENTER_002_D003","die_003",3,"CENTER","COND_HOT_NOM",85,1,"HOT","T_INTERCONNECT_R","INTERCONNECT_RESISTANCE",19.313057918277416,"ohm","UPPER",15,"NOT_DEFINED",11,25,"NOT_UNIFORM","11.0,12.0,13.0,14.0,15.0,16.0,18.0,20.0,25.0","SYNTHETIC_ASSUMED","F",3.214069436501689,"TESTER_A",20260115,"temporal_parametric_v1.0.0","DTL_TEMPORAL_PARAMETRIC_V1","DTL_TEMPORAL_ACTUAL_DIE_V1","DTL_TEMPORAL_POPULATION_V1"
"2026-02","February 2026",2,"DTL_CENTER_002","DTL_CENTER_002_D003","die_003",3,"CENTER","COND_HOT_NOM",85,1,"HOT","T_ON_R","ON_RESISTANCE",28.72375623006496,"ohm","UPPER",25,"NOT_DEFINED",18,50,"NOT_UNIFORM","18.0,20.0,22.0,25.0,28.0,30.0,35.0,40.0,50.0","SYNTHETIC_ASSUMED","F",3.214069436501689,"TESTER_A",20260115,"temporal_parametric_v1.0.0","DTL_TEMPORAL_PARAMETRIC_V1","DTL_TEMPORAL_ACTUAL_DIE_V1","DTL_TEMPORAL_POPULATION_V1"
"2026-02","February 2026",2,"DTL_CENTER_002","DTL_CENTER_002_D003","die_003",3,"CENTER","COND_HOT_NOM",85,1,"HOT","T_VMIN","VMIN",0.9177292948408252,"V","UPPER",0.85,"NOT_DEFINED",0.75,1,"NOT_UNIFORM","0.75,0.78,0.8,0.82,0.85,0.88,0.9,0.92,0.95,1.0","SYNTHETIC_ASSUMED","F",3.214069436501689,"TESTER_A",20260115,"temporal_parametric_v1.0.0","DTL_TEMPORAL_PARAMETRIC_V1","DTL_TEMPORAL_ACTUAL_DIE_V1","DTL_TEMPORAL_POPULATION_V1"
"2026-02","February 2026",2,"DTL_CENTER_002","DTL_CENTER_002_D003","die_003",3,"CENTER","COND_HOT_NOM",85,1,"HOT","T_VMAX","VMAX",1.054063498190314,"V","LOWER",1.15,"NOT_DEFINED",1.05,1.25,"NOT_UNIFORM","1.05,1.08,1.1,1.12,1.15,1.18,1.2,1.22,1.25","SYNTHETIC_ASSUMED","F",3.214069436501689,"TESTER_A",20260115,"temporal_parametric_v1.0.0","DTL_TEMPORAL_PARAMETRIC_V1","DTL_TEMPORAL_ACTUAL_DIE_V1","DTL_TEMPORAL_POPULATION_V1"
"2026-02","February 2026",2,"DTL_CENTER_002","DTL_CENTER_002_D003","die_003",3,"CENTER","COND_HOT_NOM",85,1,"HOT","T_IDDQ","IDDQ",71.55685060113035,"uA","UPPER",50,"NOT_DEFINED",30,100,"NOT_UNIFORM","30.0,35.0,40.0,45.0,50.0,55.0,60.0,70.0,80.0,100.0","SYNTHETIC_ASSUMED","F",3.214069436501689,"TESTER_A",20260115,"temporal_parametric_v1.0.0","DTL_TEMPORAL_PARAMETRIC_V1","DTL_TEMPORAL_ACTUAL_DIE_V1","DTL_TEMPORAL_POPULATION_V1"
"2026-02","February 2026",2,"DTL_CENTER_002","DTL_CENTER_002_D003","die_003",3,"CENTER","COND_HOT_NOM",85,1,"HOT","T_SUPPLY_CURRENT","SUPPLY_CURRENT",117.25256796274996,"mA","UPPER",120,"NOT_DEFINED",90,200,"NOT_UNIFORM","90.0,100.0,110.0,120.0,130.0,140.0,150.0,170.0,200.0","SYNTHETIC_ASSUMED","P",3.214069436501689,"TESTER_A",20260115,"temporal_parametric_v1.0.0","DTL_TEMPORAL_PARAMETRIC_V1","DTL_TEMPORAL_ACTUAL_DIE_V1","DTL_TEMPORAL_POPULATION_V1"
"2026-02","February 2026",2,"DTL_CENTER_002","DTL_CENTER_002_D003","die_003",3,"CENTER","COND_RT_LOWV",25,0.9,"LOW_VDD","T_CONTACT_R","CONTACT_RESISTANCE",6.651072697642641,"ohm","UPPER",5,"NOT_DEFINED",3.5,10,"NOT_UNIFORM","3.5,4.0,4.5,5.0,5.5,6.0,7.0,8.0,10.0","SYNTHETIC_ASSUMED","F",3.214069436501689,"TESTER_A",20260115,"temporal_parametric_v1.0.0","DTL_TEMPORAL_PARAMETRIC_V1","DTL_TEMPORAL_ACTUAL_DIE_V1","DTL_TEMPORAL_POPULATION_V1"
"2026-02","February 2026",2,"DTL_CENTER_002","DTL_CENTER_002_D003","die_003",3,"CENTER","COND_RT_LOWV",25,0.9,"LOW_VDD","T_INTERCONNECT_R","INTERCONNECT_RESISTANCE",16.498368995144123,"ohm","UPPER",15,"NOT_DEFINED",11,25,"NOT_UNIFORM","11.0,12.0,13.0,14.0,15.0,16.0,18.0,20.0,25.0","SYNTHETIC_ASSUMED","F",3.214069436501689,"TESTER_A",20260115,"temporal_parametric_v1.0.0","DTL_TEMPORAL_PARAMETRIC_V1","DTL_TEMPORAL_ACTUAL_DIE_V1","DTL_TEMPORAL_POPULATION_V1"
"2026-02","February 2026",2,"DTL_CENTER_002","DTL_CENTER_002_D003","die_003",3,"CENTER","COND_RT_LOWV",25,0.9,"LOW_VDD","T_ON_R","ON_RESISTANCE",29.18694515743292,"ohm","UPPER",25,"NOT_DEFINED",18,50,"NOT_UNIFORM","18.0,20.0,22.0,25.0,28.0,30.0,35.0,40.0,50.0","SYNTHETIC_ASSUMED","F",3.214069436501689,"TESTER_A",20260115,"temporal_parametric_v1.0.0","DTL_TEMPORAL_PARAMETRIC_V1","DTL_TEMPORAL_ACTUAL_DIE_V1","DTL_TEMPORAL_POPULATION_V1"
"2026-02","February 2026",2,"DTL_CENTER_002","DTL_CENTER_002_D003","die_003",3,"CENTER","COND_RT_LOWV",25,0.9,"LOW_VDD","T_VMIN","VMIN",1.0061230318235663,"V","UPPER",0.85,"NOT_DEFINED",0.75,1,"NOT_UNIFORM","0.75,0.78,0.8,0.82,0.85,0.88,0.9,0.92,0.95,1.0","SYNTHETIC_ASSUMED","F",3.214069436501689,"TESTER_A",20260115,"temporal_parametric_v1.0.0","DTL_TEMPORAL_PARAMETRIC_V1","DTL_TEMPORAL_ACTUAL_DIE_V1","DTL_TEMPORAL_POPULATION_V1"
"2026-02","February 2026",2,"DTL_CENTER_002","DTL_CENTER_002_D003","die_003",3,"CENTER","COND_RT_LOWV",25,0.9,"LOW_VDD","T_VMAX","VMAX",1.1078964948434549,"V","LOWER",1.15,"NOT_DEFINED",1.05,1.25,"NOT_UNIFORM","1.05,1.08,1.1,1.12,1.15,1.18,1.2,1.22,1.25","SYNTHETIC_ASSUMED","F",3.214069436501689,"TESTER_A",20260115,"temporal_parametric_v1.0.0","DTL_TEMPORAL_PARAMETRIC_V1","DTL_TEMPORAL_ACTUAL_DIE_V1","DTL_TEMPORAL_POPULATION_V1"
"2026-02","February 2026",2,"DTL_CENTER_002","DTL_CENTER_002_D003","die_003",3,"CENTER","COND_RT_LOWV",25,0.9,"LOW_VDD","T_IDDQ","IDDQ",58.8725433670072,"uA","UPPER",50,"NOT_DEFINED",30,100,"NOT_UNIFORM","30.0,35.0,40.0,45.0,50.0,55.0,60.0,70.0,80.0,100.0","SYNTHETIC_ASSUMED","F",3.214069436501689,"TESTER_A",20260115,"temporal_parametric_v1.0.0","DTL_TEMPORAL_PARAMETRIC_V1","DTL_TEMPORAL_ACTUAL_DIE_V1","DTL_TEMPORAL_POPULATION_V1"
"2026-02","February 2026",2,"DTL_CENTER_002","DTL_CENTER_002_D003","die_003",3,"CENTER","COND_RT_LOWV",25,0.9,"LOW_VDD","T_SUPPLY_CURRENT","SUPPLY_CURRENT",124.41149382376992,"mA","UPPER",120,"NOT_DEFINED",90,200,"NOT_UNIFORM","90.0,100.0,110.0,120.0,130.0,140.0,150.0,170.0,200.0","SYNTHETIC_ASSUMED","F",3.214069436501689,"TESTER_A",20260115,"temporal_parametric_v1.0.0","DTL_TEMPORAL_PARAMETRIC_V1","DTL_TEMPORAL_ACTUAL_DIE_V1","DTL_TEMPORAL_POPULATION_V1"
"2026-02","February 2026",2,"DTL_CENTER_002","DTL_CENTER_002_D003","die_003",3,"CENTER","COND_HOT_HIGHV",85,1.1,"HIGH_VDD","T_CONTACT_R","CONTACT_RESISTANCE",5.802087619413127,"ohm","UPPER",5,"NOT_DEFINED",3.5,10,"NOT_UNIFORM","3.5,4.0,4.5,5.0,5.5,6.0,7.0,8.0,10.0","SYNTHETIC_ASSUMED","F",3.214069436501689,"TESTER_A",20260115,"temporal_parametric_v1.0.0","DTL_TEMPORAL_PARAMETRIC_V1","DTL_TEMPORAL_ACTUAL_DIE_V1","DTL_TEMPORAL_POPULATION_V1"
"2026-02","February 2026",2,"DTL_CENTER_002","DTL_CENTER_002_D003","die_003",3,"CENTER","COND_HOT_HIGHV",85,1.1,"HIGH_VDD","T_INTERCONNECT_R","INTERCONNECT_RESISTANCE",17.178657894987403,"ohm","UPPER",15,"NOT_DEFINED",11,25,"NOT_UNIFORM","11.0,12.0,13.0,14.0,15.0,16.0,18.0,20.0,25.0","SYNTHETIC_ASSUMED","F",3.214069436501689,"TESTER_A",20260115,"temporal_parametric_v1.0.0","DTL_TEMPORAL_PARAMETRIC_V1","DTL_TEMPORAL_ACTUAL_DIE_V1","DTL_TEMPORAL_POPULATION_V1"
"2026-02","February 2026",2,"DTL_CENTER_002","DTL_CENTER_002_D003","die_003",3,"CENTER","COND_HOT_HIGHV",85,1.1,"HIGH_VDD","T_ON_R","ON_RESISTANCE",30.11577322523507,"ohm","UPPER",25,"NOT_DEFINED",18,50,"NOT_UNIFORM","18.0,20.0,22.0,25.0,28.0,30.0,35.0,40.0,50.0","SYNTHETIC_ASSUMED","F",3.214069436501689,"TESTER_A",20260115,"temporal_parametric_v1.0.0","DTL_TEMPORAL_PARAMETRIC_V1","DTL_TEMPORAL_ACTUAL_DIE_V1","DTL_TEMPORAL_POPULATION_V1"
"2026-02","February 2026",2,"DTL_CENTER_002","DTL_CENTER_002_D003","die_003",3,"CENTER","COND_HOT_HIGHV",85,1.1,"HIGH_VDD","T_VMIN","VMIN",1.0105770184833398,"V","UPPER",0.85,"NOT_DEFINED",0.75,1,"NOT_UNIFORM","0.75,0.78,0.8,0.82,0.85,0.88,0.9,0.92,0.95,1.0","SYNTHETIC_ASSUMED","F",3.214069436501689,"TESTER_A",20260115,"temporal_parametric_v1.0.0","DTL_TEMPORAL_PARAMETRIC_V1","DTL_TEMPORAL_ACTUAL_DIE_V1","DTL_TEMPORAL_POPULATION_V1"
"2026-02","February 2026",2,"DTL_CENTER_002","DTL_CENTER_002_D003","die_003",3,"CENTER","COND_HOT_HIGHV",85,1.1,"HIGH_VDD","T_VMAX","VMAX",1.0641721064369265,"V","LOWER",1.15,"NOT_DEFINED",1.05,1.25,"NOT_UNIFORM","1.05,1.08,1.1,1.12,1.15,1.18,1.2,1.22,1.25","SYNTHETIC_ASSUMED","F",3.214069436501689,"TESTER_A",20260115,"temporal_parametric_v1.0.0","DTL_TEMPORAL_PARAMETRIC_V1","DTL_TEMPORAL_ACTUAL_DIE_V1","DTL_TEMPORAL_POPULATION_V1"
"2026-02","February 2026",2,"DTL_CENTER_002","DTL_CENTER_002_D003","die_003",3,"CENTER","COND_HOT_HIGHV",85,1.1,"HIGH_VDD","T_IDDQ","IDDQ",77.91959160542808,"uA","UPPER",50,"NOT_DEFINED",30,100,"NOT_UNIFORM","30.0,35.0,40.0,45.0,50.0,55.0,60.0,70.0,80.0,100.0","SYNTHETIC_ASSUMED","F",3.214069436501689,"TESTER_A",20260115,"temporal_parametric_v1.0.0","DTL_TEMPORAL_PARAMETRIC_V1","DTL_TEMPORAL_ACTUAL_DIE_V1","DTL_TEMPORAL_POPULATION_V1"
"2026-02","February 2026",2,"DTL_CENTER_002","DTL_CENTER_002_D003","die_003",3,"CENTER","COND_HOT_HIGHV",85,1.1,"HIGH_VDD","T_SUPPLY_CURRENT","SUPPLY_CURRENT",133.34183177309734,"mA","UPPER",120,"NOT_DEFINED",90,200,"NOT_UNIFORM","90.0,100.0,110.0,120.0,130.0,140.0,150.0,170.0,200.0","SYNTHETIC_ASSUMED","F",3.214069436501689,"TESTER_A",20260115,"temporal_parametric_v1.0.0","DTL_TEMPORAL_PARAMETRIC_V1","DTL_TEMPORAL_ACTUAL_DIE_V1","DTL_TEMPORAL_POPULATION_V1"
