Point_ID,Lot_ID,Wafer_ID,Die_ID,VDD_V,Frequency_GHz,Test_Result,Failure_Code,Pattern_ID,Timing_ns,Temperature_C
1,LOT_ATPG10,W01,D0001,0.75,0.8,PASS,NA,PAT_SCAN_003,1.256,25
2,LOT_ATPG10,W01,D0001,0.75,0.86,PASS,NA,PAT_SCAN_004,1.133,25
3,LOT_ATPG10,W01,D0001,0.75,0.93,PASS,NA,PAT_SCAN_010,1.027,25
4,LOT_ATPG10,W01,D0001,0.75,0.99,PASS,NA,PAT_SCAN_001,1.002,25
5,LOT_ATPG10,W01,D0001,0.75,1.05,PASS,NA,PAT_SCAN_010,0.939,25
6,LOT_ATPG10,W01,D0001,0.75,1.12,PASS,NA,PAT_SCAN_001,0.891,25
7,LOT_ATPG10,W01,D0001,0.75,1.18,PASS,NA,PAT_SCAN_001,0.832,25
8,LOT_ATPG10,W01,D0001,0.75,1.24,PASS,NA,PAT_SCAN_003,0.818,25
9,LOT_ATPG10,W01,D0001,0.75,1.31,PASS,NA,PAT_SCAN_005,0.807,25
10,LOT_ATPG10,W01,D0001,0.75,1.37,PASS,NA,PAT_SCAN_009,0.774,25
11,LOT_ATPG10,W01,D0001,0.75,1.43,PASS,NA,PAT_SCAN_001,0.734,25
12,LOT_ATPG10,W01,D0001,0.75,1.49,PASS,NA,PAT_SCAN_005,0.67,25
13,LOT_ATPG10,W01,D0001,0.75,1.56,FAIL,TIMING,PAT_SCAN_007,0.619,25
14,LOT_ATPG10,W01,D0001,0.75,1.62,FAIL,TIMING,PAT_SCAN_003,0.589,25
15,LOT_ATPG10,W01,D0001,0.75,1.68,FAIL,FREQ_MARGIN,PAT_SCAN_002,0.589,25
16,LOT_ATPG10,W01,D0001,0.75,1.75,FAIL,TIMING,PAT_SCAN_003,0.565,25
17,LOT_ATPG10,W01,D0001,0.75,1.81,FAIL,FREQ_MARGIN,PAT_SCAN_005,0.558,25
18,LOT_ATPG10,W01,D0001,0.75,1.87,FAIL,FREQ_MARGIN,PAT_SCAN_005,0.544,25
19,LOT_ATPG10,W01,D0001,0.75,1.94,FAIL,TIMING,PAT_SCAN_007,0.564,25
20,LOT_ATPG10,W01,D0001,0.75,2.0,FAIL,TIMING,PAT_SCAN_007,0.475,25
21,LOT_ATPG10,W01,D0001,0.79,0.8,PASS,NA,PAT_SCAN_005,1.261,25
22,LOT_ATPG10,W01,D0001,0.79,0.86,PASS,NA,PAT_SCAN_002,1.168,25
23,LOT_ATPG10,W01,D0001,0.79,0.93,PASS,NA,PAT_SCAN_006,1.068,25
24,LOT_ATPG10,W01,D0001,0.79,0.99,PASS,NA,PAT_SCAN_009,0.98,25
25,LOT_ATPG10,W01,D0001,0.79,1.05,PASS,NA,PAT_SCAN_002,0.981,25
26,LOT_ATPG10,W01,D0001,0.79,1.12,PASS,NA,PAT_SCAN_004,0.891,25
27,LOT_ATPG10,W01,D0001,0.79,1.18,PASS,NA,PAT_SCAN_006,0.822,25
28,LOT_ATPG10,W01,D0001,0.79,1.24,PASS,NA,PAT_SCAN_002,0.786,25
29,LOT_ATPG10,W01,D0001,0.79,1.31,PASS,NA,PAT_SCAN_007,0.779,25
30,LOT_ATPG10,W01,D0001,0.79,1.37,PASS,NA,PAT_SCAN_010,0.737,25
31,LOT_ATPG10,W01,D0001,0.79,1.43,PASS,NA,PAT_SCAN_008,0.717,25
32,LOT_ATPG10,W01,D0001,0.79,1.49,PASS,NA,PAT_SCAN_004,0.706,25
33,LOT_ATPG10,W01,D0001,0.79,1.56,PASS,NA,PAT_SCAN_004,0.659,25
34,LOT_ATPG10,W01,D0001,0.79,1.62,PASS,NA,PAT_SCAN_008,0.627,25
35,LOT_ATPG10,W01,D0001,0.79,1.68,PASS,NA,PAT_SCAN_007,0.566,25
36,LOT_ATPG10,W01,D0001,0.79,1.75,FAIL,FREQ_MARGIN,PAT_SCAN_004,0.571,25
37,LOT_ATPG10,W01,D0001,0.79,1.81,FAIL,FREQ_MARGIN,PAT_SCAN_005,0.578,25
38,LOT_ATPG10,W01,D0001,0.79,1.87,FAIL,TIMING,PAT_SCAN_007,0.577,25
39,LOT_ATPG10,W01,D0001,0.79,1.94,FAIL,FREQ_MARGIN,PAT_SCAN_009,0.516,25
40,LOT_ATPG10,W01,D0001,0.79,2.0,FAIL,FREQ_MARGIN,PAT_SCAN_004,0.48,25
41,LOT_ATPG10,W01,D0001,0.84,0.8,PASS,NA,PAT_SCAN_002,1.264,25
42,LOT_ATPG10,W01,D0001,0.84,0.86,PASS,NA,PAT_SCAN_007,1.159,25
43,LOT_ATPG10,W01,D0001,0.84,0.93,PASS,NA,PAT_SCAN_002,1.074,25
44,LOT_ATPG10,W01,D0001,0.84,0.99,PASS,NA,PAT_SCAN_004,1.007,25
45,LOT_ATPG10,W01,D0001,0.84,1.05,PASS,NA,PAT_SCAN_008,0.951,25
46,LOT_ATPG10,W01,D0001,0.84,1.12,PASS,NA,PAT_SCAN_005,0.893,25
47,LOT_ATPG10,W01,D0001,0.84,1.18,PASS,NA,PAT_SCAN_005,0.831,25
48,LOT_ATPG10,W01,D0001,0.84,1.24,PASS,NA,PAT_SCAN_009,0.816,25
49,LOT_ATPG10,W01,D0001,0.84,1.31,PASS,NA,PAT_SCAN_009,0.749,25
50,LOT_ATPG10,W01,D0001,0.84,1.37,PASS,NA,PAT_SCAN_009,0.706,25
51,LOT_ATPG10,W01,D0001,0.84,1.43,PASS,NA,PAT_SCAN_007,0.708,25
52,LOT_ATPG10,W01,D0001,0.84,1.49,PASS,NA,PAT_SCAN_008,0.665,25
53,LOT_ATPG10,W01,D0001,0.84,1.56,PASS,NA,PAT_SCAN_010,0.664,25
54,LOT_ATPG10,W01,D0001,0.84,1.62,PASS,NA,PAT_SCAN_002,0.621,25
55,LOT_ATPG10,W01,D0001,0.84,1.68,PASS,NA,PAT_SCAN_008,0.591,25
56,LOT_ATPG10,W01,D0001,0.84,1.75,PASS,NA,PAT_SCAN_002,0.592,25
57,LOT_ATPG10,W01,D0001,0.84,1.81,PASS,NA,PAT_SCAN_004,0.595,25
58,LOT_ATPG10,W01,D0001,0.84,1.87,PASS,NA,PAT_SCAN_006,0.563,25
59,LOT_ATPG10,W01,D0001,0.84,1.94,FAIL,FREQ_MARGIN,PAT_SCAN_002,0.515,25
60,LOT_ATPG10,W01,D0001,0.84,2.0,FAIL,TIMING,PAT_SCAN_003,0.501,25
61,LOT_ATPG10,W01,D0001,0.88,0.8,PASS,NA,PAT_SCAN_007,1.259,25
62,LOT_ATPG10,W01,D0001,0.88,0.86,PASS,NA,PAT_SCAN_009,1.131,25
63,LOT_ATPG10,W01,D0001,0.88,0.93,PASS,NA,PAT_SCAN_004,1.061,25
64,LOT_ATPG10,W01,D0001,0.88,0.99,PASS,NA,PAT_SCAN_008,1.02,25
65,LOT_ATPG10,W01,D0001,0.88,1.05,PASS,NA,PAT_SCAN_010,0.95,25
66,LOT_ATPG10,W01,D0001,0.88,1.12,PASS,NA,PAT_SCAN_007,0.877,25
67,LOT_ATPG10,W01,D0001,0.88,1.18,PASS,NA,PAT_SCAN_001,0.847,25
68,LOT_ATPG10,W01,D0001,0.88,1.24,PASS,NA,PAT_SCAN_003,0.791,25
69,LOT_ATPG10,W01,D0001,0.88,1.31,PASS,NA,PAT_SCAN_005,0.787,25
70,LOT_ATPG10,W01,D0001,0.88,1.37,PASS,NA,PAT_SCAN_008,0.721,25
71,LOT_ATPG10,W01,D0001,0.88,1.43,PASS,NA,PAT_SCAN_003,0.721,25
72,LOT_ATPG10,W01,D0001,0.88,1.49,PASS,NA,PAT_SCAN_010,0.646,25
73,LOT_ATPG10,W01,D0001,0.88,1.56,PASS,NA,PAT_SCAN_002,0.656,25
74,LOT_ATPG10,W01,D0001,0.88,1.62,PASS,NA,PAT_SCAN_009,0.624,25
75,LOT_ATPG10,W01,D0001,0.88,1.68,PASS,NA,PAT_SCAN_006,0.557,25
76,LOT_ATPG10,W01,D0001,0.88,1.75,PASS,NA,PAT_SCAN_004,0.535,25
77,LOT_ATPG10,W01,D0001,0.88,1.81,PASS,NA,PAT_SCAN_002,0.536,25
78,LOT_ATPG10,W01,D0001,0.88,1.87,PASS,NA,PAT_SCAN_008,0.537,25
79,LOT_ATPG10,W01,D0001,0.88,1.94,PASS,NA,PAT_SCAN_003,0.505,25
80,LOT_ATPG10,W01,D0001,0.88,2.0,PASS,NA,PAT_SCAN_009,0.521,25
81,LOT_ATPG10,W01,D0001,0.93,0.8,PASS,NA,PAT_SCAN_010,1.259,25
82,LOT_ATPG10,W01,D0001,0.93,0.86,PASS,NA,PAT_SCAN_006,1.194,25
83,LOT_ATPG10,W01,D0001,0.93,0.93,PASS,NA,PAT_SCAN_010,1.07,25
84,LOT_ATPG10,W01,D0001,0.93,0.99,PASS,NA,PAT_SCAN_008,0.989,25
85,LOT_ATPG10,W01,D0001,0.93,1.05,PASS,NA,PAT_SCAN_006,0.903,25
86,LOT_ATPG10,W01,D0001,0.93,1.12,PASS,NA,PAT_SCAN_002,0.827,25
87,LOT_ATPG10,W01,D0001,0.93,1.18,PASS,NA,PAT_SCAN_001,0.856,25
88,LOT_ATPG10,W01,D0001,0.93,1.24,PASS,NA,PAT_SCAN_006,0.826,25
89,LOT_ATPG10,W01,D0001,0.93,1.31,PASS,NA,PAT_SCAN_005,0.777,25
90,LOT_ATPG10,W01,D0001,0.93,1.37,PASS,NA,PAT_SCAN_003,0.712,25
91,LOT_ATPG10,W01,D0001,0.93,1.43,PASS,NA,PAT_SCAN_003,0.706,25
92,LOT_ATPG10,W01,D0001,0.93,1.49,PASS,NA,PAT_SCAN_007,0.695,25
93,LOT_ATPG10,W01,D0001,0.93,1.56,PASS,NA,PAT_SCAN_002,0.637,25
94,LOT_ATPG10,W01,D0001,0.93,1.62,PASS,NA,PAT_SCAN_007,0.651,25
95,LOT_ATPG10,W01,D0001,0.93,1.68,PASS,NA,PAT_SCAN_006,0.625,25
96,LOT_ATPG10,W01,D0001,0.93,1.75,PASS,NA,PAT_SCAN_008,0.582,25
97,LOT_ATPG10,W01,D0001,0.93,1.81,PASS,NA,PAT_SCAN_008,0.548,25
98,LOT_ATPG10,W01,D0001,0.93,1.87,PASS,NA,PAT_SCAN_004,0.545,25
99,LOT_ATPG10,W01,D0001,0.93,1.94,PASS,NA,PAT_SCAN_006,0.495,25
100,LOT_ATPG10,W01,D0001,0.93,2.0,PASS,NA,PAT_SCAN_004,0.489,25
101,LOT_ATPG10,W01,D0001,0.97,0.8,PASS,NA,PAT_SCAN_010,1.242,25
102,LOT_ATPG10,W01,D0001,0.97,0.86,PASS,NA,PAT_SCAN_002,1.19,25
103,LOT_ATPG10,W01,D0001,0.97,0.93,PASS,NA,PAT_SCAN_006,1.093,25
104,LOT_ATPG10,W01,D0001,0.97,0.99,PASS,NA,PAT_SCAN_004,1.001,25
105,LOT_ATPG10,W01,D0001,0.97,1.05,PASS,NA,PAT_SCAN_001,0.926,25
106,LOT_ATPG10,W01,D0001,0.97,1.12,PASS,NA,PAT_SCAN_006,0.893,25
107,LOT_ATPG10,W01,D0001,0.97,1.18,PASS,NA,PAT_SCAN_002,0.818,25
108,LOT_ATPG10,W01,D0001,0.97,1.24,PASS,NA,PAT_SCAN_006,0.827,25
109,LOT_ATPG10,W01,D0001,0.97,1.31,PASS,NA,PAT_SCAN_010,0.752,25
110,LOT_ATPG10,W01,D0001,0.97,1.37,PASS,NA,PAT_SCAN_007,0.729,25
111,LOT_ATPG10,W01,D0001,0.97,1.43,PASS,NA,PAT_SCAN_005,0.698,25
112,LOT_ATPG10,W01,D0001,0.97,1.49,PASS,NA,PAT_SCAN_007,0.669,25
113,LOT_ATPG10,W01,D0001,0.97,1.56,PASS,NA,PAT_SCAN_001,0.692,25
114,LOT_ATPG10,W01,D0001,0.97,1.62,PASS,NA,PAT_SCAN_009,0.644,25
115,LOT_ATPG10,W01,D0001,0.97,1.68,PASS,NA,PAT_SCAN_006,0.548,25
116,LOT_ATPG10,W01,D0001,0.97,1.75,PASS,NA,PAT_SCAN_003,0.619,25
117,LOT_ATPG10,W01,D0001,0.97,1.81,PASS,NA,PAT_SCAN_001,0.564,25
118,LOT_ATPG10,W01,D0001,0.97,1.87,PASS,NA,PAT_SCAN_004,0.506,25
119,LOT_ATPG10,W01,D0001,0.97,1.94,PASS,NA,PAT_SCAN_010,0.549,25
120,LOT_ATPG10,W01,D0001,0.97,2.0,PASS,NA,PAT_SCAN_006,0.513,25
121,LOT_ATPG10,W01,D0001,1.02,0.8,PASS,NA,PAT_SCAN_005,1.272,25
122,LOT_ATPG10,W01,D0001,1.02,0.86,PASS,NA,PAT_SCAN_009,1.122,25
123,LOT_ATPG10,W01,D0001,1.02,0.93,PASS,NA,PAT_SCAN_009,1.113,25
124,LOT_ATPG10,W01,D0001,1.02,0.99,PASS,NA,PAT_SCAN_004,1.032,25
125,LOT_ATPG10,W01,D0001,1.02,1.05,PASS,NA,PAT_SCAN_001,0.935,25
126,LOT_ATPG10,W01,D0001,1.02,1.12,PASS,NA,PAT_SCAN_010,0.865,25
127,LOT_ATPG10,W01,D0001,1.02,1.18,PASS,NA,PAT_SCAN_004,0.846,25
128,LOT_ATPG10,W01,D0001,1.02,1.24,PASS,NA,PAT_SCAN_001,0.781,25
129,LOT_ATPG10,W01,D0001,1.02,1.31,PASS,NA,PAT_SCAN_010,0.728,25
130,LOT_ATPG10,W01,D0001,1.02,1.37,PASS,NA,PAT_SCAN_009,0.719,25
131,LOT_ATPG10,W01,D0001,1.02,1.43,PASS,NA,PAT_SCAN_009,0.707,25
132,LOT_ATPG10,W01,D0001,1.02,1.49,PASS,NA,PAT_SCAN_008,0.674,25
133,LOT_ATPG10,W01,D0001,1.02,1.56,PASS,NA,PAT_SCAN_010,0.649,25
134,LOT_ATPG10,W01,D0001,1.02,1.62,PASS,NA,PAT_SCAN_010,0.631,25
135,LOT_ATPG10,W01,D0001,1.02,1.68,PASS,NA,PAT_SCAN_006,0.588,25
136,LOT_ATPG10,W01,D0001,1.02,1.75,PASS,NA,PAT_SCAN_003,0.589,25
137,LOT_ATPG10,W01,D0001,1.02,1.81,PASS,NA,PAT_SCAN_003,0.558,25
138,LOT_ATPG10,W01,D0001,1.02,1.87,PASS,NA,PAT_SCAN_007,0.54,25
139,LOT_ATPG10,W01,D0001,1.02,1.94,PASS,NA,PAT_SCAN_003,0.522,25
140,LOT_ATPG10,W01,D0001,1.02,2.0,PASS,NA,PAT_SCAN_009,0.465,25
141,LOT_ATPG10,W01,D0001,1.06,0.8,PASS,NA,PAT_SCAN_001,1.211,25
142,LOT_ATPG10,W01,D0001,1.06,0.86,PASS,NA,PAT_SCAN_010,1.182,25
143,LOT_ATPG10,W01,D0001,1.06,0.93,PASS,NA,PAT_SCAN_003,1.102,25
144,LOT_ATPG10,W01,D0001,1.06,0.99,PASS,NA,PAT_SCAN_002,0.992,25
145,LOT_ATPG10,W01,D0001,1.06,1.05,PASS,NA,PAT_SCAN_005,0.99,25
146,LOT_ATPG10,W01,D0001,1.06,1.12,PASS,NA,PAT_SCAN_008,0.91,25
147,LOT_ATPG10,W01,D0001,1.06,1.18,PASS,NA,PAT_SCAN_005,0.862,25
148,LOT_ATPG10,W01,D0001,1.06,1.24,PASS,NA,PAT_SCAN_001,0.805,25
149,LOT_ATPG10,W01,D0001,1.06,1.31,PASS,NA,PAT_SCAN_003,0.764,25
150,LOT_ATPG10,W01,D0001,1.06,1.37,PASS,NA,PAT_SCAN_004,0.789,25
151,LOT_ATPG10,W01,D0001,1.06,1.43,PASS,NA,PAT_SCAN_008,0.715,25
152,LOT_ATPG10,W01,D0001,1.06,1.49,PASS,NA,PAT_SCAN_009,0.67,25
153,LOT_ATPG10,W01,D0001,1.06,1.56,PASS,NA,PAT_SCAN_007,0.654,25
154,LOT_ATPG10,W01,D0001,1.06,1.62,PASS,NA,PAT_SCAN_006,0.625,25
155,LOT_ATPG10,W01,D0001,1.06,1.68,PASS,NA,PAT_SCAN_004,0.584,25
156,LOT_ATPG10,W01,D0001,1.06,1.75,PASS,NA,PAT_SCAN_004,0.571,25
157,LOT_ATPG10,W01,D0001,1.06,1.81,PASS,NA,PAT_SCAN_010,0.604,25
158,LOT_ATPG10,W01,D0001,1.06,1.87,PASS,NA,PAT_SCAN_002,0.549,25
159,LOT_ATPG10,W01,D0001,1.06,1.94,PASS,NA,PAT_SCAN_005,0.492,25
160,LOT_ATPG10,W01,D0001,1.06,2.0,PASS,NA,PAT_SCAN_005,0.468,25
161,LOT_ATPG10,W01,D0001,1.11,0.8,PASS,NA,PAT_SCAN_009,1.245,25
162,LOT_ATPG10,W01,D0001,1.11,0.86,PASS,NA,PAT_SCAN_008,1.177,25
163,LOT_ATPG10,W01,D0001,1.11,0.93,PASS,NA,PAT_SCAN_005,1.039,25
164,LOT_ATPG10,W01,D0001,1.11,0.99,PASS,NA,PAT_SCAN_005,1.007,25
165,LOT_ATPG10,W01,D0001,1.11,1.05,PASS,NA,PAT_SCAN_001,0.981,25
166,LOT_ATPG10,W01,D0001,1.11,1.12,PASS,NA,PAT_SCAN_007,0.884,25
167,LOT_ATPG10,W01,D0001,1.11,1.18,PASS,NA,PAT_SCAN_004,0.858,25
168,LOT_ATPG10,W01,D0001,1.11,1.24,PASS,NA,PAT_SCAN_008,0.822,25
169,LOT_ATPG10,W01,D0001,1.11,1.31,PASS,NA,PAT_SCAN_003,0.747,25
170,LOT_ATPG10,W01,D0001,1.11,1.37,PASS,NA,PAT_SCAN_008,0.754,25
171,LOT_ATPG10,W01,D0001,1.11,1.43,PASS,NA,PAT_SCAN_009,0.685,25
172,LOT_ATPG10,W01,D0001,1.11,1.49,PASS,NA,PAT_SCAN_005,0.674,25
173,LOT_ATPG10,W01,D0001,1.11,1.56,PASS,NA,PAT_SCAN_005,0.647,25
174,LOT_ATPG10,W01,D0001,1.11,1.62,PASS,NA,PAT_SCAN_010,0.677,25
175,LOT_ATPG10,W01,D0001,1.11,1.68,PASS,NA,PAT_SCAN_005,0.619,25
176,LOT_ATPG10,W01,D0001,1.11,1.75,PASS,NA,PAT_SCAN_010,0.607,25
177,LOT_ATPG10,W01,D0001,1.11,1.81,PASS,NA,PAT_SCAN_006,0.556,25
178,LOT_ATPG10,W01,D0001,1.11,1.87,PASS,NA,PAT_SCAN_010,0.551,25
179,LOT_ATPG10,W01,D0001,1.11,1.94,PASS,NA,PAT_SCAN_005,0.502,25
180,LOT_ATPG10,W01,D0001,1.11,2.0,PASS,NA,PAT_SCAN_005,0.512,25
181,LOT_ATPG10,W01,D0001,1.15,0.8,PASS,NA,PAT_SCAN_006,1.257,25
182,LOT_ATPG10,W01,D0001,1.15,0.86,PASS,NA,PAT_SCAN_007,1.174,25
183,LOT_ATPG10,W01,D0001,1.15,0.93,PASS,NA,PAT_SCAN_003,1.099,25
184,LOT_ATPG10,W01,D0001,1.15,0.99,PASS,NA,PAT_SCAN_004,1.024,25
185,LOT_ATPG10,W01,D0001,1.15,1.05,PASS,NA,PAT_SCAN_003,0.901,25
186,LOT_ATPG10,W01,D0001,1.15,1.12,PASS,NA,PAT_SCAN_007,0.904,25
187,LOT_ATPG10,W01,D0001,1.15,1.18,PASS,NA,PAT_SCAN_009,0.853,25
188,LOT_ATPG10,W01,D0001,1.15,1.24,PASS,NA,PAT_SCAN_007,0.789,25
189,LOT_ATPG10,W01,D0001,1.15,1.31,PASS,NA,PAT_SCAN_006,0.757,25
190,LOT_ATPG10,W01,D0001,1.15,1.37,PASS,NA,PAT_SCAN_010,0.711,25
191,LOT_ATPG10,W01,D0001,1.15,1.43,PASS,NA,PAT_SCAN_001,0.692,25
192,LOT_ATPG10,W01,D0001,1.15,1.49,PASS,NA,PAT_SCAN_007,0.644,25
193,LOT_ATPG10,W01,D0001,1.15,1.56,PASS,NA,PAT_SCAN_007,0.606,25
194,LOT_ATPG10,W01,D0001,1.15,1.62,PASS,NA,PAT_SCAN_001,0.61,25
195,LOT_ATPG10,W01,D0001,1.15,1.68,PASS,NA,PAT_SCAN_002,0.607,25
196,LOT_ATPG10,W01,D0001,1.15,1.75,PASS,NA,PAT_SCAN_006,0.566,25
197,LOT_ATPG10,W01,D0001,1.15,1.81,PASS,NA,PAT_SCAN_005,0.496,25
198,LOT_ATPG10,W01,D0001,1.15,1.87,PASS,NA,PAT_SCAN_003,0.518,25
199,LOT_ATPG10,W01,D0001,1.15,1.94,PASS,NA,PAT_SCAN_004,0.5,25
200,LOT_ATPG10,W01,D0001,1.15,2.0,PASS,NA,PAT_SCAN_003,0.453,25
201,LOT_ATPG10,W01,D0002,0.75,0.8,PASS,NA,PAT_SCAN_007,1.277,25
202,LOT_ATPG10,W01,D0002,0.75,0.86,PASS,NA,PAT_SCAN_010,1.131,25
203,LOT_ATPG10,W01,D0002,0.75,0.93,PASS,NA,PAT_SCAN_005,1.071,25
204,LOT_ATPG10,W01,D0002,0.75,0.99,PASS,NA,PAT_SCAN_007,1.021,25
205,LOT_ATPG10,W01,D0002,0.75,1.05,PASS,NA,PAT_SCAN_006,0.956,25
206,LOT_ATPG10,W01,D0002,0.75,1.12,PASS,NA,PAT_SCAN_002,0.891,25
207,LOT_ATPG10,W01,D0002,0.75,1.18,PASS,NA,PAT_SCAN_004,0.847,25
208,LOT_ATPG10,W01,D0002,0.75,1.24,PASS,NA,PAT_SCAN_008,0.81,25
209,LOT_ATPG10,W01,D0002,0.75,1.31,PASS,NA,PAT_SCAN_007,0.733,25
210,LOT_ATPG10,W01,D0002,0.75,1.37,PASS,NA,PAT_SCAN_002,0.718,25
211,LOT_ATPG10,W01,D0002,0.75,1.43,PASS,NA,PAT_SCAN_002,0.686,25
212,LOT_ATPG10,W01,D0002,0.75,1.49,FAIL,FREQ_MARGIN,PAT_SCAN_010,0.679,25
213,LOT_ATPG10,W01,D0002,0.75,1.56,FAIL,FREQ_MARGIN,PAT_SCAN_001,0.622,25
214,LOT_ATPG10,W01,D0002,0.75,1.62,FAIL,FREQ_MARGIN,PAT_SCAN_004,0.658,25
215,LOT_ATPG10,W01,D0002,0.75,1.68,FAIL,FREQ_MARGIN,PAT_SCAN_009,0.614,25
216,LOT_ATPG10,W01,D0002,0.75,1.75,FAIL,FREQ_MARGIN,PAT_SCAN_008,0.565,25
217,LOT_ATPG10,W01,D0002,0.75,1.81,FAIL,TIMING,PAT_SCAN_003,0.544,25
218,LOT_ATPG10,W01,D0002,0.75,1.87,FAIL,FREQ_MARGIN,PAT_SCAN_009,0.548,25
219,LOT_ATPG10,W01,D0002,0.75,1.94,FAIL,FREQ_MARGIN,PAT_SCAN_010,0.51,25
220,LOT_ATPG10,W01,D0002,0.75,2.0,FAIL,FREQ_MARGIN,PAT_SCAN_006,0.515,25
221,LOT_ATPG10,W01,D0002,0.79,0.8,PASS,NA,PAT_SCAN_002,1.258,25
222,LOT_ATPG10,W01,D0002,0.79,0.86,PASS,NA,PAT_SCAN_007,1.167,25
223,LOT_ATPG10,W01,D0002,0.79,0.93,PASS,NA,PAT_SCAN_006,1.09,25
224,LOT_ATPG10,W01,D0002,0.79,0.99,PASS,NA,PAT_SCAN_004,0.966,25
225,LOT_ATPG10,W01,D0002,0.79,1.05,PASS,NA,PAT_SCAN_003,0.967,25
226,LOT_ATPG10,W01,D0002,0.79,1.12,PASS,NA,PAT_SCAN_008,0.878,25
227,LOT_ATPG10,W01,D0002,0.79,1.18,PASS,NA,PAT_SCAN_006,0.835,25
228,LOT_ATPG10,W01,D0002,0.79,1.24,PASS,NA,PAT_SCAN_004,0.777,25
229,LOT_ATPG10,W01,D0002,0.79,1.31,PASS,NA,PAT_SCAN_008,0.721,25
230,LOT_ATPG10,W01,D0002,0.79,1.37,PASS,NA,PAT_SCAN_003,0.747,25
231,LOT_ATPG10,W01,D0002,0.79,1.43,PASS,NA,PAT_SCAN_006,0.701,25
232,LOT_ATPG10,W01,D0002,0.79,1.49,PASS,NA,PAT_SCAN_009,0.688,25
233,LOT_ATPG10,W01,D0002,0.79,1.56,PASS,NA,PAT_SCAN_002,0.652,25
234,LOT_ATPG10,W01,D0002,0.79,1.62,FAIL,FREQ_MARGIN,PAT_SCAN_001,0.619,25
235,LOT_ATPG10,W01,D0002,0.79,1.68,FAIL,TIMING,PAT_SCAN_007,0.604,25
236,LOT_ATPG10,W01,D0002,0.79,1.75,FAIL,TIMING,PAT_SCAN_003,0.619,25
237,LOT_ATPG10,W01,D0002,0.79,1.81,FAIL,FREQ_MARGIN,PAT_SCAN_002,0.538,25
238,LOT_ATPG10,W01,D0002,0.79,1.87,FAIL,TIMING,PAT_SCAN_007,0.558,25
239,LOT_ATPG10,W01,D0002,0.79,1.94,FAIL,TIMING,PAT_SCAN_007,0.546,25
240,LOT_ATPG10,W01,D0002,0.79,2.0,FAIL,TIMING,PAT_SCAN_007,0.489,25
241,LOT_ATPG10,W01,D0002,0.84,0.8,PASS,NA,PAT_SCAN_008,1.271,25
242,LOT_ATPG10,W01,D0002,0.84,0.86,PASS,NA,PAT_SCAN_007,1.156,25
243,LOT_ATPG10,W01,D0002,0.84,0.93,PASS,NA,PAT_SCAN_002,1.02,25
244,LOT_ATPG10,W01,D0002,0.84,0.99,PASS,NA,PAT_SCAN_004,1.007,25
245,LOT_ATPG10,W01,D0002,0.84,1.05,PASS,NA,PAT_SCAN_009,0.953,25
246,LOT_ATPG10,W01,D0002,0.84,1.12,PASS,NA,PAT_SCAN_001,0.91,25
247,LOT_ATPG10,W01,D0002,0.84,1.18,PASS,NA,PAT_SCAN_004,0.856,25
248,LOT_ATPG10,W01,D0002,0.84,1.24,PASS,NA,PAT_SCAN_008,0.817,25
249,LOT_ATPG10,W01,D0002,0.84,1.31,PASS,NA,PAT_SCAN_006,0.749,25
250,LOT_ATPG10,W01,D0002,0.84,1.37,PASS,NA,PAT_SCAN_005,0.751,25
251,LOT_ATPG10,W01,D0002,0.84,1.43,PASS,NA,PAT_SCAN_009,0.686,25
252,LOT_ATPG10,W01,D0002,0.84,1.49,PASS,NA,PAT_SCAN_009,0.649,25
253,LOT_ATPG10,W01,D0002,0.84,1.56,PASS,NA,PAT_SCAN_002,0.66,25
254,LOT_ATPG10,W01,D0002,0.84,1.62,PASS,NA,PAT_SCAN_002,0.603,25
255,LOT_ATPG10,W01,D0002,0.84,1.68,PASS,NA,PAT_SCAN_009,0.584,25
256,LOT_ATPG10,W01,D0002,0.84,1.75,PASS,NA,PAT_SCAN_001,0.575,25
257,LOT_ATPG10,W01,D0002,0.84,1.81,FAIL,FREQ_MARGIN,PAT_SCAN_008,0.559,25
258,LOT_ATPG10,W01,D0002,0.84,1.87,FAIL,FREQ_MARGIN,PAT_SCAN_004,0.525,25
259,LOT_ATPG10,W01,D0002,0.84,1.94,FAIL,FREQ_MARGIN,PAT_SCAN_009,0.539,25
260,LOT_ATPG10,W01,D0002,0.84,2.0,FAIL,FREQ_MARGIN,PAT_SCAN_001,0.489,25
261,LOT_ATPG10,W01,D0002,0.88,0.8,PASS,NA,PAT_SCAN_010,1.272,25
262,LOT_ATPG10,W01,D0002,0.88,0.86,PASS,NA,PAT_SCAN_004,1.166,25
263,LOT_ATPG10,W01,D0002,0.88,0.93,PASS,NA,PAT_SCAN_001,1.076,25
264,LOT_ATPG10,W01,D0002,0.88,0.99,PASS,NA,PAT_SCAN_010,0.984,25
265,LOT_ATPG10,W01,D0002,0.88,1.05,PASS,NA,PAT_SCAN_008,0.944,25
266,LOT_ATPG10,W01,D0002,0.88,1.12,PASS,NA,PAT_SCAN_001,0.901,25
267,LOT_ATPG10,W01,D0002,0.88,1.18,PASS,NA,PAT_SCAN_010,0.836,25
268,LOT_ATPG10,W01,D0002,0.88,1.24,PASS,NA,PAT_SCAN_001,0.818,25
269,LOT_ATPG10,W01,D0002,0.88,1.31,PASS,NA,PAT_SCAN_001,0.757,25
270,LOT_ATPG10,W01,D0002,0.88,1.37,PASS,NA,PAT_SCAN_010,0.747,25
271,LOT_ATPG10,W01,D0002,0.88,1.43,PASS,NA,PAT_SCAN_002,0.718,25
272,LOT_ATPG10,W01,D0002,0.88,1.49,PASS,NA,PAT_SCAN_009,0.657,25
273,LOT_ATPG10,W01,D0002,0.88,1.56,PASS,NA,PAT_SCAN_006,0.663,25
274,LOT_ATPG10,W01,D0002,0.88,1.62,PASS,NA,PAT_SCAN_005,0.618,25
275,LOT_ATPG10,W01,D0002,0.88,1.68,PASS,NA,PAT_SCAN_009,0.59,25
276,LOT_ATPG10,W01,D0002,0.88,1.75,PASS,NA,PAT_SCAN_008,0.588,25
277,LOT_ATPG10,W01,D0002,0.88,1.81,PASS,NA,PAT_SCAN_001,0.571,25
278,LOT_ATPG10,W01,D0002,0.88,1.87,PASS,NA,PAT_SCAN_008,0.542,25
279,LOT_ATPG10,W01,D0002,0.88,1.94,FAIL,FREQ_MARGIN,PAT_SCAN_004,0.49,25
280,LOT_ATPG10,W01,D0002,0.88,2.0,FAIL,TIMING,PAT_SCAN_007,0.512,25
281,LOT_ATPG10,W01,D0002,0.93,0.8,PASS,NA,PAT_SCAN_010,1.281,25
282,LOT_ATPG10,W01,D0002,0.93,0.86,PASS,NA,PAT_SCAN_008,1.178,25
283,LOT_ATPG10,W01,D0002,0.93,0.93,PASS,NA,PAT_SCAN_001,1.104,25
284,LOT_ATPG10,W01,D0002,0.93,0.99,PASS,NA,PAT_SCAN_002,1.012,25
285,LOT_ATPG10,W01,D0002,0.93,1.05,PASS,NA,PAT_SCAN_003,0.904,25
286,LOT_ATPG10,W01,D0002,0.93,1.12,PASS,NA,PAT_SCAN_005,0.867,25
287,LOT_ATPG10,W01,D0002,0.93,1.18,PASS,NA,PAT_SCAN_008,0.881,25
288,LOT_ATPG10,W01,D0002,0.93,1.24,PASS,NA,PAT_SCAN_005,0.828,25
289,LOT_ATPG10,W01,D0002,0.93,1.31,PASS,NA,PAT_SCAN_008,0.759,25
290,LOT_ATPG10,W01,D0002,0.93,1.37,PASS,NA,PAT_SCAN_010,0.773,25
291,LOT_ATPG10,W01,D0002,0.93,1.43,PASS,NA,PAT_SCAN_007,0.702,25
292,LOT_ATPG10,W01,D0002,0.93,1.49,PASS,NA,PAT_SCAN_001,0.652,25
293,LOT_ATPG10,W01,D0002,0.93,1.56,PASS,NA,PAT_SCAN_002,0.611,25
294,LOT_ATPG10,W01,D0002,0.93,1.62,PASS,NA,PAT_SCAN_001,0.613,25
295,LOT_ATPG10,W01,D0002,0.93,1.68,PASS,NA,PAT_SCAN_007,0.593,25
296,LOT_ATPG10,W01,D0002,0.93,1.75,PASS,NA,PAT_SCAN_003,0.544,25
297,LOT_ATPG10,W01,D0002,0.93,1.81,PASS,NA,PAT_SCAN_005,0.532,25
298,LOT_ATPG10,W01,D0002,0.93,1.87,PASS,NA,PAT_SCAN_006,0.531,25
299,LOT_ATPG10,W01,D0002,0.93,1.94,PASS,NA,PAT_SCAN_008,0.554,25
300,LOT_ATPG10,W01,D0002,0.93,2.0,PASS,NA,PAT_SCAN_003,0.54,25
301,LOT_ATPG10,W01,D0002,0.97,0.8,PASS,NA,PAT_SCAN_003,1.231,25
302,LOT_ATPG10,W01,D0002,0.97,0.86,PASS,NA,PAT_SCAN_002,1.172,25
303,LOT_ATPG10,W01,D0002,0.97,0.93,PASS,NA,PAT_SCAN_001,1.112,25
304,LOT_ATPG10,W01,D0002,0.97,0.99,PASS,NA,PAT_SCAN_008,1.02,25
305,LOT_ATPG10,W01,D0002,0.97,1.05,PASS,NA,PAT_SCAN_006,0.984,25
306,LOT_ATPG10,W01,D0002,0.97,1.12,PASS,NA,PAT_SCAN_007,0.853,25
307,LOT_ATPG10,W01,D0002,0.97,1.18,PASS,NA,PAT_SCAN_006,0.827,25
308,LOT_ATPG10,W01,D0002,0.97,1.24,PASS,NA,PAT_SCAN_010,0.798,25
309,LOT_ATPG10,W01,D0002,0.97,1.31,PASS,NA,PAT_SCAN_007,0.766,25
310,LOT_ATPG10,W01,D0002,0.97,1.37,PASS,NA,PAT_SCAN_001,0.741,25
311,LOT_ATPG10,W01,D0002,0.97,1.43,PASS,NA,PAT_SCAN_007,0.695,25
312,LOT_ATPG10,W01,D0002,0.97,1.49,PASS,NA,PAT_SCAN_001,0.704,25
313,LOT_ATPG10,W01,D0002,0.97,1.56,PASS,NA,PAT_SCAN_006,0.659,25
314,LOT_ATPG10,W01,D0002,0.97,1.62,PASS,NA,PAT_SCAN_005,0.624,25
315,LOT_ATPG10,W01,D0002,0.97,1.68,PASS,NA,PAT_SCAN_008,0.564,25
316,LOT_ATPG10,W01,D0002,0.97,1.75,PASS,NA,PAT_SCAN_006,0.557,25
317,LOT_ATPG10,W01,D0002,0.97,1.81,PASS,NA,PAT_SCAN_005,0.551,25
318,LOT_ATPG10,W01,D0002,0.97,1.87,PASS,NA,PAT_SCAN_005,0.579,25
319,LOT_ATPG10,W01,D0002,0.97,1.94,PASS,NA,PAT_SCAN_010,0.523,25
320,LOT_ATPG10,W01,D0002,0.97,2.0,PASS,NA,PAT_SCAN_007,0.513,25
321,LOT_ATPG10,W01,D0002,1.02,0.8,PASS,NA,PAT_SCAN_001,1.23,25
322,LOT_ATPG10,W01,D0002,1.02,0.86,PASS,NA,PAT_SCAN_002,1.205,25
323,LOT_ATPG10,W01,D0002,1.02,0.93,PASS,NA,PAT_SCAN_006,1.089,25
324,LOT_ATPG10,W01,D0002,1.02,0.99,PASS,NA,PAT_SCAN_009,1.019,25
325,LOT_ATPG10,W01,D0002,1.02,1.05,PASS,NA,PAT_SCAN_010,0.947,25
326,LOT_ATPG10,W01,D0002,1.02,1.12,PASS,NA,PAT_SCAN_010,0.885,25
327,LOT_ATPG10,W01,D0002,1.02,1.18,PASS,NA,PAT_SCAN_008,0.825,25
328,LOT_ATPG10,W01,D0002,1.02,1.24,PASS,NA,PAT_SCAN_005,0.777,25
329,LOT_ATPG10,W01,D0002,1.02,1.31,PASS,NA,PAT_SCAN_001,0.745,25
330,LOT_ATPG10,W01,D0002,1.02,1.37,PASS,NA,PAT_SCAN_004,0.742,25
331,LOT_ATPG10,W01,D0002,1.02,1.43,PASS,NA,PAT_SCAN_007,0.724,25
332,LOT_ATPG10,W01,D0002,1.02,1.49,PASS,NA,PAT_SCAN_001,0.665,25
333,LOT_ATPG10,W01,D0002,1.02,1.56,PASS,NA,PAT_SCAN_001,0.64,25
334,LOT_ATPG10,W01,D0002,1.02,1.62,PASS,NA,PAT_SCAN_006,0.615,25
335,LOT_ATPG10,W01,D0002,1.02,1.68,PASS,NA,PAT_SCAN_005,0.618,25
336,LOT_ATPG10,W01,D0002,1.02,1.75,PASS,NA,PAT_SCAN_003,0.558,25
337,LOT_ATPG10,W01,D0002,1.02,1.81,PASS,NA,PAT_SCAN_002,0.538,25
338,LOT_ATPG10,W01,D0002,1.02,1.87,PASS,NA,PAT_SCAN_009,0.539,25
339,LOT_ATPG10,W01,D0002,1.02,1.94,PASS,NA,PAT_SCAN_002,0.536,25
340,LOT_ATPG10,W01,D0002,1.02,2.0,PASS,NA,PAT_SCAN_004,0.481,25
341,LOT_ATPG10,W01,D0002,1.06,0.8,PASS,NA,PAT_SCAN_004,1.242,25
342,LOT_ATPG10,W01,D0002,1.06,0.86,PASS,NA,PAT_SCAN_007,1.169,25
343,LOT_ATPG10,W01,D0002,1.06,0.93,PASS,NA,PAT_SCAN_002,1.105,25
344,LOT_ATPG10,W01,D0002,1.06,0.99,PASS,NA,PAT_SCAN_008,1.033,25
345,LOT_ATPG10,W01,D0002,1.06,1.05,PASS,NA,PAT_SCAN_001,0.944,25
346,LOT_ATPG10,W01,D0002,1.06,1.12,PASS,NA,PAT_SCAN_001,0.929,25
347,LOT_ATPG10,W01,D0002,1.06,1.18,PASS,NA,PAT_SCAN_008,0.874,25
348,LOT_ATPG10,W01,D0002,1.06,1.24,PASS,NA,PAT_SCAN_003,0.811,25
349,LOT_ATPG10,W01,D0002,1.06,1.31,PASS,NA,PAT_SCAN_007,0.769,25
350,LOT_ATPG10,W01,D0002,1.06,1.37,PASS,NA,PAT_SCAN_009,0.715,25
351,LOT_ATPG10,W01,D0002,1.06,1.43,PASS,NA,PAT_SCAN_007,0.693,25
352,LOT_ATPG10,W01,D0002,1.06,1.49,PASS,NA,PAT_SCAN_010,0.668,25
353,LOT_ATPG10,W01,D0002,1.06,1.56,PASS,NA,PAT_SCAN_001,0.673,25
354,LOT_ATPG10,W01,D0002,1.06,1.62,PASS,NA,PAT_SCAN_006,0.622,25
355,LOT_ATPG10,W01,D0002,1.06,1.68,PASS,NA,PAT_SCAN_006,0.602,25
356,LOT_ATPG10,W01,D0002,1.06,1.75,PASS,NA,PAT_SCAN_002,0.581,25
357,LOT_ATPG10,W01,D0002,1.06,1.81,PASS,NA,PAT_SCAN_009,0.513,25
358,LOT_ATPG10,W01,D0002,1.06,1.87,PASS,NA,PAT_SCAN_005,0.521,25
359,LOT_ATPG10,W01,D0002,1.06,1.94,PASS,NA,PAT_SCAN_010,0.537,25
360,LOT_ATPG10,W01,D0002,1.06,2.0,PASS,NA,PAT_SCAN_005,0.508,25
361,LOT_ATPG10,W01,D0002,1.11,0.8,PASS,NA,PAT_SCAN_005,1.254,25
362,LOT_ATPG10,W01,D0002,1.11,0.86,PASS,NA,PAT_SCAN_001,1.121,25
363,LOT_ATPG10,W01,D0002,1.11,0.93,PASS,NA,PAT_SCAN_007,1.049,25
364,LOT_ATPG10,W01,D0002,1.11,0.99,PASS,NA,PAT_SCAN_009,1.033,25
365,LOT_ATPG10,W01,D0002,1.11,1.05,PASS,NA,PAT_SCAN_001,0.974,25
366,LOT_ATPG10,W01,D0002,1.11,1.12,PASS,NA,PAT_SCAN_008,0.9,25
367,LOT_ATPG10,W01,D0002,1.11,1.18,PASS,NA,PAT_SCAN_007,0.87,25
368,LOT_ATPG10,W01,D0002,1.11,1.24,PASS,NA,PAT_SCAN_005,0.834,25
369,LOT_ATPG10,W01,D0002,1.11,1.31,PASS,NA,PAT_SCAN_008,0.793,25
370,LOT_ATPG10,W01,D0002,1.11,1.37,PASS,NA,PAT_SCAN_004,0.732,25
371,LOT_ATPG10,W01,D0002,1.11,1.43,PASS,NA,PAT_SCAN_004,0.69,25
372,LOT_ATPG10,W01,D0002,1.11,1.49,PASS,NA,PAT_SCAN_002,0.672,25
373,LOT_ATPG10,W01,D0002,1.11,1.56,PASS,NA,PAT_SCAN_006,0.634,25
374,LOT_ATPG10,W01,D0002,1.11,1.62,PASS,NA,PAT_SCAN_004,0.624,25
375,LOT_ATPG10,W01,D0002,1.11,1.68,PASS,NA,PAT_SCAN_002,0.575,25
376,LOT_ATPG10,W01,D0002,1.11,1.75,PASS,NA,PAT_SCAN_007,0.572,25
377,LOT_ATPG10,W01,D0002,1.11,1.81,PASS,NA,PAT_SCAN_003,0.565,25
378,LOT_ATPG10,W01,D0002,1.11,1.87,PASS,NA,PAT_SCAN_002,0.514,25
379,LOT_ATPG10,W01,D0002,1.11,1.94,PASS,NA,PAT_SCAN_006,0.518,25
380,LOT_ATPG10,W01,D0002,1.11,2.0,PASS,NA,PAT_SCAN_006,0.481,25
381,LOT_ATPG10,W01,D0002,1.15,0.8,PASS,NA,PAT_SCAN_005,1.231,25
382,LOT_ATPG10,W01,D0002,1.15,0.86,PASS,NA,PAT_SCAN_004,1.132,25
383,LOT_ATPG10,W01,D0002,1.15,0.93,PASS,NA,PAT_SCAN_005,1.077,25
384,LOT_ATPG10,W01,D0002,1.15,0.99,PASS,NA,PAT_SCAN_008,1.026,25
385,LOT_ATPG10,W01,D0002,1.15,1.05,PASS,NA,PAT_SCAN_009,0.983,25
386,LOT_ATPG10,W01,D0002,1.15,1.12,PASS,NA,PAT_SCAN_007,0.874,25
387,LOT_ATPG10,W01,D0002,1.15,1.18,PASS,NA,PAT_SCAN_001,0.843,25
388,LOT_ATPG10,W01,D0002,1.15,1.24,PASS,NA,PAT_SCAN_006,0.822,25
389,LOT_ATPG10,W01,D0002,1.15,1.31,PASS,NA,PAT_SCAN_009,0.801,25
390,LOT_ATPG10,W01,D0002,1.15,1.37,PASS,NA,PAT_SCAN_001,0.696,25
391,LOT_ATPG10,W01,D0002,1.15,1.43,PASS,NA,PAT_SCAN_004,0.691,25
392,LOT_ATPG10,W01,D0002,1.15,1.49,PASS,NA,PAT_SCAN_006,0.693,25
393,LOT_ATPG10,W01,D0002,1.15,1.56,PASS,NA,PAT_SCAN_001,0.616,25
394,LOT_ATPG10,W01,D0002,1.15,1.62,PASS,NA,PAT_SCAN_008,0.645,25
395,LOT_ATPG10,W01,D0002,1.15,1.68,PASS,NA,PAT_SCAN_009,0.611,25
396,LOT_ATPG10,W01,D0002,1.15,1.75,PASS,NA,PAT_SCAN_008,0.584,25
397,LOT_ATPG10,W01,D0002,1.15,1.81,PASS,NA,PAT_SCAN_006,0.523,25
398,LOT_ATPG10,W01,D0002,1.15,1.87,PASS,NA,PAT_SCAN_004,0.518,25
399,LOT_ATPG10,W01,D0002,1.15,1.94,PASS,NA,PAT_SCAN_006,0.502,25
400,LOT_ATPG10,W01,D0002,1.15,2.0,PASS,NA,PAT_SCAN_009,0.488,25
401,LOT_ATPG10,W01,D0003,0.75,0.8,PASS,NA,PAT_SCAN_010,1.283,25
402,LOT_ATPG10,W01,D0003,0.75,0.86,PASS,NA,PAT_SCAN_010,1.162,25
403,LOT_ATPG10,W01,D0003,0.75,0.93,PASS,NA,PAT_SCAN_009,1.108,25
404,LOT_ATPG10,W01,D0003,0.75,0.99,PASS,NA,PAT_SCAN_002,1.044,25
405,LOT_ATPG10,W01,D0003,0.75,1.05,PASS,NA,PAT_SCAN_007,0.929,25
406,LOT_ATPG10,W01,D0003,0.75,1.12,PASS,NA,PAT_SCAN_009,0.908,25
407,LOT_ATPG10,W01,D0003,0.75,1.18,PASS,NA,PAT_SCAN_001,0.846,25
408,LOT_ATPG10,W01,D0003,0.75,1.24,PASS,NA,PAT_SCAN_001,0.82,25
409,LOT_ATPG10,W01,D0003,0.75,1.31,PASS,NA,PAT_SCAN_001,0.773,25
410,LOT_ATPG10,W01,D0003,0.75,1.37,FAIL,FREQ_MARGIN,PAT_SCAN_009,0.723,25
411,LOT_ATPG10,W01,D0003,0.75,1.43,FAIL,FREQ_MARGIN,PAT_SCAN_010,0.722,25
412,LOT_ATPG10,W01,D0003,0.75,1.49,FAIL,TIMING,PAT_SCAN_007,0.674,25
413,LOT_ATPG10,W01,D0003,0.75,1.56,FAIL,FREQ_MARGIN,PAT_SCAN_002,0.659,25
414,LOT_ATPG10,W01,D0003,0.75,1.62,FAIL,FREQ_MARGIN,PAT_SCAN_005,0.624,25
415,LOT_ATPG10,W01,D0003,0.75,1.68,FAIL,TIMING,PAT_SCAN_003,0.619,25
416,LOT_ATPG10,W01,D0003,0.75,1.75,FAIL,FREQ_MARGIN,PAT_SCAN_005,0.598,25
417,LOT_ATPG10,W01,D0003,0.75,1.81,FAIL,FREQ_MARGIN,PAT_SCAN_001,0.568,25
418,LOT_ATPG10,W01,D0003,0.75,1.87,FAIL,FREQ_MARGIN,PAT_SCAN_009,0.541,25
419,LOT_ATPG10,W01,D0003,0.75,1.94,FAIL,FREQ_MARGIN,PAT_SCAN_005,0.532,25
420,LOT_ATPG10,W01,D0003,0.75,2.0,FAIL,FREQ_MARGIN,PAT_SCAN_002,0.504,25
421,LOT_ATPG10,W01,D0003,0.79,0.8,PASS,NA,PAT_SCAN_003,1.242,25
422,LOT_ATPG10,W01,D0003,0.79,0.86,PASS,NA,PAT_SCAN_009,1.14,25
423,LOT_ATPG10,W01,D0003,0.79,0.93,PASS,NA,PAT_SCAN_009,1.044,25
424,LOT_ATPG10,W01,D0003,0.79,0.99,PASS,NA,PAT_SCAN_010,1.042,25
425,LOT_ATPG10,W01,D0003,0.79,1.05,PASS,NA,PAT_SCAN_010,0.973,25
426,LOT_ATPG10,W01,D0003,0.79,1.12,PASS,NA,PAT_SCAN_008,0.888,25
427,LOT_ATPG10,W01,D0003,0.79,1.18,PASS,NA,PAT_SCAN_009,0.808,25
428,LOT_ATPG10,W01,D0003,0.79,1.24,PASS,NA,PAT_SCAN_003,0.822,25
429,LOT_ATPG10,W01,D0003,0.79,1.31,PASS,NA,PAT_SCAN_006,0.779,25
430,LOT_ATPG10,W01,D0003,0.79,1.37,PASS,NA,PAT_SCAN_006,0.733,25
431,LOT_ATPG10,W01,D0003,0.79,1.43,PASS,NA,PAT_SCAN_004,0.685,25
432,LOT_ATPG10,W01,D0003,0.79,1.49,PASS,NA,PAT_SCAN_005,0.654,25
433,LOT_ATPG10,W01,D0003,0.79,1.56,FAIL,TIMING,PAT_SCAN_007,0.661,25
434,LOT_ATPG10,W01,D0003,0.79,1.62,FAIL,FREQ_MARGIN,PAT_SCAN_005,0.649,25
435,LOT_ATPG10,W01,D0003,0.79,1.68,FAIL,FREQ_MARGIN,PAT_SCAN_010,0.595,25
436,LOT_ATPG10,W01,D0003,0.79,1.75,FAIL,TIMING,PAT_SCAN_007,0.547,25
437,LOT_ATPG10,W01,D0003,0.79,1.81,FAIL,FREQ_MARGIN,PAT_SCAN_006,0.545,25
438,LOT_ATPG10,W01,D0003,0.79,1.87,FAIL,FREQ_MARGIN,PAT_SCAN_006,0.572,25
439,LOT_ATPG10,W01,D0003,0.79,1.94,FAIL,TIMING,PAT_SCAN_003,0.521,25
440,LOT_ATPG10,W01,D0003,0.79,2.0,FAIL,FREQ_MARGIN,PAT_SCAN_005,0.509,25
441,LOT_ATPG10,W01,D0003,0.84,0.8,PASS,NA,PAT_SCAN_008,1.242,25
442,LOT_ATPG10,W01,D0003,0.84,0.86,PASS,NA,PAT_SCAN_009,1.162,25
443,LOT_ATPG10,W01,D0003,0.84,0.93,PASS,NA,PAT_SCAN_001,1.052,25
444,LOT_ATPG10,W01,D0003,0.84,0.99,PASS,NA,PAT_SCAN_009,1.002,25
445,LOT_ATPG10,W01,D0003,0.84,1.05,PASS,NA,PAT_SCAN_008,0.939,25
446,LOT_ATPG10,W01,D0003,0.84,1.12,PASS,NA,PAT_SCAN_007,0.873,25
447,LOT_ATPG10,W01,D0003,0.84,1.18,PASS,NA,PAT_SCAN_006,0.842,25
448,LOT_ATPG10,W01,D0003,0.84,1.24,PASS,NA,PAT_SCAN_005,0.806,25
449,LOT_ATPG10,W01,D0003,0.84,1.31,PASS,NA,PAT_SCAN_001,0.776,25
450,LOT_ATPG10,W01,D0003,0.84,1.37,PASS,NA,PAT_SCAN_002,0.734,25
451,LOT_ATPG10,W01,D0003,0.84,1.43,PASS,NA,PAT_SCAN_004,0.717,25
452,LOT_ATPG10,W01,D0003,0.84,1.49,PASS,NA,PAT_SCAN_009,0.689,25
453,LOT_ATPG10,W01,D0003,0.84,1.56,PASS,NA,PAT_SCAN_010,0.677,25
454,LOT_ATPG10,W01,D0003,0.84,1.62,PASS,NA,PAT_SCAN_008,0.61,25
455,LOT_ATPG10,W01,D0003,0.84,1.68,PASS,NA,PAT_SCAN_005,0.558,25
456,LOT_ATPG10,W01,D0003,0.84,1.75,FAIL,FREQ_MARGIN,PAT_SCAN_005,0.593,25
457,LOT_ATPG10,W01,D0003,0.84,1.81,FAIL,FREQ_MARGIN,PAT_SCAN_006,0.564,25
458,LOT_ATPG10,W01,D0003,0.84,1.87,FAIL,FREQ_MARGIN,PAT_SCAN_001,0.521,25
459,LOT_ATPG10,W01,D0003,0.84,1.94,FAIL,FREQ_MARGIN,PAT_SCAN_010,0.489,25
460,LOT_ATPG10,W01,D0003,0.84,2.0,FAIL,FREQ_MARGIN,PAT_SCAN_008,0.486,25
461,LOT_ATPG10,W01,D0003,0.88,0.8,PASS,NA,PAT_SCAN_001,1.275,25
462,LOT_ATPG10,W01,D0003,0.88,0.86,PASS,NA,PAT_SCAN_010,1.135,25
463,LOT_ATPG10,W01,D0003,0.88,0.93,PASS,NA,PAT_SCAN_010,1.066,25
464,LOT_ATPG10,W01,D0003,0.88,0.99,PASS,NA,PAT_SCAN_009,1.039,25
465,LOT_ATPG10,W01,D0003,0.88,1.05,PASS,NA,PAT_SCAN_004,0.896,25
466,LOT_ATPG10,W01,D0003,0.88,1.12,PASS,NA,PAT_SCAN_006,0.872,25
467,LOT_ATPG10,W01,D0003,0.88,1.18,PASS,NA,PAT_SCAN_006,0.891,25
468,LOT_ATPG10,W01,D0003,0.88,1.24,PASS,NA,PAT_SCAN_001,0.807,25
469,LOT_ATPG10,W01,D0003,0.88,1.31,PASS,NA,PAT_SCAN_004,0.731,25
470,LOT_ATPG10,W01,D0003,0.88,1.37,PASS,NA,PAT_SCAN_008,0.732,25
471,LOT_ATPG10,W01,D0003,0.88,1.43,PASS,NA,PAT_SCAN_010,0.751,25
472,LOT_ATPG10,W01,D0003,0.88,1.49,PASS,NA,PAT_SCAN_002,0.68,25
473,LOT_ATPG10,W01,D0003,0.88,1.56,PASS,NA,PAT_SCAN_006,0.661,25
474,LOT_ATPG10,W01,D0003,0.88,1.62,PASS,NA,PAT_SCAN_008,0.589,25
475,LOT_ATPG10,W01,D0003,0.88,1.68,PASS,NA,PAT_SCAN_002,0.582,25
476,LOT_ATPG10,W01,D0003,0.88,1.75,PASS,NA,PAT_SCAN_007,0.553,25
477,LOT_ATPG10,W01,D0003,0.88,1.81,PASS,NA,PAT_SCAN_001,0.524,25
478,LOT_ATPG10,W01,D0003,0.88,1.87,FAIL,FREQ_MARGIN,PAT_SCAN_010,0.518,25
479,LOT_ATPG10,W01,D0003,0.88,1.94,FAIL,FREQ_MARGIN,PAT_SCAN_001,0.534,25
480,LOT_ATPG10,W01,D0003,0.88,2.0,FAIL,FREQ_MARGIN,PAT_SCAN_008,0.489,25
481,LOT_ATPG10,W01,D0003,0.93,0.8,PASS,NA,PAT_SCAN_002,1.236,25
482,LOT_ATPG10,W01,D0003,0.93,0.86,PASS,NA,PAT_SCAN_004,1.16,25
483,LOT_ATPG10,W01,D0003,0.93,0.93,PASS,NA,PAT_SCAN_007,1.075,25
484,LOT_ATPG10,W01,D0003,0.93,0.99,PASS,NA,PAT_SCAN_006,1.055,25
485,LOT_ATPG10,W01,D0003,0.93,1.05,PASS,NA,PAT_SCAN_007,0.95,25
486,LOT_ATPG10,W01,D0003,0.93,1.12,PASS,NA,PAT_SCAN_004,0.853,25
487,LOT_ATPG10,W01,D0003,0.93,1.18,PASS,NA,PAT_SCAN_002,0.854,25
488,LOT_ATPG10,W01,D0003,0.93,1.24,PASS,NA,PAT_SCAN_007,0.812,25
489,LOT_ATPG10,W01,D0003,0.93,1.31,PASS,NA,PAT_SCAN_010,0.767,25
490,LOT_ATPG10,W01,D0003,0.93,1.37,PASS,NA,PAT_SCAN_004,0.738,25
491,LOT_ATPG10,W01,D0003,0.93,1.43,PASS,NA,PAT_SCAN_007,0.717,25
492,LOT_ATPG10,W01,D0003,0.93,1.49,PASS,NA,PAT_SCAN_002,0.676,25
493,LOT_ATPG10,W01,D0003,0.93,1.56,PASS,NA,PAT_SCAN_004,0.587,25
494,LOT_ATPG10,W01,D0003,0.93,1.62,PASS,NA,PAT_SCAN_008,0.566,25
495,LOT_ATPG10,W01,D0003,0.93,1.68,PASS,NA,PAT_SCAN_002,0.593,25
496,LOT_ATPG10,W01,D0003,0.93,1.75,PASS,NA,PAT_SCAN_006,0.557,25
497,LOT_ATPG10,W01,D0003,0.93,1.81,PASS,NA,PAT_SCAN_002,0.528,25
498,LOT_ATPG10,W01,D0003,0.93,1.87,PASS,NA,PAT_SCAN_005,0.525,25
499,LOT_ATPG10,W01,D0003,0.93,1.94,PASS,NA,PAT_SCAN_010,0.552,25
500,LOT_ATPG10,W01,D0003,0.93,2.0,PASS,NA,PAT_SCAN_007,0.516,25
501,LOT_ATPG10,W01,D0003,0.97,0.8,PASS,NA,PAT_SCAN_008,1.239,25
502,LOT_ATPG10,W01,D0003,0.97,0.86,PASS,NA,PAT_SCAN_004,1.154,25
503,LOT_ATPG10,W01,D0003,0.97,0.93,PASS,NA,PAT_SCAN_002,1.052,25
504,LOT_ATPG10,W01,D0003,0.97,0.99,PASS,NA,PAT_SCAN_001,1.032,25
505,LOT_ATPG10,W01,D0003,0.97,1.05,PASS,NA,PAT_SCAN_007,0.962,25
506,LOT_ATPG10,W01,D0003,0.97,1.12,PASS,NA,PAT_SCAN_001,0.877,25
507,LOT_ATPG10,W01,D0003,0.97,1.18,PASS,NA,PAT_SCAN_003,0.838,25
508,LOT_ATPG10,W01,D0003,0.97,1.24,PASS,NA,PAT_SCAN_005,0.828,25
509,LOT_ATPG10,W01,D0003,0.97,1.31,PASS,NA,PAT_SCAN_003,0.76,25
510,LOT_ATPG10,W01,D0003,0.97,1.37,PASS,NA,PAT_SCAN_006,0.682,25
511,LOT_ATPG10,W01,D0003,0.97,1.43,PASS,NA,PAT_SCAN_003,0.728,25
512,LOT_ATPG10,W01,D0003,0.97,1.49,PASS,NA,PAT_SCAN_007,0.689,25
513,LOT_ATPG10,W01,D0003,0.97,1.56,PASS,NA,PAT_SCAN_010,0.621,25
514,LOT_ATPG10,W01,D0003,0.97,1.62,PASS,NA,PAT_SCAN_002,0.611,25
515,LOT_ATPG10,W01,D0003,0.97,1.68,PASS,NA,PAT_SCAN_005,0.633,25
516,LOT_ATPG10,W01,D0003,0.97,1.75,PASS,NA,PAT_SCAN_010,0.558,25
517,LOT_ATPG10,W01,D0003,0.97,1.81,PASS,NA,PAT_SCAN_007,0.557,25
518,LOT_ATPG10,W01,D0003,0.97,1.87,PASS,NA,PAT_SCAN_003,0.557,25
519,LOT_ATPG10,W01,D0003,0.97,1.94,PASS,NA,PAT_SCAN_005,0.52,25
520,LOT_ATPG10,W01,D0003,0.97,2.0,PASS,NA,PAT_SCAN_010,0.505,25
521,LOT_ATPG10,W01,D0003,1.02,0.8,PASS,NA,PAT_SCAN_009,1.261,25
522,LOT_ATPG10,W01,D0003,1.02,0.86,PASS,NA,PAT_SCAN_001,1.143,25
523,LOT_ATPG10,W01,D0003,1.02,0.93,PASS,NA,PAT_SCAN_004,1.075,25
524,LOT_ATPG10,W01,D0003,1.02,0.99,PASS,NA,PAT_SCAN_001,1.023,25
525,LOT_ATPG10,W01,D0003,1.02,1.05,PASS,NA,PAT_SCAN_010,0.964,25
526,LOT_ATPG10,W01,D0003,1.02,1.12,PASS,NA,PAT_SCAN_008,0.879,25
527,LOT_ATPG10,W01,D0003,1.02,1.18,PASS,NA,PAT_SCAN_010,0.852,25
528,LOT_ATPG10,W01,D0003,1.02,1.24,PASS,NA,PAT_SCAN_001,0.82,25
529,LOT_ATPG10,W01,D0003,1.02,1.31,PASS,NA,PAT_SCAN_009,0.757,25
530,LOT_ATPG10,W01,D0003,1.02,1.37,PASS,NA,PAT_SCAN_007,0.753,25
531,LOT_ATPG10,W01,D0003,1.02,1.43,PASS,NA,PAT_SCAN_005,0.665,25
532,LOT_ATPG10,W01,D0003,1.02,1.49,PASS,NA,PAT_SCAN_009,0.684,25
533,LOT_ATPG10,W01,D0003,1.02,1.56,PASS,NA,PAT_SCAN_006,0.648,25
534,LOT_ATPG10,W01,D0003,1.02,1.62,PASS,NA,PAT_SCAN_005,0.629,25
535,LOT_ATPG10,W01,D0003,1.02,1.68,PASS,NA,PAT_SCAN_007,0.574,25
536,LOT_ATPG10,W01,D0003,1.02,1.75,PASS,NA,PAT_SCAN_005,0.591,25
537,LOT_ATPG10,W01,D0003,1.02,1.81,PASS,NA,PAT_SCAN_010,0.561,25
538,LOT_ATPG10,W01,D0003,1.02,1.87,PASS,NA,PAT_SCAN_004,0.547,25
539,LOT_ATPG10,W01,D0003,1.02,1.94,PASS,NA,PAT_SCAN_005,0.554,25
540,LOT_ATPG10,W01,D0003,1.02,2.0,PASS,NA,PAT_SCAN_005,0.501,25
541,LOT_ATPG10,W01,D0003,1.06,0.8,PASS,NA,PAT_SCAN_003,1.239,25
542,LOT_ATPG10,W01,D0003,1.06,0.86,PASS,NA,PAT_SCAN_007,1.144,25
543,LOT_ATPG10,W01,D0003,1.06,0.93,PASS,NA,PAT_SCAN_005,1.049,25
544,LOT_ATPG10,W01,D0003,1.06,0.99,PASS,NA,PAT_SCAN_007,1.027,25
545,LOT_ATPG10,W01,D0003,1.06,1.05,PASS,NA,PAT_SCAN_010,0.955,25
546,LOT_ATPG10,W01,D0003,1.06,1.12,PASS,NA,PAT_SCAN_010,0.92,25
547,LOT_ATPG10,W01,D0003,1.06,1.18,PASS,NA,PAT_SCAN_009,0.863,25
548,LOT_ATPG10,W01,D0003,1.06,1.24,PASS,NA,PAT_SCAN_002,0.814,25
549,LOT_ATPG10,W01,D0003,1.06,1.31,PASS,NA,PAT_SCAN_006,0.774,25
550,LOT_ATPG10,W01,D0003,1.06,1.37,PASS,NA,PAT_SCAN_008,0.735,25
551,LOT_ATPG10,W01,D0003,1.06,1.43,PASS,NA,PAT_SCAN_003,0.703,25
552,LOT_ATPG10,W01,D0003,1.06,1.49,PASS,NA,PAT_SCAN_009,0.686,25
553,LOT_ATPG10,W01,D0003,1.06,1.56,PASS,NA,PAT_SCAN_009,0.636,25
554,LOT_ATPG10,W01,D0003,1.06,1.62,PASS,NA,PAT_SCAN_006,0.622,25
555,LOT_ATPG10,W01,D0003,1.06,1.68,PASS,NA,PAT_SCAN_006,0.616,25
556,LOT_ATPG10,W01,D0003,1.06,1.75,PASS,NA,PAT_SCAN_008,0.567,25
557,LOT_ATPG10,W01,D0003,1.06,1.81,PASS,NA,PAT_SCAN_002,0.54,25
558,LOT_ATPG10,W01,D0003,1.06,1.87,PASS,NA,PAT_SCAN_007,0.52,25
559,LOT_ATPG10,W01,D0003,1.06,1.94,PASS,NA,PAT_SCAN_001,0.519,25
560,LOT_ATPG10,W01,D0003,1.06,2.0,PASS,NA,PAT_SCAN_004,0.504,25
561,LOT_ATPG10,W01,D0003,1.11,0.8,PASS,NA,PAT_SCAN_006,1.286,25
562,LOT_ATPG10,W01,D0003,1.11,0.86,PASS,NA,PAT_SCAN_008,1.162,25
563,LOT_ATPG10,W01,D0003,1.11,0.93,PASS,NA,PAT_SCAN_009,1.062,25
564,LOT_ATPG10,W01,D0003,1.11,0.99,PASS,NA,PAT_SCAN_006,1.003,25
565,LOT_ATPG10,W01,D0003,1.11,1.05,PASS,NA,PAT_SCAN_004,0.935,25
566,LOT_ATPG10,W01,D0003,1.11,1.12,PASS,NA,PAT_SCAN_007,0.914,25
567,LOT_ATPG10,W01,D0003,1.11,1.18,PASS,NA,PAT_SCAN_003,0.837,25
568,LOT_ATPG10,W01,D0003,1.11,1.24,PASS,NA,PAT_SCAN_009,0.824,25
569,LOT_ATPG10,W01,D0003,1.11,1.31,PASS,NA,PAT_SCAN_001,0.747,25
570,LOT_ATPG10,W01,D0003,1.11,1.37,PASS,NA,PAT_SCAN_003,0.759,25
571,LOT_ATPG10,W01,D0003,1.11,1.43,PASS,NA,PAT_SCAN_010,0.7,25
572,LOT_ATPG10,W01,D0003,1.11,1.49,PASS,NA,PAT_SCAN_002,0.698,25
573,LOT_ATPG10,W01,D0003,1.11,1.56,PASS,NA,PAT_SCAN_004,0.661,25
574,LOT_ATPG10,W01,D0003,1.11,1.62,PASS,NA,PAT_SCAN_009,0.652,25
575,LOT_ATPG10,W01,D0003,1.11,1.68,PASS,NA,PAT_SCAN_003,0.611,25
576,LOT_ATPG10,W01,D0003,1.11,1.75,PASS,NA,PAT_SCAN_008,0.562,25
577,LOT_ATPG10,W01,D0003,1.11,1.81,PASS,NA,PAT_SCAN_003,0.549,25
578,LOT_ATPG10,W01,D0003,1.11,1.87,PASS,NA,PAT_SCAN_003,0.49,25
579,LOT_ATPG10,W01,D0003,1.11,1.94,PASS,NA,PAT_SCAN_007,0.492,25
580,LOT_ATPG10,W01,D0003,1.11,2.0,PASS,NA,PAT_SCAN_001,0.514,25
581,LOT_ATPG10,W01,D0003,1.15,0.8,PASS,NA,PAT_SCAN_006,1.26,25
582,LOT_ATPG10,W01,D0003,1.15,0.86,PASS,NA,PAT_SCAN_002,1.148,25
583,LOT_ATPG10,W01,D0003,1.15,0.93,PASS,NA,PAT_SCAN_006,1.052,25
584,LOT_ATPG10,W01,D0003,1.15,0.99,PASS,NA,PAT_SCAN_002,1.043,25
585,LOT_ATPG10,W01,D0003,1.15,1.05,PASS,NA,PAT_SCAN_009,0.926,25
586,LOT_ATPG10,W01,D0003,1.15,1.12,PASS,NA,PAT_SCAN_008,0.903,25
587,LOT_ATPG10,W01,D0003,1.15,1.18,PASS,NA,PAT_SCAN_003,0.857,25
588,LOT_ATPG10,W01,D0003,1.15,1.24,PASS,NA,PAT_SCAN_010,0.819,25
589,LOT_ATPG10,W01,D0003,1.15,1.31,PASS,NA,PAT_SCAN_009,0.768,25
590,LOT_ATPG10,W01,D0003,1.15,1.37,PASS,NA,PAT_SCAN_007,0.767,25
591,LOT_ATPG10,W01,D0003,1.15,1.43,PASS,NA,PAT_SCAN_010,0.662,25
592,LOT_ATPG10,W01,D0003,1.15,1.49,PASS,NA,PAT_SCAN_005,0.647,25
593,LOT_ATPG10,W01,D0003,1.15,1.56,PASS,NA,PAT_SCAN_003,0.635,25
594,LOT_ATPG10,W01,D0003,1.15,1.62,PASS,NA,PAT_SCAN_003,0.611,25
595,LOT_ATPG10,W01,D0003,1.15,1.68,PASS,NA,PAT_SCAN_008,0.591,25
596,LOT_ATPG10,W01,D0003,1.15,1.75,PASS,NA,PAT_SCAN_006,0.565,25
597,LOT_ATPG10,W01,D0003,1.15,1.81,PASS,NA,PAT_SCAN_007,0.528,25
598,LOT_ATPG10,W01,D0003,1.15,1.87,PASS,NA,PAT_SCAN_004,0.517,25
599,LOT_ATPG10,W01,D0003,1.15,1.94,PASS,NA,PAT_SCAN_009,0.5,25
600,LOT_ATPG10,W01,D0003,1.15,2.0,PASS,NA,PAT_SCAN_002,0.487,25
601,LOT_ATPG10,W01,D0004,0.75,0.8,PASS,NA,PAT_SCAN_008,1.238,25
602,LOT_ATPG10,W01,D0004,0.75,0.86,PASS,NA,PAT_SCAN_003,1.176,25
603,LOT_ATPG10,W01,D0004,0.75,0.93,PASS,NA,PAT_SCAN_001,1.07,25
604,LOT_ATPG10,W01,D0004,0.75,0.99,PASS,NA,PAT_SCAN_008,1.011,25
605,LOT_ATPG10,W01,D0004,0.75,1.05,PASS,NA,PAT_SCAN_007,0.952,25
606,LOT_ATPG10,W01,D0004,0.75,1.12,PASS,NA,PAT_SCAN_003,0.849,25
607,LOT_ATPG10,W01,D0004,0.75,1.18,PASS,NA,PAT_SCAN_005,0.839,25
608,LOT_ATPG10,W01,D0004,0.75,1.24,PASS,NA,PAT_SCAN_007,0.771,25
609,LOT_ATPG10,W01,D0004,0.75,1.31,FAIL,FREQ_MARGIN,PAT_SCAN_006,0.779,25
610,LOT_ATPG10,W01,D0004,0.75,1.37,FAIL,FREQ_MARGIN,PAT_SCAN_006,0.72,25
611,LOT_ATPG10,W01,D0004,0.75,1.43,FAIL,FREQ_MARGIN,PAT_SCAN_002,0.673,25
612,LOT_ATPG10,W01,D0004,0.75,1.49,FAIL,TIMING,PAT_SCAN_003,0.633,25
613,LOT_ATPG10,W01,D0004,0.75,1.56,FAIL,FREQ_MARGIN,PAT_SCAN_005,0.623,25
614,LOT_ATPG10,W01,D0004,0.75,1.62,FAIL,FREQ_MARGIN,PAT_SCAN_008,0.596,25
615,LOT_ATPG10,W01,D0004,0.75,1.68,FAIL,FREQ_MARGIN,PAT_SCAN_004,0.583,25
616,LOT_ATPG10,W01,D0004,0.75,1.75,FAIL,FREQ_MARGIN,PAT_SCAN_009,0.561,25
617,LOT_ATPG10,W01,D0004,0.75,1.81,FAIL,FREQ_MARGIN,PAT_SCAN_009,0.562,25
618,LOT_ATPG10,W01,D0004,0.75,1.87,FAIL,FREQ_MARGIN,PAT_SCAN_001,0.497,25
619,LOT_ATPG10,W01,D0004,0.75,1.94,FAIL,FREQ_MARGIN,PAT_SCAN_006,0.505,25
620,LOT_ATPG10,W01,D0004,0.75,2.0,FAIL,FREQ_MARGIN,PAT_SCAN_004,0.531,25
621,LOT_ATPG10,W01,D0004,0.79,0.8,PASS,NA,PAT_SCAN_003,1.255,25
622,LOT_ATPG10,W01,D0004,0.79,0.86,PASS,NA,PAT_SCAN_002,1.16,25
623,LOT_ATPG10,W01,D0004,0.79,0.93,PASS,NA,PAT_SCAN_008,1.095,25
624,LOT_ATPG10,W01,D0004,0.79,0.99,PASS,NA,PAT_SCAN_004,1.025,25
625,LOT_ATPG10,W01,D0004,0.79,1.05,PASS,NA,PAT_SCAN_005,0.939,25
626,LOT_ATPG10,W01,D0004,0.79,1.12,PASS,NA,PAT_SCAN_009,0.886,25
627,LOT_ATPG10,W01,D0004,0.79,1.18,PASS,NA,PAT_SCAN_004,0.873,25
628,LOT_ATPG10,W01,D0004,0.79,1.24,PASS,NA,PAT_SCAN_010,0.797,25
629,LOT_ATPG10,W01,D0004,0.79,1.31,PASS,NA,PAT_SCAN_004,0.77,25
630,LOT_ATPG10,W01,D0004,0.79,1.37,PASS,NA,PAT_SCAN_009,0.743,25
631,LOT_ATPG10,W01,D0004,0.79,1.43,FAIL,TIMING,PAT_SCAN_003,0.708,25
632,LOT_ATPG10,W01,D0004,0.79,1.49,FAIL,FREQ_MARGIN,PAT_SCAN_010,0.704,25
633,LOT_ATPG10,W01,D0004,0.79,1.56,FAIL,FREQ_MARGIN,PAT_SCAN_002,0.646,25
634,LOT_ATPG10,W01,D0004,0.79,1.62,FAIL,FREQ_MARGIN,PAT_SCAN_004,0.635,25
635,LOT_ATPG10,W01,D0004,0.79,1.68,FAIL,FREQ_MARGIN,PAT_SCAN_004,0.617,25
636,LOT_ATPG10,W01,D0004,0.79,1.75,FAIL,FREQ_MARGIN,PAT_SCAN_002,0.595,25
637,LOT_ATPG10,W01,D0004,0.79,1.81,FAIL,FREQ_MARGIN,PAT_SCAN_009,0.511,25
638,LOT_ATPG10,W01,D0004,0.79,1.87,FAIL,FREQ_MARGIN,PAT_SCAN_006,0.524,25
639,LOT_ATPG10,W01,D0004,0.79,1.94,FAIL,FREQ_MARGIN,PAT_SCAN_006,0.533,25
640,LOT_ATPG10,W01,D0004,0.79,2.0,FAIL,FREQ_MARGIN,PAT_SCAN_008,0.514,25
641,LOT_ATPG10,W01,D0004,0.84,0.8,PASS,NA,PAT_SCAN_010,1.234,25
642,LOT_ATPG10,W01,D0004,0.84,0.86,PASS,NA,PAT_SCAN_006,1.203,25
643,LOT_ATPG10,W01,D0004,0.84,0.93,PASS,NA,PAT_SCAN_010,1.047,25
644,LOT_ATPG10,W01,D0004,0.84,0.99,PASS,NA,PAT_SCAN_001,1.016,25
645,LOT_ATPG10,W01,D0004,0.84,1.05,PASS,NA,PAT_SCAN_008,0.959,25
646,LOT_ATPG10,W01,D0004,0.84,1.12,PASS,NA,PAT_SCAN_010,0.886,25
647,LOT_ATPG10,W01,D0004,0.84,1.18,PASS,NA,PAT_SCAN_010,0.838,25
648,LOT_ATPG10,W01,D0004,0.84,1.24,PASS,NA,PAT_SCAN_005,0.812,25
649,LOT_ATPG10,W01,D0004,0.84,1.31,PASS,NA,PAT_SCAN_010,0.772,25
650,LOT_ATPG10,W01,D0004,0.84,1.37,PASS,NA,PAT_SCAN_003,0.733,25
651,LOT_ATPG10,W01,D0004,0.84,1.43,PASS,NA,PAT_SCAN_003,0.68,25
652,LOT_ATPG10,W01,D0004,0.84,1.49,PASS,NA,PAT_SCAN_006,0.673,25
653,LOT_ATPG10,W01,D0004,0.84,1.56,PASS,NA,PAT_SCAN_006,0.668,25
654,LOT_ATPG10,W01,D0004,0.84,1.62,FAIL,FREQ_MARGIN,PAT_SCAN_001,0.609,25
655,LOT_ATPG10,W01,D0004,0.84,1.68,FAIL,FREQ_MARGIN,PAT_SCAN_004,0.587,25
656,LOT_ATPG10,W01,D0004,0.84,1.75,FAIL,FREQ_MARGIN,PAT_SCAN_008,0.575,25
657,LOT_ATPG10,W01,D0004,0.84,1.81,FAIL,FREQ_MARGIN,PAT_SCAN_008,0.559,25
658,LOT_ATPG10,W01,D0004,0.84,1.87,FAIL,FREQ_MARGIN,PAT_SCAN_001,0.542,25
659,LOT_ATPG10,W01,D0004,0.84,1.94,FAIL,FREQ_MARGIN,PAT_SCAN_006,0.513,25
660,LOT_ATPG10,W01,D0004,0.84,2.0,FAIL,FREQ_MARGIN,PAT_SCAN_002,0.52,25
661,LOT_ATPG10,W01,D0004,0.88,0.8,PASS,NA,PAT_SCAN_003,1.265,25
662,LOT_ATPG10,W01,D0004,0.88,0.86,PASS,NA,PAT_SCAN_009,1.175,25
663,LOT_ATPG10,W01,D0004,0.88,0.93,PASS,NA,PAT_SCAN_006,1.049,25
664,LOT_ATPG10,W01,D0004,0.88,0.99,PASS,NA,PAT_SCAN_005,0.977,25
665,LOT_ATPG10,W01,D0004,0.88,1.05,PASS,NA,PAT_SCAN_002,0.972,25
666,LOT_ATPG10,W01,D0004,0.88,1.12,PASS,NA,PAT_SCAN_001,0.908,25
667,LOT_ATPG10,W01,D0004,0.88,1.18,PASS,NA,PAT_SCAN_009,0.826,25
668,LOT_ATPG10,W01,D0004,0.88,1.24,PASS,NA,PAT_SCAN_006,0.81,25
669,LOT_ATPG10,W01,D0004,0.88,1.31,PASS,NA,PAT_SCAN_002,0.77,25
670,LOT_ATPG10,W01,D0004,0.88,1.37,PASS,NA,PAT_SCAN_010,0.736,25
671,LOT_ATPG10,W01,D0004,0.88,1.43,PASS,NA,PAT_SCAN_004,0.685,25
672,LOT_ATPG10,W01,D0004,0.88,1.49,PASS,NA,PAT_SCAN_003,0.667,25
673,LOT_ATPG10,W01,D0004,0.88,1.56,PASS,NA,PAT_SCAN_008,0.615,25
674,LOT_ATPG10,W01,D0004,0.88,1.62,PASS,NA,PAT_SCAN_003,0.594,25
675,LOT_ATPG10,W01,D0004,0.88,1.68,PASS,NA,PAT_SCAN_002,0.615,25
676,LOT_ATPG10,W01,D0004,0.88,1.75,FAIL,FREQ_MARGIN,PAT_SCAN_008,0.569,25
677,LOT_ATPG10,W01,D0004,0.88,1.81,FAIL,FREQ_MARGIN,PAT_SCAN_009,0.559,25
678,LOT_ATPG10,W01,D0004,0.88,1.87,FAIL,TIMING,PAT_SCAN_003,0.556,25
679,LOT_ATPG10,W01,D0004,0.88,1.94,FAIL,FREQ_MARGIN,PAT_SCAN_006,0.48,25
680,LOT_ATPG10,W01,D0004,0.88,2.0,FAIL,FREQ_MARGIN,PAT_SCAN_005,0.498,25
681,LOT_ATPG10,W01,D0004,0.93,0.8,PASS,NA,PAT_SCAN_001,1.24,25
682,LOT_ATPG10,W01,D0004,0.93,0.86,PASS,NA,PAT_SCAN_005,1.152,25
683,LOT_ATPG10,W01,D0004,0.93,0.93,PASS,NA,PAT_SCAN_009,1.075,25
684,LOT_ATPG10,W01,D0004,0.93,0.99,PASS,NA,PAT_SCAN_002,1.02,25
685,LOT_ATPG10,W01,D0004,0.93,1.05,PASS,NA,PAT_SCAN_007,0.997,25
686,LOT_ATPG10,W01,D0004,0.93,1.12,PASS,NA,PAT_SCAN_005,0.905,25
687,LOT_ATPG10,W01,D0004,0.93,1.18,PASS,NA,PAT_SCAN_007,0.841,25
688,LOT_ATPG10,W01,D0004,0.93,1.24,PASS,NA,PAT_SCAN_007,0.842,25
689,LOT_ATPG10,W01,D0004,0.93,1.31,PASS,NA,PAT_SCAN_004,0.794,25
690,LOT_ATPG10,W01,D0004,0.93,1.37,PASS,NA,PAT_SCAN_001,0.733,25
691,LOT_ATPG10,W01,D0004,0.93,1.43,PASS,NA,PAT_SCAN_007,0.716,25
692,LOT_ATPG10,W01,D0004,0.93,1.49,PASS,NA,PAT_SCAN_007,0.661,25
693,LOT_ATPG10,W01,D0004,0.93,1.56,PASS,NA,PAT_SCAN_001,0.657,25
694,LOT_ATPG10,W01,D0004,0.93,1.62,PASS,NA,PAT_SCAN_005,0.617,25
695,LOT_ATPG10,W01,D0004,0.93,1.68,PASS,NA,PAT_SCAN_003,0.586,25
696,LOT_ATPG10,W01,D0004,0.93,1.75,PASS,NA,PAT_SCAN_007,0.552,25
697,LOT_ATPG10,W01,D0004,0.93,1.81,PASS,NA,PAT_SCAN_002,0.565,25
698,LOT_ATPG10,W01,D0004,0.93,1.87,PASS,NA,PAT_SCAN_005,0.501,25
699,LOT_ATPG10,W01,D0004,0.93,1.94,FAIL,FREQ_MARGIN,PAT_SCAN_009,0.529,25
700,LOT_ATPG10,W01,D0004,0.93,2.0,FAIL,TIMING,PAT_SCAN_007,0.484,25
701,LOT_ATPG10,W01,D0004,0.97,0.8,PASS,NA,PAT_SCAN_008,1.244,25
702,LOT_ATPG10,W01,D0004,0.97,0.86,PASS,NA,PAT_SCAN_001,1.165,25
703,LOT_ATPG10,W01,D0004,0.97,0.93,PASS,NA,PAT_SCAN_008,1.107,25
704,LOT_ATPG10,W01,D0004,0.97,0.99,PASS,NA,PAT_SCAN_002,0.988,25
705,LOT_ATPG10,W01,D0004,0.97,1.05,PASS,NA,PAT_SCAN_008,0.946,25
706,LOT_ATPG10,W01,D0004,0.97,1.12,PASS,NA,PAT_SCAN_003,0.888,25
707,LOT_ATPG10,W01,D0004,0.97,1.18,PASS,NA,PAT_SCAN_006,0.836,25
708,LOT_ATPG10,W01,D0004,0.97,1.24,PASS,NA,PAT_SCAN_009,0.764,25
709,LOT_ATPG10,W01,D0004,0.97,1.31,PASS,NA,PAT_SCAN_006,0.766,25
710,LOT_ATPG10,W01,D0004,0.97,1.37,PASS,NA,PAT_SCAN_010,0.772,25
711,LOT_ATPG10,W01,D0004,0.97,1.43,PASS,NA,PAT_SCAN_002,0.706,25
712,LOT_ATPG10,W01,D0004,0.97,1.49,PASS,NA,PAT_SCAN_004,0.691,25
713,LOT_ATPG10,W01,D0004,0.97,1.56,PASS,NA,PAT_SCAN_007,0.669,25
714,LOT_ATPG10,W01,D0004,0.97,1.62,PASS,NA,PAT_SCAN_005,0.61,25
715,LOT_ATPG10,W01,D0004,0.97,1.68,PASS,NA,PAT_SCAN_001,0.596,25
716,LOT_ATPG10,W01,D0004,0.97,1.75,PASS,NA,PAT_SCAN_009,0.572,25
717,LOT_ATPG10,W01,D0004,0.97,1.81,PASS,NA,PAT_SCAN_010,0.555,25
718,LOT_ATPG10,W01,D0004,0.97,1.87,PASS,NA,PAT_SCAN_005,0.525,25
719,LOT_ATPG10,W01,D0004,0.97,1.94,PASS,NA,PAT_SCAN_005,0.512,25
720,LOT_ATPG10,W01,D0004,0.97,2.0,PASS,NA,PAT_SCAN_009,0.505,25
721,LOT_ATPG10,W01,D0004,1.02,0.8,PASS,NA,PAT_SCAN_006,1.25,25
722,LOT_ATPG10,W01,D0004,1.02,0.86,PASS,NA,PAT_SCAN_003,1.179,25
723,LOT_ATPG10,W01,D0004,1.02,0.93,PASS,NA,PAT_SCAN_009,1.071,25
724,LOT_ATPG10,W01,D0004,1.02,0.99,PASS,NA,PAT_SCAN_008,0.997,25
725,LOT_ATPG10,W01,D0004,1.02,1.05,PASS,NA,PAT_SCAN_002,0.959,25
726,LOT_ATPG10,W01,D0004,1.02,1.12,PASS,NA,PAT_SCAN_002,0.904,25
727,LOT_ATPG10,W01,D0004,1.02,1.18,PASS,NA,PAT_SCAN_005,0.827,25
728,LOT_ATPG10,W01,D0004,1.02,1.24,PASS,NA,PAT_SCAN_003,0.803,25
729,LOT_ATPG10,W01,D0004,1.02,1.31,PASS,NA,PAT_SCAN_001,0.754,25
730,LOT_ATPG10,W01,D0004,1.02,1.37,PASS,NA,PAT_SCAN_009,0.737,25
731,LOT_ATPG10,W01,D0004,1.02,1.43,PASS,NA,PAT_SCAN_008,0.689,25
732,LOT_ATPG10,W01,D0004,1.02,1.49,PASS,NA,PAT_SCAN_004,0.659,25
733,LOT_ATPG10,W01,D0004,1.02,1.56,PASS,NA,PAT_SCAN_005,0.622,25
734,LOT_ATPG10,W01,D0004,1.02,1.62,PASS,NA,PAT_SCAN_010,0.592,25
735,LOT_ATPG10,W01,D0004,1.02,1.68,PASS,NA,PAT_SCAN_009,0.604,25
736,LOT_ATPG10,W01,D0004,1.02,1.75,PASS,NA,PAT_SCAN_007,0.534,25
737,LOT_ATPG10,W01,D0004,1.02,1.81,PASS,NA,PAT_SCAN_003,0.538,25
738,LOT_ATPG10,W01,D0004,1.02,1.87,PASS,NA,PAT_SCAN_001,0.511,25
739,LOT_ATPG10,W01,D0004,1.02,1.94,PASS,NA,PAT_SCAN_004,0.544,25
740,LOT_ATPG10,W01,D0004,1.02,2.0,PASS,NA,PAT_SCAN_007,0.485,25
741,LOT_ATPG10,W01,D0004,1.06,0.8,PASS,NA,PAT_SCAN_009,1.248,25
742,LOT_ATPG10,W01,D0004,1.06,0.86,PASS,NA,PAT_SCAN_009,1.136,25
743,LOT_ATPG10,W01,D0004,1.06,0.93,PASS,NA,PAT_SCAN_005,1.06,25
744,LOT_ATPG10,W01,D0004,1.06,0.99,PASS,NA,PAT_SCAN_008,1.029,25
745,LOT_ATPG10,W01,D0004,1.06,1.05,PASS,NA,PAT_SCAN_007,0.935,25
746,LOT_ATPG10,W01,D0004,1.06,1.12,PASS,NA,PAT_SCAN_007,0.864,25
747,LOT_ATPG10,W01,D0004,1.06,1.18,PASS,NA,PAT_SCAN_001,0.855,25
748,LOT_ATPG10,W01,D0004,1.06,1.24,PASS,NA,PAT_SCAN_004,0.825,25
749,LOT_ATPG10,W01,D0004,1.06,1.31,PASS,NA,PAT_SCAN_007,0.751,25
750,LOT_ATPG10,W01,D0004,1.06,1.37,PASS,NA,PAT_SCAN_002,0.706,25
751,LOT_ATPG10,W01,D0004,1.06,1.43,PASS,NA,PAT_SCAN_005,0.707,25
752,LOT_ATPG10,W01,D0004,1.06,1.49,PASS,NA,PAT_SCAN_007,0.657,25
753,LOT_ATPG10,W01,D0004,1.06,1.56,PASS,NA,PAT_SCAN_002,0.656,25
754,LOT_ATPG10,W01,D0004,1.06,1.62,PASS,NA,PAT_SCAN_010,0.6,25
755,LOT_ATPG10,W01,D0004,1.06,1.68,PASS,NA,PAT_SCAN_006,0.574,25
756,LOT_ATPG10,W01,D0004,1.06,1.75,PASS,NA,PAT_SCAN_004,0.57,25
757,LOT_ATPG10,W01,D0004,1.06,1.81,PASS,NA,PAT_SCAN_005,0.543,25
758,LOT_ATPG10,W01,D0004,1.06,1.87,PASS,NA,PAT_SCAN_009,0.58,25
759,LOT_ATPG10,W01,D0004,1.06,1.94,PASS,NA,PAT_SCAN_001,0.52,25
760,LOT_ATPG10,W01,D0004,1.06,2.0,PASS,NA,PAT_SCAN_003,0.489,25
761,LOT_ATPG10,W01,D0004,1.11,0.8,PASS,NA,PAT_SCAN_005,1.246,25
762,LOT_ATPG10,W01,D0004,1.11,0.86,PASS,NA,PAT_SCAN_003,1.177,25
763,LOT_ATPG10,W01,D0004,1.11,0.93,PASS,NA,PAT_SCAN_010,1.038,25
764,LOT_ATPG10,W01,D0004,1.11,0.99,PASS,NA,PAT_SCAN_006,0.98,25
765,LOT_ATPG10,W01,D0004,1.11,1.05,PASS,NA,PAT_SCAN_003,0.936,25
766,LOT_ATPG10,W01,D0004,1.11,1.12,PASS,NA,PAT_SCAN_009,0.876,25
767,LOT_ATPG10,W01,D0004,1.11,1.18,PASS,NA,PAT_SCAN_001,0.851,25
768,LOT_ATPG10,W01,D0004,1.11,1.24,PASS,NA,PAT_SCAN_008,0.838,25
769,LOT_ATPG10,W01,D0004,1.11,1.31,PASS,NA,PAT_SCAN_001,0.734,25
770,LOT_ATPG10,W01,D0004,1.11,1.37,PASS,NA,PAT_SCAN_002,0.717,25
771,LOT_ATPG10,W01,D0004,1.11,1.43,PASS,NA,PAT_SCAN_005,0.707,25
772,LOT_ATPG10,W01,D0004,1.11,1.49,PASS,NA,PAT_SCAN_009,0.674,25
773,LOT_ATPG10,W01,D0004,1.11,1.56,PASS,NA,PAT_SCAN_007,0.644,25
774,LOT_ATPG10,W01,D0004,1.11,1.62,PASS,NA,PAT_SCAN_004,0.594,25
775,LOT_ATPG10,W01,D0004,1.11,1.68,PASS,NA,PAT_SCAN_002,0.553,25
776,LOT_ATPG10,W01,D0004,1.11,1.75,PASS,NA,PAT_SCAN_008,0.596,25
777,LOT_ATPG10,W01,D0004,1.11,1.81,PASS,NA,PAT_SCAN_004,0.576,25
778,LOT_ATPG10,W01,D0004,1.11,1.87,PASS,NA,PAT_SCAN_005,0.531,25
779,LOT_ATPG10,W01,D0004,1.11,1.94,PASS,NA,PAT_SCAN_006,0.519,25
780,LOT_ATPG10,W01,D0004,1.11,2.0,PASS,NA,PAT_SCAN_002,0.535,25
781,LOT_ATPG10,W01,D0004,1.15,0.8,PASS,NA,PAT_SCAN_009,1.259,25
782,LOT_ATPG10,W01,D0004,1.15,0.86,PASS,NA,PAT_SCAN_006,1.169,25
783,LOT_ATPG10,W01,D0004,1.15,0.93,PASS,NA,PAT_SCAN_004,1.055,25
784,LOT_ATPG10,W01,D0004,1.15,0.99,PASS,NA,PAT_SCAN_002,1.023,25
785,LOT_ATPG10,W01,D0004,1.15,1.05,PASS,NA,PAT_SCAN_007,0.984,25
786,LOT_ATPG10,W01,D0004,1.15,1.12,PASS,NA,PAT_SCAN_007,0.892,25
787,LOT_ATPG10,W01,D0004,1.15,1.18,PASS,NA,PAT_SCAN_010,0.849,25
788,LOT_ATPG10,W01,D0004,1.15,1.24,PASS,NA,PAT_SCAN_007,0.82,25
789,LOT_ATPG10,W01,D0004,1.15,1.31,PASS,NA,PAT_SCAN_004,0.759,25
790,LOT_ATPG10,W01,D0004,1.15,1.37,PASS,NA,PAT_SCAN_007,0.734,25
791,LOT_ATPG10,W01,D0004,1.15,1.43,PASS,NA,PAT_SCAN_002,0.745,25
792,LOT_ATPG10,W01,D0004,1.15,1.49,PASS,NA,PAT_SCAN_003,0.702,25
793,LOT_ATPG10,W01,D0004,1.15,1.56,PASS,NA,PAT_SCAN_005,0.668,25
794,LOT_ATPG10,W01,D0004,1.15,1.62,PASS,NA,PAT_SCAN_001,0.64,25
795,LOT_ATPG10,W01,D0004,1.15,1.68,PASS,NA,PAT_SCAN_009,0.602,25
796,LOT_ATPG10,W01,D0004,1.15,1.75,PASS,NA,PAT_SCAN_008,0.558,25
797,LOT_ATPG10,W01,D0004,1.15,1.81,PASS,NA,PAT_SCAN_010,0.542,25
798,LOT_ATPG10,W01,D0004,1.15,1.87,PASS,NA,PAT_SCAN_001,0.476,25
799,LOT_ATPG10,W01,D0004,1.15,1.94,PASS,NA,PAT_SCAN_001,0.494,25
800,LOT_ATPG10,W01,D0004,1.15,2.0,PASS,NA,PAT_SCAN_010,0.502,25
801,LOT_ATPG10,W01,D0005,0.75,0.8,PASS,NA,PAT_SCAN_008,1.245,25
802,LOT_ATPG10,W01,D0005,0.75,0.86,PASS,NA,PAT_SCAN_002,1.175,25
803,LOT_ATPG10,W01,D0005,0.75,0.93,PASS,NA,PAT_SCAN_001,1.092,25
804,LOT_ATPG10,W01,D0005,0.75,0.99,PASS,NA,PAT_SCAN_003,0.977,25
805,LOT_ATPG10,W01,D0005,0.75,1.05,PASS,NA,PAT_SCAN_005,0.961,25
806,LOT_ATPG10,W01,D0005,0.75,1.12,PASS,NA,PAT_SCAN_006,0.875,25
807,LOT_ATPG10,W01,D0005,0.75,1.18,FAIL,FREQ_MARGIN,PAT_SCAN_004,0.846,25
808,LOT_ATPG10,W01,D0005,0.75,1.24,FAIL,FREQ_MARGIN,PAT_SCAN_001,0.809,25
809,LOT_ATPG10,W01,D0005,0.75,1.31,FAIL,FREQ_MARGIN,PAT_SCAN_004,0.739,25
810,LOT_ATPG10,W01,D0005,0.75,1.37,FAIL,FREQ_MARGIN,PAT_SCAN_010,0.753,25
811,LOT_ATPG10,W01,D0005,0.75,1.43,FAIL,TIMING,PAT_SCAN_003,0.692,25
812,LOT_ATPG10,W01,D0005,0.75,1.49,FAIL,FREQ_MARGIN,PAT_SCAN_005,0.663,25
813,LOT_ATPG10,W01,D0005,0.75,1.56,FAIL,FREQ_MARGIN,PAT_SCAN_004,0.635,25
814,LOT_ATPG10,W01,D0005,0.75,1.62,FAIL,FREQ_MARGIN,PAT_SCAN_010,0.632,25
815,LOT_ATPG10,W01,D0005,0.75,1.68,FAIL,TIMING,PAT_SCAN_003,0.604,25
816,LOT_ATPG10,W01,D0005,0.75,1.75,FAIL,FREQ_MARGIN,PAT_SCAN_010,0.54,25
817,LOT_ATPG10,W01,D0005,0.75,1.81,FAIL,TIMING,PAT_SCAN_003,0.559,25
818,LOT_ATPG10,W01,D0005,0.75,1.87,FAIL,FREQ_MARGIN,PAT_SCAN_008,0.531,25
819,LOT_ATPG10,W01,D0005,0.75,1.94,FAIL,TIMING,PAT_SCAN_007,0.54,25
820,LOT_ATPG10,W01,D0005,0.75,2.0,FAIL,FREQ_MARGIN,PAT_SCAN_008,0.492,25
821,LOT_ATPG10,W01,D0005,0.79,0.8,PASS,NA,PAT_SCAN_004,1.291,25
822,LOT_ATPG10,W01,D0005,0.79,0.86,PASS,NA,PAT_SCAN_004,1.161,25
823,LOT_ATPG10,W01,D0005,0.79,0.93,PASS,NA,PAT_SCAN_003,1.054,25
824,LOT_ATPG10,W01,D0005,0.79,0.99,PASS,NA,PAT_SCAN_010,1.006,25
825,LOT_ATPG10,W01,D0005,0.79,1.05,PASS,NA,PAT_SCAN_002,0.954,25
826,LOT_ATPG10,W01,D0005,0.79,1.12,PASS,NA,PAT_SCAN_007,0.914,25
827,LOT_ATPG10,W01,D0005,0.79,1.18,PASS,NA,PAT_SCAN_005,0.874,25
828,LOT_ATPG10,W01,D0005,0.79,1.24,PASS,NA,PAT_SCAN_010,0.805,25
829,LOT_ATPG10,W01,D0005,0.79,1.31,FAIL,TIMING,PAT_SCAN_007,0.73,25
830,LOT_ATPG10,W01,D0005,0.79,1.37,FAIL,FREQ_MARGIN,PAT_SCAN_002,0.717,25
831,LOT_ATPG10,W01,D0005,0.79,1.43,FAIL,FREQ_MARGIN,PAT_SCAN_009,0.695,25
832,LOT_ATPG10,W01,D0005,0.79,1.49,FAIL,TIMING,PAT_SCAN_003,0.651,25
833,LOT_ATPG10,W01,D0005,0.79,1.56,FAIL,FREQ_MARGIN,PAT_SCAN_002,0.63,25
834,LOT_ATPG10,W01,D0005,0.79,1.62,FAIL,FREQ_MARGIN,PAT_SCAN_001,0.647,25
835,LOT_ATPG10,W01,D0005,0.79,1.68,FAIL,FREQ_MARGIN,PAT_SCAN_006,0.612,25
836,LOT_ATPG10,W01,D0005,0.79,1.75,FAIL,FREQ_MARGIN,PAT_SCAN_008,0.574,25
837,LOT_ATPG10,W01,D0005,0.79,1.81,FAIL,FREQ_MARGIN,PAT_SCAN_006,0.53,25
838,LOT_ATPG10,W01,D0005,0.79,1.87,FAIL,FREQ_MARGIN,PAT_SCAN_009,0.522,25
839,LOT_ATPG10,W01,D0005,0.79,1.94,FAIL,TIMING,PAT_SCAN_003,0.5,25
840,LOT_ATPG10,W01,D0005,0.79,2.0,FAIL,FREQ_MARGIN,PAT_SCAN_005,0.492,25
841,LOT_ATPG10,W01,D0005,0.84,0.8,PASS,NA,PAT_SCAN_003,1.255,25
842,LOT_ATPG10,W01,D0005,0.84,0.86,PASS,NA,PAT_SCAN_009,1.169,25
843,LOT_ATPG10,W01,D0005,0.84,0.93,PASS,NA,PAT_SCAN_007,1.077,25
844,LOT_ATPG10,W01,D0005,0.84,0.99,PASS,NA,PAT_SCAN_002,0.987,25
845,LOT_ATPG10,W01,D0005,0.84,1.05,PASS,NA,PAT_SCAN_009,0.949,25
846,LOT_ATPG10,W01,D0005,0.84,1.12,PASS,NA,PAT_SCAN_004,0.868,25
847,LOT_ATPG10,W01,D0005,0.84,1.18,PASS,NA,PAT_SCAN_009,0.881,25
848,LOT_ATPG10,W01,D0005,0.84,1.24,PASS,NA,PAT_SCAN_010,0.809,25
849,LOT_ATPG10,W01,D0005,0.84,1.31,PASS,NA,PAT_SCAN_005,0.753,25
850,LOT_ATPG10,W01,D0005,0.84,1.37,PASS,NA,PAT_SCAN_004,0.716,25
851,LOT_ATPG10,W01,D0005,0.84,1.43,PASS,NA,PAT_SCAN_003,0.71,25
852,LOT_ATPG10,W01,D0005,0.84,1.49,FAIL,FREQ_MARGIN,PAT_SCAN_009,0.677,25
853,LOT_ATPG10,W01,D0005,0.84,1.56,FAIL,TIMING,PAT_SCAN_007,0.648,25
854,LOT_ATPG10,W01,D0005,0.84,1.62,FAIL,FREQ_MARGIN,PAT_SCAN_009,0.657,25
855,LOT_ATPG10,W01,D0005,0.84,1.68,FAIL,TIMING,PAT_SCAN_003,0.616,25
856,LOT_ATPG10,W01,D0005,0.84,1.75,FAIL,TIMING,PAT_SCAN_003,0.593,25
857,LOT_ATPG10,W01,D0005,0.84,1.81,FAIL,TIMING,PAT_SCAN_003,0.567,25
858,LOT_ATPG10,W01,D0005,0.84,1.87,FAIL,FREQ_MARGIN,PAT_SCAN_002,0.548,25
859,LOT_ATPG10,W01,D0005,0.84,1.94,FAIL,FREQ_MARGIN,PAT_SCAN_006,0.499,25
860,LOT_ATPG10,W01,D0005,0.84,2.0,FAIL,FREQ_MARGIN,PAT_SCAN_002,0.508,25
861,LOT_ATPG10,W01,D0005,0.88,0.8,PASS,NA,PAT_SCAN_002,1.265,25
862,LOT_ATPG10,W01,D0005,0.88,0.86,PASS,NA,PAT_SCAN_006,1.149,25
863,LOT_ATPG10,W01,D0005,0.88,0.93,PASS,NA,PAT_SCAN_009,1.07,25
864,LOT_ATPG10,W01,D0005,0.88,0.99,PASS,NA,PAT_SCAN_005,1.016,25
865,LOT_ATPG10,W01,D0005,0.88,1.05,PASS,NA,PAT_SCAN_001,0.946,25
866,LOT_ATPG10,W01,D0005,0.88,1.12,PASS,NA,PAT_SCAN_003,0.886,25
867,LOT_ATPG10,W01,D0005,0.88,1.18,PASS,NA,PAT_SCAN_005,0.796,25
868,LOT_ATPG10,W01,D0005,0.88,1.24,PASS,NA,PAT_SCAN_006,0.817,25
869,LOT_ATPG10,W01,D0005,0.88,1.31,PASS,NA,PAT_SCAN_007,0.828,25
870,LOT_ATPG10,W01,D0005,0.88,1.37,PASS,NA,PAT_SCAN_004,0.737,25
871,LOT_ATPG10,W01,D0005,0.88,1.43,PASS,NA,PAT_SCAN_007,0.719,25
872,LOT_ATPG10,W01,D0005,0.88,1.49,PASS,NA,PAT_SCAN_007,0.677,25
873,LOT_ATPG10,W01,D0005,0.88,1.56,PASS,NA,PAT_SCAN_002,0.653,25
874,LOT_ATPG10,W01,D0005,0.88,1.62,FAIL,TIMING,PAT_SCAN_003,0.653,25
875,LOT_ATPG10,W01,D0005,0.88,1.68,FAIL,FREQ_MARGIN,PAT_SCAN_010,0.61,25
876,LOT_ATPG10,W01,D0005,0.88,1.75,FAIL,FREQ_MARGIN,PAT_SCAN_010,0.569,25
877,LOT_ATPG10,W01,D0005,0.88,1.81,FAIL,FREQ_MARGIN,PAT_SCAN_010,0.534,25
878,LOT_ATPG10,W01,D0005,0.88,1.87,FAIL,FREQ_MARGIN,PAT_SCAN_004,0.556,25
879,LOT_ATPG10,W01,D0005,0.88,1.94,FAIL,FREQ_MARGIN,PAT_SCAN_008,0.525,25
880,LOT_ATPG10,W01,D0005,0.88,2.0,FAIL,FREQ_MARGIN,PAT_SCAN_006,0.527,25
881,LOT_ATPG10,W01,D0005,0.93,0.8,PASS,NA,PAT_SCAN_009,1.238,25
882,LOT_ATPG10,W01,D0005,0.93,0.86,PASS,NA,PAT_SCAN_002,1.183,25
883,LOT_ATPG10,W01,D0005,0.93,0.93,PASS,NA,PAT_SCAN_003,1.096,25
884,LOT_ATPG10,W01,D0005,0.93,0.99,PASS,NA,PAT_SCAN_005,1.014,25
885,LOT_ATPG10,W01,D0005,0.93,1.05,PASS,NA,PAT_SCAN_008,0.931,25
886,LOT_ATPG10,W01,D0005,0.93,1.12,PASS,NA,PAT_SCAN_010,0.904,25
887,LOT_ATPG10,W01,D0005,0.93,1.18,PASS,NA,PAT_SCAN_004,0.845,25
888,LOT_ATPG10,W01,D0005,0.93,1.24,PASS,NA,PAT_SCAN_010,0.821,25
889,LOT_ATPG10,W01,D0005,0.93,1.31,PASS,NA,PAT_SCAN_007,0.756,25
890,LOT_ATPG10,W01,D0005,0.93,1.37,PASS,NA,PAT_SCAN_009,0.756,25
891,LOT_ATPG10,W01,D0005,0.93,1.43,PASS,NA,PAT_SCAN_010,0.707,25
892,LOT_ATPG10,W01,D0005,0.93,1.49,PASS,NA,PAT_SCAN_002,0.628,25
893,LOT_ATPG10,W01,D0005,0.93,1.56,PASS,NA,PAT_SCAN_005,0.631,25
894,LOT_ATPG10,W01,D0005,0.93,1.62,PASS,NA,PAT_SCAN_001,0.634,25
895,LOT_ATPG10,W01,D0005,0.93,1.68,PASS,NA,PAT_SCAN_007,0.594,25
896,LOT_ATPG10,W01,D0005,0.93,1.75,PASS,NA,PAT_SCAN_003,0.585,25
897,LOT_ATPG10,W01,D0005,0.93,1.81,FAIL,FREQ_MARGIN,PAT_SCAN_009,0.519,25
898,LOT_ATPG10,W01,D0005,0.93,1.87,FAIL,FREQ_MARGIN,PAT_SCAN_005,0.546,25
899,LOT_ATPG10,W01,D0005,0.93,1.94,FAIL,FREQ_MARGIN,PAT_SCAN_006,0.563,25
900,LOT_ATPG10,W01,D0005,0.93,2.0,FAIL,FREQ_MARGIN,PAT_SCAN_004,0.492,25
901,LOT_ATPG10,W01,D0005,0.97,0.8,PASS,NA,PAT_SCAN_006,1.197,25
902,LOT_ATPG10,W01,D0005,0.97,0.86,PASS,NA,PAT_SCAN_005,1.148,25
903,LOT_ATPG10,W01,D0005,0.97,0.93,PASS,NA,PAT_SCAN_004,1.061,25
904,LOT_ATPG10,W01,D0005,0.97,0.99,PASS,NA,PAT_SCAN_004,1.055,25
905,LOT_ATPG10,W01,D0005,0.97,1.05,PASS,NA,PAT_SCAN_005,0.912,25
906,LOT_ATPG10,W01,D0005,0.97,1.12,PASS,NA,PAT_SCAN_001,0.903,25
907,LOT_ATPG10,W01,D0005,0.97,1.18,PASS,NA,PAT_SCAN_005,0.867,25
908,LOT_ATPG10,W01,D0005,0.97,1.24,PASS,NA,PAT_SCAN_001,0.811,25
909,LOT_ATPG10,W01,D0005,0.97,1.31,PASS,NA,PAT_SCAN_003,0.753,25
910,LOT_ATPG10,W01,D0005,0.97,1.37,PASS,NA,PAT_SCAN_008,0.718,25
911,LOT_ATPG10,W01,D0005,0.97,1.43,PASS,NA,PAT_SCAN_008,0.663,25
912,LOT_ATPG10,W01,D0005,0.97,1.49,PASS,NA,PAT_SCAN_002,0.696,25
913,LOT_ATPG10,W01,D0005,0.97,1.56,PASS,NA,PAT_SCAN_005,0.647,25
914,LOT_ATPG10,W01,D0005,0.97,1.62,PASS,NA,PAT_SCAN_010,0.614,25
915,LOT_ATPG10,W01,D0005,0.97,1.68,PASS,NA,PAT_SCAN_006,0.618,25
916,LOT_ATPG10,W01,D0005,0.97,1.75,PASS,NA,PAT_SCAN_010,0.602,25
917,LOT_ATPG10,W01,D0005,0.97,1.81,PASS,NA,PAT_SCAN_003,0.557,25
918,LOT_ATPG10,W01,D0005,0.97,1.87,PASS,NA,PAT_SCAN_007,0.55,25
919,LOT_ATPG10,W01,D0005,0.97,1.94,FAIL,FREQ_MARGIN,PAT_SCAN_009,0.526,25
920,LOT_ATPG10,W01,D0005,0.97,2.0,FAIL,FREQ_MARGIN,PAT_SCAN_002,0.529,25
921,LOT_ATPG10,W01,D0005,1.02,0.8,PASS,NA,PAT_SCAN_005,1.245,25
922,LOT_ATPG10,W01,D0005,1.02,0.86,PASS,NA,PAT_SCAN_005,1.211,25
923,LOT_ATPG10,W01,D0005,1.02,0.93,PASS,NA,PAT_SCAN_007,1.06,25
924,LOT_ATPG10,W01,D0005,1.02,0.99,PASS,NA,PAT_SCAN_003,1.0,25
925,LOT_ATPG10,W01,D0005,1.02,1.05,PASS,NA,PAT_SCAN_009,0.962,25
926,LOT_ATPG10,W01,D0005,1.02,1.12,PASS,NA,PAT_SCAN_001,0.928,25
927,LOT_ATPG10,W01,D0005,1.02,1.18,PASS,NA,PAT_SCAN_005,0.794,25
928,LOT_ATPG10,W01,D0005,1.02,1.24,PASS,NA,PAT_SCAN_005,0.812,25
929,LOT_ATPG10,W01,D0005,1.02,1.31,PASS,NA,PAT_SCAN_008,0.775,25
930,LOT_ATPG10,W01,D0005,1.02,1.37,PASS,NA,PAT_SCAN_009,0.695,25
931,LOT_ATPG10,W01,D0005,1.02,1.43,PASS,NA,PAT_SCAN_010,0.721,25
932,LOT_ATPG10,W01,D0005,1.02,1.49,PASS,NA,PAT_SCAN_004,0.644,25
933,LOT_ATPG10,W01,D0005,1.02,1.56,PASS,NA,PAT_SCAN_005,0.679,25
934,LOT_ATPG10,W01,D0005,1.02,1.62,PASS,NA,PAT_SCAN_002,0.624,25
935,LOT_ATPG10,W01,D0005,1.02,1.68,PASS,NA,PAT_SCAN_009,0.607,25
936,LOT_ATPG10,W01,D0005,1.02,1.75,PASS,NA,PAT_SCAN_001,0.587,25
937,LOT_ATPG10,W01,D0005,1.02,1.81,PASS,NA,PAT_SCAN_010,0.55,25
938,LOT_ATPG10,W01,D0005,1.02,1.87,PASS,NA,PAT_SCAN_009,0.515,25
939,LOT_ATPG10,W01,D0005,1.02,1.94,PASS,NA,PAT_SCAN_004,0.51,25
940,LOT_ATPG10,W01,D0005,1.02,2.0,PASS,NA,PAT_SCAN_010,0.462,25
941,LOT_ATPG10,W01,D0005,1.06,0.8,PASS,NA,PAT_SCAN_004,1.225,25
942,LOT_ATPG10,W01,D0005,1.06,0.86,PASS,NA,PAT_SCAN_007,1.139,25
943,LOT_ATPG10,W01,D0005,1.06,0.93,PASS,NA,PAT_SCAN_005,1.115,25
944,LOT_ATPG10,W01,D0005,1.06,0.99,PASS,NA,PAT_SCAN_009,0.99,25
945,LOT_ATPG10,W01,D0005,1.06,1.05,PASS,NA,PAT_SCAN_001,0.94,25
946,LOT_ATPG10,W01,D0005,1.06,1.12,PASS,NA,PAT_SCAN_006,0.914,25
947,LOT_ATPG10,W01,D0005,1.06,1.18,PASS,NA,PAT_SCAN_008,0.849,25
948,LOT_ATPG10,W01,D0005,1.06,1.24,PASS,NA,PAT_SCAN_002,0.786,25
949,LOT_ATPG10,W01,D0005,1.06,1.31,PASS,NA,PAT_SCAN_010,0.762,25
950,LOT_ATPG10,W01,D0005,1.06,1.37,PASS,NA,PAT_SCAN_007,0.743,25
951,LOT_ATPG10,W01,D0005,1.06,1.43,PASS,NA,PAT_SCAN_007,0.671,25
952,LOT_ATPG10,W01,D0005,1.06,1.49,PASS,NA,PAT_SCAN_010,0.671,25
953,LOT_ATPG10,W01,D0005,1.06,1.56,PASS,NA,PAT_SCAN_002,0.65,25
954,LOT_ATPG10,W01,D0005,1.06,1.62,PASS,NA,PAT_SCAN_002,0.632,25
955,LOT_ATPG10,W01,D0005,1.06,1.68,PASS,NA,PAT_SCAN_001,0.59,25
956,LOT_ATPG10,W01,D0005,1.06,1.75,PASS,NA,PAT_SCAN_007,0.566,25
957,LOT_ATPG10,W01,D0005,1.06,1.81,PASS,NA,PAT_SCAN_007,0.535,25
958,LOT_ATPG10,W01,D0005,1.06,1.87,PASS,NA,PAT_SCAN_009,0.552,25
959,LOT_ATPG10,W01,D0005,1.06,1.94,PASS,NA,PAT_SCAN_009,0.553,25
960,LOT_ATPG10,W01,D0005,1.06,2.0,PASS,NA,PAT_SCAN_001,0.536,25
961,LOT_ATPG10,W01,D0005,1.11,0.8,PASS,NA,PAT_SCAN_002,1.235,25
962,LOT_ATPG10,W01,D0005,1.11,0.86,PASS,NA,PAT_SCAN_001,1.168,25
963,LOT_ATPG10,W01,D0005,1.11,0.93,PASS,NA,PAT_SCAN_008,1.071,25
964,LOT_ATPG10,W01,D0005,1.11,0.99,PASS,NA,PAT_SCAN_005,0.977,25
965,LOT_ATPG10,W01,D0005,1.11,1.05,PASS,NA,PAT_SCAN_010,0.923,25
966,LOT_ATPG10,W01,D0005,1.11,1.12,PASS,NA,PAT_SCAN_005,0.921,25
967,LOT_ATPG10,W01,D0005,1.11,1.18,PASS,NA,PAT_SCAN_001,0.903,25
968,LOT_ATPG10,W01,D0005,1.11,1.24,PASS,NA,PAT_SCAN_002,0.796,25
969,LOT_ATPG10,W01,D0005,1.11,1.31,PASS,NA,PAT_SCAN_001,0.747,25
970,LOT_ATPG10,W01,D0005,1.11,1.37,PASS,NA,PAT_SCAN_005,0.713,25
971,LOT_ATPG10,W01,D0005,1.11,1.43,PASS,NA,PAT_SCAN_009,0.72,25
972,LOT_ATPG10,W01,D0005,1.11,1.49,PASS,NA,PAT_SCAN_010,0.703,25
973,LOT_ATPG10,W01,D0005,1.11,1.56,PASS,NA,PAT_SCAN_005,0.626,25
974,LOT_ATPG10,W01,D0005,1.11,1.62,PASS,NA,PAT_SCAN_001,0.605,25
975,LOT_ATPG10,W01,D0005,1.11,1.68,PASS,NA,PAT_SCAN_001,0.624,25
976,LOT_ATPG10,W01,D0005,1.11,1.75,PASS,NA,PAT_SCAN_006,0.59,25
977,LOT_ATPG10,W01,D0005,1.11,1.81,PASS,NA,PAT_SCAN_004,0.531,25
978,LOT_ATPG10,W01,D0005,1.11,1.87,PASS,NA,PAT_SCAN_008,0.521,25
979,LOT_ATPG10,W01,D0005,1.11,1.94,PASS,NA,PAT_SCAN_009,0.507,25
980,LOT_ATPG10,W01,D0005,1.11,2.0,PASS,NA,PAT_SCAN_004,0.511,25
981,LOT_ATPG10,W01,D0005,1.15,0.8,PASS,NA,PAT_SCAN_010,1.239,25
982,LOT_ATPG10,W01,D0005,1.15,0.86,PASS,NA,PAT_SCAN_006,1.184,25
983,LOT_ATPG10,W01,D0005,1.15,0.93,PASS,NA,PAT_SCAN_009,1.11,25
984,LOT_ATPG10,W01,D0005,1.15,0.99,PASS,NA,PAT_SCAN_010,1.013,25
985,LOT_ATPG10,W01,D0005,1.15,1.05,PASS,NA,PAT_SCAN_005,0.945,25
986,LOT_ATPG10,W01,D0005,1.15,1.12,PASS,NA,PAT_SCAN_003,0.906,25
987,LOT_ATPG10,W01,D0005,1.15,1.18,PASS,NA,PAT_SCAN_005,0.876,25
988,LOT_ATPG10,W01,D0005,1.15,1.24,PASS,NA,PAT_SCAN_008,0.833,25
989,LOT_ATPG10,W01,D0005,1.15,1.31,PASS,NA,PAT_SCAN_003,0.784,25
990,LOT_ATPG10,W01,D0005,1.15,1.37,PASS,NA,PAT_SCAN_003,0.73,25
991,LOT_ATPG10,W01,D0005,1.15,1.43,PASS,NA,PAT_SCAN_002,0.701,25
992,LOT_ATPG10,W01,D0005,1.15,1.49,PASS,NA,PAT_SCAN_008,0.694,25
993,LOT_ATPG10,W01,D0005,1.15,1.56,PASS,NA,PAT_SCAN_005,0.637,25
994,LOT_ATPG10,W01,D0005,1.15,1.62,PASS,NA,PAT_SCAN_004,0.584,25
995,LOT_ATPG10,W01,D0005,1.15,1.68,PASS,NA,PAT_SCAN_008,0.614,25
996,LOT_ATPG10,W01,D0005,1.15,1.75,PASS,NA,PAT_SCAN_010,0.598,25
997,LOT_ATPG10,W01,D0005,1.15,1.81,PASS,NA,PAT_SCAN_009,0.553,25
998,LOT_ATPG10,W01,D0005,1.15,1.87,PASS,NA,PAT_SCAN_008,0.531,25
999,LOT_ATPG10,W01,D0005,1.15,1.94,PASS,NA,PAT_SCAN_003,0.494,25
1000,LOT_ATPG10,W01,D0005,1.15,2.0,PASS,NA,PAT_SCAN_001,0.496,25
1001,LOT_ATPG10,W01,D0006,0.75,0.8,PASS,NA,PAT_SCAN_006,1.253,25
1002,LOT_ATPG10,W01,D0006,0.75,0.86,PASS,NA,PAT_SCAN_004,1.163,25
1003,LOT_ATPG10,W01,D0006,0.75,0.93,PASS,NA,PAT_SCAN_010,1.081,25
1004,LOT_ATPG10,W01,D0006,0.75,0.99,PASS,NA,PAT_SCAN_010,1.003,25
1005,LOT_ATPG10,W01,D0006,0.75,1.05,PASS,NA,PAT_SCAN_003,0.946,25
1006,LOT_ATPG10,W01,D0006,0.75,1.12,FAIL,FREQ_MARGIN,PAT_SCAN_009,0.853,25
1007,LOT_ATPG10,W01,D0006,0.75,1.18,FAIL,FREQ_MARGIN,PAT_SCAN_001,0.822,25
1008,LOT_ATPG10,W01,D0006,0.75,1.24,FAIL,FREQ_MARGIN,PAT_SCAN_004,0.816,25
1009,LOT_ATPG10,W01,D0006,0.75,1.31,FAIL,TIMING,PAT_SCAN_007,0.773,25
1010,LOT_ATPG10,W01,D0006,0.75,1.37,FAIL,FREQ_MARGIN,PAT_SCAN_004,0.712,25
1011,LOT_ATPG10,W01,D0006,0.75,1.43,FAIL,FREQ_MARGIN,PAT_SCAN_002,0.682,25
1012,LOT_ATPG10,W01,D0006,0.75,1.49,FAIL,FREQ_MARGIN,PAT_SCAN_009,0.657,25
1013,LOT_ATPG10,W01,D0006,0.75,1.56,FAIL,FREQ_MARGIN,PAT_SCAN_008,0.628,25
1014,LOT_ATPG10,W01,D0006,0.75,1.62,FAIL,FREQ_MARGIN,PAT_SCAN_009,0.648,25
1015,LOT_ATPG10,W01,D0006,0.75,1.68,FAIL,FREQ_MARGIN,PAT_SCAN_001,0.598,25
1016,LOT_ATPG10,W01,D0006,0.75,1.75,FAIL,FREQ_MARGIN,PAT_SCAN_009,0.591,25
1017,LOT_ATPG10,W01,D0006,0.75,1.81,FAIL,FREQ_MARGIN,PAT_SCAN_004,0.558,25
1018,LOT_ATPG10,W01,D0006,0.75,1.87,FAIL,FREQ_MARGIN,PAT_SCAN_006,0.55,25
1019,LOT_ATPG10,W01,D0006,0.75,1.94,FAIL,FREQ_MARGIN,PAT_SCAN_009,0.482,25
1020,LOT_ATPG10,W01,D0006,0.75,2.0,FAIL,TIMING,PAT_SCAN_003,0.452,25
1021,LOT_ATPG10,W01,D0006,0.79,0.8,PASS,NA,PAT_SCAN_007,1.248,25
1022,LOT_ATPG10,W01,D0006,0.79,0.86,PASS,NA,PAT_SCAN_004,1.167,25
1023,LOT_ATPG10,W01,D0006,0.79,0.93,PASS,NA,PAT_SCAN_004,1.07,25
1024,LOT_ATPG10,W01,D0006,0.79,0.99,PASS,NA,PAT_SCAN_003,1.021,25
1025,LOT_ATPG10,W01,D0006,0.79,1.05,PASS,NA,PAT_SCAN_009,0.982,25
1026,LOT_ATPG10,W01,D0006,0.79,1.12,PASS,NA,PAT_SCAN_001,0.882,25
1027,LOT_ATPG10,W01,D0006,0.79,1.18,PASS,NA,PAT_SCAN_008,0.835,25
1028,LOT_ATPG10,W01,D0006,0.79,1.24,FAIL,FREQ_MARGIN,PAT_SCAN_004,0.818,25
1029,LOT_ATPG10,W01,D0006,0.79,1.31,FAIL,TIMING,PAT_SCAN_007,0.778,25
1030,LOT_ATPG10,W01,D0006,0.79,1.37,FAIL,TIMING,PAT_SCAN_007,0.722,25
1031,LOT_ATPG10,W01,D0006,0.79,1.43,FAIL,FREQ_MARGIN,PAT_SCAN_002,0.7,25
1032,LOT_ATPG10,W01,D0006,0.79,1.49,FAIL,FREQ_MARGIN,PAT_SCAN_001,0.679,25
1033,LOT_ATPG10,W01,D0006,0.79,1.56,FAIL,FREQ_MARGIN,PAT_SCAN_009,0.592,25
1034,LOT_ATPG10,W01,D0006,0.79,1.62,FAIL,TIMING,PAT_SCAN_007,0.586,25
1035,LOT_ATPG10,W01,D0006,0.79,1.68,FAIL,FREQ_MARGIN,PAT_SCAN_010,0.565,25
1036,LOT_ATPG10,W01,D0006,0.79,1.75,FAIL,FREQ_MARGIN,PAT_SCAN_004,0.572,25
1037,LOT_ATPG10,W01,D0006,0.79,1.81,FAIL,FREQ_MARGIN,PAT_SCAN_008,0.578,25
1038,LOT_ATPG10,W01,D0006,0.79,1.87,FAIL,FREQ_MARGIN,PAT_SCAN_008,0.532,25
1039,LOT_ATPG10,W01,D0006,0.79,1.94,FAIL,FREQ_MARGIN,PAT_SCAN_002,0.52,25
1040,LOT_ATPG10,W01,D0006,0.79,2.0,FAIL,FREQ_MARGIN,PAT_SCAN_006,0.522,25
1041,LOT_ATPG10,W01,D0006,0.84,0.8,PASS,NA,PAT_SCAN_007,1.286,25
1042,LOT_ATPG10,W01,D0006,0.84,0.86,PASS,NA,PAT_SCAN_003,1.166,25
1043,LOT_ATPG10,W01,D0006,0.84,0.93,PASS,NA,PAT_SCAN_007,1.084,25
1044,LOT_ATPG10,W01,D0006,0.84,0.99,PASS,NA,PAT_SCAN_010,1.002,25
1045,LOT_ATPG10,W01,D0006,0.84,1.05,PASS,NA,PAT_SCAN_004,0.92,25
1046,LOT_ATPG10,W01,D0006,0.84,1.12,PASS,NA,PAT_SCAN_010,0.88,25
1047,LOT_ATPG10,W01,D0006,0.84,1.18,PASS,NA,PAT_SCAN_009,0.868,25
1048,LOT_ATPG10,W01,D0006,0.84,1.24,PASS,NA,PAT_SCAN_009,0.771,25
1049,LOT_ATPG10,W01,D0006,0.84,1.31,PASS,NA,PAT_SCAN_009,0.748,25
1050,LOT_ATPG10,W01,D0006,0.84,1.37,PASS,NA,PAT_SCAN_010,0.73,25
1051,LOT_ATPG10,W01,D0006,0.84,1.43,FAIL,FREQ_MARGIN,PAT_SCAN_002,0.675,25
1052,LOT_ATPG10,W01,D0006,0.84,1.49,FAIL,FREQ_MARGIN,PAT_SCAN_004,0.651,25
1053,LOT_ATPG10,W01,D0006,0.84,1.56,FAIL,FREQ_MARGIN,PAT_SCAN_002,0.618,25
1054,LOT_ATPG10,W01,D0006,0.84,1.62,FAIL,FREQ_MARGIN,PAT_SCAN_010,0.58,25
1055,LOT_ATPG10,W01,D0006,0.84,1.68,FAIL,FREQ_MARGIN,PAT_SCAN_006,0.569,25
1056,LOT_ATPG10,W01,D0006,0.84,1.75,FAIL,FREQ_MARGIN,PAT_SCAN_005,0.584,25
1057,LOT_ATPG10,W01,D0006,0.84,1.81,FAIL,TIMING,PAT_SCAN_007,0.55,25
1058,LOT_ATPG10,W01,D0006,0.84,1.87,FAIL,FREQ_MARGIN,PAT_SCAN_004,0.52,25
1059,LOT_ATPG10,W01,D0006,0.84,1.94,FAIL,FREQ_MARGIN,PAT_SCAN_008,0.533,25
1060,LOT_ATPG10,W01,D0006,0.84,2.0,FAIL,FREQ_MARGIN,PAT_SCAN_004,0.497,25
1061,LOT_ATPG10,W01,D0006,0.88,0.8,PASS,NA,PAT_SCAN_008,1.254,25
1062,LOT_ATPG10,W01,D0006,0.88,0.86,PASS,NA,PAT_SCAN_004,1.13,25
1063,LOT_ATPG10,W01,D0006,0.88,0.93,PASS,NA,PAT_SCAN_002,1.105,25
1064,LOT_ATPG10,W01,D0006,0.88,0.99,PASS,NA,PAT_SCAN_004,1.006,25
1065,LOT_ATPG10,W01,D0006,0.88,1.05,PASS,NA,PAT_SCAN_002,0.926,25
1066,LOT_ATPG10,W01,D0006,0.88,1.12,PASS,NA,PAT_SCAN_010,0.928,25
1067,LOT_ATPG10,W01,D0006,0.88,1.18,PASS,NA,PAT_SCAN_002,0.832,25
1068,LOT_ATPG10,W01,D0006,0.88,1.24,PASS,NA,PAT_SCAN_006,0.788,25
1069,LOT_ATPG10,W01,D0006,0.88,1.31,PASS,NA,PAT_SCAN_009,0.776,25
1070,LOT_ATPG10,W01,D0006,0.88,1.37,PASS,NA,PAT_SCAN_002,0.701,25
1071,LOT_ATPG10,W01,D0006,0.88,1.43,PASS,NA,PAT_SCAN_002,0.685,25
1072,LOT_ATPG10,W01,D0006,0.88,1.49,PASS,NA,PAT_SCAN_006,0.671,25
1073,LOT_ATPG10,W01,D0006,0.88,1.56,FAIL,FREQ_MARGIN,PAT_SCAN_005,0.633,25
1074,LOT_ATPG10,W01,D0006,0.88,1.62,FAIL,TIMING,PAT_SCAN_007,0.579,25
1075,LOT_ATPG10,W01,D0006,0.88,1.68,FAIL,FREQ_MARGIN,PAT_SCAN_008,0.592,25
1076,LOT_ATPG10,W01,D0006,0.88,1.75,FAIL,TIMING,PAT_SCAN_007,0.568,25
1077,LOT_ATPG10,W01,D0006,0.88,1.81,FAIL,TIMING,PAT_SCAN_007,0.547,25
1078,LOT_ATPG10,W01,D0006,0.88,1.87,FAIL,FREQ_MARGIN,PAT_SCAN_008,0.516,25
1079,LOT_ATPG10,W01,D0006,0.88,1.94,FAIL,TIMING,PAT_SCAN_003,0.497,25
1080,LOT_ATPG10,W01,D0006,0.88,2.0,FAIL,TIMING,PAT_SCAN_003,0.511,25
1081,LOT_ATPG10,W01,D0006,0.93,0.8,PASS,NA,PAT_SCAN_005,1.274,25
1082,LOT_ATPG10,W01,D0006,0.93,0.86,PASS,NA,PAT_SCAN_008,1.155,25
1083,LOT_ATPG10,W01,D0006,0.93,0.93,PASS,NA,PAT_SCAN_008,1.092,25
1084,LOT_ATPG10,W01,D0006,0.93,0.99,PASS,NA,PAT_SCAN_007,0.982,25
1085,LOT_ATPG10,W01,D0006,0.93,1.05,PASS,NA,PAT_SCAN_003,0.952,25
1086,LOT_ATPG10,W01,D0006,0.93,1.12,PASS,NA,PAT_SCAN_009,0.918,25
1087,LOT_ATPG10,W01,D0006,0.93,1.18,PASS,NA,PAT_SCAN_001,0.853,25
1088,LOT_ATPG10,W01,D0006,0.93,1.24,PASS,NA,PAT_SCAN_007,0.8,25
1089,LOT_ATPG10,W01,D0006,0.93,1.31,PASS,NA,PAT_SCAN_002,0.759,25
1090,LOT_ATPG10,W01,D0006,0.93,1.37,PASS,NA,PAT_SCAN_009,0.714,25
1091,LOT_ATPG10,W01,D0006,0.93,1.43,PASS,NA,PAT_SCAN_006,0.683,25
1092,LOT_ATPG10,W01,D0006,0.93,1.49,PASS,NA,PAT_SCAN_001,0.695,25
1093,LOT_ATPG10,W01,D0006,0.93,1.56,PASS,NA,PAT_SCAN_007,0.63,25
1094,LOT_ATPG10,W01,D0006,0.93,1.62,PASS,NA,PAT_SCAN_006,0.589,25
1095,LOT_ATPG10,W01,D0006,0.93,1.68,FAIL,FREQ_MARGIN,PAT_SCAN_002,0.61,25
1096,LOT_ATPG10,W01,D0006,0.93,1.75,FAIL,TIMING,PAT_SCAN_003,0.58,25
1097,LOT_ATPG10,W01,D0006,0.93,1.81,FAIL,TIMING,PAT_SCAN_003,0.576,25
1098,LOT_ATPG10,W01,D0006,0.93,1.87,FAIL,FREQ_MARGIN,PAT_SCAN_009,0.497,25
1099,LOT_ATPG10,W01,D0006,0.93,1.94,FAIL,FREQ_MARGIN,PAT_SCAN_010,0.542,25
1100,LOT_ATPG10,W01,D0006,0.93,2.0,FAIL,FREQ_MARGIN,PAT_SCAN_004,0.5,25
1101,LOT_ATPG10,W01,D0006,0.97,0.8,PASS,NA,PAT_SCAN_003,1.247,25
1102,LOT_ATPG10,W01,D0006,0.97,0.86,PASS,NA,PAT_SCAN_004,1.154,25
1103,LOT_ATPG10,W01,D0006,0.97,0.93,PASS,NA,PAT_SCAN_003,1.069,25
1104,LOT_ATPG10,W01,D0006,0.97,0.99,PASS,NA,PAT_SCAN_007,0.997,25
1105,LOT_ATPG10,W01,D0006,0.97,1.05,PASS,NA,PAT_SCAN_007,0.973,25
1106,LOT_ATPG10,W01,D0006,0.97,1.12,PASS,NA,PAT_SCAN_010,0.85,25
1107,LOT_ATPG10,W01,D0006,0.97,1.18,PASS,NA,PAT_SCAN_003,0.857,25
1108,LOT_ATPG10,W01,D0006,0.97,1.24,PASS,NA,PAT_SCAN_008,0.797,25
1109,LOT_ATPG10,W01,D0006,0.97,1.31,PASS,NA,PAT_SCAN_008,0.747,25
1110,LOT_ATPG10,W01,D0006,0.97,1.37,PASS,NA,PAT_SCAN_006,0.717,25
1111,LOT_ATPG10,W01,D0006,0.97,1.43,PASS,NA,PAT_SCAN_001,0.755,25
1112,LOT_ATPG10,W01,D0006,0.97,1.49,PASS,NA,PAT_SCAN_006,0.674,25
1113,LOT_ATPG10,W01,D0006,0.97,1.56,PASS,NA,PAT_SCAN_009,0.623,25
1114,LOT_ATPG10,W01,D0006,0.97,1.62,PASS,NA,PAT_SCAN_009,0.618,25
1115,LOT_ATPG10,W01,D0006,0.97,1.68,PASS,NA,PAT_SCAN_007,0.592,25
1116,LOT_ATPG10,W01,D0006,0.97,1.75,PASS,NA,PAT_SCAN_008,0.588,25
1117,LOT_ATPG10,W01,D0006,0.97,1.81,FAIL,FREQ_MARGIN,PAT_SCAN_006,0.552,25
1118,LOT_ATPG10,W01,D0006,0.97,1.87,FAIL,FREQ_MARGIN,PAT_SCAN_001,0.525,25
1119,LOT_ATPG10,W01,D0006,0.97,1.94,FAIL,FREQ_MARGIN,PAT_SCAN_006,0.485,25
1120,LOT_ATPG10,W01,D0006,0.97,2.0,FAIL,FREQ_MARGIN,PAT_SCAN_010,0.472,25
1121,LOT_ATPG10,W01,D0006,1.02,0.8,PASS,NA,PAT_SCAN_002,1.24,25
1122,LOT_ATPG10,W01,D0006,1.02,0.86,PASS,NA,PAT_SCAN_008,1.204,25
1123,LOT_ATPG10,W01,D0006,1.02,0.93,PASS,NA,PAT_SCAN_004,1.099,25
1124,LOT_ATPG10,W01,D0006,1.02,0.99,PASS,NA,PAT_SCAN_002,1.051,25
1125,LOT_ATPG10,W01,D0006,1.02,1.05,PASS,NA,PAT_SCAN_005,0.962,25
1126,LOT_ATPG10,W01,D0006,1.02,1.12,PASS,NA,PAT_SCAN_003,0.903,25
1127,LOT_ATPG10,W01,D0006,1.02,1.18,PASS,NA,PAT_SCAN_001,0.859,25
1128,LOT_ATPG10,W01,D0006,1.02,1.24,PASS,NA,PAT_SCAN_007,0.805,25
1129,LOT_ATPG10,W01,D0006,1.02,1.31,PASS,NA,PAT_SCAN_006,0.785,25
1130,LOT_ATPG10,W01,D0006,1.02,1.37,PASS,NA,PAT_SCAN_009,0.71,25
1131,LOT_ATPG10,W01,D0006,1.02,1.43,PASS,NA,PAT_SCAN_004,0.702,25
1132,LOT_ATPG10,W01,D0006,1.02,1.49,PASS,NA,PAT_SCAN_003,0.672,25
1133,LOT_ATPG10,W01,D0006,1.02,1.56,PASS,NA,PAT_SCAN_001,0.665,25
1134,LOT_ATPG10,W01,D0006,1.02,1.62,PASS,NA,PAT_SCAN_005,0.643,25
1135,LOT_ATPG10,W01,D0006,1.02,1.68,PASS,NA,PAT_SCAN_010,0.578,25
1136,LOT_ATPG10,W01,D0006,1.02,1.75,PASS,NA,PAT_SCAN_009,0.588,25
1137,LOT_ATPG10,W01,D0006,1.02,1.81,PASS,NA,PAT_SCAN_002,0.547,25
1138,LOT_ATPG10,W01,D0006,1.02,1.87,PASS,NA,PAT_SCAN_009,0.525,25
1139,LOT_ATPG10,W01,D0006,1.02,1.94,PASS,NA,PAT_SCAN_006,0.525,25
1140,LOT_ATPG10,W01,D0006,1.02,2.0,FAIL,FREQ_MARGIN,PAT_SCAN_009,0.499,25
1141,LOT_ATPG10,W01,D0006,1.06,0.8,PASS,NA,PAT_SCAN_004,1.258,25
1142,LOT_ATPG10,W01,D0006,1.06,0.86,PASS,NA,PAT_SCAN_003,1.15,25
1143,LOT_ATPG10,W01,D0006,1.06,0.93,PASS,NA,PAT_SCAN_003,1.087,25
1144,LOT_ATPG10,W01,D0006,1.06,0.99,PASS,NA,PAT_SCAN_003,0.997,25
1145,LOT_ATPG10,W01,D0006,1.06,1.05,PASS,NA,PAT_SCAN_004,0.931,25
1146,LOT_ATPG10,W01,D0006,1.06,1.12,PASS,NA,PAT_SCAN_003,0.894,25
1147,LOT_ATPG10,W01,D0006,1.06,1.18,PASS,NA,PAT_SCAN_007,0.855,25
1148,LOT_ATPG10,W01,D0006,1.06,1.24,PASS,NA,PAT_SCAN_002,0.845,25
1149,LOT_ATPG10,W01,D0006,1.06,1.31,PASS,NA,PAT_SCAN_005,0.769,25
1150,LOT_ATPG10,W01,D0006,1.06,1.37,PASS,NA,PAT_SCAN_006,0.748,25
1151,LOT_ATPG10,W01,D0006,1.06,1.43,PASS,NA,PAT_SCAN_003,0.703,25
1152,LOT_ATPG10,W01,D0006,1.06,1.49,PASS,NA,PAT_SCAN_007,0.683,25
1153,LOT_ATPG10,W01,D0006,1.06,1.56,PASS,NA,PAT_SCAN_009,0.645,25
1154,LOT_ATPG10,W01,D0006,1.06,1.62,PASS,NA,PAT_SCAN_008,0.6,25
1155,LOT_ATPG10,W01,D0006,1.06,1.68,PASS,NA,PAT_SCAN_008,0.575,25
1156,LOT_ATPG10,W01,D0006,1.06,1.75,PASS,NA,PAT_SCAN_009,0.583,25
1157,LOT_ATPG10,W01,D0006,1.06,1.81,PASS,NA,PAT_SCAN_001,0.548,25
1158,LOT_ATPG10,W01,D0006,1.06,1.87,PASS,NA,PAT_SCAN_005,0.546,25
1159,LOT_ATPG10,W01,D0006,1.06,1.94,PASS,NA,PAT_SCAN_004,0.558,25
1160,LOT_ATPG10,W01,D0006,1.06,2.0,PASS,NA,PAT_SCAN_002,0.499,25
1161,LOT_ATPG10,W01,D0006,1.11,0.8,PASS,NA,PAT_SCAN_007,1.254,25
1162,LOT_ATPG10,W01,D0006,1.11,0.86,PASS,NA,PAT_SCAN_008,1.15,25
1163,LOT_ATPG10,W01,D0006,1.11,0.93,PASS,NA,PAT_SCAN_010,1.041,25
1164,LOT_ATPG10,W01,D0006,1.11,0.99,PASS,NA,PAT_SCAN_009,1.031,25
1165,LOT_ATPG10,W01,D0006,1.11,1.05,PASS,NA,PAT_SCAN_009,0.966,25
1166,LOT_ATPG10,W01,D0006,1.11,1.12,PASS,NA,PAT_SCAN_002,0.928,25
1167,LOT_ATPG10,W01,D0006,1.11,1.18,PASS,NA,PAT_SCAN_006,0.844,25
1168,LOT_ATPG10,W01,D0006,1.11,1.24,PASS,NA,PAT_SCAN_004,0.833,25
1169,LOT_ATPG10,W01,D0006,1.11,1.31,PASS,NA,PAT_SCAN_004,0.754,25
1170,LOT_ATPG10,W01,D0006,1.11,1.37,PASS,NA,PAT_SCAN_010,0.744,25
1171,LOT_ATPG10,W01,D0006,1.11,1.43,PASS,NA,PAT_SCAN_002,0.72,25
1172,LOT_ATPG10,W01,D0006,1.11,1.49,PASS,NA,PAT_SCAN_003,0.669,25
1173,LOT_ATPG10,W01,D0006,1.11,1.56,PASS,NA,PAT_SCAN_006,0.636,25
1174,LOT_ATPG10,W01,D0006,1.11,1.62,PASS,NA,PAT_SCAN_008,0.662,25
1175,LOT_ATPG10,W01,D0006,1.11,1.68,PASS,NA,PAT_SCAN_004,0.556,25
1176,LOT_ATPG10,W01,D0006,1.11,1.75,PASS,NA,PAT_SCAN_007,0.599,25
1177,LOT_ATPG10,W01,D0006,1.11,1.81,PASS,NA,PAT_SCAN_002,0.543,25
1178,LOT_ATPG10,W01,D0006,1.11,1.87,PASS,NA,PAT_SCAN_008,0.523,25
1179,LOT_ATPG10,W01,D0006,1.11,1.94,PASS,NA,PAT_SCAN_005,0.527,25
1180,LOT_ATPG10,W01,D0006,1.11,2.0,PASS,NA,PAT_SCAN_005,0.497,25
1181,LOT_ATPG10,W01,D0006,1.15,0.8,PASS,NA,PAT_SCAN_010,1.231,25
1182,LOT_ATPG10,W01,D0006,1.15,0.86,PASS,NA,PAT_SCAN_004,1.16,25
1183,LOT_ATPG10,W01,D0006,1.15,0.93,PASS,NA,PAT_SCAN_008,1.077,25
1184,LOT_ATPG10,W01,D0006,1.15,0.99,PASS,NA,PAT_SCAN_006,1.054,25
1185,LOT_ATPG10,W01,D0006,1.15,1.05,PASS,NA,PAT_SCAN_009,0.967,25
1186,LOT_ATPG10,W01,D0006,1.15,1.12,PASS,NA,PAT_SCAN_003,0.885,25
1187,LOT_ATPG10,W01,D0006,1.15,1.18,PASS,NA,PAT_SCAN_007,0.826,25
1188,LOT_ATPG10,W01,D0006,1.15,1.24,PASS,NA,PAT_SCAN_010,0.818,25
1189,LOT_ATPG10,W01,D0006,1.15,1.31,PASS,NA,PAT_SCAN_001,0.774,25
1190,LOT_ATPG10,W01,D0006,1.15,1.37,PASS,NA,PAT_SCAN_006,0.724,25
1191,LOT_ATPG10,W01,D0006,1.15,1.43,PASS,NA,PAT_SCAN_009,0.683,25
1192,LOT_ATPG10,W01,D0006,1.15,1.49,PASS,NA,PAT_SCAN_008,0.693,25
1193,LOT_ATPG10,W01,D0006,1.15,1.56,PASS,NA,PAT_SCAN_009,0.645,25
1194,LOT_ATPG10,W01,D0006,1.15,1.62,PASS,NA,PAT_SCAN_001,0.594,25
1195,LOT_ATPG10,W01,D0006,1.15,1.68,PASS,NA,PAT_SCAN_004,0.635,25
1196,LOT_ATPG10,W01,D0006,1.15,1.75,PASS,NA,PAT_SCAN_008,0.535,25
1197,LOT_ATPG10,W01,D0006,1.15,1.81,PASS,NA,PAT_SCAN_010,0.522,25
1198,LOT_ATPG10,W01,D0006,1.15,1.87,PASS,NA,PAT_SCAN_004,0.558,25
1199,LOT_ATPG10,W01,D0006,1.15,1.94,PASS,NA,PAT_SCAN_004,0.514,25
1200,LOT_ATPG10,W01,D0006,1.15,2.0,PASS,NA,PAT_SCAN_008,0.498,25
1201,LOT_ATPG10,W01,D0007,0.75,0.8,PASS,NA,PAT_SCAN_010,1.242,25
1202,LOT_ATPG10,W01,D0007,0.75,0.86,PASS,NA,PAT_SCAN_002,1.176,25
1203,LOT_ATPG10,W01,D0007,0.75,0.93,PASS,NA,PAT_SCAN_002,1.066,25
1204,LOT_ATPG10,W01,D0007,0.75,0.99,FAIL,FREQ_MARGIN,PAT_SCAN_008,0.992,25
1205,LOT_ATPG10,W01,D0007,0.75,1.05,FAIL,FREQ_MARGIN,PAT_SCAN_001,0.989,25
1206,LOT_ATPG10,W01,D0007,0.75,1.12,FAIL,TIMING,PAT_SCAN_007,0.899,25
1207,LOT_ATPG10,W01,D0007,0.75,1.18,FAIL,FREQ_MARGIN,PAT_SCAN_005,0.868,25
1208,LOT_ATPG10,W01,D0007,0.75,1.24,FAIL,FREQ_MARGIN,PAT_SCAN_001,0.824,25
1209,LOT_ATPG10,W01,D0007,0.75,1.31,FAIL,TIMING,PAT_SCAN_003,0.759,25
1210,LOT_ATPG10,W01,D0007,0.75,1.37,FAIL,FREQ_MARGIN,PAT_SCAN_002,0.733,25
1211,LOT_ATPG10,W01,D0007,0.75,1.43,FAIL,FREQ_MARGIN,PAT_SCAN_006,0.729,25
1212,LOT_ATPG10,W01,D0007,0.75,1.49,FAIL,FREQ_MARGIN,PAT_SCAN_004,0.683,25
1213,LOT_ATPG10,W01,D0007,0.75,1.56,FAIL,FREQ_MARGIN,PAT_SCAN_006,0.673,25
1214,LOT_ATPG10,W01,D0007,0.75,1.62,FAIL,TIMING,PAT_SCAN_003,0.634,25
1215,LOT_ATPG10,W01,D0007,0.75,1.68,FAIL,FREQ_MARGIN,PAT_SCAN_009,0.575,25
1216,LOT_ATPG10,W01,D0007,0.75,1.75,FAIL,FREQ_MARGIN,PAT_SCAN_008,0.578,25
1217,LOT_ATPG10,W01,D0007,0.75,1.81,FAIL,FREQ_MARGIN,PAT_SCAN_008,0.576,25
1218,LOT_ATPG10,W01,D0007,0.75,1.87,FAIL,TIMING,PAT_SCAN_003,0.58,25
1219,LOT_ATPG10,W01,D0007,0.75,1.94,FAIL,FREQ_MARGIN,PAT_SCAN_001,0.502,25
1220,LOT_ATPG10,W01,D0007,0.75,2.0,FAIL,FREQ_MARGIN,PAT_SCAN_002,0.513,25
1221,LOT_ATPG10,W01,D0007,0.79,0.8,PASS,NA,PAT_SCAN_007,1.248,25
1222,LOT_ATPG10,W01,D0007,0.79,0.86,PASS,NA,PAT_SCAN_007,1.152,25
1223,LOT_ATPG10,W01,D0007,0.79,0.93,PASS,NA,PAT_SCAN_002,1.097,25
1224,LOT_ATPG10,W01,D0007,0.79,0.99,PASS,NA,PAT_SCAN_010,1.027,25
1225,LOT_ATPG10,W01,D0007,0.79,1.05,PASS,NA,PAT_SCAN_002,0.98,25
1226,LOT_ATPG10,W01,D0007,0.79,1.12,FAIL,TIMING,PAT_SCAN_007,0.879,25
1227,LOT_ATPG10,W01,D0007,0.79,1.18,FAIL,FREQ_MARGIN,PAT_SCAN_004,0.871,25
1228,LOT_ATPG10,W01,D0007,0.79,1.24,FAIL,TIMING,PAT_SCAN_007,0.827,25
1229,LOT_ATPG10,W01,D0007,0.79,1.31,FAIL,FREQ_MARGIN,PAT_SCAN_002,0.721,25
1230,LOT_ATPG10,W01,D0007,0.79,1.37,FAIL,FREQ_MARGIN,PAT_SCAN_009,0.71,25
1231,LOT_ATPG10,W01,D0007,0.79,1.43,FAIL,FREQ_MARGIN,PAT_SCAN_002,0.716,25
1232,LOT_ATPG10,W01,D0007,0.79,1.49,FAIL,FREQ_MARGIN,PAT_SCAN_008,0.668,25
1233,LOT_ATPG10,W01,D0007,0.79,1.56,FAIL,FREQ_MARGIN,PAT_SCAN_010,0.644,25
1234,LOT_ATPG10,W01,D0007,0.79,1.62,FAIL,FREQ_MARGIN,PAT_SCAN_005,0.609,25
1235,LOT_ATPG10,W01,D0007,0.79,1.68,FAIL,TIMING,PAT_SCAN_007,0.631,25
1236,LOT_ATPG10,W01,D0007,0.79,1.75,FAIL,FREQ_MARGIN,PAT_SCAN_010,0.573,25
1237,LOT_ATPG10,W01,D0007,0.79,1.81,FAIL,FREQ_MARGIN,PAT_SCAN_006,0.573,25
1238,LOT_ATPG10,W01,D0007,0.79,1.87,FAIL,TIMING,PAT_SCAN_007,0.54,25
1239,LOT_ATPG10,W01,D0007,0.79,1.94,FAIL,FREQ_MARGIN,PAT_SCAN_002,0.54,25
1240,LOT_ATPG10,W01,D0007,0.79,2.0,FAIL,FREQ_MARGIN,PAT_SCAN_010,0.537,25
1241,LOT_ATPG10,W01,D0007,0.84,0.8,PASS,NA,PAT_SCAN_010,1.266,25
1242,LOT_ATPG10,W01,D0007,0.84,0.86,PASS,NA,PAT_SCAN_010,1.174,25
1243,LOT_ATPG10,W01,D0007,0.84,0.93,PASS,NA,PAT_SCAN_002,1.062,25
1244,LOT_ATPG10,W01,D0007,0.84,0.99,PASS,NA,PAT_SCAN_001,1.019,25
1245,LOT_ATPG10,W01,D0007,0.84,1.05,PASS,NA,PAT_SCAN_010,0.957,25
1246,LOT_ATPG10,W01,D0007,0.84,1.12,PASS,NA,PAT_SCAN_006,0.91,25
1247,LOT_ATPG10,W01,D0007,0.84,1.18,PASS,NA,PAT_SCAN_001,0.874,25
1248,LOT_ATPG10,W01,D0007,0.84,1.24,PASS,NA,PAT_SCAN_007,0.793,25
1249,LOT_ATPG10,W01,D0007,0.84,1.31,FAIL,TIMING,PAT_SCAN_003,0.744,25
1250,LOT_ATPG10,W01,D0007,0.84,1.37,FAIL,FREQ_MARGIN,PAT_SCAN_010,0.756,25
1251,LOT_ATPG10,W01,D0007,0.84,1.43,FAIL,FREQ_MARGIN,PAT_SCAN_009,0.68,25
1252,LOT_ATPG10,W01,D0007,0.84,1.49,FAIL,TIMING,PAT_SCAN_007,0.687,25
1253,LOT_ATPG10,W01,D0007,0.84,1.56,FAIL,FREQ_MARGIN,PAT_SCAN_009,0.604,25
1254,LOT_ATPG10,W01,D0007,0.84,1.62,FAIL,FREQ_MARGIN,PAT_SCAN_001,0.628,25
1255,LOT_ATPG10,W01,D0007,0.84,1.68,FAIL,FREQ_MARGIN,PAT_SCAN_005,0.642,25
1256,LOT_ATPG10,W01,D0007,0.84,1.75,FAIL,FREQ_MARGIN,PAT_SCAN_006,0.598,25
1257,LOT_ATPG10,W01,D0007,0.84,1.81,FAIL,FREQ_MARGIN,PAT_SCAN_002,0.52,25
1258,LOT_ATPG10,W01,D0007,0.84,1.87,FAIL,FREQ_MARGIN,PAT_SCAN_008,0.537,25
1259,LOT_ATPG10,W01,D0007,0.84,1.94,FAIL,TIMING,PAT_SCAN_007,0.515,25
1260,LOT_ATPG10,W01,D0007,0.84,2.0,FAIL,FREQ_MARGIN,PAT_SCAN_004,0.467,25
1261,LOT_ATPG10,W01,D0007,0.88,0.8,PASS,NA,PAT_SCAN_006,1.279,25
1262,LOT_ATPG10,W01,D0007,0.88,0.86,PASS,NA,PAT_SCAN_006,1.177,25
1263,LOT_ATPG10,W01,D0007,0.88,0.93,PASS,NA,PAT_SCAN_005,1.069,25
1264,LOT_ATPG10,W01,D0007,0.88,0.99,PASS,NA,PAT_SCAN_003,1.039,25
1265,LOT_ATPG10,W01,D0007,0.88,1.05,PASS,NA,PAT_SCAN_010,0.948,25
1266,LOT_ATPG10,W01,D0007,0.88,1.12,PASS,NA,PAT_SCAN_006,0.873,25
1267,LOT_ATPG10,W01,D0007,0.88,1.18,PASS,NA,PAT_SCAN_009,0.853,25
1268,LOT_ATPG10,W01,D0007,0.88,1.24,PASS,NA,PAT_SCAN_003,0.841,25
1269,LOT_ATPG10,W01,D0007,0.88,1.31,PASS,NA,PAT_SCAN_003,0.743,25
1270,LOT_ATPG10,W01,D0007,0.88,1.37,PASS,NA,PAT_SCAN_008,0.739,25
1271,LOT_ATPG10,W01,D0007,0.88,1.43,FAIL,FREQ_MARGIN,PAT_SCAN_001,0.715,25
1272,LOT_ATPG10,W01,D0007,0.88,1.49,FAIL,FREQ_MARGIN,PAT_SCAN_010,0.69,25
1273,LOT_ATPG10,W01,D0007,0.88,1.56,FAIL,FREQ_MARGIN,PAT_SCAN_001,0.664,25
1274,LOT_ATPG10,W01,D0007,0.88,1.62,FAIL,FREQ_MARGIN,PAT_SCAN_005,0.619,25
1275,LOT_ATPG10,W01,D0007,0.88,1.68,FAIL,TIMING,PAT_SCAN_007,0.602,25
1276,LOT_ATPG10,W01,D0007,0.88,1.75,FAIL,FREQ_MARGIN,PAT_SCAN_006,0.568,25
1277,LOT_ATPG10,W01,D0007,0.88,1.81,FAIL,FREQ_MARGIN,PAT_SCAN_001,0.556,25
1278,LOT_ATPG10,W01,D0007,0.88,1.87,FAIL,FREQ_MARGIN,PAT_SCAN_008,0.529,25
1279,LOT_ATPG10,W01,D0007,0.88,1.94,FAIL,FREQ_MARGIN,PAT_SCAN_005,0.524,25
1280,LOT_ATPG10,W01,D0007,0.88,2.0,FAIL,FREQ_MARGIN,PAT_SCAN_004,0.514,25
1281,LOT_ATPG10,W01,D0007,0.93,0.8,PASS,NA,PAT_SCAN_008,1.249,25
1282,LOT_ATPG10,W01,D0007,0.93,0.86,PASS,NA,PAT_SCAN_010,1.134,25
1283,LOT_ATPG10,W01,D0007,0.93,0.93,PASS,NA,PAT_SCAN_009,1.067,25
1284,LOT_ATPG10,W01,D0007,0.93,0.99,PASS,NA,PAT_SCAN_008,1.007,25
1285,LOT_ATPG10,W01,D0007,0.93,1.05,PASS,NA,PAT_SCAN_006,0.91,25
1286,LOT_ATPG10,W01,D0007,0.93,1.12,PASS,NA,PAT_SCAN_002,0.919,25
1287,LOT_ATPG10,W01,D0007,0.93,1.18,PASS,NA,PAT_SCAN_008,0.878,25
1288,LOT_ATPG10,W01,D0007,0.93,1.24,PASS,NA,PAT_SCAN_010,0.833,25
1289,LOT_ATPG10,W01,D0007,0.93,1.31,PASS,NA,PAT_SCAN_007,0.757,25
1290,LOT_ATPG10,W01,D0007,0.93,1.37,PASS,NA,PAT_SCAN_003,0.74,25
1291,LOT_ATPG10,W01,D0007,0.93,1.43,PASS,NA,PAT_SCAN_003,0.698,25
1292,LOT_ATPG10,W01,D0007,0.93,1.49,PASS,NA,PAT_SCAN_007,0.671,25
1293,LOT_ATPG10,W01,D0007,0.93,1.56,FAIL,FREQ_MARGIN,PAT_SCAN_008,0.652,25
1294,LOT_ATPG10,W01,D0007,0.93,1.62,FAIL,FREQ_MARGIN,PAT_SCAN_004,0.657,25
1295,LOT_ATPG10,W01,D0007,0.93,1.68,FAIL,TIMING,PAT_SCAN_003,0.623,25
1296,LOT_ATPG10,W01,D0007,0.93,1.75,FAIL,FREQ_MARGIN,PAT_SCAN_008,0.581,25
1297,LOT_ATPG10,W01,D0007,0.93,1.81,FAIL,FREQ_MARGIN,PAT_SCAN_001,0.547,25
1298,LOT_ATPG10,W01,D0007,0.93,1.87,FAIL,FREQ_MARGIN,PAT_SCAN_002,0.533,25
1299,LOT_ATPG10,W01,D0007,0.93,1.94,FAIL,FREQ_MARGIN,PAT_SCAN_009,0.525,25
1300,LOT_ATPG10,W01,D0007,0.93,2.0,FAIL,FREQ_MARGIN,PAT_SCAN_008,0.511,25
1301,LOT_ATPG10,W01,D0007,0.97,0.8,PASS,NA,PAT_SCAN_007,1.219,25
1302,LOT_ATPG10,W01,D0007,0.97,0.86,PASS,NA,PAT_SCAN_007,1.183,25
1303,LOT_ATPG10,W01,D0007,0.97,0.93,PASS,NA,PAT_SCAN_009,1.08,25
1304,LOT_ATPG10,W01,D0007,0.97,0.99,PASS,NA,PAT_SCAN_006,1.049,25
1305,LOT_ATPG10,W01,D0007,0.97,1.05,PASS,NA,PAT_SCAN_009,0.952,25
1306,LOT_ATPG10,W01,D0007,0.97,1.12,PASS,NA,PAT_SCAN_001,0.885,25
1307,LOT_ATPG10,W01,D0007,0.97,1.18,PASS,NA,PAT_SCAN_003,0.858,25
1308,LOT_ATPG10,W01,D0007,0.97,1.24,PASS,NA,PAT_SCAN_001,0.782,25
1309,LOT_ATPG10,W01,D0007,0.97,1.31,PASS,NA,PAT_SCAN_008,0.77,25
1310,LOT_ATPG10,W01,D0007,0.97,1.37,PASS,NA,PAT_SCAN_008,0.722,25
1311,LOT_ATPG10,W01,D0007,0.97,1.43,PASS,NA,PAT_SCAN_001,0.715,25
1312,LOT_ATPG10,W01,D0007,0.97,1.49,PASS,NA,PAT_SCAN_009,0.654,25
1313,LOT_ATPG10,W01,D0007,0.97,1.56,PASS,NA,PAT_SCAN_005,0.663,25
1314,LOT_ATPG10,W01,D0007,0.97,1.62,PASS,NA,PAT_SCAN_009,0.614,25
1315,LOT_ATPG10,W01,D0007,0.97,1.68,PASS,NA,PAT_SCAN_001,0.583,25
1316,LOT_ATPG10,W01,D0007,0.97,1.75,FAIL,FREQ_MARGIN,PAT_SCAN_008,0.544,25
1317,LOT_ATPG10,W01,D0007,0.97,1.81,FAIL,TIMING,PAT_SCAN_003,0.558,25
1318,LOT_ATPG10,W01,D0007,0.97,1.87,FAIL,FREQ_MARGIN,PAT_SCAN_009,0.515,25
1319,LOT_ATPG10,W01,D0007,0.97,1.94,FAIL,TIMING,PAT_SCAN_007,0.519,25
1320,LOT_ATPG10,W01,D0007,0.97,2.0,FAIL,TIMING,PAT_SCAN_003,0.505,25
1321,LOT_ATPG10,W01,D0007,1.02,0.8,PASS,NA,PAT_SCAN_008,1.264,25
1322,LOT_ATPG10,W01,D0007,1.02,0.86,PASS,NA,PAT_SCAN_005,1.137,25
1323,LOT_ATPG10,W01,D0007,1.02,0.93,PASS,NA,PAT_SCAN_007,1.079,25
1324,LOT_ATPG10,W01,D0007,1.02,0.99,PASS,NA,PAT_SCAN_009,1.005,25
1325,LOT_ATPG10,W01,D0007,1.02,1.05,PASS,NA,PAT_SCAN_001,0.948,25
1326,LOT_ATPG10,W01,D0007,1.02,1.12,PASS,NA,PAT_SCAN_004,0.858,25
1327,LOT_ATPG10,W01,D0007,1.02,1.18,PASS,NA,PAT_SCAN_001,0.833,25
1328,LOT_ATPG10,W01,D0007,1.02,1.24,PASS,NA,PAT_SCAN_005,0.758,25
1329,LOT_ATPG10,W01,D0007,1.02,1.31,PASS,NA,PAT_SCAN_005,0.778,25
1330,LOT_ATPG10,W01,D0007,1.02,1.37,PASS,NA,PAT_SCAN_009,0.735,25
1331,LOT_ATPG10,W01,D0007,1.02,1.43,PASS,NA,PAT_SCAN_003,0.683,25
1332,LOT_ATPG10,W01,D0007,1.02,1.49,PASS,NA,PAT_SCAN_009,0.637,25
1333,LOT_ATPG10,W01,D0007,1.02,1.56,PASS,NA,PAT_SCAN_003,0.636,25
1334,LOT_ATPG10,W01,D0007,1.02,1.62,PASS,NA,PAT_SCAN_003,0.629,25
1335,LOT_ATPG10,W01,D0007,1.02,1.68,PASS,NA,PAT_SCAN_010,0.577,25
1336,LOT_ATPG10,W01,D0007,1.02,1.75,PASS,NA,PAT_SCAN_009,0.565,25
1337,LOT_ATPG10,W01,D0007,1.02,1.81,PASS,NA,PAT_SCAN_010,0.555,25
1338,LOT_ATPG10,W01,D0007,1.02,1.87,FAIL,FREQ_MARGIN,PAT_SCAN_008,0.528,25
1339,LOT_ATPG10,W01,D0007,1.02,1.94,FAIL,FREQ_MARGIN,PAT_SCAN_005,0.498,25
1340,LOT_ATPG10,W01,D0007,1.02,2.0,FAIL,FREQ_MARGIN,PAT_SCAN_009,0.487,25
1341,LOT_ATPG10,W01,D0007,1.06,0.8,PASS,NA,PAT_SCAN_002,1.251,25
1342,LOT_ATPG10,W01,D0007,1.06,0.86,PASS,NA,PAT_SCAN_009,1.126,25
1343,LOT_ATPG10,W01,D0007,1.06,0.93,PASS,NA,PAT_SCAN_001,1.086,25
1344,LOT_ATPG10,W01,D0007,1.06,0.99,PASS,NA,PAT_SCAN_003,0.993,25
1345,LOT_ATPG10,W01,D0007,1.06,1.05,PASS,NA,PAT_SCAN_005,0.966,25
1346,LOT_ATPG10,W01,D0007,1.06,1.12,PASS,NA,PAT_SCAN_004,0.895,25
1347,LOT_ATPG10,W01,D0007,1.06,1.18,PASS,NA,PAT_SCAN_009,0.864,25
1348,LOT_ATPG10,W01,D0007,1.06,1.24,PASS,NA,PAT_SCAN_010,0.826,25
1349,LOT_ATPG10,W01,D0007,1.06,1.31,PASS,NA,PAT_SCAN_005,0.783,25
1350,LOT_ATPG10,W01,D0007,1.06,1.37,PASS,NA,PAT_SCAN_004,0.741,25
1351,LOT_ATPG10,W01,D0007,1.06,1.43,PASS,NA,PAT_SCAN_009,0.663,25
1352,LOT_ATPG10,W01,D0007,1.06,1.49,PASS,NA,PAT_SCAN_005,0.705,25
1353,LOT_ATPG10,W01,D0007,1.06,1.56,PASS,NA,PAT_SCAN_005,0.648,25
1354,LOT_ATPG10,W01,D0007,1.06,1.62,PASS,NA,PAT_SCAN_010,0.643,25
1355,LOT_ATPG10,W01,D0007,1.06,1.68,PASS,NA,PAT_SCAN_002,0.618,25
1356,LOT_ATPG10,W01,D0007,1.06,1.75,PASS,NA,PAT_SCAN_003,0.569,25
1357,LOT_ATPG10,W01,D0007,1.06,1.81,PASS,NA,PAT_SCAN_001,0.535,25
1358,LOT_ATPG10,W01,D0007,1.06,1.87,PASS,NA,PAT_SCAN_010,0.523,25
1359,LOT_ATPG10,W01,D0007,1.06,1.94,PASS,NA,PAT_SCAN_006,0.481,25
1360,LOT_ATPG10,W01,D0007,1.06,2.0,FAIL,FREQ_MARGIN,PAT_SCAN_010,0.52,25
1361,LOT_ATPG10,W01,D0007,1.11,0.8,PASS,NA,PAT_SCAN_002,1.24,25
1362,LOT_ATPG10,W01,D0007,1.11,0.86,PASS,NA,PAT_SCAN_004,1.158,25
1363,LOT_ATPG10,W01,D0007,1.11,0.93,PASS,NA,PAT_SCAN_008,1.069,25
1364,LOT_ATPG10,W01,D0007,1.11,0.99,PASS,NA,PAT_SCAN_010,1.01,25
1365,LOT_ATPG10,W01,D0007,1.11,1.05,PASS,NA,PAT_SCAN_002,0.959,25
1366,LOT_ATPG10,W01,D0007,1.11,1.12,PASS,NA,PAT_SCAN_010,0.888,25
1367,LOT_ATPG10,W01,D0007,1.11,1.18,PASS,NA,PAT_SCAN_009,0.827,25
1368,LOT_ATPG10,W01,D0007,1.11,1.24,PASS,NA,PAT_SCAN_007,0.841,25
1369,LOT_ATPG10,W01,D0007,1.11,1.31,PASS,NA,PAT_SCAN_002,0.775,25
1370,LOT_ATPG10,W01,D0007,1.11,1.37,PASS,NA,PAT_SCAN_006,0.748,25
1371,LOT_ATPG10,W01,D0007,1.11,1.43,PASS,NA,PAT_SCAN_010,0.684,25
1372,LOT_ATPG10,W01,D0007,1.11,1.49,PASS,NA,PAT_SCAN_004,0.667,25
1373,LOT_ATPG10,W01,D0007,1.11,1.56,PASS,NA,PAT_SCAN_004,0.635,25
1374,LOT_ATPG10,W01,D0007,1.11,1.62,PASS,NA,PAT_SCAN_004,0.62,25
1375,LOT_ATPG10,W01,D0007,1.11,1.68,PASS,NA,PAT_SCAN_010,0.594,25
1376,LOT_ATPG10,W01,D0007,1.11,1.75,PASS,NA,PAT_SCAN_001,0.589,25
1377,LOT_ATPG10,W01,D0007,1.11,1.81,PASS,NA,PAT_SCAN_008,0.581,25
1378,LOT_ATPG10,W01,D0007,1.11,1.87,PASS,NA,PAT_SCAN_008,0.556,25
1379,LOT_ATPG10,W01,D0007,1.11,1.94,PASS,NA,PAT_SCAN_004,0.483,25
1380,LOT_ATPG10,W01,D0007,1.11,2.0,PASS,NA,PAT_SCAN_010,0.485,25
1381,LOT_ATPG10,W01,D0007,1.15,0.8,PASS,NA,PAT_SCAN_005,1.258,25
1382,LOT_ATPG10,W01,D0007,1.15,0.86,PASS,NA,PAT_SCAN_001,1.158,25
1383,LOT_ATPG10,W01,D0007,1.15,0.93,PASS,NA,PAT_SCAN_001,1.084,25
1384,LOT_ATPG10,W01,D0007,1.15,0.99,PASS,NA,PAT_SCAN_003,1.041,25
1385,LOT_ATPG10,W01,D0007,1.15,1.05,PASS,NA,PAT_SCAN_009,0.963,25
1386,LOT_ATPG10,W01,D0007,1.15,1.12,PASS,NA,PAT_SCAN_002,0.887,25
1387,LOT_ATPG10,W01,D0007,1.15,1.18,PASS,NA,PAT_SCAN_005,0.811,25
1388,LOT_ATPG10,W01,D0007,1.15,1.24,PASS,NA,PAT_SCAN_006,0.788,25
1389,LOT_ATPG10,W01,D0007,1.15,1.31,PASS,NA,PAT_SCAN_007,0.733,25
1390,LOT_ATPG10,W01,D0007,1.15,1.37,PASS,NA,PAT_SCAN_008,0.74,25
1391,LOT_ATPG10,W01,D0007,1.15,1.43,PASS,NA,PAT_SCAN_003,0.712,25
1392,LOT_ATPG10,W01,D0007,1.15,1.49,PASS,NA,PAT_SCAN_002,0.633,25
1393,LOT_ATPG10,W01,D0007,1.15,1.56,PASS,NA,PAT_SCAN_005,0.645,25
1394,LOT_ATPG10,W01,D0007,1.15,1.62,PASS,NA,PAT_SCAN_006,0.63,25
1395,LOT_ATPG10,W01,D0007,1.15,1.68,PASS,NA,PAT_SCAN_002,0.61,25
1396,LOT_ATPG10,W01,D0007,1.15,1.75,PASS,NA,PAT_SCAN_009,0.586,25
1397,LOT_ATPG10,W01,D0007,1.15,1.81,PASS,NA,PAT_SCAN_001,0.587,25
1398,LOT_ATPG10,W01,D0007,1.15,1.87,PASS,NA,PAT_SCAN_007,0.55,25
1399,LOT_ATPG10,W01,D0007,1.15,1.94,PASS,NA,PAT_SCAN_002,0.54,25
1400,LOT_ATPG10,W01,D0007,1.15,2.0,PASS,NA,PAT_SCAN_007,0.504,25
1401,LOT_ATPG10,W01,D0008,0.75,0.8,PASS,NA,PAT_SCAN_007,1.198,25
1402,LOT_ATPG10,W01,D0008,0.75,0.86,PASS,NA,PAT_SCAN_003,1.164,25
1403,LOT_ATPG10,W01,D0008,0.75,0.93,FAIL,FREQ_MARGIN,PAT_SCAN_004,1.087,25
1404,LOT_ATPG10,W01,D0008,0.75,0.99,FAIL,TIMING,PAT_SCAN_003,0.981,25
1405,LOT_ATPG10,W01,D0008,0.75,1.05,FAIL,FREQ_MARGIN,PAT_SCAN_004,0.921,25
1406,LOT_ATPG10,W01,D0008,0.75,1.12,FAIL,TIMING,PAT_SCAN_007,0.893,25
1407,LOT_ATPG10,W01,D0008,0.75,1.18,FAIL,FREQ_MARGIN,PAT_SCAN_006,0.824,25
1408,LOT_ATPG10,W01,D0008,0.75,1.24,FAIL,FREQ_MARGIN,PAT_SCAN_001,0.822,25
1409,LOT_ATPG10,W01,D0008,0.75,1.31,FAIL,FREQ_MARGIN,PAT_SCAN_004,0.762,25
1410,LOT_ATPG10,W01,D0008,0.75,1.37,FAIL,FREQ_MARGIN,PAT_SCAN_009,0.77,25
1411,LOT_ATPG10,W01,D0008,0.75,1.43,FAIL,FREQ_MARGIN,PAT_SCAN_006,0.69,25
1412,LOT_ATPG10,W01,D0008,0.75,1.49,FAIL,FREQ_MARGIN,PAT_SCAN_001,0.674,25
1413,LOT_ATPG10,W01,D0008,0.75,1.56,FAIL,FREQ_MARGIN,PAT_SCAN_004,0.646,25
1414,LOT_ATPG10,W01,D0008,0.75,1.62,FAIL,FREQ_MARGIN,PAT_SCAN_005,0.626,25
1415,LOT_ATPG10,W01,D0008,0.75,1.68,FAIL,TIMING,PAT_SCAN_007,0.608,25
1416,LOT_ATPG10,W01,D0008,0.75,1.75,FAIL,FREQ_MARGIN,PAT_SCAN_006,0.587,25
1417,LOT_ATPG10,W01,D0008,0.75,1.81,FAIL,FREQ_MARGIN,PAT_SCAN_002,0.521,25
1418,LOT_ATPG10,W01,D0008,0.75,1.87,FAIL,TIMING,PAT_SCAN_003,0.53,25
1419,LOT_ATPG10,W01,D0008,0.75,1.94,FAIL,TIMING,PAT_SCAN_003,0.468,25
1420,LOT_ATPG10,W01,D0008,0.75,2.0,FAIL,FREQ_MARGIN,PAT_SCAN_010,0.503,25
1421,LOT_ATPG10,W01,D0008,0.79,0.8,PASS,NA,PAT_SCAN_005,1.264,25
1422,LOT_ATPG10,W01,D0008,0.79,0.86,PASS,NA,PAT_SCAN_005,1.133,25
1423,LOT_ATPG10,W01,D0008,0.79,0.93,PASS,NA,PAT_SCAN_009,1.066,25
1424,LOT_ATPG10,W01,D0008,0.79,0.99,PASS,NA,PAT_SCAN_010,1.009,25
1425,LOT_ATPG10,W01,D0008,0.79,1.05,FAIL,FREQ_MARGIN,PAT_SCAN_010,0.952,25
1426,LOT_ATPG10,W01,D0008,0.79,1.12,FAIL,FREQ_MARGIN,PAT_SCAN_005,0.888,25
1427,LOT_ATPG10,W01,D0008,0.79,1.18,FAIL,TIMING,PAT_SCAN_003,0.859,25
1428,LOT_ATPG10,W01,D0008,0.79,1.24,FAIL,FREQ_MARGIN,PAT_SCAN_009,0.802,25
1429,LOT_ATPG10,W01,D0008,0.79,1.31,FAIL,FREQ_MARGIN,PAT_SCAN_010,0.741,25
1430,LOT_ATPG10,W01,D0008,0.79,1.37,FAIL,FREQ_MARGIN,PAT_SCAN_010,0.738,25
1431,LOT_ATPG10,W01,D0008,0.79,1.43,FAIL,FREQ_MARGIN,PAT_SCAN_004,0.693,25
1432,LOT_ATPG10,W01,D0008,0.79,1.49,FAIL,FREQ_MARGIN,PAT_SCAN_004,0.663,25
1433,LOT_ATPG10,W01,D0008,0.79,1.56,FAIL,FREQ_MARGIN,PAT_SCAN_009,0.667,25
1434,LOT_ATPG10,W01,D0008,0.79,1.62,FAIL,FREQ_MARGIN,PAT_SCAN_010,0.561,25
1435,LOT_ATPG10,W01,D0008,0.79,1.68,FAIL,FREQ_MARGIN,PAT_SCAN_008,0.612,25
1436,LOT_ATPG10,W01,D0008,0.79,1.75,FAIL,TIMING,PAT_SCAN_003,0.567,25
1437,LOT_ATPG10,W01,D0008,0.79,1.81,FAIL,FREQ_MARGIN,PAT_SCAN_005,0.572,25
1438,LOT_ATPG10,W01,D0008,0.79,1.87,FAIL,FREQ_MARGIN,PAT_SCAN_010,0.535,25
1439,LOT_ATPG10,W01,D0008,0.79,1.94,FAIL,FREQ_MARGIN,PAT_SCAN_006,0.507,25
1440,LOT_ATPG10,W01,D0008,0.79,2.0,FAIL,FREQ_MARGIN,PAT_SCAN_001,0.509,25
1441,LOT_ATPG10,W01,D0008,0.84,0.8,PASS,NA,PAT_SCAN_008,1.226,25
1442,LOT_ATPG10,W01,D0008,0.84,0.86,PASS,NA,PAT_SCAN_003,1.171,25
1443,LOT_ATPG10,W01,D0008,0.84,0.93,PASS,NA,PAT_SCAN_008,1.037,25
1444,LOT_ATPG10,W01,D0008,0.84,0.99,PASS,NA,PAT_SCAN_005,1.009,25
1445,LOT_ATPG10,W01,D0008,0.84,1.05,PASS,NA,PAT_SCAN_009,0.952,25
1446,LOT_ATPG10,W01,D0008,0.84,1.12,PASS,NA,PAT_SCAN_006,0.887,25
1447,LOT_ATPG10,W01,D0008,0.84,1.18,FAIL,FREQ_MARGIN,PAT_SCAN_009,0.843,25
1448,LOT_ATPG10,W01,D0008,0.84,1.24,FAIL,FREQ_MARGIN,PAT_SCAN_005,0.824,25
1449,LOT_ATPG10,W01,D0008,0.84,1.31,FAIL,FREQ_MARGIN,PAT_SCAN_006,0.753,25
1450,LOT_ATPG10,W01,D0008,0.84,1.37,FAIL,FREQ_MARGIN,PAT_SCAN_008,0.717,25
1451,LOT_ATPG10,W01,D0008,0.84,1.43,FAIL,FREQ_MARGIN,PAT_SCAN_008,0.702,25
1452,LOT_ATPG10,W01,D0008,0.84,1.49,FAIL,FREQ_MARGIN,PAT_SCAN_008,0.673,25
1453,LOT_ATPG10,W01,D0008,0.84,1.56,FAIL,TIMING,PAT_SCAN_003,0.639,25
1454,LOT_ATPG10,W01,D0008,0.84,1.62,FAIL,FREQ_MARGIN,PAT_SCAN_005,0.635,25
1455,LOT_ATPG10,W01,D0008,0.84,1.68,FAIL,TIMING,PAT_SCAN_003,0.575,25
1456,LOT_ATPG10,W01,D0008,0.84,1.75,FAIL,FREQ_MARGIN,PAT_SCAN_001,0.608,25
1457,LOT_ATPG10,W01,D0008,0.84,1.81,FAIL,FREQ_MARGIN,PAT_SCAN_001,0.586,25
1458,LOT_ATPG10,W01,D0008,0.84,1.87,FAIL,FREQ_MARGIN,PAT_SCAN_006,0.525,25
1459,LOT_ATPG10,W01,D0008,0.84,1.94,FAIL,FREQ_MARGIN,PAT_SCAN_010,0.512,25
1460,LOT_ATPG10,W01,D0008,0.84,2.0,FAIL,FREQ_MARGIN,PAT_SCAN_005,0.459,25
1461,LOT_ATPG10,W01,D0008,0.88,0.8,PASS,NA,PAT_SCAN_002,1.238,25
1462,LOT_ATPG10,W01,D0008,0.88,0.86,PASS,NA,PAT_SCAN_004,1.144,25
1463,LOT_ATPG10,W01,D0008,0.88,0.93,PASS,NA,PAT_SCAN_007,1.102,25
1464,LOT_ATPG10,W01,D0008,0.88,0.99,PASS,NA,PAT_SCAN_002,0.96,25
1465,LOT_ATPG10,W01,D0008,0.88,1.05,PASS,NA,PAT_SCAN_004,0.969,25
1466,LOT_ATPG10,W01,D0008,0.88,1.12,PASS,NA,PAT_SCAN_001,0.886,25
1467,LOT_ATPG10,W01,D0008,0.88,1.18,PASS,NA,PAT_SCAN_005,0.889,25
1468,LOT_ATPG10,W01,D0008,0.88,1.24,PASS,NA,PAT_SCAN_006,0.803,25
1469,LOT_ATPG10,W01,D0008,0.88,1.31,FAIL,FREQ_MARGIN,PAT_SCAN_006,0.761,25
1470,LOT_ATPG10,W01,D0008,0.88,1.37,FAIL,TIMING,PAT_SCAN_003,0.744,25
1471,LOT_ATPG10,W01,D0008,0.88,1.43,FAIL,FREQ_MARGIN,PAT_SCAN_009,0.705,25
1472,LOT_ATPG10,W01,D0008,0.88,1.49,FAIL,FREQ_MARGIN,PAT_SCAN_002,0.657,25
1473,LOT_ATPG10,W01,D0008,0.88,1.56,FAIL,FREQ_MARGIN,PAT_SCAN_005,0.667,25
1474,LOT_ATPG10,W01,D0008,0.88,1.62,FAIL,FREQ_MARGIN,PAT_SCAN_009,0.637,25
1475,LOT_ATPG10,W01,D0008,0.88,1.68,FAIL,TIMING,PAT_SCAN_007,0.619,25
1476,LOT_ATPG10,W01,D0008,0.88,1.75,FAIL,FREQ_MARGIN,PAT_SCAN_005,0.594,25
1477,LOT_ATPG10,W01,D0008,0.88,1.81,FAIL,FREQ_MARGIN,PAT_SCAN_001,0.586,25
1478,LOT_ATPG10,W01,D0008,0.88,1.87,FAIL,FREQ_MARGIN,PAT_SCAN_005,0.53,25
1479,LOT_ATPG10,W01,D0008,0.88,1.94,FAIL,FREQ_MARGIN,PAT_SCAN_006,0.515,25
1480,LOT_ATPG10,W01,D0008,0.88,2.0,FAIL,TIMING,PAT_SCAN_003,0.49,25
1481,LOT_ATPG10,W01,D0008,0.93,0.8,PASS,NA,PAT_SCAN_004,1.258,25
1482,LOT_ATPG10,W01,D0008,0.93,0.86,PASS,NA,PAT_SCAN_006,1.175,25
1483,LOT_ATPG10,W01,D0008,0.93,0.93,PASS,NA,PAT_SCAN_006,1.058,25
1484,LOT_ATPG10,W01,D0008,0.93,0.99,PASS,NA,PAT_SCAN_007,0.989,25
1485,LOT_ATPG10,W01,D0008,0.93,1.05,PASS,NA,PAT_SCAN_007,0.925,25
1486,LOT_ATPG10,W01,D0008,0.93,1.12,PASS,NA,PAT_SCAN_010,0.887,25
1487,LOT_ATPG10,W01,D0008,0.93,1.18,PASS,NA,PAT_SCAN_006,0.836,25
1488,LOT_ATPG10,W01,D0008,0.93,1.24,PASS,NA,PAT_SCAN_001,0.786,25
1489,LOT_ATPG10,W01,D0008,0.93,1.31,PASS,NA,PAT_SCAN_003,0.744,25
1490,LOT_ATPG10,W01,D0008,0.93,1.37,PASS,NA,PAT_SCAN_003,0.745,25
1491,LOT_ATPG10,W01,D0008,0.93,1.43,PASS,NA,PAT_SCAN_008,0.68,25
1492,LOT_ATPG10,W01,D0008,0.93,1.49,FAIL,FREQ_MARGIN,PAT_SCAN_006,0.682,25
1493,LOT_ATPG10,W01,D0008,0.93,1.56,FAIL,TIMING,PAT_SCAN_007,0.657,25
1494,LOT_ATPG10,W01,D0008,0.93,1.62,FAIL,FREQ_MARGIN,PAT_SCAN_009,0.674,25
1495,LOT_ATPG10,W01,D0008,0.93,1.68,FAIL,TIMING,PAT_SCAN_003,0.568,25
1496,LOT_ATPG10,W01,D0008,0.93,1.75,FAIL,FREQ_MARGIN,PAT_SCAN_009,0.539,25
1497,LOT_ATPG10,W01,D0008,0.93,1.81,FAIL,FREQ_MARGIN,PAT_SCAN_009,0.548,25
1498,LOT_ATPG10,W01,D0008,0.93,1.87,FAIL,TIMING,PAT_SCAN_007,0.553,25
1499,LOT_ATPG10,W01,D0008,0.93,1.94,FAIL,FREQ_MARGIN,PAT_SCAN_010,0.539,25
1500,LOT_ATPG10,W01,D0008,0.93,2.0,FAIL,FREQ_MARGIN,PAT_SCAN_009,0.506,25
1501,LOT_ATPG10,W01,D0008,0.97,0.8,PASS,NA,PAT_SCAN_007,1.237,25
1502,LOT_ATPG10,W01,D0008,0.97,0.86,PASS,NA,PAT_SCAN_009,1.169,25
1503,LOT_ATPG10,W01,D0008,0.97,0.93,PASS,NA,PAT_SCAN_010,1.084,25
1504,LOT_ATPG10,W01,D0008,0.97,0.99,PASS,NA,PAT_SCAN_008,1.003,25
1505,LOT_ATPG10,W01,D0008,0.97,1.05,PASS,NA,PAT_SCAN_003,0.936,25
1506,LOT_ATPG10,W01,D0008,0.97,1.12,PASS,NA,PAT_SCAN_006,0.883,25
1507,LOT_ATPG10,W01,D0008,0.97,1.18,PASS,NA,PAT_SCAN_001,0.832,25
1508,LOT_ATPG10,W01,D0008,0.97,1.24,PASS,NA,PAT_SCAN_009,0.797,25
1509,LOT_ATPG10,W01,D0008,0.97,1.31,PASS,NA,PAT_SCAN_003,0.745,25
1510,LOT_ATPG10,W01,D0008,0.97,1.37,PASS,NA,PAT_SCAN_008,0.744,25
1511,LOT_ATPG10,W01,D0008,0.97,1.43,PASS,NA,PAT_SCAN_007,0.718,25
1512,LOT_ATPG10,W01,D0008,0.97,1.49,PASS,NA,PAT_SCAN_009,0.671,25
1513,LOT_ATPG10,W01,D0008,0.97,1.56,PASS,NA,PAT_SCAN_002,0.647,25
1514,LOT_ATPG10,W01,D0008,0.97,1.62,FAIL,FREQ_MARGIN,PAT_SCAN_002,0.624,25
1515,LOT_ATPG10,W01,D0008,0.97,1.68,FAIL,FREQ_MARGIN,PAT_SCAN_006,0.62,25
1516,LOT_ATPG10,W01,D0008,0.97,1.75,FAIL,FREQ_MARGIN,PAT_SCAN_010,0.558,25
1517,LOT_ATPG10,W01,D0008,0.97,1.81,FAIL,TIMING,PAT_SCAN_007,0.556,25
1518,LOT_ATPG10,W01,D0008,0.97,1.87,FAIL,FREQ_MARGIN,PAT_SCAN_008,0.516,25
1519,LOT_ATPG10,W01,D0008,0.97,1.94,FAIL,FREQ_MARGIN,PAT_SCAN_008,0.517,25
1520,LOT_ATPG10,W01,D0008,0.97,2.0,FAIL,FREQ_MARGIN,PAT_SCAN_010,0.487,25
1521,LOT_ATPG10,W01,D0008,1.02,0.8,PASS,NA,PAT_SCAN_006,1.253,25
1522,LOT_ATPG10,W01,D0008,1.02,0.86,PASS,NA,PAT_SCAN_010,1.177,25
1523,LOT_ATPG10,W01,D0008,1.02,0.93,PASS,NA,PAT_SCAN_001,1.084,25
1524,LOT_ATPG10,W01,D0008,1.02,0.99,PASS,NA,PAT_SCAN_007,1.023,25
1525,LOT_ATPG10,W01,D0008,1.02,1.05,PASS,NA,PAT_SCAN_003,0.973,25
1526,LOT_ATPG10,W01,D0008,1.02,1.12,PASS,NA,PAT_SCAN_004,0.876,25
1527,LOT_ATPG10,W01,D0008,1.02,1.18,PASS,NA,PAT_SCAN_010,0.849,25
1528,LOT_ATPG10,W01,D0008,1.02,1.24,PASS,NA,PAT_SCAN_006,0.795,25
1529,LOT_ATPG10,W01,D0008,1.02,1.31,PASS,NA,PAT_SCAN_009,0.753,25
1530,LOT_ATPG10,W01,D0008,1.02,1.37,PASS,NA,PAT_SCAN_002,0.73,25
1531,LOT_ATPG10,W01,D0008,1.02,1.43,PASS,NA,PAT_SCAN_006,0.709,25
1532,LOT_ATPG10,W01,D0008,1.02,1.49,PASS,NA,PAT_SCAN_009,0.676,25
1533,LOT_ATPG10,W01,D0008,1.02,1.56,PASS,NA,PAT_SCAN_002,0.678,25
1534,LOT_ATPG10,W01,D0008,1.02,1.62,PASS,NA,PAT_SCAN_008,0.59,25
1535,LOT_ATPG10,W01,D0008,1.02,1.68,PASS,NA,PAT_SCAN_003,0.598,25
1536,LOT_ATPG10,W01,D0008,1.02,1.75,FAIL,FREQ_MARGIN,PAT_SCAN_002,0.565,25
1537,LOT_ATPG10,W01,D0008,1.02,1.81,FAIL,TIMING,PAT_SCAN_003,0.559,25
1538,LOT_ATPG10,W01,D0008,1.02,1.87,FAIL,FREQ_MARGIN,PAT_SCAN_008,0.547,25
1539,LOT_ATPG10,W01,D0008,1.02,1.94,FAIL,TIMING,PAT_SCAN_003,0.499,25
1540,LOT_ATPG10,W01,D0008,1.02,2.0,FAIL,FREQ_MARGIN,PAT_SCAN_004,0.499,25
1541,LOT_ATPG10,W01,D0008,1.06,0.8,PASS,NA,PAT_SCAN_001,1.25,25
1542,LOT_ATPG10,W01,D0008,1.06,0.86,PASS,NA,PAT_SCAN_005,1.147,25
1543,LOT_ATPG10,W01,D0008,1.06,0.93,PASS,NA,PAT_SCAN_003,1.056,25
1544,LOT_ATPG10,W01,D0008,1.06,0.99,PASS,NA,PAT_SCAN_001,1.004,25
1545,LOT_ATPG10,W01,D0008,1.06,1.05,PASS,NA,PAT_SCAN_005,0.938,25
1546,LOT_ATPG10,W01,D0008,1.06,1.12,PASS,NA,PAT_SCAN_009,0.904,25
1547,LOT_ATPG10,W01,D0008,1.06,1.18,PASS,NA,PAT_SCAN_002,0.881,25
1548,LOT_ATPG10,W01,D0008,1.06,1.24,PASS,NA,PAT_SCAN_002,0.786,25
1549,LOT_ATPG10,W01,D0008,1.06,1.31,PASS,NA,PAT_SCAN_008,0.783,25
1550,LOT_ATPG10,W01,D0008,1.06,1.37,PASS,NA,PAT_SCAN_007,0.761,25
1551,LOT_ATPG10,W01,D0008,1.06,1.43,PASS,NA,PAT_SCAN_003,0.668,25
1552,LOT_ATPG10,W01,D0008,1.06,1.49,PASS,NA,PAT_SCAN_001,0.624,25
1553,LOT_ATPG10,W01,D0008,1.06,1.56,PASS,NA,PAT_SCAN_010,0.656,25
1554,LOT_ATPG10,W01,D0008,1.06,1.62,PASS,NA,PAT_SCAN_001,0.602,25
1555,LOT_ATPG10,W01,D0008,1.06,1.68,PASS,NA,PAT_SCAN_006,0.593,25
1556,LOT_ATPG10,W01,D0008,1.06,1.75,PASS,NA,PAT_SCAN_007,0.581,25
1557,LOT_ATPG10,W01,D0008,1.06,1.81,PASS,NA,PAT_SCAN_002,0.57,25
1558,LOT_ATPG10,W01,D0008,1.06,1.87,FAIL,FREQ_MARGIN,PAT_SCAN_008,0.489,25
1559,LOT_ATPG10,W01,D0008,1.06,1.94,FAIL,FREQ_MARGIN,PAT_SCAN_002,0.502,25
1560,LOT_ATPG10,W01,D0008,1.06,2.0,FAIL,FREQ_MARGIN,PAT_SCAN_002,0.505,25
1561,LOT_ATPG10,W01,D0008,1.11,0.8,PASS,NA,PAT_SCAN_002,1.206,25
1562,LOT_ATPG10,W01,D0008,1.11,0.86,PASS,NA,PAT_SCAN_005,1.166,25
1563,LOT_ATPG10,W01,D0008,1.11,0.93,PASS,NA,PAT_SCAN_010,1.07,25
1564,LOT_ATPG10,W01,D0008,1.11,0.99,PASS,NA,PAT_SCAN_001,1.03,25
1565,LOT_ATPG10,W01,D0008,1.11,1.05,PASS,NA,PAT_SCAN_003,0.974,25
1566,LOT_ATPG10,W01,D0008,1.11,1.12,PASS,NA,PAT_SCAN_002,0.869,25
1567,LOT_ATPG10,W01,D0008,1.11,1.18,PASS,NA,PAT_SCAN_009,0.855,25
1568,LOT_ATPG10,W01,D0008,1.11,1.24,PASS,NA,PAT_SCAN_010,0.784,25
1569,LOT_ATPG10,W01,D0008,1.11,1.31,PASS,NA,PAT_SCAN_009,0.762,25
1570,LOT_ATPG10,W01,D0008,1.11,1.37,PASS,NA,PAT_SCAN_004,0.718,25
1571,LOT_ATPG10,W01,D0008,1.11,1.43,PASS,NA,PAT_SCAN_007,0.715,25
1572,LOT_ATPG10,W01,D0008,1.11,1.49,PASS,NA,PAT_SCAN_005,0.646,25
1573,LOT_ATPG10,W01,D0008,1.11,1.56,PASS,NA,PAT_SCAN_005,0.649,25
1574,LOT_ATPG10,W01,D0008,1.11,1.62,PASS,NA,PAT_SCAN_007,0.617,25
1575,LOT_ATPG10,W01,D0008,1.11,1.68,PASS,NA,PAT_SCAN_006,0.623,25
1576,LOT_ATPG10,W01,D0008,1.11,1.75,PASS,NA,PAT_SCAN_004,0.568,25
1577,LOT_ATPG10,W01,D0008,1.11,1.81,PASS,NA,PAT_SCAN_007,0.557,25
1578,LOT_ATPG10,W01,D0008,1.11,1.87,PASS,NA,PAT_SCAN_002,0.545,25
1579,LOT_ATPG10,W01,D0008,1.11,1.94,PASS,NA,PAT_SCAN_004,0.524,25
1580,LOT_ATPG10,W01,D0008,1.11,2.0,PASS,NA,PAT_SCAN_005,0.5,25
1581,LOT_ATPG10,W01,D0008,1.15,0.8,PASS,NA,PAT_SCAN_009,1.252,25
1582,LOT_ATPG10,W01,D0008,1.15,0.86,PASS,NA,PAT_SCAN_007,1.138,25
1583,LOT_ATPG10,W01,D0008,1.15,0.93,PASS,NA,PAT_SCAN_010,1.125,25
1584,LOT_ATPG10,W01,D0008,1.15,0.99,PASS,NA,PAT_SCAN_007,1.023,25
1585,LOT_ATPG10,W01,D0008,1.15,1.05,PASS,NA,PAT_SCAN_008,0.92,25
1586,LOT_ATPG10,W01,D0008,1.15,1.12,PASS,NA,PAT_SCAN_005,0.874,25
1587,LOT_ATPG10,W01,D0008,1.15,1.18,PASS,NA,PAT_SCAN_002,0.863,25
1588,LOT_ATPG10,W01,D0008,1.15,1.24,PASS,NA,PAT_SCAN_004,0.8,25
1589,LOT_ATPG10,W01,D0008,1.15,1.31,PASS,NA,PAT_SCAN_005,0.74,25
1590,LOT_ATPG10,W01,D0008,1.15,1.37,PASS,NA,PAT_SCAN_003,0.74,25
1591,LOT_ATPG10,W01,D0008,1.15,1.43,PASS,NA,PAT_SCAN_008,0.695,25
1592,LOT_ATPG10,W01,D0008,1.15,1.49,PASS,NA,PAT_SCAN_005,0.64,25
1593,LOT_ATPG10,W01,D0008,1.15,1.56,PASS,NA,PAT_SCAN_009,0.635,25
1594,LOT_ATPG10,W01,D0008,1.15,1.62,PASS,NA,PAT_SCAN_009,0.632,25
1595,LOT_ATPG10,W01,D0008,1.15,1.68,PASS,NA,PAT_SCAN_010,0.568,25
1596,LOT_ATPG10,W01,D0008,1.15,1.75,PASS,NA,PAT_SCAN_002,0.564,25
1597,LOT_ATPG10,W01,D0008,1.15,1.81,PASS,NA,PAT_SCAN_004,0.533,25
1598,LOT_ATPG10,W01,D0008,1.15,1.87,PASS,NA,PAT_SCAN_002,0.539,25
1599,LOT_ATPG10,W01,D0008,1.15,1.94,PASS,NA,PAT_SCAN_004,0.541,25
1600,LOT_ATPG10,W01,D0008,1.15,2.0,PASS,NA,PAT_SCAN_001,0.481,25
1601,LOT_ATPG10,W01,D0009,0.75,0.8,FAIL,FREQ_MARGIN,PAT_SCAN_002,1.254,25
1602,LOT_ATPG10,W01,D0009,0.75,0.86,FAIL,FREQ_MARGIN,PAT_SCAN_010,1.152,25
1603,LOT_ATPG10,W01,D0009,0.75,0.93,FAIL,TIMING,PAT_SCAN_003,1.082,25
1604,LOT_ATPG10,W01,D0009,0.75,0.99,FAIL,FREQ_MARGIN,PAT_SCAN_006,1.027,25
1605,LOT_ATPG10,W01,D0009,0.75,1.05,FAIL,FREQ_MARGIN,PAT_SCAN_008,0.943,25
1606,LOT_ATPG10,W01,D0009,0.75,1.12,FAIL,TIMING,PAT_SCAN_007,0.901,25
1607,LOT_ATPG10,W01,D0009,0.75,1.18,FAIL,TIMING,PAT_SCAN_007,0.888,25
1608,LOT_ATPG10,W01,D0009,0.75,1.24,FAIL,FREQ_MARGIN,PAT_SCAN_001,0.817,25
1609,LOT_ATPG10,W01,D0009,0.75,1.31,FAIL,FREQ_MARGIN,PAT_SCAN_002,0.747,25
1610,LOT_ATPG10,W01,D0009,0.75,1.37,FAIL,FREQ_MARGIN,PAT_SCAN_008,0.73,25
1611,LOT_ATPG10,W01,D0009,0.75,1.43,FAIL,FREQ_MARGIN,PAT_SCAN_001,0.726,25
1612,LOT_ATPG10,W01,D0009,0.75,1.49,FAIL,FREQ_MARGIN,PAT_SCAN_005,0.705,25
1613,LOT_ATPG10,W01,D0009,0.75,1.56,FAIL,TIMING,PAT_SCAN_003,0.626,25
1614,LOT_ATPG10,W01,D0009,0.75,1.62,FAIL,FREQ_MARGIN,PAT_SCAN_008,0.582,25
1615,LOT_ATPG10,W01,D0009,0.75,1.68,FAIL,FREQ_MARGIN,PAT_SCAN_001,0.608,25
1616,LOT_ATPG10,W01,D0009,0.75,1.75,FAIL,TIMING,PAT_SCAN_007,0.586,25
1617,LOT_ATPG10,W01,D0009,0.75,1.81,FAIL,FREQ_MARGIN,PAT_SCAN_008,0.512,25
1618,LOT_ATPG10,W01,D0009,0.75,1.87,FAIL,FREQ_MARGIN,PAT_SCAN_010,0.537,25
1619,LOT_ATPG10,W01,D0009,0.75,1.94,FAIL,FREQ_MARGIN,PAT_SCAN_010,0.496,25
1620,LOT_ATPG10,W01,D0009,0.75,2.0,FAIL,FREQ_MARGIN,PAT_SCAN_006,0.501,25
1621,LOT_ATPG10,W01,D0009,0.79,0.8,PASS,NA,PAT_SCAN_004,1.281,25
1622,LOT_ATPG10,W01,D0009,0.79,0.86,PASS,NA,PAT_SCAN_001,1.155,25
1623,LOT_ATPG10,W01,D0009,0.79,0.93,FAIL,FREQ_MARGIN,PAT_SCAN_008,1.057,25
1624,LOT_ATPG10,W01,D0009,0.79,0.99,FAIL,FREQ_MARGIN,PAT_SCAN_002,1.042,25
1625,LOT_ATPG10,W01,D0009,0.79,1.05,FAIL,FREQ_MARGIN,PAT_SCAN_008,0.977,25
1626,LOT_ATPG10,W01,D0009,0.79,1.12,FAIL,FREQ_MARGIN,PAT_SCAN_001,0.881,25
1627,LOT_ATPG10,W01,D0009,0.79,1.18,FAIL,TIMING,PAT_SCAN_007,0.832,25
1628,LOT_ATPG10,W01,D0009,0.79,1.24,FAIL,TIMING,PAT_SCAN_003,0.779,25
1629,LOT_ATPG10,W01,D0009,0.79,1.31,FAIL,FREQ_MARGIN,PAT_SCAN_004,0.751,25
1630,LOT_ATPG10,W01,D0009,0.79,1.37,FAIL,FREQ_MARGIN,PAT_SCAN_008,0.746,25
1631,LOT_ATPG10,W01,D0009,0.79,1.43,FAIL,FREQ_MARGIN,PAT_SCAN_005,0.709,25
1632,LOT_ATPG10,W01,D0009,0.79,1.49,FAIL,FREQ_MARGIN,PAT_SCAN_008,0.683,25
1633,LOT_ATPG10,W01,D0009,0.79,1.56,FAIL,TIMING,PAT_SCAN_007,0.641,25
1634,LOT_ATPG10,W01,D0009,0.79,1.62,FAIL,TIMING,PAT_SCAN_007,0.643,25
1635,LOT_ATPG10,W01,D0009,0.79,1.68,FAIL,FREQ_MARGIN,PAT_SCAN_008,0.609,25
1636,LOT_ATPG10,W01,D0009,0.79,1.75,FAIL,FREQ_MARGIN,PAT_SCAN_010,0.599,25
1637,LOT_ATPG10,W01,D0009,0.79,1.81,FAIL,FREQ_MARGIN,PAT_SCAN_001,0.565,25
1638,LOT_ATPG10,W01,D0009,0.79,1.87,FAIL,FREQ_MARGIN,PAT_SCAN_009,0.518,25
1639,LOT_ATPG10,W01,D0009,0.79,1.94,FAIL,FREQ_MARGIN,PAT_SCAN_002,0.484,25
1640,LOT_ATPG10,W01,D0009,0.79,2.0,FAIL,FREQ_MARGIN,PAT_SCAN_010,0.485,25
1641,LOT_ATPG10,W01,D0009,0.84,0.8,PASS,NA,PAT_SCAN_007,1.248,25
1642,LOT_ATPG10,W01,D0009,0.84,0.86,PASS,NA,PAT_SCAN_006,1.142,25
1643,LOT_ATPG10,W01,D0009,0.84,0.93,PASS,NA,PAT_SCAN_007,1.084,25
1644,LOT_ATPG10,W01,D0009,0.84,0.99,PASS,NA,PAT_SCAN_010,1.032,25
1645,LOT_ATPG10,W01,D0009,0.84,1.05,PASS,NA,PAT_SCAN_005,1.0,25
1646,LOT_ATPG10,W01,D0009,0.84,1.12,FAIL,FREQ_MARGIN,PAT_SCAN_002,0.904,25
1647,LOT_ATPG10,W01,D0009,0.84,1.18,FAIL,FREQ_MARGIN,PAT_SCAN_004,0.828,25
1648,LOT_ATPG10,W01,D0009,0.84,1.24,FAIL,FREQ_MARGIN,PAT_SCAN_002,0.797,25
1649,LOT_ATPG10,W01,D0009,0.84,1.31,FAIL,TIMING,PAT_SCAN_003,0.755,25
1650,LOT_ATPG10,W01,D0009,0.84,1.37,FAIL,FREQ_MARGIN,PAT_SCAN_004,0.731,25
1651,LOT_ATPG10,W01,D0009,0.84,1.43,FAIL,TIMING,PAT_SCAN_003,0.701,25
1652,LOT_ATPG10,W01,D0009,0.84,1.49,FAIL,FREQ_MARGIN,PAT_SCAN_009,0.668,25
1653,LOT_ATPG10,W01,D0009,0.84,1.56,FAIL,FREQ_MARGIN,PAT_SCAN_004,0.647,25
1654,LOT_ATPG10,W01,D0009,0.84,1.62,FAIL,TIMING,PAT_SCAN_007,0.634,25
1655,LOT_ATPG10,W01,D0009,0.84,1.68,FAIL,FREQ_MARGIN,PAT_SCAN_009,0.619,25
1656,LOT_ATPG10,W01,D0009,0.84,1.75,FAIL,FREQ_MARGIN,PAT_SCAN_006,0.535,25
1657,LOT_ATPG10,W01,D0009,0.84,1.81,FAIL,TIMING,PAT_SCAN_003,0.538,25
1658,LOT_ATPG10,W01,D0009,0.84,1.87,FAIL,TIMING,PAT_SCAN_003,0.534,25
1659,LOT_ATPG10,W01,D0009,0.84,1.94,FAIL,TIMING,PAT_SCAN_007,0.532,25
1660,LOT_ATPG10,W01,D0009,0.84,2.0,FAIL,TIMING,PAT_SCAN_007,0.509,25
1661,LOT_ATPG10,W01,D0009,0.88,0.8,PASS,NA,PAT_SCAN_001,1.239,25
1662,LOT_ATPG10,W01,D0009,0.88,0.86,PASS,NA,PAT_SCAN_009,1.132,25
1663,LOT_ATPG10,W01,D0009,0.88,0.93,PASS,NA,PAT_SCAN_008,1.099,25
1664,LOT_ATPG10,W01,D0009,0.88,0.99,PASS,NA,PAT_SCAN_007,1.022,25
1665,LOT_ATPG10,W01,D0009,0.88,1.05,PASS,NA,PAT_SCAN_007,0.96,25
1666,LOT_ATPG10,W01,D0009,0.88,1.12,PASS,NA,PAT_SCAN_007,0.898,25
1667,LOT_ATPG10,W01,D0009,0.88,1.18,PASS,NA,PAT_SCAN_003,0.852,25
1668,LOT_ATPG10,W01,D0009,0.88,1.24,FAIL,FREQ_MARGIN,PAT_SCAN_009,0.792,25
1669,LOT_ATPG10,W01,D0009,0.88,1.31,FAIL,TIMING,PAT_SCAN_003,0.779,25
1670,LOT_ATPG10,W01,D0009,0.88,1.37,FAIL,FREQ_MARGIN,PAT_SCAN_002,0.717,25
1671,LOT_ATPG10,W01,D0009,0.88,1.43,FAIL,FREQ_MARGIN,PAT_SCAN_005,0.676,25
1672,LOT_ATPG10,W01,D0009,0.88,1.49,FAIL,FREQ_MARGIN,PAT_SCAN_010,0.689,25
1673,LOT_ATPG10,W01,D0009,0.88,1.56,FAIL,FREQ_MARGIN,PAT_SCAN_010,0.658,25
1674,LOT_ATPG10,W01,D0009,0.88,1.62,FAIL,FREQ_MARGIN,PAT_SCAN_009,0.6,25
1675,LOT_ATPG10,W01,D0009,0.88,1.68,FAIL,FREQ_MARGIN,PAT_SCAN_005,0.602,25
1676,LOT_ATPG10,W01,D0009,0.88,1.75,FAIL,TIMING,PAT_SCAN_007,0.577,25
1677,LOT_ATPG10,W01,D0009,0.88,1.81,FAIL,FREQ_MARGIN,PAT_SCAN_010,0.524,25
1678,LOT_ATPG10,W01,D0009,0.88,1.87,FAIL,FREQ_MARGIN,PAT_SCAN_001,0.528,25
1679,LOT_ATPG10,W01,D0009,0.88,1.94,FAIL,FREQ_MARGIN,PAT_SCAN_008,0.551,25
1680,LOT_ATPG10,W01,D0009,0.88,2.0,FAIL,FREQ_MARGIN,PAT_SCAN_001,0.523,25
1681,LOT_ATPG10,W01,D0009,0.93,0.8,PASS,NA,PAT_SCAN_005,1.226,25
1682,LOT_ATPG10,W01,D0009,0.93,0.86,PASS,NA,PAT_SCAN_009,1.189,25
1683,LOT_ATPG10,W01,D0009,0.93,0.93,PASS,NA,PAT_SCAN_004,1.059,25
1684,LOT_ATPG10,W01,D0009,0.93,0.99,PASS,NA,PAT_SCAN_010,1.027,25
1685,LOT_ATPG10,W01,D0009,0.93,1.05,PASS,NA,PAT_SCAN_005,0.979,25
1686,LOT_ATPG10,W01,D0009,0.93,1.12,PASS,NA,PAT_SCAN_007,0.919,25
1687,LOT_ATPG10,W01,D0009,0.93,1.18,PASS,NA,PAT_SCAN_003,0.856,25
1688,LOT_ATPG10,W01,D0009,0.93,1.24,PASS,NA,PAT_SCAN_010,0.826,25
1689,LOT_ATPG10,W01,D0009,0.93,1.31,PASS,NA,PAT_SCAN_010,0.747,25
1690,LOT_ATPG10,W01,D0009,0.93,1.37,FAIL,FREQ_MARGIN,PAT_SCAN_001,0.744,25
1691,LOT_ATPG10,W01,D0009,0.93,1.43,FAIL,FREQ_MARGIN,PAT_SCAN_010,0.716,25
1692,LOT_ATPG10,W01,D0009,0.93,1.49,FAIL,FREQ_MARGIN,PAT_SCAN_005,0.695,25
1693,LOT_ATPG10,W01,D0009,0.93,1.56,FAIL,FREQ_MARGIN,PAT_SCAN_005,0.652,25
1694,LOT_ATPG10,W01,D0009,0.93,1.62,FAIL,FREQ_MARGIN,PAT_SCAN_005,0.621,25
1695,LOT_ATPG10,W01,D0009,0.93,1.68,FAIL,FREQ_MARGIN,PAT_SCAN_004,0.642,25
1696,LOT_ATPG10,W01,D0009,0.93,1.75,FAIL,FREQ_MARGIN,PAT_SCAN_002,0.573,25
1697,LOT_ATPG10,W01,D0009,0.93,1.81,FAIL,FREQ_MARGIN,PAT_SCAN_001,0.547,25
1698,LOT_ATPG10,W01,D0009,0.93,1.87,FAIL,FREQ_MARGIN,PAT_SCAN_008,0.514,25
1699,LOT_ATPG10,W01,D0009,0.93,1.94,FAIL,FREQ_MARGIN,PAT_SCAN_002,0.548,25
1700,LOT_ATPG10,W01,D0009,0.93,2.0,FAIL,FREQ_MARGIN,PAT_SCAN_010,0.497,25
1701,LOT_ATPG10,W01,D0009,0.97,0.8,PASS,NA,PAT_SCAN_010,1.251,25
1702,LOT_ATPG10,W01,D0009,0.97,0.86,PASS,NA,PAT_SCAN_006,1.133,25
1703,LOT_ATPG10,W01,D0009,0.97,0.93,PASS,NA,PAT_SCAN_004,1.085,25
1704,LOT_ATPG10,W01,D0009,0.97,0.99,PASS,NA,PAT_SCAN_007,0.986,25
1705,LOT_ATPG10,W01,D0009,0.97,1.05,PASS,NA,PAT_SCAN_004,0.912,25
1706,LOT_ATPG10,W01,D0009,0.97,1.12,PASS,NA,PAT_SCAN_010,0.855,25
1707,LOT_ATPG10,W01,D0009,0.97,1.18,PASS,NA,PAT_SCAN_004,0.821,25
1708,LOT_ATPG10,W01,D0009,0.97,1.24,PASS,NA,PAT_SCAN_005,0.791,25
1709,LOT_ATPG10,W01,D0009,0.97,1.31,PASS,NA,PAT_SCAN_006,0.775,25
1710,LOT_ATPG10,W01,D0009,0.97,1.37,PASS,NA,PAT_SCAN_009,0.692,25
1711,LOT_ATPG10,W01,D0009,0.97,1.43,PASS,NA,PAT_SCAN_009,0.735,25
1712,LOT_ATPG10,W01,D0009,0.97,1.49,FAIL,FREQ_MARGIN,PAT_SCAN_005,0.705,25
1713,LOT_ATPG10,W01,D0009,0.97,1.56,FAIL,FREQ_MARGIN,PAT_SCAN_008,0.622,25
1714,LOT_ATPG10,W01,D0009,0.97,1.62,FAIL,FREQ_MARGIN,PAT_SCAN_002,0.62,25
1715,LOT_ATPG10,W01,D0009,0.97,1.68,FAIL,TIMING,PAT_SCAN_003,0.623,25
1716,LOT_ATPG10,W01,D0009,0.97,1.75,FAIL,FREQ_MARGIN,PAT_SCAN_006,0.56,25
1717,LOT_ATPG10,W01,D0009,0.97,1.81,FAIL,FREQ_MARGIN,PAT_SCAN_002,0.562,25
1718,LOT_ATPG10,W01,D0009,0.97,1.87,FAIL,TIMING,PAT_SCAN_007,0.541,25
1719,LOT_ATPG10,W01,D0009,0.97,1.94,FAIL,FREQ_MARGIN,PAT_SCAN_008,0.506,25
1720,LOT_ATPG10,W01,D0009,0.97,2.0,FAIL,FREQ_MARGIN,PAT_SCAN_006,0.472,25
1721,LOT_ATPG10,W01,D0009,1.02,0.8,PASS,NA,PAT_SCAN_010,1.258,25
1722,LOT_ATPG10,W01,D0009,1.02,0.86,PASS,NA,PAT_SCAN_008,1.172,25
1723,LOT_ATPG10,W01,D0009,1.02,0.93,PASS,NA,PAT_SCAN_003,1.039,25
1724,LOT_ATPG10,W01,D0009,1.02,0.99,PASS,NA,PAT_SCAN_006,0.992,25
1725,LOT_ATPG10,W01,D0009,1.02,1.05,PASS,NA,PAT_SCAN_009,0.915,25
1726,LOT_ATPG10,W01,D0009,1.02,1.12,PASS,NA,PAT_SCAN_007,0.901,25
1727,LOT_ATPG10,W01,D0009,1.02,1.18,PASS,NA,PAT_SCAN_009,0.858,25
1728,LOT_ATPG10,W01,D0009,1.02,1.24,PASS,NA,PAT_SCAN_004,0.821,25
1729,LOT_ATPG10,W01,D0009,1.02,1.31,PASS,NA,PAT_SCAN_009,0.745,25
1730,LOT_ATPG10,W01,D0009,1.02,1.37,PASS,NA,PAT_SCAN_009,0.736,25
1731,LOT_ATPG10,W01,D0009,1.02,1.43,PASS,NA,PAT_SCAN_003,0.71,25
1732,LOT_ATPG10,W01,D0009,1.02,1.49,PASS,NA,PAT_SCAN_002,0.637,25
1733,LOT_ATPG10,W01,D0009,1.02,1.56,PASS,NA,PAT_SCAN_007,0.646,25
1734,LOT_ATPG10,W01,D0009,1.02,1.62,FAIL,FREQ_MARGIN,PAT_SCAN_008,0.632,25
1735,LOT_ATPG10,W01,D0009,1.02,1.68,FAIL,FREQ_MARGIN,PAT_SCAN_001,0.643,25
1736,LOT_ATPG10,W01,D0009,1.02,1.75,FAIL,FREQ_MARGIN,PAT_SCAN_006,0.574,25
1737,LOT_ATPG10,W01,D0009,1.02,1.81,FAIL,FREQ_MARGIN,PAT_SCAN_005,0.548,25
1738,LOT_ATPG10,W01,D0009,1.02,1.87,FAIL,FREQ_MARGIN,PAT_SCAN_010,0.547,25
1739,LOT_ATPG10,W01,D0009,1.02,1.94,FAIL,FREQ_MARGIN,PAT_SCAN_006,0.528,25
1740,LOT_ATPG10,W01,D0009,1.02,2.0,FAIL,TIMING,PAT_SCAN_003,0.491,25
1741,LOT_ATPG10,W01,D0009,1.06,0.8,PASS,NA,PAT_SCAN_007,1.223,25
1742,LOT_ATPG10,W01,D0009,1.06,0.86,PASS,NA,PAT_SCAN_006,1.194,25
1743,LOT_ATPG10,W01,D0009,1.06,0.93,PASS,NA,PAT_SCAN_005,1.074,25
1744,LOT_ATPG10,W01,D0009,1.06,0.99,PASS,NA,PAT_SCAN_007,0.972,25
1745,LOT_ATPG10,W01,D0009,1.06,1.05,PASS,NA,PAT_SCAN_002,0.928,25
1746,LOT_ATPG10,W01,D0009,1.06,1.12,PASS,NA,PAT_SCAN_007,0.894,25
1747,LOT_ATPG10,W01,D0009,1.06,1.18,PASS,NA,PAT_SCAN_004,0.813,25
1748,LOT_ATPG10,W01,D0009,1.06,1.24,PASS,NA,PAT_SCAN_003,0.809,25
1749,LOT_ATPG10,W01,D0009,1.06,1.31,PASS,NA,PAT_SCAN_001,0.742,25
1750,LOT_ATPG10,W01,D0009,1.06,1.37,PASS,NA,PAT_SCAN_006,0.702,25
1751,LOT_ATPG10,W01,D0009,1.06,1.43,PASS,NA,PAT_SCAN_003,0.698,25
1752,LOT_ATPG10,W01,D0009,1.06,1.49,PASS,NA,PAT_SCAN_009,0.694,25
1753,LOT_ATPG10,W01,D0009,1.06,1.56,PASS,NA,PAT_SCAN_005,0.634,25
1754,LOT_ATPG10,W01,D0009,1.06,1.62,PASS,NA,PAT_SCAN_003,0.648,25
1755,LOT_ATPG10,W01,D0009,1.06,1.68,PASS,NA,PAT_SCAN_009,0.611,25
1756,LOT_ATPG10,W01,D0009,1.06,1.75,FAIL,FREQ_MARGIN,PAT_SCAN_008,0.584,25
1757,LOT_ATPG10,W01,D0009,1.06,1.81,FAIL,FREQ_MARGIN,PAT_SCAN_001,0.606,25
1758,LOT_ATPG10,W01,D0009,1.06,1.87,FAIL,FREQ_MARGIN,PAT_SCAN_008,0.539,25
1759,LOT_ATPG10,W01,D0009,1.06,1.94,FAIL,FREQ_MARGIN,PAT_SCAN_009,0.496,25
1760,LOT_ATPG10,W01,D0009,1.06,2.0,FAIL,TIMING,PAT_SCAN_003,0.518,25
1761,LOT_ATPG10,W01,D0009,1.11,0.8,PASS,NA,PAT_SCAN_007,1.285,25
1762,LOT_ATPG10,W01,D0009,1.11,0.86,PASS,NA,PAT_SCAN_007,1.153,25
1763,LOT_ATPG10,W01,D0009,1.11,0.93,PASS,NA,PAT_SCAN_008,1.07,25
1764,LOT_ATPG10,W01,D0009,1.11,0.99,PASS,NA,PAT_SCAN_004,0.991,25
1765,LOT_ATPG10,W01,D0009,1.11,1.05,PASS,NA,PAT_SCAN_010,0.919,25
1766,LOT_ATPG10,W01,D0009,1.11,1.12,PASS,NA,PAT_SCAN_005,0.89,25
1767,LOT_ATPG10,W01,D0009,1.11,1.18,PASS,NA,PAT_SCAN_005,0.86,25
1768,LOT_ATPG10,W01,D0009,1.11,1.24,PASS,NA,PAT_SCAN_005,0.812,25
1769,LOT_ATPG10,W01,D0009,1.11,1.31,PASS,NA,PAT_SCAN_005,0.767,25
1770,LOT_ATPG10,W01,D0009,1.11,1.37,PASS,NA,PAT_SCAN_007,0.743,25
1771,LOT_ATPG10,W01,D0009,1.11,1.43,PASS,NA,PAT_SCAN_009,0.702,25
1772,LOT_ATPG10,W01,D0009,1.11,1.49,PASS,NA,PAT_SCAN_003,0.702,25
1773,LOT_ATPG10,W01,D0009,1.11,1.56,PASS,NA,PAT_SCAN_009,0.655,25
1774,LOT_ATPG10,W01,D0009,1.11,1.62,PASS,NA,PAT_SCAN_004,0.624,25
1775,LOT_ATPG10,W01,D0009,1.11,1.68,PASS,NA,PAT_SCAN_008,0.582,25
1776,LOT_ATPG10,W01,D0009,1.11,1.75,PASS,NA,PAT_SCAN_009,0.582,25
1777,LOT_ATPG10,W01,D0009,1.11,1.81,PASS,NA,PAT_SCAN_007,0.521,25
1778,LOT_ATPG10,W01,D0009,1.11,1.87,PASS,NA,PAT_SCAN_009,0.512,25
1779,LOT_ATPG10,W01,D0009,1.11,1.94,FAIL,FREQ_MARGIN,PAT_SCAN_001,0.511,25
1780,LOT_ATPG10,W01,D0009,1.11,2.0,FAIL,FREQ_MARGIN,PAT_SCAN_005,0.498,25
1781,LOT_ATPG10,W01,D0009,1.15,0.8,PASS,NA,PAT_SCAN_010,1.234,25
1782,LOT_ATPG10,W01,D0009,1.15,0.86,PASS,NA,PAT_SCAN_009,1.16,25
1783,LOT_ATPG10,W01,D0009,1.15,0.93,PASS,NA,PAT_SCAN_002,1.09,25
1784,LOT_ATPG10,W01,D0009,1.15,0.99,PASS,NA,PAT_SCAN_002,1.045,25
1785,LOT_ATPG10,W01,D0009,1.15,1.05,PASS,NA,PAT_SCAN_001,0.921,25
1786,LOT_ATPG10,W01,D0009,1.15,1.12,PASS,NA,PAT_SCAN_008,0.904,25
1787,LOT_ATPG10,W01,D0009,1.15,1.18,PASS,NA,PAT_SCAN_007,0.892,25
1788,LOT_ATPG10,W01,D0009,1.15,1.24,PASS,NA,PAT_SCAN_010,0.8,25
1789,LOT_ATPG10,W01,D0009,1.15,1.31,PASS,NA,PAT_SCAN_001,0.72,25
1790,LOT_ATPG10,W01,D0009,1.15,1.37,PASS,NA,PAT_SCAN_006,0.719,25
1791,LOT_ATPG10,W01,D0009,1.15,1.43,PASS,NA,PAT_SCAN_010,0.705,25
1792,LOT_ATPG10,W01,D0009,1.15,1.49,PASS,NA,PAT_SCAN_002,0.679,25
1793,LOT_ATPG10,W01,D0009,1.15,1.56,PASS,NA,PAT_SCAN_001,0.652,25
1794,LOT_ATPG10,W01,D0009,1.15,1.62,PASS,NA,PAT_SCAN_004,0.603,25
1795,LOT_ATPG10,W01,D0009,1.15,1.68,PASS,NA,PAT_SCAN_010,0.57,25
1796,LOT_ATPG10,W01,D0009,1.15,1.75,PASS,NA,PAT_SCAN_007,0.593,25
1797,LOT_ATPG10,W01,D0009,1.15,1.81,PASS,NA,PAT_SCAN_003,0.519,25
1798,LOT_ATPG10,W01,D0009,1.15,1.87,PASS,NA,PAT_SCAN_010,0.533,25
1799,LOT_ATPG10,W01,D0009,1.15,1.94,PASS,NA,PAT_SCAN_003,0.541,25
1800,LOT_ATPG10,W01,D0009,1.15,2.0,FAIL,FREQ_MARGIN,PAT_SCAN_010,0.51,25
1801,LOT_ATPG10,W01,D0010,0.75,0.8,FAIL,FREQ_MARGIN,PAT_SCAN_009,1.257,25
1802,LOT_ATPG10,W01,D0010,0.75,0.86,FAIL,FREQ_MARGIN,PAT_SCAN_010,1.145,25
1803,LOT_ATPG10,W01,D0010,0.75,0.93,FAIL,FREQ_MARGIN,PAT_SCAN_006,1.082,25
1804,LOT_ATPG10,W01,D0010,0.75,0.99,FAIL,FREQ_MARGIN,PAT_SCAN_009,1.019,25
1805,LOT_ATPG10,W01,D0010,0.75,1.05,FAIL,TIMING,PAT_SCAN_003,0.927,25
1806,LOT_ATPG10,W01,D0010,0.75,1.12,FAIL,FREQ_MARGIN,PAT_SCAN_005,0.878,25
1807,LOT_ATPG10,W01,D0010,0.75,1.18,FAIL,FREQ_MARGIN,PAT_SCAN_008,0.834,25
1808,LOT_ATPG10,W01,D0010,0.75,1.24,FAIL,FREQ_MARGIN,PAT_SCAN_001,0.81,25
1809,LOT_ATPG10,W01,D0010,0.75,1.31,FAIL,FREQ_MARGIN,PAT_SCAN_005,0.784,25
1810,LOT_ATPG10,W01,D0010,0.75,1.37,FAIL,FREQ_MARGIN,PAT_SCAN_009,0.717,25
1811,LOT_ATPG10,W01,D0010,0.75,1.43,FAIL,FREQ_MARGIN,PAT_SCAN_009,0.703,25
1812,LOT_ATPG10,W01,D0010,0.75,1.49,FAIL,FREQ_MARGIN,PAT_SCAN_001,0.672,25
1813,LOT_ATPG10,W01,D0010,0.75,1.56,FAIL,TIMING,PAT_SCAN_007,0.637,25
1814,LOT_ATPG10,W01,D0010,0.75,1.62,FAIL,FREQ_MARGIN,PAT_SCAN_001,0.621,25
1815,LOT_ATPG10,W01,D0010,0.75,1.68,FAIL,FREQ_MARGIN,PAT_SCAN_002,0.59,25
1816,LOT_ATPG10,W01,D0010,0.75,1.75,FAIL,FREQ_MARGIN,PAT_SCAN_010,0.583,25
1817,LOT_ATPG10,W01,D0010,0.75,1.81,FAIL,FREQ_MARGIN,PAT_SCAN_008,0.568,25
1818,LOT_ATPG10,W01,D0010,0.75,1.87,FAIL,FREQ_MARGIN,PAT_SCAN_008,0.519,25
1819,LOT_ATPG10,W01,D0010,0.75,1.94,FAIL,TIMING,PAT_SCAN_003,0.509,25
1820,LOT_ATPG10,W01,D0010,0.75,2.0,FAIL,FREQ_MARGIN,PAT_SCAN_004,0.516,25
1821,LOT_ATPG10,W01,D0010,0.79,0.8,PASS,NA,PAT_SCAN_003,1.251,25
1822,LOT_ATPG10,W01,D0010,0.79,0.86,FAIL,TIMING,PAT_SCAN_003,1.177,25
1823,LOT_ATPG10,W01,D0010,0.79,0.93,FAIL,FREQ_MARGIN,PAT_SCAN_006,1.09,25
1824,LOT_ATPG10,W01,D0010,0.79,0.99,FAIL,FREQ_MARGIN,PAT_SCAN_001,1.001,25
1825,LOT_ATPG10,W01,D0010,0.79,1.05,FAIL,FREQ_MARGIN,PAT_SCAN_009,0.972,25
1826,LOT_ATPG10,W01,D0010,0.79,1.12,FAIL,TIMING,PAT_SCAN_003,0.889,25
1827,LOT_ATPG10,W01,D0010,0.79,1.18,FAIL,FREQ_MARGIN,PAT_SCAN_009,0.828,25
1828,LOT_ATPG10,W01,D0010,0.79,1.24,FAIL,FREQ_MARGIN,PAT_SCAN_001,0.809,25
1829,LOT_ATPG10,W01,D0010,0.79,1.31,FAIL,FREQ_MARGIN,PAT_SCAN_004,0.752,25
1830,LOT_ATPG10,W01,D0010,0.79,1.37,FAIL,FREQ_MARGIN,PAT_SCAN_002,0.764,25
1831,LOT_ATPG10,W01,D0010,0.79,1.43,FAIL,FREQ_MARGIN,PAT_SCAN_010,0.699,25
1832,LOT_ATPG10,W01,D0010,0.79,1.49,FAIL,FREQ_MARGIN,PAT_SCAN_005,0.693,25
1833,LOT_ATPG10,W01,D0010,0.79,1.56,FAIL,FREQ_MARGIN,PAT_SCAN_008,0.637,25
1834,LOT_ATPG10,W01,D0010,0.79,1.62,FAIL,TIMING,PAT_SCAN_003,0.614,25
1835,LOT_ATPG10,W01,D0010,0.79,1.68,FAIL,TIMING,PAT_SCAN_007,0.591,25
1836,LOT_ATPG10,W01,D0010,0.79,1.75,FAIL,FREQ_MARGIN,PAT_SCAN_006,0.555,25
1837,LOT_ATPG10,W01,D0010,0.79,1.81,FAIL,FREQ_MARGIN,PAT_SCAN_006,0.6,25
1838,LOT_ATPG10,W01,D0010,0.79,1.87,FAIL,FREQ_MARGIN,PAT_SCAN_008,0.567,25
1839,LOT_ATPG10,W01,D0010,0.79,1.94,FAIL,FREQ_MARGIN,PAT_SCAN_006,0.514,25
1840,LOT_ATPG10,W01,D0010,0.79,2.0,FAIL,FREQ_MARGIN,PAT_SCAN_010,0.466,25
1841,LOT_ATPG10,W01,D0010,0.84,0.8,PASS,NA,PAT_SCAN_005,1.205,25
1842,LOT_ATPG10,W01,D0010,0.84,0.86,PASS,NA,PAT_SCAN_008,1.151,25
1843,LOT_ATPG10,W01,D0010,0.84,0.93,PASS,NA,PAT_SCAN_008,1.099,25
1844,LOT_ATPG10,W01,D0010,0.84,0.99,FAIL,FREQ_MARGIN,PAT_SCAN_010,0.991,25
1845,LOT_ATPG10,W01,D0010,0.84,1.05,FAIL,FREQ_MARGIN,PAT_SCAN_009,0.928,25
1846,LOT_ATPG10,W01,D0010,0.84,1.12,FAIL,TIMING,PAT_SCAN_007,0.884,25
1847,LOT_ATPG10,W01,D0010,0.84,1.18,FAIL,FREQ_MARGIN,PAT_SCAN_009,0.823,25
1848,LOT_ATPG10,W01,D0010,0.84,1.24,FAIL,FREQ_MARGIN,PAT_SCAN_006,0.815,25
1849,LOT_ATPG10,W01,D0010,0.84,1.31,FAIL,FREQ_MARGIN,PAT_SCAN_004,0.724,25
1850,LOT_ATPG10,W01,D0010,0.84,1.37,FAIL,FREQ_MARGIN,PAT_SCAN_004,0.717,25
1851,LOT_ATPG10,W01,D0010,0.84,1.43,FAIL,FREQ_MARGIN,PAT_SCAN_010,0.719,25
1852,LOT_ATPG10,W01,D0010,0.84,1.49,FAIL,FREQ_MARGIN,PAT_SCAN_006,0.703,25
1853,LOT_ATPG10,W01,D0010,0.84,1.56,FAIL,FREQ_MARGIN,PAT_SCAN_002,0.654,25
1854,LOT_ATPG10,W01,D0010,0.84,1.62,FAIL,FREQ_MARGIN,PAT_SCAN_006,0.631,25
1855,LOT_ATPG10,W01,D0010,0.84,1.68,FAIL,FREQ_MARGIN,PAT_SCAN_001,0.597,25
1856,LOT_ATPG10,W01,D0010,0.84,1.75,FAIL,TIMING,PAT_SCAN_003,0.559,25
1857,LOT_ATPG10,W01,D0010,0.84,1.81,FAIL,FREQ_MARGIN,PAT_SCAN_008,0.529,25
1858,LOT_ATPG10,W01,D0010,0.84,1.87,FAIL,FREQ_MARGIN,PAT_SCAN_002,0.542,25
1859,LOT_ATPG10,W01,D0010,0.84,1.94,FAIL,FREQ_MARGIN,PAT_SCAN_009,0.537,25
1860,LOT_ATPG10,W01,D0010,0.84,2.0,FAIL,FREQ_MARGIN,PAT_SCAN_002,0.507,25
1861,LOT_ATPG10,W01,D0010,0.88,0.8,PASS,NA,PAT_SCAN_006,1.231,25
1862,LOT_ATPG10,W01,D0010,0.88,0.86,PASS,NA,PAT_SCAN_009,1.14,25
1863,LOT_ATPG10,W01,D0010,0.88,0.93,PASS,NA,PAT_SCAN_005,1.061,25
1864,LOT_ATPG10,W01,D0010,0.88,0.99,PASS,NA,PAT_SCAN_005,1.029,25
1865,LOT_ATPG10,W01,D0010,0.88,1.05,PASS,NA,PAT_SCAN_009,0.973,25
1866,LOT_ATPG10,W01,D0010,0.88,1.12,FAIL,FREQ_MARGIN,PAT_SCAN_001,0.878,25
1867,LOT_ATPG10,W01,D0010,0.88,1.18,FAIL,FREQ_MARGIN,PAT_SCAN_006,0.83,25
1868,LOT_ATPG10,W01,D0010,0.88,1.24,FAIL,FREQ_MARGIN,PAT_SCAN_006,0.825,25
1869,LOT_ATPG10,W01,D0010,0.88,1.31,FAIL,FREQ_MARGIN,PAT_SCAN_008,0.757,25
1870,LOT_ATPG10,W01,D0010,0.88,1.37,FAIL,FREQ_MARGIN,PAT_SCAN_001,0.707,25
1871,LOT_ATPG10,W01,D0010,0.88,1.43,FAIL,FREQ_MARGIN,PAT_SCAN_002,0.675,25
1872,LOT_ATPG10,W01,D0010,0.88,1.49,FAIL,FREQ_MARGIN,PAT_SCAN_001,0.684,25
1873,LOT_ATPG10,W01,D0010,0.88,1.56,FAIL,TIMING,PAT_SCAN_003,0.626,25
1874,LOT_ATPG10,W01,D0010,0.88,1.62,FAIL,FREQ_MARGIN,PAT_SCAN_001,0.595,25
1875,LOT_ATPG10,W01,D0010,0.88,1.68,FAIL,FREQ_MARGIN,PAT_SCAN_010,0.586,25
1876,LOT_ATPG10,W01,D0010,0.88,1.75,FAIL,FREQ_MARGIN,PAT_SCAN_002,0.555,25
1877,LOT_ATPG10,W01,D0010,0.88,1.81,FAIL,FREQ_MARGIN,PAT_SCAN_005,0.586,25
1878,LOT_ATPG10,W01,D0010,0.88,1.87,FAIL,FREQ_MARGIN,PAT_SCAN_001,0.485,25
1879,LOT_ATPG10,W01,D0010,0.88,1.94,FAIL,FREQ_MARGIN,PAT_SCAN_001,0.495,25
1880,LOT_ATPG10,W01,D0010,0.88,2.0,FAIL,FREQ_MARGIN,PAT_SCAN_002,0.488,25
1881,LOT_ATPG10,W01,D0010,0.93,0.8,PASS,NA,PAT_SCAN_006,1.256,25
1882,LOT_ATPG10,W01,D0010,0.93,0.86,PASS,NA,PAT_SCAN_003,1.119,25
1883,LOT_ATPG10,W01,D0010,0.93,0.93,PASS,NA,PAT_SCAN_001,1.072,25
1884,LOT_ATPG10,W01,D0010,0.93,0.99,PASS,NA,PAT_SCAN_007,1.031,25
1885,LOT_ATPG10,W01,D0010,0.93,1.05,PASS,NA,PAT_SCAN_003,0.922,25
1886,LOT_ATPG10,W01,D0010,0.93,1.12,PASS,NA,PAT_SCAN_010,0.923,25
1887,LOT_ATPG10,W01,D0010,0.93,1.18,PASS,NA,PAT_SCAN_004,0.825,25
1888,LOT_ATPG10,W01,D0010,0.93,1.24,FAIL,FREQ_MARGIN,PAT_SCAN_005,0.814,25
1889,LOT_ATPG10,W01,D0010,0.93,1.31,FAIL,FREQ_MARGIN,PAT_SCAN_002,0.781,25
1890,LOT_ATPG10,W01,D0010,0.93,1.37,FAIL,FREQ_MARGIN,PAT_SCAN_001,0.751,25
1891,LOT_ATPG10,W01,D0010,0.93,1.43,FAIL,FREQ_MARGIN,PAT_SCAN_005,0.677,25
1892,LOT_ATPG10,W01,D0010,0.93,1.49,FAIL,FREQ_MARGIN,PAT_SCAN_005,0.678,25
1893,LOT_ATPG10,W01,D0010,0.93,1.56,FAIL,FREQ_MARGIN,PAT_SCAN_010,0.65,25
1894,LOT_ATPG10,W01,D0010,0.93,1.62,FAIL,FREQ_MARGIN,PAT_SCAN_008,0.584,25
1895,LOT_ATPG10,W01,D0010,0.93,1.68,FAIL,FREQ_MARGIN,PAT_SCAN_009,0.6,25
1896,LOT_ATPG10,W01,D0010,0.93,1.75,FAIL,TIMING,PAT_SCAN_007,0.56,25
1897,LOT_ATPG10,W01,D0010,0.93,1.81,FAIL,FREQ_MARGIN,PAT_SCAN_002,0.527,25
1898,LOT_ATPG10,W01,D0010,0.93,1.87,FAIL,TIMING,PAT_SCAN_007,0.52,25
1899,LOT_ATPG10,W01,D0010,0.93,1.94,FAIL,FREQ_MARGIN,PAT_SCAN_002,0.505,25
1900,LOT_ATPG10,W01,D0010,0.93,2.0,FAIL,FREQ_MARGIN,PAT_SCAN_001,0.532,25
1901,LOT_ATPG10,W01,D0010,0.97,0.8,PASS,NA,PAT_SCAN_007,1.246,25
1902,LOT_ATPG10,W01,D0010,0.97,0.86,PASS,NA,PAT_SCAN_004,1.17,25
1903,LOT_ATPG10,W01,D0010,0.97,0.93,PASS,NA,PAT_SCAN_003,1.099,25
1904,LOT_ATPG10,W01,D0010,0.97,0.99,PASS,NA,PAT_SCAN_001,1.04,25
1905,LOT_ATPG10,W01,D0010,0.97,1.05,PASS,NA,PAT_SCAN_009,0.967,25
1906,LOT_ATPG10,W01,D0010,0.97,1.12,PASS,NA,PAT_SCAN_001,0.918,25
1907,LOT_ATPG10,W01,D0010,0.97,1.18,PASS,NA,PAT_SCAN_006,0.835,25
1908,LOT_ATPG10,W01,D0010,0.97,1.24,PASS,NA,PAT_SCAN_005,0.794,25
1909,LOT_ATPG10,W01,D0010,0.97,1.31,PASS,NA,PAT_SCAN_001,0.806,25
1910,LOT_ATPG10,W01,D0010,0.97,1.37,FAIL,FREQ_MARGIN,PAT_SCAN_006,0.74,25
1911,LOT_ATPG10,W01,D0010,0.97,1.43,FAIL,FREQ_MARGIN,PAT_SCAN_006,0.698,25
1912,LOT_ATPG10,W01,D0010,0.97,1.49,FAIL,FREQ_MARGIN,PAT_SCAN_010,0.695,25
1913,LOT_ATPG10,W01,D0010,0.97,1.56,FAIL,FREQ_MARGIN,PAT_SCAN_004,0.631,25
1914,LOT_ATPG10,W01,D0010,0.97,1.62,FAIL,FREQ_MARGIN,PAT_SCAN_005,0.608,25
1915,LOT_ATPG10,W01,D0010,0.97,1.68,FAIL,FREQ_MARGIN,PAT_SCAN_005,0.597,25
1916,LOT_ATPG10,W01,D0010,0.97,1.75,FAIL,FREQ_MARGIN,PAT_SCAN_005,0.584,25
1917,LOT_ATPG10,W01,D0010,0.97,1.81,FAIL,FREQ_MARGIN,PAT_SCAN_001,0.535,25
1918,LOT_ATPG10,W01,D0010,0.97,1.87,FAIL,TIMING,PAT_SCAN_003,0.591,25
1919,LOT_ATPG10,W01,D0010,0.97,1.94,FAIL,TIMING,PAT_SCAN_003,0.501,25
1920,LOT_ATPG10,W01,D0010,0.97,2.0,FAIL,FREQ_MARGIN,PAT_SCAN_001,0.491,25
1921,LOT_ATPG10,W01,D0010,1.02,0.8,PASS,NA,PAT_SCAN_007,1.224,25
1922,LOT_ATPG10,W01,D0010,1.02,0.86,PASS,NA,PAT_SCAN_008,1.142,25
1923,LOT_ATPG10,W01,D0010,1.02,0.93,PASS,NA,PAT_SCAN_009,1.07,25
1924,LOT_ATPG10,W01,D0010,1.02,0.99,PASS,NA,PAT_SCAN_005,1.019,25
1925,LOT_ATPG10,W01,D0010,1.02,1.05,PASS,NA,PAT_SCAN_003,0.951,25
1926,LOT_ATPG10,W01,D0010,1.02,1.12,PASS,NA,PAT_SCAN_004,0.905,25
1927,LOT_ATPG10,W01,D0010,1.02,1.18,PASS,NA,PAT_SCAN_008,0.841,25
1928,LOT_ATPG10,W01,D0010,1.02,1.24,PASS,NA,PAT_SCAN_003,0.795,25
1929,LOT_ATPG10,W01,D0010,1.02,1.31,PASS,NA,PAT_SCAN_003,0.755,25
1930,LOT_ATPG10,W01,D0010,1.02,1.37,PASS,NA,PAT_SCAN_002,0.754,25
1931,LOT_ATPG10,W01,D0010,1.02,1.43,PASS,NA,PAT_SCAN_010,0.676,25
1932,LOT_ATPG10,W01,D0010,1.02,1.49,FAIL,FREQ_MARGIN,PAT_SCAN_010,0.64,25
1933,LOT_ATPG10,W01,D0010,1.02,1.56,FAIL,FREQ_MARGIN,PAT_SCAN_004,0.669,25
1934,LOT_ATPG10,W01,D0010,1.02,1.62,FAIL,TIMING,PAT_SCAN_007,0.615,25
1935,LOT_ATPG10,W01,D0010,1.02,1.68,FAIL,FREQ_MARGIN,PAT_SCAN_005,0.606,25
1936,LOT_ATPG10,W01,D0010,1.02,1.75,FAIL,TIMING,PAT_SCAN_007,0.645,25
1937,LOT_ATPG10,W01,D0010,1.02,1.81,FAIL,FREQ_MARGIN,PAT_SCAN_008,0.509,25
1938,LOT_ATPG10,W01,D0010,1.02,1.87,FAIL,TIMING,PAT_SCAN_003,0.49,25
1939,LOT_ATPG10,W01,D0010,1.02,1.94,FAIL,FREQ_MARGIN,PAT_SCAN_008,0.546,25
1940,LOT_ATPG10,W01,D0010,1.02,2.0,FAIL,FREQ_MARGIN,PAT_SCAN_009,0.521,25
1941,LOT_ATPG10,W01,D0010,1.06,0.8,PASS,NA,PAT_SCAN_008,1.235,25
1942,LOT_ATPG10,W01,D0010,1.06,0.86,PASS,NA,PAT_SCAN_003,1.179,25
1943,LOT_ATPG10,W01,D0010,1.06,0.93,PASS,NA,PAT_SCAN_005,1.087,25
1944,LOT_ATPG10,W01,D0010,1.06,0.99,PASS,NA,PAT_SCAN_003,0.995,25
1945,LOT_ATPG10,W01,D0010,1.06,1.05,PASS,NA,PAT_SCAN_007,0.942,25
1946,LOT_ATPG10,W01,D0010,1.06,1.12,PASS,NA,PAT_SCAN_002,0.892,25
1947,LOT_ATPG10,W01,D0010,1.06,1.18,PASS,NA,PAT_SCAN_009,0.864,25
1948,LOT_ATPG10,W01,D0010,1.06,1.24,PASS,NA,PAT_SCAN_009,0.828,25
1949,LOT_ATPG10,W01,D0010,1.06,1.31,PASS,NA,PAT_SCAN_007,0.769,25
1950,LOT_ATPG10,W01,D0010,1.06,1.37,PASS,NA,PAT_SCAN_002,0.709,25
1951,LOT_ATPG10,W01,D0010,1.06,1.43,PASS,NA,PAT_SCAN_008,0.713,25
1952,LOT_ATPG10,W01,D0010,1.06,1.49,PASS,NA,PAT_SCAN_003,0.616,25
1953,LOT_ATPG10,W01,D0010,1.06,1.56,PASS,NA,PAT_SCAN_002,0.642,25
1954,LOT_ATPG10,W01,D0010,1.06,1.62,FAIL,FREQ_MARGIN,PAT_SCAN_008,0.652,25
1955,LOT_ATPG10,W01,D0010,1.06,1.68,FAIL,FREQ_MARGIN,PAT_SCAN_010,0.609,25
1956,LOT_ATPG10,W01,D0010,1.06,1.75,FAIL,FREQ_MARGIN,PAT_SCAN_001,0.586,25
1957,LOT_ATPG10,W01,D0010,1.06,1.81,FAIL,TIMING,PAT_SCAN_003,0.552,25
1958,LOT_ATPG10,W01,D0010,1.06,1.87,FAIL,TIMING,PAT_SCAN_007,0.535,25
1959,LOT_ATPG10,W01,D0010,1.06,1.94,FAIL,FREQ_MARGIN,PAT_SCAN_005,0.496,25
1960,LOT_ATPG10,W01,D0010,1.06,2.0,FAIL,FREQ_MARGIN,PAT_SCAN_002,0.497,25
1961,LOT_ATPG10,W01,D0010,1.11,0.8,PASS,NA,PAT_SCAN_001,1.249,25
1962,LOT_ATPG10,W01,D0010,1.11,0.86,PASS,NA,PAT_SCAN_008,1.119,25
1963,LOT_ATPG10,W01,D0010,1.11,0.93,PASS,NA,PAT_SCAN_002,1.066,25
1964,LOT_ATPG10,W01,D0010,1.11,0.99,PASS,NA,PAT_SCAN_008,0.996,25
1965,LOT_ATPG10,W01,D0010,1.11,1.05,PASS,NA,PAT_SCAN_002,0.954,25
1966,LOT_ATPG10,W01,D0010,1.11,1.12,PASS,NA,PAT_SCAN_002,0.878,25
1967,LOT_ATPG10,W01,D0010,1.11,1.18,PASS,NA,PAT_SCAN_002,0.835,25
1968,LOT_ATPG10,W01,D0010,1.11,1.24,PASS,NA,PAT_SCAN_010,0.794,25
1969,LOT_ATPG10,W01,D0010,1.11,1.31,PASS,NA,PAT_SCAN_006,0.748,25
1970,LOT_ATPG10,W01,D0010,1.11,1.37,PASS,NA,PAT_SCAN_001,0.756,25
1971,LOT_ATPG10,W01,D0010,1.11,1.43,PASS,NA,PAT_SCAN_005,0.676,25
1972,LOT_ATPG10,W01,D0010,1.11,1.49,PASS,NA,PAT_SCAN_009,0.693,25
1973,LOT_ATPG10,W01,D0010,1.11,1.56,PASS,NA,PAT_SCAN_008,0.653,25
1974,LOT_ATPG10,W01,D0010,1.11,1.62,PASS,NA,PAT_SCAN_008,0.615,25
1975,LOT_ATPG10,W01,D0010,1.11,1.68,PASS,NA,PAT_SCAN_008,0.596,25
1976,LOT_ATPG10,W01,D0010,1.11,1.75,FAIL,FREQ_MARGIN,PAT_SCAN_009,0.575,25
1977,LOT_ATPG10,W01,D0010,1.11,1.81,FAIL,TIMING,PAT_SCAN_007,0.595,25
1978,LOT_ATPG10,W01,D0010,1.11,1.87,FAIL,FREQ_MARGIN,PAT_SCAN_006,0.546,25
1979,LOT_ATPG10,W01,D0010,1.11,1.94,FAIL,TIMING,PAT_SCAN_003,0.525,25
1980,LOT_ATPG10,W01,D0010,1.11,2.0,FAIL,FREQ_MARGIN,PAT_SCAN_008,0.489,25
1981,LOT_ATPG10,W01,D0010,1.15,0.8,PASS,NA,PAT_SCAN_007,1.255,25
1982,LOT_ATPG10,W01,D0010,1.15,0.86,PASS,NA,PAT_SCAN_005,1.179,25
1983,LOT_ATPG10,W01,D0010,1.15,0.93,PASS,NA,PAT_SCAN_009,1.088,25
1984,LOT_ATPG10,W01,D0010,1.15,0.99,PASS,NA,PAT_SCAN_006,0.984,25
1985,LOT_ATPG10,W01,D0010,1.15,1.05,PASS,NA,PAT_SCAN_002,0.921,25
1986,LOT_ATPG10,W01,D0010,1.15,1.12,PASS,NA,PAT_SCAN_002,0.895,25
1987,LOT_ATPG10,W01,D0010,1.15,1.18,PASS,NA,PAT_SCAN_006,0.854,25
1988,LOT_ATPG10,W01,D0010,1.15,1.24,PASS,NA,PAT_SCAN_009,0.806,25
1989,LOT_ATPG10,W01,D0010,1.15,1.31,PASS,NA,PAT_SCAN_006,0.767,25
1990,LOT_ATPG10,W01,D0010,1.15,1.37,PASS,NA,PAT_SCAN_006,0.77,25
1991,LOT_ATPG10,W01,D0010,1.15,1.43,PASS,NA,PAT_SCAN_003,0.728,25
1992,LOT_ATPG10,W01,D0010,1.15,1.49,PASS,NA,PAT_SCAN_001,0.669,25
1993,LOT_ATPG10,W01,D0010,1.15,1.56,PASS,NA,PAT_SCAN_001,0.622,25
1994,LOT_ATPG10,W01,D0010,1.15,1.62,PASS,NA,PAT_SCAN_010,0.614,25
1995,LOT_ATPG10,W01,D0010,1.15,1.68,PASS,NA,PAT_SCAN_004,0.602,25
1996,LOT_ATPG10,W01,D0010,1.15,1.75,PASS,NA,PAT_SCAN_010,0.564,25
1997,LOT_ATPG10,W01,D0010,1.15,1.81,PASS,NA,PAT_SCAN_001,0.57,25
1998,LOT_ATPG10,W01,D0010,1.15,1.87,FAIL,FREQ_MARGIN,PAT_SCAN_001,0.552,25
1999,LOT_ATPG10,W01,D0010,1.15,1.94,FAIL,FREQ_MARGIN,PAT_SCAN_008,0.541,25
2000,LOT_ATPG10,W01,D0010,1.15,2.0,FAIL,FREQ_MARGIN,PAT_SCAN_005,0.539,25
