Point_ID,Lot_ID,Wafer_ID,Die_ID,VDD_V,Frequency_GHz,Test_Result,Failure_Code,March_Algorithm,Memory_Instance
1,LOT_M10,W01,D0001,0.75,0.8,PASS,NA,March_RAW,SRAM_SRAM0
2,LOT_M10,W01,D0001,0.75,0.86,PASS,NA,March_RAW,SRAM_SRAM2
3,LOT_M10,W01,D0001,0.75,0.93,PASS,NA,March_C_minus,SRAM_SRAM0
4,LOT_M10,W01,D0001,0.75,0.99,PASS,NA,March_RAW,SRAM_SRAM1
5,LOT_M10,W01,D0001,0.75,1.05,PASS,NA,March_RAW,SRAM_SRAM2
6,LOT_M10,W01,D0001,0.75,1.12,PASS,NA,March_RAW,SRAM_SRAM2
7,LOT_M10,W01,D0001,0.75,1.18,PASS,NA,March_C_minus,SRAM_SRAM2
8,LOT_M10,W01,D0001,0.75,1.24,PASS,NA,March_SS,SRAM_SRAM0
9,LOT_M10,W01,D0001,0.75,1.31,PASS,NA,March_SS,SRAM_SRAM1
10,LOT_M10,W01,D0001,0.75,1.37,PASS,NA,March_SS,SRAM_SRAM1
11,LOT_M10,W01,D0001,0.75,1.43,PASS,NA,March_C_minus,SRAM_SRAM0
12,LOT_M10,W01,D0001,0.75,1.49,PASS,NA,March_SS,SRAM_SRAM1
13,LOT_M10,W01,D0001,0.75,1.56,FAIL,RETENTION_FAULT,March_C_minus,SRAM_SRAM0
14,LOT_M10,W01,D0001,0.75,1.62,FAIL,ADDRESS_DECODE_FAULT,March_RAW,SRAM_SRAM1
15,LOT_M10,W01,D0001,0.75,1.68,FAIL,COUPLING_FAULT,March_RAW,SRAM_SRAM1
16,LOT_M10,W01,D0001,0.75,1.75,FAIL,FREQ_MARGIN,March_RAW,SRAM_SRAM2
17,LOT_M10,W01,D0001,0.75,1.81,FAIL,FREQ_MARGIN,March_C_minus,SRAM_SRAM2
18,LOT_M10,W01,D0001,0.75,1.87,FAIL,FREQ_MARGIN,March_RAW,SRAM_SRAM0
19,LOT_M10,W01,D0001,0.75,1.94,FAIL,FREQ_MARGIN,March_SS,SRAM_SRAM0
20,LOT_M10,W01,D0001,0.75,2.0,FAIL,STUCK_AT,March_SS,SRAM_SRAM1
21,LOT_M10,W01,D0001,0.79,0.8,PASS,NA,March_SS,SRAM_SRAM2
22,LOT_M10,W01,D0001,0.79,0.86,PASS,NA,March_RAW,SRAM_SRAM0
23,LOT_M10,W01,D0001,0.79,0.93,PASS,NA,March_RAW,SRAM_SRAM2
24,LOT_M10,W01,D0001,0.79,0.99,PASS,NA,March_SS,SRAM_SRAM0
25,LOT_M10,W01,D0001,0.79,1.05,PASS,NA,March_SS,SRAM_SRAM1
26,LOT_M10,W01,D0001,0.79,1.12,PASS,NA,March_SS,SRAM_SRAM1
27,LOT_M10,W01,D0001,0.79,1.18,PASS,NA,March_SS,SRAM_SRAM1
28,LOT_M10,W01,D0001,0.79,1.24,PASS,NA,March_SS,SRAM_SRAM0
29,LOT_M10,W01,D0001,0.79,1.31,PASS,NA,March_RAW,SRAM_SRAM1
30,LOT_M10,W01,D0001,0.79,1.37,PASS,NA,March_SS,SRAM_SRAM1
31,LOT_M10,W01,D0001,0.79,1.43,PASS,NA,March_SS,SRAM_SRAM1
32,LOT_M10,W01,D0001,0.79,1.49,PASS,NA,March_SS,SRAM_SRAM2
33,LOT_M10,W01,D0001,0.79,1.56,PASS,NA,March_RAW,SRAM_SRAM1
34,LOT_M10,W01,D0001,0.79,1.62,PASS,NA,March_RAW,SRAM_SRAM0
35,LOT_M10,W01,D0001,0.79,1.68,PASS,NA,March_SS,SRAM_SRAM0
36,LOT_M10,W01,D0001,0.79,1.75,FAIL,FREQ_MARGIN,March_C_minus,SRAM_SRAM1
37,LOT_M10,W01,D0001,0.79,1.81,FAIL,ADDRESS_DECODE_FAULT,March_SS,SRAM_SRAM0
38,LOT_M10,W01,D0001,0.79,1.87,FAIL,STUCK_AT,March_C_minus,SRAM_SRAM0
39,LOT_M10,W01,D0001,0.79,1.94,FAIL,FREQ_MARGIN,March_C_minus,SRAM_SRAM0
40,LOT_M10,W01,D0001,0.79,2.0,FAIL,FREQ_MARGIN,March_C_minus,SRAM_SRAM2
41,LOT_M10,W01,D0001,0.84,0.8,PASS,NA,March_C_minus,SRAM_SRAM2
42,LOT_M10,W01,D0001,0.84,0.86,PASS,NA,March_RAW,SRAM_SRAM0
43,LOT_M10,W01,D0001,0.84,0.93,PASS,NA,March_RAW,SRAM_SRAM0
44,LOT_M10,W01,D0001,0.84,0.99,PASS,NA,March_SS,SRAM_SRAM2
45,LOT_M10,W01,D0001,0.84,1.05,PASS,NA,March_SS,SRAM_SRAM0
46,LOT_M10,W01,D0001,0.84,1.12,PASS,NA,March_RAW,SRAM_SRAM0
47,LOT_M10,W01,D0001,0.84,1.18,PASS,NA,March_SS,SRAM_SRAM0
48,LOT_M10,W01,D0001,0.84,1.24,PASS,NA,March_RAW,SRAM_SRAM2
49,LOT_M10,W01,D0001,0.84,1.31,PASS,NA,March_SS,SRAM_SRAM0
50,LOT_M10,W01,D0001,0.84,1.37,PASS,NA,March_RAW,SRAM_SRAM1
51,LOT_M10,W01,D0001,0.84,1.43,PASS,NA,March_RAW,SRAM_SRAM2
52,LOT_M10,W01,D0001,0.84,1.49,PASS,NA,March_C_minus,SRAM_SRAM2
53,LOT_M10,W01,D0001,0.84,1.56,PASS,NA,March_C_minus,SRAM_SRAM2
54,LOT_M10,W01,D0001,0.84,1.62,PASS,NA,March_SS,SRAM_SRAM2
55,LOT_M10,W01,D0001,0.84,1.68,PASS,NA,March_C_minus,SRAM_SRAM0
56,LOT_M10,W01,D0001,0.84,1.75,PASS,NA,March_SS,SRAM_SRAM2
57,LOT_M10,W01,D0001,0.84,1.81,PASS,NA,March_RAW,SRAM_SRAM1
58,LOT_M10,W01,D0001,0.84,1.87,PASS,NA,March_RAW,SRAM_SRAM2
59,LOT_M10,W01,D0001,0.84,1.94,FAIL,FREQ_MARGIN,March_C_minus,SRAM_SRAM2
60,LOT_M10,W01,D0001,0.84,2.0,FAIL,ADDRESS_DECODE_FAULT,March_SS,SRAM_SRAM0
61,LOT_M10,W01,D0001,0.88,0.8,PASS,NA,March_RAW,SRAM_SRAM0
62,LOT_M10,W01,D0001,0.88,0.86,PASS,NA,March_C_minus,SRAM_SRAM1
63,LOT_M10,W01,D0001,0.88,0.93,PASS,NA,March_C_minus,SRAM_SRAM2
64,LOT_M10,W01,D0001,0.88,0.99,PASS,NA,March_RAW,SRAM_SRAM0
65,LOT_M10,W01,D0001,0.88,1.05,PASS,NA,March_RAW,SRAM_SRAM2
66,LOT_M10,W01,D0001,0.88,1.12,PASS,NA,March_C_minus,SRAM_SRAM0
67,LOT_M10,W01,D0001,0.88,1.18,PASS,NA,March_RAW,SRAM_SRAM2
68,LOT_M10,W01,D0001,0.88,1.24,PASS,NA,March_RAW,SRAM_SRAM1
69,LOT_M10,W01,D0001,0.88,1.31,PASS,NA,March_SS,SRAM_SRAM1
70,LOT_M10,W01,D0001,0.88,1.37,PASS,NA,March_C_minus,SRAM_SRAM1
71,LOT_M10,W01,D0001,0.88,1.43,PASS,NA,March_C_minus,SRAM_SRAM0
72,LOT_M10,W01,D0001,0.88,1.49,PASS,NA,March_SS,SRAM_SRAM1
73,LOT_M10,W01,D0001,0.88,1.56,PASS,NA,March_SS,SRAM_SRAM2
74,LOT_M10,W01,D0001,0.88,1.62,PASS,NA,March_SS,SRAM_SRAM2
75,LOT_M10,W01,D0001,0.88,1.68,PASS,NA,March_C_minus,SRAM_SRAM2
76,LOT_M10,W01,D0001,0.88,1.75,PASS,NA,March_SS,SRAM_SRAM0
77,LOT_M10,W01,D0001,0.88,1.81,PASS,NA,March_C_minus,SRAM_SRAM0
78,LOT_M10,W01,D0001,0.88,1.87,PASS,NA,March_RAW,SRAM_SRAM1
79,LOT_M10,W01,D0001,0.88,1.94,PASS,NA,March_C_minus,SRAM_SRAM0
80,LOT_M10,W01,D0001,0.88,2.0,PASS,NA,March_C_minus,SRAM_SRAM2
81,LOT_M10,W01,D0001,0.93,0.8,PASS,NA,March_RAW,SRAM_SRAM1
82,LOT_M10,W01,D0001,0.93,0.86,PASS,NA,March_RAW,SRAM_SRAM0
83,LOT_M10,W01,D0001,0.93,0.93,PASS,NA,March_SS,SRAM_SRAM0
84,LOT_M10,W01,D0001,0.93,0.99,PASS,NA,March_C_minus,SRAM_SRAM2
85,LOT_M10,W01,D0001,0.93,1.05,PASS,NA,March_SS,SRAM_SRAM2
86,LOT_M10,W01,D0001,0.93,1.12,PASS,NA,March_RAW,SRAM_SRAM1
87,LOT_M10,W01,D0001,0.93,1.18,PASS,NA,March_C_minus,SRAM_SRAM0
88,LOT_M10,W01,D0001,0.93,1.24,PASS,NA,March_SS,SRAM_SRAM0
89,LOT_M10,W01,D0001,0.93,1.31,PASS,NA,March_SS,SRAM_SRAM1
90,LOT_M10,W01,D0001,0.93,1.37,PASS,NA,March_RAW,SRAM_SRAM1
91,LOT_M10,W01,D0001,0.93,1.43,PASS,NA,March_RAW,SRAM_SRAM0
92,LOT_M10,W01,D0001,0.93,1.49,PASS,NA,March_C_minus,SRAM_SRAM0
93,LOT_M10,W01,D0001,0.93,1.56,PASS,NA,March_C_minus,SRAM_SRAM2
94,LOT_M10,W01,D0001,0.93,1.62,PASS,NA,March_C_minus,SRAM_SRAM1
95,LOT_M10,W01,D0001,0.93,1.68,PASS,NA,March_SS,SRAM_SRAM1
96,LOT_M10,W01,D0001,0.93,1.75,PASS,NA,March_RAW,SRAM_SRAM0
97,LOT_M10,W01,D0001,0.93,1.81,PASS,NA,March_C_minus,SRAM_SRAM0
98,LOT_M10,W01,D0001,0.93,1.87,PASS,NA,March_RAW,SRAM_SRAM1
99,LOT_M10,W01,D0001,0.93,1.94,PASS,NA,March_SS,SRAM_SRAM0
100,LOT_M10,W01,D0001,0.93,2.0,PASS,NA,March_SS,SRAM_SRAM1
101,LOT_M10,W01,D0001,0.97,0.8,PASS,NA,March_RAW,SRAM_SRAM2
102,LOT_M10,W01,D0001,0.97,0.86,PASS,NA,March_RAW,SRAM_SRAM2
103,LOT_M10,W01,D0001,0.97,0.93,PASS,NA,March_C_minus,SRAM_SRAM2
104,LOT_M10,W01,D0001,0.97,0.99,PASS,NA,March_SS,SRAM_SRAM0
105,LOT_M10,W01,D0001,0.97,1.05,PASS,NA,March_SS,SRAM_SRAM1
106,LOT_M10,W01,D0001,0.97,1.12,PASS,NA,March_SS,SRAM_SRAM2
107,LOT_M10,W01,D0001,0.97,1.18,PASS,NA,March_RAW,SRAM_SRAM0
108,LOT_M10,W01,D0001,0.97,1.24,PASS,NA,March_C_minus,SRAM_SRAM2
109,LOT_M10,W01,D0001,0.97,1.31,PASS,NA,March_SS,SRAM_SRAM0
110,LOT_M10,W01,D0001,0.97,1.37,PASS,NA,March_RAW,SRAM_SRAM2
111,LOT_M10,W01,D0001,0.97,1.43,PASS,NA,March_RAW,SRAM_SRAM1
112,LOT_M10,W01,D0001,0.97,1.49,PASS,NA,March_RAW,SRAM_SRAM2
113,LOT_M10,W01,D0001,0.97,1.56,PASS,NA,March_RAW,SRAM_SRAM2
114,LOT_M10,W01,D0001,0.97,1.62,PASS,NA,March_C_minus,SRAM_SRAM0
115,LOT_M10,W01,D0001,0.97,1.68,PASS,NA,March_RAW,SRAM_SRAM1
116,LOT_M10,W01,D0001,0.97,1.75,PASS,NA,March_C_minus,SRAM_SRAM2
117,LOT_M10,W01,D0001,0.97,1.81,PASS,NA,March_C_minus,SRAM_SRAM0
118,LOT_M10,W01,D0001,0.97,1.87,PASS,NA,March_SS,SRAM_SRAM2
119,LOT_M10,W01,D0001,0.97,1.94,PASS,NA,March_RAW,SRAM_SRAM1
120,LOT_M10,W01,D0001,0.97,2.0,PASS,NA,March_SS,SRAM_SRAM2
121,LOT_M10,W01,D0001,1.02,0.8,PASS,NA,March_RAW,SRAM_SRAM1
122,LOT_M10,W01,D0001,1.02,0.86,PASS,NA,March_C_minus,SRAM_SRAM0
123,LOT_M10,W01,D0001,1.02,0.93,PASS,NA,March_SS,SRAM_SRAM0
124,LOT_M10,W01,D0001,1.02,0.99,PASS,NA,March_SS,SRAM_SRAM0
125,LOT_M10,W01,D0001,1.02,1.05,PASS,NA,March_C_minus,SRAM_SRAM2
126,LOT_M10,W01,D0001,1.02,1.12,PASS,NA,March_RAW,SRAM_SRAM0
127,LOT_M10,W01,D0001,1.02,1.18,PASS,NA,March_C_minus,SRAM_SRAM2
128,LOT_M10,W01,D0001,1.02,1.24,PASS,NA,March_RAW,SRAM_SRAM2
129,LOT_M10,W01,D0001,1.02,1.31,PASS,NA,March_SS,SRAM_SRAM0
130,LOT_M10,W01,D0001,1.02,1.37,PASS,NA,March_RAW,SRAM_SRAM0
131,LOT_M10,W01,D0001,1.02,1.43,PASS,NA,March_SS,SRAM_SRAM1
132,LOT_M10,W01,D0001,1.02,1.49,PASS,NA,March_RAW,SRAM_SRAM1
133,LOT_M10,W01,D0001,1.02,1.56,PASS,NA,March_C_minus,SRAM_SRAM2
134,LOT_M10,W01,D0001,1.02,1.62,PASS,NA,March_C_minus,SRAM_SRAM0
135,LOT_M10,W01,D0001,1.02,1.68,PASS,NA,March_SS,SRAM_SRAM1
136,LOT_M10,W01,D0001,1.02,1.75,PASS,NA,March_SS,SRAM_SRAM1
137,LOT_M10,W01,D0001,1.02,1.81,PASS,NA,March_SS,SRAM_SRAM2
138,LOT_M10,W01,D0001,1.02,1.87,PASS,NA,March_C_minus,SRAM_SRAM0
139,LOT_M10,W01,D0001,1.02,1.94,PASS,NA,March_C_minus,SRAM_SRAM0
140,LOT_M10,W01,D0001,1.02,2.0,PASS,NA,March_SS,SRAM_SRAM0
141,LOT_M10,W01,D0001,1.06,0.8,PASS,NA,March_RAW,SRAM_SRAM2
142,LOT_M10,W01,D0001,1.06,0.86,PASS,NA,March_C_minus,SRAM_SRAM0
143,LOT_M10,W01,D0001,1.06,0.93,PASS,NA,March_RAW,SRAM_SRAM2
144,LOT_M10,W01,D0001,1.06,0.99,PASS,NA,March_SS,SRAM_SRAM2
145,LOT_M10,W01,D0001,1.06,1.05,PASS,NA,March_SS,SRAM_SRAM1
146,LOT_M10,W01,D0001,1.06,1.12,PASS,NA,March_SS,SRAM_SRAM1
147,LOT_M10,W01,D0001,1.06,1.18,PASS,NA,March_SS,SRAM_SRAM0
148,LOT_M10,W01,D0001,1.06,1.24,PASS,NA,March_RAW,SRAM_SRAM1
149,LOT_M10,W01,D0001,1.06,1.31,PASS,NA,March_RAW,SRAM_SRAM2
150,LOT_M10,W01,D0001,1.06,1.37,PASS,NA,March_SS,SRAM_SRAM0
151,LOT_M10,W01,D0001,1.06,1.43,PASS,NA,March_SS,SRAM_SRAM0
152,LOT_M10,W01,D0001,1.06,1.49,PASS,NA,March_RAW,SRAM_SRAM0
153,LOT_M10,W01,D0001,1.06,1.56,PASS,NA,March_C_minus,SRAM_SRAM0
154,LOT_M10,W01,D0001,1.06,1.62,PASS,NA,March_RAW,SRAM_SRAM2
155,LOT_M10,W01,D0001,1.06,1.68,PASS,NA,March_C_minus,SRAM_SRAM0
156,LOT_M10,W01,D0001,1.06,1.75,PASS,NA,March_SS,SRAM_SRAM0
157,LOT_M10,W01,D0001,1.06,1.81,PASS,NA,March_SS,SRAM_SRAM0
158,LOT_M10,W01,D0001,1.06,1.87,PASS,NA,March_SS,SRAM_SRAM2
159,LOT_M10,W01,D0001,1.06,1.94,PASS,NA,March_C_minus,SRAM_SRAM0
160,LOT_M10,W01,D0001,1.06,2.0,PASS,NA,March_C_minus,SRAM_SRAM0
161,LOT_M10,W01,D0001,1.11,0.8,PASS,NA,March_SS,SRAM_SRAM0
162,LOT_M10,W01,D0001,1.11,0.86,PASS,NA,March_RAW,SRAM_SRAM2
163,LOT_M10,W01,D0001,1.11,0.93,PASS,NA,March_C_minus,SRAM_SRAM2
164,LOT_M10,W01,D0001,1.11,0.99,PASS,NA,March_C_minus,SRAM_SRAM0
165,LOT_M10,W01,D0001,1.11,1.05,PASS,NA,March_RAW,SRAM_SRAM0
166,LOT_M10,W01,D0001,1.11,1.12,PASS,NA,March_RAW,SRAM_SRAM1
167,LOT_M10,W01,D0001,1.11,1.18,PASS,NA,March_C_minus,SRAM_SRAM1
168,LOT_M10,W01,D0001,1.11,1.24,PASS,NA,March_RAW,SRAM_SRAM1
169,LOT_M10,W01,D0001,1.11,1.31,PASS,NA,March_SS,SRAM_SRAM2
170,LOT_M10,W01,D0001,1.11,1.37,PASS,NA,March_SS,SRAM_SRAM1
171,LOT_M10,W01,D0001,1.11,1.43,PASS,NA,March_RAW,SRAM_SRAM1
172,LOT_M10,W01,D0001,1.11,1.49,PASS,NA,March_RAW,SRAM_SRAM1
173,LOT_M10,W01,D0001,1.11,1.56,PASS,NA,March_RAW,SRAM_SRAM2
174,LOT_M10,W01,D0001,1.11,1.62,PASS,NA,March_SS,SRAM_SRAM1
175,LOT_M10,W01,D0001,1.11,1.68,PASS,NA,March_SS,SRAM_SRAM0
176,LOT_M10,W01,D0001,1.11,1.75,PASS,NA,March_C_minus,SRAM_SRAM0
177,LOT_M10,W01,D0001,1.11,1.81,PASS,NA,March_RAW,SRAM_SRAM1
178,LOT_M10,W01,D0001,1.11,1.87,PASS,NA,March_RAW,SRAM_SRAM0
179,LOT_M10,W01,D0001,1.11,1.94,PASS,NA,March_SS,SRAM_SRAM2
180,LOT_M10,W01,D0001,1.11,2.0,PASS,NA,March_SS,SRAM_SRAM2
181,LOT_M10,W01,D0001,1.15,0.8,PASS,NA,March_SS,SRAM_SRAM0
182,LOT_M10,W01,D0001,1.15,0.86,PASS,NA,March_C_minus,SRAM_SRAM1
183,LOT_M10,W01,D0001,1.15,0.93,PASS,NA,March_RAW,SRAM_SRAM0
184,LOT_M10,W01,D0001,1.15,0.99,PASS,NA,March_C_minus,SRAM_SRAM0
185,LOT_M10,W01,D0001,1.15,1.05,PASS,NA,March_SS,SRAM_SRAM1
186,LOT_M10,W01,D0001,1.15,1.12,PASS,NA,March_RAW,SRAM_SRAM2
187,LOT_M10,W01,D0001,1.15,1.18,PASS,NA,March_RAW,SRAM_SRAM1
188,LOT_M10,W01,D0001,1.15,1.24,PASS,NA,March_SS,SRAM_SRAM2
189,LOT_M10,W01,D0001,1.15,1.31,PASS,NA,March_RAW,SRAM_SRAM1
190,LOT_M10,W01,D0001,1.15,1.37,PASS,NA,March_RAW,SRAM_SRAM0
191,LOT_M10,W01,D0001,1.15,1.43,PASS,NA,March_SS,SRAM_SRAM2
192,LOT_M10,W01,D0001,1.15,1.49,PASS,NA,March_SS,SRAM_SRAM0
193,LOT_M10,W01,D0001,1.15,1.56,PASS,NA,March_SS,SRAM_SRAM1
194,LOT_M10,W01,D0001,1.15,1.62,PASS,NA,March_SS,SRAM_SRAM1
195,LOT_M10,W01,D0001,1.15,1.68,PASS,NA,March_C_minus,SRAM_SRAM1
196,LOT_M10,W01,D0001,1.15,1.75,PASS,NA,March_SS,SRAM_SRAM2
197,LOT_M10,W01,D0001,1.15,1.81,PASS,NA,March_SS,SRAM_SRAM2
198,LOT_M10,W01,D0001,1.15,1.87,PASS,NA,March_C_minus,SRAM_SRAM0
199,LOT_M10,W01,D0001,1.15,1.94,PASS,NA,March_C_minus,SRAM_SRAM0
200,LOT_M10,W01,D0001,1.15,2.0,PASS,NA,March_RAW,SRAM_SRAM1
201,LOT_M10,W01,D0002,0.75,0.8,PASS,NA,March_C_minus,SRAM_SRAM1
202,LOT_M10,W01,D0002,0.75,0.86,PASS,NA,March_RAW,SRAM_SRAM2
203,LOT_M10,W01,D0002,0.75,0.93,PASS,NA,March_RAW,SRAM_SRAM0
204,LOT_M10,W01,D0002,0.75,0.99,PASS,NA,March_SS,SRAM_SRAM1
205,LOT_M10,W01,D0002,0.75,1.05,PASS,NA,March_SS,SRAM_SRAM2
206,LOT_M10,W01,D0002,0.75,1.12,PASS,NA,March_C_minus,SRAM_SRAM2
207,LOT_M10,W01,D0002,0.75,1.18,PASS,NA,March_RAW,SRAM_SRAM1
208,LOT_M10,W01,D0002,0.75,1.24,PASS,NA,March_RAW,SRAM_SRAM1
209,LOT_M10,W01,D0002,0.75,1.31,PASS,NA,March_C_minus,SRAM_SRAM1
210,LOT_M10,W01,D0002,0.75,1.37,PASS,NA,March_C_minus,SRAM_SRAM1
211,LOT_M10,W01,D0002,0.75,1.43,PASS,NA,March_RAW,SRAM_SRAM2
212,LOT_M10,W01,D0002,0.75,1.49,FAIL,COUPLING_FAULT,March_C_minus,SRAM_SRAM0
213,LOT_M10,W01,D0002,0.75,1.56,FAIL,COUPLING_FAULT,March_C_minus,SRAM_SRAM2
214,LOT_M10,W01,D0002,0.75,1.62,FAIL,FREQ_MARGIN,March_SS,SRAM_SRAM0
215,LOT_M10,W01,D0002,0.75,1.68,FAIL,FREQ_MARGIN,March_C_minus,SRAM_SRAM0
216,LOT_M10,W01,D0002,0.75,1.75,FAIL,FREQ_MARGIN,March_RAW,SRAM_SRAM2
217,LOT_M10,W01,D0002,0.75,1.81,FAIL,COUPLING_FAULT,March_C_minus,SRAM_SRAM2
218,LOT_M10,W01,D0002,0.75,1.87,FAIL,STUCK_AT,March_RAW,SRAM_SRAM0
219,LOT_M10,W01,D0002,0.75,1.94,FAIL,COUPLING_FAULT,March_SS,SRAM_SRAM0
220,LOT_M10,W01,D0002,0.75,2.0,FAIL,FREQ_MARGIN,March_SS,SRAM_SRAM1
221,LOT_M10,W01,D0002,0.79,0.8,PASS,NA,March_SS,SRAM_SRAM1
222,LOT_M10,W01,D0002,0.79,0.86,PASS,NA,March_C_minus,SRAM_SRAM2
223,LOT_M10,W01,D0002,0.79,0.93,PASS,NA,March_C_minus,SRAM_SRAM1
224,LOT_M10,W01,D0002,0.79,0.99,PASS,NA,March_SS,SRAM_SRAM0
225,LOT_M10,W01,D0002,0.79,1.05,PASS,NA,March_RAW,SRAM_SRAM1
226,LOT_M10,W01,D0002,0.79,1.12,PASS,NA,March_SS,SRAM_SRAM1
227,LOT_M10,W01,D0002,0.79,1.18,PASS,NA,March_C_minus,SRAM_SRAM1
228,LOT_M10,W01,D0002,0.79,1.24,PASS,NA,March_RAW,SRAM_SRAM1
229,LOT_M10,W01,D0002,0.79,1.31,PASS,NA,March_SS,SRAM_SRAM2
230,LOT_M10,W01,D0002,0.79,1.37,PASS,NA,March_SS,SRAM_SRAM0
231,LOT_M10,W01,D0002,0.79,1.43,PASS,NA,March_C_minus,SRAM_SRAM0
232,LOT_M10,W01,D0002,0.79,1.49,PASS,NA,March_RAW,SRAM_SRAM1
233,LOT_M10,W01,D0002,0.79,1.56,PASS,NA,March_C_minus,SRAM_SRAM2
234,LOT_M10,W01,D0002,0.79,1.62,FAIL,FREQ_MARGIN,March_SS,SRAM_SRAM2
235,LOT_M10,W01,D0002,0.79,1.68,FAIL,FREQ_MARGIN,March_C_minus,SRAM_SRAM0
236,LOT_M10,W01,D0002,0.79,1.75,FAIL,FREQ_MARGIN,March_C_minus,SRAM_SRAM2
237,LOT_M10,W01,D0002,0.79,1.81,FAIL,STUCK_AT,March_SS,SRAM_SRAM2
238,LOT_M10,W01,D0002,0.79,1.87,FAIL,RETENTION_FAULT,March_RAW,SRAM_SRAM1
239,LOT_M10,W01,D0002,0.79,1.94,FAIL,COUPLING_FAULT,March_SS,SRAM_SRAM2
240,LOT_M10,W01,D0002,0.79,2.0,FAIL,FREQ_MARGIN,March_C_minus,SRAM_SRAM1
241,LOT_M10,W01,D0002,0.84,0.8,PASS,NA,March_SS,SRAM_SRAM1
242,LOT_M10,W01,D0002,0.84,0.86,PASS,NA,March_RAW,SRAM_SRAM0
243,LOT_M10,W01,D0002,0.84,0.93,PASS,NA,March_RAW,SRAM_SRAM1
244,LOT_M10,W01,D0002,0.84,0.99,PASS,NA,March_C_minus,SRAM_SRAM1
245,LOT_M10,W01,D0002,0.84,1.05,PASS,NA,March_C_minus,SRAM_SRAM2
246,LOT_M10,W01,D0002,0.84,1.12,PASS,NA,March_C_minus,SRAM_SRAM0
247,LOT_M10,W01,D0002,0.84,1.18,PASS,NA,March_C_minus,SRAM_SRAM0
248,LOT_M10,W01,D0002,0.84,1.24,PASS,NA,March_C_minus,SRAM_SRAM1
249,LOT_M10,W01,D0002,0.84,1.31,PASS,NA,March_C_minus,SRAM_SRAM0
250,LOT_M10,W01,D0002,0.84,1.37,PASS,NA,March_RAW,SRAM_SRAM0
251,LOT_M10,W01,D0002,0.84,1.43,PASS,NA,March_RAW,SRAM_SRAM1
252,LOT_M10,W01,D0002,0.84,1.49,PASS,NA,March_C_minus,SRAM_SRAM2
253,LOT_M10,W01,D0002,0.84,1.56,PASS,NA,March_RAW,SRAM_SRAM1
254,LOT_M10,W01,D0002,0.84,1.62,PASS,NA,March_C_minus,SRAM_SRAM0
255,LOT_M10,W01,D0002,0.84,1.68,PASS,NA,March_RAW,SRAM_SRAM0
256,LOT_M10,W01,D0002,0.84,1.75,PASS,NA,March_RAW,SRAM_SRAM0
257,LOT_M10,W01,D0002,0.84,1.81,FAIL,FREQ_MARGIN,March_RAW,SRAM_SRAM0
258,LOT_M10,W01,D0002,0.84,1.87,FAIL,FREQ_MARGIN,March_C_minus,SRAM_SRAM1
259,LOT_M10,W01,D0002,0.84,1.94,FAIL,RETENTION_FAULT,March_C_minus,SRAM_SRAM1
260,LOT_M10,W01,D0002,0.84,2.0,FAIL,FREQ_MARGIN,March_C_minus,SRAM_SRAM0
261,LOT_M10,W01,D0002,0.88,0.8,PASS,NA,March_C_minus,SRAM_SRAM2
262,LOT_M10,W01,D0002,0.88,0.86,PASS,NA,March_SS,SRAM_SRAM2
263,LOT_M10,W01,D0002,0.88,0.93,PASS,NA,March_RAW,SRAM_SRAM1
264,LOT_M10,W01,D0002,0.88,0.99,PASS,NA,March_RAW,SRAM_SRAM0
265,LOT_M10,W01,D0002,0.88,1.05,PASS,NA,March_C_minus,SRAM_SRAM2
266,LOT_M10,W01,D0002,0.88,1.12,PASS,NA,March_C_minus,SRAM_SRAM2
267,LOT_M10,W01,D0002,0.88,1.18,PASS,NA,March_C_minus,SRAM_SRAM0
268,LOT_M10,W01,D0002,0.88,1.24,PASS,NA,March_RAW,SRAM_SRAM0
269,LOT_M10,W01,D0002,0.88,1.31,PASS,NA,March_RAW,SRAM_SRAM0
270,LOT_M10,W01,D0002,0.88,1.37,PASS,NA,March_C_minus,SRAM_SRAM1
271,LOT_M10,W01,D0002,0.88,1.43,PASS,NA,March_SS,SRAM_SRAM2
272,LOT_M10,W01,D0002,0.88,1.49,PASS,NA,March_SS,SRAM_SRAM2
273,LOT_M10,W01,D0002,0.88,1.56,PASS,NA,March_SS,SRAM_SRAM0
274,LOT_M10,W01,D0002,0.88,1.62,PASS,NA,March_RAW,SRAM_SRAM2
275,LOT_M10,W01,D0002,0.88,1.68,PASS,NA,March_C_minus,SRAM_SRAM2
276,LOT_M10,W01,D0002,0.88,1.75,PASS,NA,March_RAW,SRAM_SRAM1
277,LOT_M10,W01,D0002,0.88,1.81,PASS,NA,March_RAW,SRAM_SRAM0
278,LOT_M10,W01,D0002,0.88,1.87,PASS,NA,March_SS,SRAM_SRAM1
279,LOT_M10,W01,D0002,0.88,1.94,FAIL,FREQ_MARGIN,March_C_minus,SRAM_SRAM0
280,LOT_M10,W01,D0002,0.88,2.0,FAIL,STUCK_AT,March_SS,SRAM_SRAM0
281,LOT_M10,W01,D0002,0.93,0.8,PASS,NA,March_SS,SRAM_SRAM2
282,LOT_M10,W01,D0002,0.93,0.86,PASS,NA,March_SS,SRAM_SRAM1
283,LOT_M10,W01,D0002,0.93,0.93,PASS,NA,March_C_minus,SRAM_SRAM0
284,LOT_M10,W01,D0002,0.93,0.99,PASS,NA,March_C_minus,SRAM_SRAM1
285,LOT_M10,W01,D0002,0.93,1.05,PASS,NA,March_RAW,SRAM_SRAM0
286,LOT_M10,W01,D0002,0.93,1.12,PASS,NA,March_C_minus,SRAM_SRAM1
287,LOT_M10,W01,D0002,0.93,1.18,PASS,NA,March_C_minus,SRAM_SRAM2
288,LOT_M10,W01,D0002,0.93,1.24,PASS,NA,March_RAW,SRAM_SRAM0
289,LOT_M10,W01,D0002,0.93,1.31,PASS,NA,March_C_minus,SRAM_SRAM1
290,LOT_M10,W01,D0002,0.93,1.37,PASS,NA,March_RAW,SRAM_SRAM2
291,LOT_M10,W01,D0002,0.93,1.43,PASS,NA,March_C_minus,SRAM_SRAM1
292,LOT_M10,W01,D0002,0.93,1.49,PASS,NA,March_RAW,SRAM_SRAM2
293,LOT_M10,W01,D0002,0.93,1.56,PASS,NA,March_SS,SRAM_SRAM1
294,LOT_M10,W01,D0002,0.93,1.62,PASS,NA,March_RAW,SRAM_SRAM2
295,LOT_M10,W01,D0002,0.93,1.68,PASS,NA,March_SS,SRAM_SRAM2
296,LOT_M10,W01,D0002,0.93,1.75,PASS,NA,March_C_minus,SRAM_SRAM0
297,LOT_M10,W01,D0002,0.93,1.81,PASS,NA,March_SS,SRAM_SRAM1
298,LOT_M10,W01,D0002,0.93,1.87,PASS,NA,March_SS,SRAM_SRAM0
299,LOT_M10,W01,D0002,0.93,1.94,PASS,NA,March_RAW,SRAM_SRAM0
300,LOT_M10,W01,D0002,0.93,2.0,PASS,NA,March_RAW,SRAM_SRAM0
301,LOT_M10,W01,D0002,0.97,0.8,PASS,NA,March_RAW,SRAM_SRAM0
302,LOT_M10,W01,D0002,0.97,0.86,PASS,NA,March_SS,SRAM_SRAM0
303,LOT_M10,W01,D0002,0.97,0.93,PASS,NA,March_RAW,SRAM_SRAM0
304,LOT_M10,W01,D0002,0.97,0.99,PASS,NA,March_C_minus,SRAM_SRAM0
305,LOT_M10,W01,D0002,0.97,1.05,PASS,NA,March_SS,SRAM_SRAM0
306,LOT_M10,W01,D0002,0.97,1.12,PASS,NA,March_SS,SRAM_SRAM1
307,LOT_M10,W01,D0002,0.97,1.18,PASS,NA,March_C_minus,SRAM_SRAM0
308,LOT_M10,W01,D0002,0.97,1.24,PASS,NA,March_C_minus,SRAM_SRAM2
309,LOT_M10,W01,D0002,0.97,1.31,PASS,NA,March_C_minus,SRAM_SRAM1
310,LOT_M10,W01,D0002,0.97,1.37,PASS,NA,March_C_minus,SRAM_SRAM2
311,LOT_M10,W01,D0002,0.97,1.43,PASS,NA,March_C_minus,SRAM_SRAM2
312,LOT_M10,W01,D0002,0.97,1.49,PASS,NA,March_RAW,SRAM_SRAM0
313,LOT_M10,W01,D0002,0.97,1.56,PASS,NA,March_SS,SRAM_SRAM2
314,LOT_M10,W01,D0002,0.97,1.62,PASS,NA,March_C_minus,SRAM_SRAM0
315,LOT_M10,W01,D0002,0.97,1.68,PASS,NA,March_SS,SRAM_SRAM2
316,LOT_M10,W01,D0002,0.97,1.75,PASS,NA,March_RAW,SRAM_SRAM0
317,LOT_M10,W01,D0002,0.97,1.81,PASS,NA,March_C_minus,SRAM_SRAM1
318,LOT_M10,W01,D0002,0.97,1.87,PASS,NA,March_SS,SRAM_SRAM2
319,LOT_M10,W01,D0002,0.97,1.94,PASS,NA,March_RAW,SRAM_SRAM0
320,LOT_M10,W01,D0002,0.97,2.0,PASS,NA,March_RAW,SRAM_SRAM1
321,LOT_M10,W01,D0002,1.02,0.8,PASS,NA,March_SS,SRAM_SRAM0
322,LOT_M10,W01,D0002,1.02,0.86,PASS,NA,March_SS,SRAM_SRAM1
323,LOT_M10,W01,D0002,1.02,0.93,PASS,NA,March_SS,SRAM_SRAM1
324,LOT_M10,W01,D0002,1.02,0.99,PASS,NA,March_C_minus,SRAM_SRAM0
325,LOT_M10,W01,D0002,1.02,1.05,PASS,NA,March_RAW,SRAM_SRAM1
326,LOT_M10,W01,D0002,1.02,1.12,PASS,NA,March_RAW,SRAM_SRAM0
327,LOT_M10,W01,D0002,1.02,1.18,PASS,NA,March_C_minus,SRAM_SRAM0
328,LOT_M10,W01,D0002,1.02,1.24,PASS,NA,March_C_minus,SRAM_SRAM0
329,LOT_M10,W01,D0002,1.02,1.31,PASS,NA,March_C_minus,SRAM_SRAM0
330,LOT_M10,W01,D0002,1.02,1.37,PASS,NA,March_SS,SRAM_SRAM2
331,LOT_M10,W01,D0002,1.02,1.43,PASS,NA,March_C_minus,SRAM_SRAM1
332,LOT_M10,W01,D0002,1.02,1.49,PASS,NA,March_SS,SRAM_SRAM2
333,LOT_M10,W01,D0002,1.02,1.56,PASS,NA,March_C_minus,SRAM_SRAM2
334,LOT_M10,W01,D0002,1.02,1.62,PASS,NA,March_C_minus,SRAM_SRAM1
335,LOT_M10,W01,D0002,1.02,1.68,PASS,NA,March_SS,SRAM_SRAM1
336,LOT_M10,W01,D0002,1.02,1.75,PASS,NA,March_SS,SRAM_SRAM2
337,LOT_M10,W01,D0002,1.02,1.81,PASS,NA,March_C_minus,SRAM_SRAM0
338,LOT_M10,W01,D0002,1.02,1.87,PASS,NA,March_RAW,SRAM_SRAM0
339,LOT_M10,W01,D0002,1.02,1.94,PASS,NA,March_SS,SRAM_SRAM0
340,LOT_M10,W01,D0002,1.02,2.0,PASS,NA,March_SS,SRAM_SRAM2
341,LOT_M10,W01,D0002,1.06,0.8,PASS,NA,March_C_minus,SRAM_SRAM2
342,LOT_M10,W01,D0002,1.06,0.86,PASS,NA,March_C_minus,SRAM_SRAM1
343,LOT_M10,W01,D0002,1.06,0.93,PASS,NA,March_RAW,SRAM_SRAM0
344,LOT_M10,W01,D0002,1.06,0.99,PASS,NA,March_SS,SRAM_SRAM2
345,LOT_M10,W01,D0002,1.06,1.05,PASS,NA,March_RAW,SRAM_SRAM0
346,LOT_M10,W01,D0002,1.06,1.12,PASS,NA,March_C_minus,SRAM_SRAM0
347,LOT_M10,W01,D0002,1.06,1.18,PASS,NA,March_SS,SRAM_SRAM0
348,LOT_M10,W01,D0002,1.06,1.24,PASS,NA,March_RAW,SRAM_SRAM2
349,LOT_M10,W01,D0002,1.06,1.31,PASS,NA,March_C_minus,SRAM_SRAM0
350,LOT_M10,W01,D0002,1.06,1.37,PASS,NA,March_RAW,SRAM_SRAM1
351,LOT_M10,W01,D0002,1.06,1.43,PASS,NA,March_C_minus,SRAM_SRAM0
352,LOT_M10,W01,D0002,1.06,1.49,PASS,NA,March_RAW,SRAM_SRAM0
353,LOT_M10,W01,D0002,1.06,1.56,PASS,NA,March_SS,SRAM_SRAM2
354,LOT_M10,W01,D0002,1.06,1.62,PASS,NA,March_C_minus,SRAM_SRAM2
355,LOT_M10,W01,D0002,1.06,1.68,PASS,NA,March_C_minus,SRAM_SRAM0
356,LOT_M10,W01,D0002,1.06,1.75,PASS,NA,March_C_minus,SRAM_SRAM1
357,LOT_M10,W01,D0002,1.06,1.81,PASS,NA,March_SS,SRAM_SRAM2
358,LOT_M10,W01,D0002,1.06,1.87,PASS,NA,March_C_minus,SRAM_SRAM0
359,LOT_M10,W01,D0002,1.06,1.94,PASS,NA,March_SS,SRAM_SRAM0
360,LOT_M10,W01,D0002,1.06,2.0,PASS,NA,March_SS,SRAM_SRAM0
361,LOT_M10,W01,D0002,1.11,0.8,PASS,NA,March_RAW,SRAM_SRAM0
362,LOT_M10,W01,D0002,1.11,0.86,PASS,NA,March_C_minus,SRAM_SRAM1
363,LOT_M10,W01,D0002,1.11,0.93,PASS,NA,March_C_minus,SRAM_SRAM0
364,LOT_M10,W01,D0002,1.11,0.99,PASS,NA,March_SS,SRAM_SRAM2
365,LOT_M10,W01,D0002,1.11,1.05,PASS,NA,March_RAW,SRAM_SRAM1
366,LOT_M10,W01,D0002,1.11,1.12,PASS,NA,March_SS,SRAM_SRAM1
367,LOT_M10,W01,D0002,1.11,1.18,PASS,NA,March_SS,SRAM_SRAM1
368,LOT_M10,W01,D0002,1.11,1.24,PASS,NA,March_RAW,SRAM_SRAM2
369,LOT_M10,W01,D0002,1.11,1.31,PASS,NA,March_SS,SRAM_SRAM0
370,LOT_M10,W01,D0002,1.11,1.37,PASS,NA,March_SS,SRAM_SRAM0
371,LOT_M10,W01,D0002,1.11,1.43,PASS,NA,March_SS,SRAM_SRAM1
372,LOT_M10,W01,D0002,1.11,1.49,PASS,NA,March_RAW,SRAM_SRAM0
373,LOT_M10,W01,D0002,1.11,1.56,PASS,NA,March_C_minus,SRAM_SRAM2
374,LOT_M10,W01,D0002,1.11,1.62,PASS,NA,March_RAW,SRAM_SRAM2
375,LOT_M10,W01,D0002,1.11,1.68,PASS,NA,March_RAW,SRAM_SRAM0
376,LOT_M10,W01,D0002,1.11,1.75,PASS,NA,March_C_minus,SRAM_SRAM1
377,LOT_M10,W01,D0002,1.11,1.81,PASS,NA,March_SS,SRAM_SRAM2
378,LOT_M10,W01,D0002,1.11,1.87,PASS,NA,March_RAW,SRAM_SRAM2
379,LOT_M10,W01,D0002,1.11,1.94,PASS,NA,March_SS,SRAM_SRAM1
380,LOT_M10,W01,D0002,1.11,2.0,PASS,NA,March_SS,SRAM_SRAM1
381,LOT_M10,W01,D0002,1.15,0.8,PASS,NA,March_SS,SRAM_SRAM1
382,LOT_M10,W01,D0002,1.15,0.86,PASS,NA,March_SS,SRAM_SRAM2
383,LOT_M10,W01,D0002,1.15,0.93,PASS,NA,March_RAW,SRAM_SRAM2
384,LOT_M10,W01,D0002,1.15,0.99,PASS,NA,March_RAW,SRAM_SRAM1
385,LOT_M10,W01,D0002,1.15,1.05,PASS,NA,March_C_minus,SRAM_SRAM1
386,LOT_M10,W01,D0002,1.15,1.12,PASS,NA,March_C_minus,SRAM_SRAM2
387,LOT_M10,W01,D0002,1.15,1.18,PASS,NA,March_SS,SRAM_SRAM2
388,LOT_M10,W01,D0002,1.15,1.24,PASS,NA,March_SS,SRAM_SRAM2
389,LOT_M10,W01,D0002,1.15,1.31,PASS,NA,March_C_minus,SRAM_SRAM0
390,LOT_M10,W01,D0002,1.15,1.37,PASS,NA,March_C_minus,SRAM_SRAM1
391,LOT_M10,W01,D0002,1.15,1.43,PASS,NA,March_C_minus,SRAM_SRAM1
392,LOT_M10,W01,D0002,1.15,1.49,PASS,NA,March_C_minus,SRAM_SRAM0
393,LOT_M10,W01,D0002,1.15,1.56,PASS,NA,March_SS,SRAM_SRAM1
394,LOT_M10,W01,D0002,1.15,1.62,PASS,NA,March_C_minus,SRAM_SRAM1
395,LOT_M10,W01,D0002,1.15,1.68,PASS,NA,March_C_minus,SRAM_SRAM1
396,LOT_M10,W01,D0002,1.15,1.75,PASS,NA,March_RAW,SRAM_SRAM2
397,LOT_M10,W01,D0002,1.15,1.81,PASS,NA,March_RAW,SRAM_SRAM2
398,LOT_M10,W01,D0002,1.15,1.87,PASS,NA,March_RAW,SRAM_SRAM0
399,LOT_M10,W01,D0002,1.15,1.94,PASS,NA,March_RAW,SRAM_SRAM2
400,LOT_M10,W01,D0002,1.15,2.0,PASS,NA,March_RAW,SRAM_SRAM2
401,LOT_M10,W01,D0003,0.75,0.8,PASS,NA,March_SS,SRAM_SRAM0
402,LOT_M10,W01,D0003,0.75,0.86,PASS,NA,March_RAW,SRAM_SRAM2
403,LOT_M10,W01,D0003,0.75,0.93,PASS,NA,March_RAW,SRAM_SRAM0
404,LOT_M10,W01,D0003,0.75,0.99,PASS,NA,March_SS,SRAM_SRAM0
405,LOT_M10,W01,D0003,0.75,1.05,PASS,NA,March_SS,SRAM_SRAM2
406,LOT_M10,W01,D0003,0.75,1.12,PASS,NA,March_RAW,SRAM_SRAM0
407,LOT_M10,W01,D0003,0.75,1.18,PASS,NA,March_C_minus,SRAM_SRAM1
408,LOT_M10,W01,D0003,0.75,1.24,PASS,NA,March_SS,SRAM_SRAM0
409,LOT_M10,W01,D0003,0.75,1.31,PASS,NA,March_SS,SRAM_SRAM0
410,LOT_M10,W01,D0003,0.75,1.37,FAIL,FREQ_MARGIN,March_SS,SRAM_SRAM0
411,LOT_M10,W01,D0003,0.75,1.43,FAIL,FREQ_MARGIN,March_SS,SRAM_SRAM1
412,LOT_M10,W01,D0003,0.75,1.49,FAIL,FREQ_MARGIN,March_SS,SRAM_SRAM1
413,LOT_M10,W01,D0003,0.75,1.56,FAIL,FREQ_MARGIN,March_C_minus,SRAM_SRAM1
414,LOT_M10,W01,D0003,0.75,1.62,FAIL,COUPLING_FAULT,March_C_minus,SRAM_SRAM1
415,LOT_M10,W01,D0003,0.75,1.68,FAIL,FREQ_MARGIN,March_RAW,SRAM_SRAM2
416,LOT_M10,W01,D0003,0.75,1.75,FAIL,FREQ_MARGIN,March_C_minus,SRAM_SRAM1
417,LOT_M10,W01,D0003,0.75,1.81,FAIL,RETENTION_FAULT,March_C_minus,SRAM_SRAM2
418,LOT_M10,W01,D0003,0.75,1.87,FAIL,FREQ_MARGIN,March_RAW,SRAM_SRAM2
419,LOT_M10,W01,D0003,0.75,1.94,FAIL,FREQ_MARGIN,March_SS,SRAM_SRAM1
420,LOT_M10,W01,D0003,0.75,2.0,FAIL,FREQ_MARGIN,March_SS,SRAM_SRAM1
421,LOT_M10,W01,D0003,0.79,0.8,PASS,NA,March_SS,SRAM_SRAM2
422,LOT_M10,W01,D0003,0.79,0.86,PASS,NA,March_RAW,SRAM_SRAM2
423,LOT_M10,W01,D0003,0.79,0.93,PASS,NA,March_RAW,SRAM_SRAM2
424,LOT_M10,W01,D0003,0.79,0.99,PASS,NA,March_RAW,SRAM_SRAM1
425,LOT_M10,W01,D0003,0.79,1.05,PASS,NA,March_RAW,SRAM_SRAM2
426,LOT_M10,W01,D0003,0.79,1.12,PASS,NA,March_C_minus,SRAM_SRAM1
427,LOT_M10,W01,D0003,0.79,1.18,PASS,NA,March_SS,SRAM_SRAM1
428,LOT_M10,W01,D0003,0.79,1.24,PASS,NA,March_RAW,SRAM_SRAM2
429,LOT_M10,W01,D0003,0.79,1.31,PASS,NA,March_RAW,SRAM_SRAM0
430,LOT_M10,W01,D0003,0.79,1.37,PASS,NA,March_RAW,SRAM_SRAM0
431,LOT_M10,W01,D0003,0.79,1.43,PASS,NA,March_SS,SRAM_SRAM2
432,LOT_M10,W01,D0003,0.79,1.49,PASS,NA,March_C_minus,SRAM_SRAM0
433,LOT_M10,W01,D0003,0.79,1.56,FAIL,ADDRESS_DECODE_FAULT,March_RAW,SRAM_SRAM1
434,LOT_M10,W01,D0003,0.79,1.62,FAIL,STUCK_AT,March_C_minus,SRAM_SRAM0
435,LOT_M10,W01,D0003,0.79,1.68,FAIL,FREQ_MARGIN,March_SS,SRAM_SRAM2
436,LOT_M10,W01,D0003,0.79,1.75,FAIL,FREQ_MARGIN,March_SS,SRAM_SRAM2
437,LOT_M10,W01,D0003,0.79,1.81,FAIL,FREQ_MARGIN,March_SS,SRAM_SRAM1
438,LOT_M10,W01,D0003,0.79,1.87,FAIL,FREQ_MARGIN,March_C_minus,SRAM_SRAM2
439,LOT_M10,W01,D0003,0.79,1.94,FAIL,FREQ_MARGIN,March_C_minus,SRAM_SRAM1
440,LOT_M10,W01,D0003,0.79,2.0,FAIL,FREQ_MARGIN,March_SS,SRAM_SRAM2
441,LOT_M10,W01,D0003,0.84,0.8,PASS,NA,March_C_minus,SRAM_SRAM1
442,LOT_M10,W01,D0003,0.84,0.86,PASS,NA,March_C_minus,SRAM_SRAM0
443,LOT_M10,W01,D0003,0.84,0.93,PASS,NA,March_C_minus,SRAM_SRAM0
444,LOT_M10,W01,D0003,0.84,0.99,PASS,NA,March_SS,SRAM_SRAM0
445,LOT_M10,W01,D0003,0.84,1.05,PASS,NA,March_SS,SRAM_SRAM1
446,LOT_M10,W01,D0003,0.84,1.12,PASS,NA,March_RAW,SRAM_SRAM1
447,LOT_M10,W01,D0003,0.84,1.18,PASS,NA,March_RAW,SRAM_SRAM1
448,LOT_M10,W01,D0003,0.84,1.24,PASS,NA,March_SS,SRAM_SRAM1
449,LOT_M10,W01,D0003,0.84,1.31,PASS,NA,March_RAW,SRAM_SRAM2
450,LOT_M10,W01,D0003,0.84,1.37,PASS,NA,March_C_minus,SRAM_SRAM2
451,LOT_M10,W01,D0003,0.84,1.43,PASS,NA,March_RAW,SRAM_SRAM2
452,LOT_M10,W01,D0003,0.84,1.49,PASS,NA,March_RAW,SRAM_SRAM0
453,LOT_M10,W01,D0003,0.84,1.56,PASS,NA,March_RAW,SRAM_SRAM1
454,LOT_M10,W01,D0003,0.84,1.62,PASS,NA,March_SS,SRAM_SRAM2
455,LOT_M10,W01,D0003,0.84,1.68,PASS,NA,March_RAW,SRAM_SRAM1
456,LOT_M10,W01,D0003,0.84,1.75,FAIL,FREQ_MARGIN,March_SS,SRAM_SRAM0
457,LOT_M10,W01,D0003,0.84,1.81,FAIL,FREQ_MARGIN,March_SS,SRAM_SRAM2
458,LOT_M10,W01,D0003,0.84,1.87,FAIL,FREQ_MARGIN,March_SS,SRAM_SRAM2
459,LOT_M10,W01,D0003,0.84,1.94,FAIL,FREQ_MARGIN,March_SS,SRAM_SRAM2
460,LOT_M10,W01,D0003,0.84,2.0,FAIL,FREQ_MARGIN,March_C_minus,SRAM_SRAM1
461,LOT_M10,W01,D0003,0.88,0.8,PASS,NA,March_RAW,SRAM_SRAM0
462,LOT_M10,W01,D0003,0.88,0.86,PASS,NA,March_C_minus,SRAM_SRAM2
463,LOT_M10,W01,D0003,0.88,0.93,PASS,NA,March_C_minus,SRAM_SRAM1
464,LOT_M10,W01,D0003,0.88,0.99,PASS,NA,March_SS,SRAM_SRAM1
465,LOT_M10,W01,D0003,0.88,1.05,PASS,NA,March_C_minus,SRAM_SRAM1
466,LOT_M10,W01,D0003,0.88,1.12,PASS,NA,March_RAW,SRAM_SRAM2
467,LOT_M10,W01,D0003,0.88,1.18,PASS,NA,March_C_minus,SRAM_SRAM2
468,LOT_M10,W01,D0003,0.88,1.24,PASS,NA,March_RAW,SRAM_SRAM0
469,LOT_M10,W01,D0003,0.88,1.31,PASS,NA,March_SS,SRAM_SRAM1
470,LOT_M10,W01,D0003,0.88,1.37,PASS,NA,March_SS,SRAM_SRAM0
471,LOT_M10,W01,D0003,0.88,1.43,PASS,NA,March_RAW,SRAM_SRAM1
472,LOT_M10,W01,D0003,0.88,1.49,PASS,NA,March_SS,SRAM_SRAM0
473,LOT_M10,W01,D0003,0.88,1.56,PASS,NA,March_SS,SRAM_SRAM0
474,LOT_M10,W01,D0003,0.88,1.62,PASS,NA,March_RAW,SRAM_SRAM0
475,LOT_M10,W01,D0003,0.88,1.68,PASS,NA,March_C_minus,SRAM_SRAM0
476,LOT_M10,W01,D0003,0.88,1.75,PASS,NA,March_C_minus,SRAM_SRAM2
477,LOT_M10,W01,D0003,0.88,1.81,PASS,NA,March_RAW,SRAM_SRAM1
478,LOT_M10,W01,D0003,0.88,1.87,FAIL,STUCK_AT,March_RAW,SRAM_SRAM2
479,LOT_M10,W01,D0003,0.88,1.94,FAIL,FREQ_MARGIN,March_C_minus,SRAM_SRAM1
480,LOT_M10,W01,D0003,0.88,2.0,FAIL,FREQ_MARGIN,March_SS,SRAM_SRAM1
481,LOT_M10,W01,D0003,0.93,0.8,PASS,NA,March_RAW,SRAM_SRAM0
482,LOT_M10,W01,D0003,0.93,0.86,PASS,NA,March_SS,SRAM_SRAM2
483,LOT_M10,W01,D0003,0.93,0.93,PASS,NA,March_RAW,SRAM_SRAM0
484,LOT_M10,W01,D0003,0.93,0.99,PASS,NA,March_SS,SRAM_SRAM0
485,LOT_M10,W01,D0003,0.93,1.05,PASS,NA,March_RAW,SRAM_SRAM0
486,LOT_M10,W01,D0003,0.93,1.12,PASS,NA,March_C_minus,SRAM_SRAM1
487,LOT_M10,W01,D0003,0.93,1.18,PASS,NA,March_SS,SRAM_SRAM2
488,LOT_M10,W01,D0003,0.93,1.24,PASS,NA,March_C_minus,SRAM_SRAM0
489,LOT_M10,W01,D0003,0.93,1.31,PASS,NA,March_C_minus,SRAM_SRAM2
490,LOT_M10,W01,D0003,0.93,1.37,PASS,NA,March_RAW,SRAM_SRAM1
491,LOT_M10,W01,D0003,0.93,1.43,PASS,NA,March_SS,SRAM_SRAM1
492,LOT_M10,W01,D0003,0.93,1.49,PASS,NA,March_C_minus,SRAM_SRAM0
493,LOT_M10,W01,D0003,0.93,1.56,PASS,NA,March_SS,SRAM_SRAM0
494,LOT_M10,W01,D0003,0.93,1.62,PASS,NA,March_SS,SRAM_SRAM2
495,LOT_M10,W01,D0003,0.93,1.68,PASS,NA,March_SS,SRAM_SRAM2
496,LOT_M10,W01,D0003,0.93,1.75,PASS,NA,March_C_minus,SRAM_SRAM1
497,LOT_M10,W01,D0003,0.93,1.81,PASS,NA,March_C_minus,SRAM_SRAM2
498,LOT_M10,W01,D0003,0.93,1.87,PASS,NA,March_RAW,SRAM_SRAM2
499,LOT_M10,W01,D0003,0.93,1.94,PASS,NA,March_C_minus,SRAM_SRAM0
500,LOT_M10,W01,D0003,0.93,2.0,PASS,NA,March_C_minus,SRAM_SRAM0
501,LOT_M10,W01,D0003,0.97,0.8,PASS,NA,March_RAW,SRAM_SRAM2
502,LOT_M10,W01,D0003,0.97,0.86,PASS,NA,March_SS,SRAM_SRAM1
503,LOT_M10,W01,D0003,0.97,0.93,PASS,NA,March_C_minus,SRAM_SRAM2
504,LOT_M10,W01,D0003,0.97,0.99,PASS,NA,March_RAW,SRAM_SRAM2
505,LOT_M10,W01,D0003,0.97,1.05,PASS,NA,March_SS,SRAM_SRAM1
506,LOT_M10,W01,D0003,0.97,1.12,PASS,NA,March_RAW,SRAM_SRAM2
507,LOT_M10,W01,D0003,0.97,1.18,PASS,NA,March_RAW,SRAM_SRAM1
508,LOT_M10,W01,D0003,0.97,1.24,PASS,NA,March_RAW,SRAM_SRAM2
509,LOT_M10,W01,D0003,0.97,1.31,PASS,NA,March_C_minus,SRAM_SRAM0
510,LOT_M10,W01,D0003,0.97,1.37,PASS,NA,March_SS,SRAM_SRAM2
511,LOT_M10,W01,D0003,0.97,1.43,PASS,NA,March_RAW,SRAM_SRAM0
512,LOT_M10,W01,D0003,0.97,1.49,PASS,NA,March_SS,SRAM_SRAM0
513,LOT_M10,W01,D0003,0.97,1.56,PASS,NA,March_C_minus,SRAM_SRAM0
514,LOT_M10,W01,D0003,0.97,1.62,PASS,NA,March_C_minus,SRAM_SRAM2
515,LOT_M10,W01,D0003,0.97,1.68,PASS,NA,March_RAW,SRAM_SRAM0
516,LOT_M10,W01,D0003,0.97,1.75,PASS,NA,March_SS,SRAM_SRAM1
517,LOT_M10,W01,D0003,0.97,1.81,PASS,NA,March_SS,SRAM_SRAM1
518,LOT_M10,W01,D0003,0.97,1.87,PASS,NA,March_C_minus,SRAM_SRAM2
519,LOT_M10,W01,D0003,0.97,1.94,PASS,NA,March_SS,SRAM_SRAM0
520,LOT_M10,W01,D0003,0.97,2.0,PASS,NA,March_SS,SRAM_SRAM1
521,LOT_M10,W01,D0003,1.02,0.8,PASS,NA,March_C_minus,SRAM_SRAM2
522,LOT_M10,W01,D0003,1.02,0.86,PASS,NA,March_RAW,SRAM_SRAM0
523,LOT_M10,W01,D0003,1.02,0.93,PASS,NA,March_RAW,SRAM_SRAM0
524,LOT_M10,W01,D0003,1.02,0.99,PASS,NA,March_C_minus,SRAM_SRAM0
525,LOT_M10,W01,D0003,1.02,1.05,PASS,NA,March_RAW,SRAM_SRAM0
526,LOT_M10,W01,D0003,1.02,1.12,PASS,NA,March_SS,SRAM_SRAM2
527,LOT_M10,W01,D0003,1.02,1.18,PASS,NA,March_RAW,SRAM_SRAM2
528,LOT_M10,W01,D0003,1.02,1.24,PASS,NA,March_RAW,SRAM_SRAM1
529,LOT_M10,W01,D0003,1.02,1.31,PASS,NA,March_RAW,SRAM_SRAM2
530,LOT_M10,W01,D0003,1.02,1.37,PASS,NA,March_C_minus,SRAM_SRAM2
531,LOT_M10,W01,D0003,1.02,1.43,PASS,NA,March_SS,SRAM_SRAM1
532,LOT_M10,W01,D0003,1.02,1.49,PASS,NA,March_SS,SRAM_SRAM1
533,LOT_M10,W01,D0003,1.02,1.56,PASS,NA,March_RAW,SRAM_SRAM2
534,LOT_M10,W01,D0003,1.02,1.62,PASS,NA,March_SS,SRAM_SRAM1
535,LOT_M10,W01,D0003,1.02,1.68,PASS,NA,March_RAW,SRAM_SRAM1
536,LOT_M10,W01,D0003,1.02,1.75,PASS,NA,March_C_minus,SRAM_SRAM1
537,LOT_M10,W01,D0003,1.02,1.81,PASS,NA,March_SS,SRAM_SRAM0
538,LOT_M10,W01,D0003,1.02,1.87,PASS,NA,March_C_minus,SRAM_SRAM2
539,LOT_M10,W01,D0003,1.02,1.94,PASS,NA,March_RAW,SRAM_SRAM0
540,LOT_M10,W01,D0003,1.02,2.0,PASS,NA,March_C_minus,SRAM_SRAM2
541,LOT_M10,W01,D0003,1.06,0.8,PASS,NA,March_SS,SRAM_SRAM0
542,LOT_M10,W01,D0003,1.06,0.86,PASS,NA,March_RAW,SRAM_SRAM1
543,LOT_M10,W01,D0003,1.06,0.93,PASS,NA,March_C_minus,SRAM_SRAM1
544,LOT_M10,W01,D0003,1.06,0.99,PASS,NA,March_RAW,SRAM_SRAM0
545,LOT_M10,W01,D0003,1.06,1.05,PASS,NA,March_SS,SRAM_SRAM0
546,LOT_M10,W01,D0003,1.06,1.12,PASS,NA,March_SS,SRAM_SRAM2
547,LOT_M10,W01,D0003,1.06,1.18,PASS,NA,March_RAW,SRAM_SRAM0
548,LOT_M10,W01,D0003,1.06,1.24,PASS,NA,March_SS,SRAM_SRAM0
549,LOT_M10,W01,D0003,1.06,1.31,PASS,NA,March_C_minus,SRAM_SRAM1
550,LOT_M10,W01,D0003,1.06,1.37,PASS,NA,March_SS,SRAM_SRAM1
551,LOT_M10,W01,D0003,1.06,1.43,PASS,NA,March_RAW,SRAM_SRAM0
552,LOT_M10,W01,D0003,1.06,1.49,PASS,NA,March_C_minus,SRAM_SRAM2
553,LOT_M10,W01,D0003,1.06,1.56,PASS,NA,March_SS,SRAM_SRAM2
554,LOT_M10,W01,D0003,1.06,1.62,PASS,NA,March_RAW,SRAM_SRAM2
555,LOT_M10,W01,D0003,1.06,1.68,PASS,NA,March_C_minus,SRAM_SRAM2
556,LOT_M10,W01,D0003,1.06,1.75,PASS,NA,March_C_minus,SRAM_SRAM0
557,LOT_M10,W01,D0003,1.06,1.81,PASS,NA,March_C_minus,SRAM_SRAM1
558,LOT_M10,W01,D0003,1.06,1.87,PASS,NA,March_C_minus,SRAM_SRAM0
559,LOT_M10,W01,D0003,1.06,1.94,PASS,NA,March_SS,SRAM_SRAM0
560,LOT_M10,W01,D0003,1.06,2.0,PASS,NA,March_RAW,SRAM_SRAM2
561,LOT_M10,W01,D0003,1.11,0.8,PASS,NA,March_C_minus,SRAM_SRAM1
562,LOT_M10,W01,D0003,1.11,0.86,PASS,NA,March_RAW,SRAM_SRAM1
563,LOT_M10,W01,D0003,1.11,0.93,PASS,NA,March_SS,SRAM_SRAM2
564,LOT_M10,W01,D0003,1.11,0.99,PASS,NA,March_SS,SRAM_SRAM2
565,LOT_M10,W01,D0003,1.11,1.05,PASS,NA,March_SS,SRAM_SRAM2
566,LOT_M10,W01,D0003,1.11,1.12,PASS,NA,March_C_minus,SRAM_SRAM2
567,LOT_M10,W01,D0003,1.11,1.18,PASS,NA,March_RAW,SRAM_SRAM2
568,LOT_M10,W01,D0003,1.11,1.24,PASS,NA,March_RAW,SRAM_SRAM1
569,LOT_M10,W01,D0003,1.11,1.31,PASS,NA,March_C_minus,SRAM_SRAM2
570,LOT_M10,W01,D0003,1.11,1.37,PASS,NA,March_SS,SRAM_SRAM0
571,LOT_M10,W01,D0003,1.11,1.43,PASS,NA,March_C_minus,SRAM_SRAM0
572,LOT_M10,W01,D0003,1.11,1.49,PASS,NA,March_C_minus,SRAM_SRAM2
573,LOT_M10,W01,D0003,1.11,1.56,PASS,NA,March_RAW,SRAM_SRAM1
574,LOT_M10,W01,D0003,1.11,1.62,PASS,NA,March_SS,SRAM_SRAM1
575,LOT_M10,W01,D0003,1.11,1.68,PASS,NA,March_C_minus,SRAM_SRAM0
576,LOT_M10,W01,D0003,1.11,1.75,PASS,NA,March_RAW,SRAM_SRAM0
577,LOT_M10,W01,D0003,1.11,1.81,PASS,NA,March_C_minus,SRAM_SRAM0
578,LOT_M10,W01,D0003,1.11,1.87,PASS,NA,March_SS,SRAM_SRAM1
579,LOT_M10,W01,D0003,1.11,1.94,PASS,NA,March_RAW,SRAM_SRAM0
580,LOT_M10,W01,D0003,1.11,2.0,PASS,NA,March_C_minus,SRAM_SRAM2
581,LOT_M10,W01,D0003,1.15,0.8,PASS,NA,March_C_minus,SRAM_SRAM0
582,LOT_M10,W01,D0003,1.15,0.86,PASS,NA,March_SS,SRAM_SRAM2
583,LOT_M10,W01,D0003,1.15,0.93,PASS,NA,March_RAW,SRAM_SRAM2
584,LOT_M10,W01,D0003,1.15,0.99,PASS,NA,March_RAW,SRAM_SRAM1
585,LOT_M10,W01,D0003,1.15,1.05,PASS,NA,March_SS,SRAM_SRAM0
586,LOT_M10,W01,D0003,1.15,1.12,PASS,NA,March_C_minus,SRAM_SRAM0
587,LOT_M10,W01,D0003,1.15,1.18,PASS,NA,March_C_minus,SRAM_SRAM1
588,LOT_M10,W01,D0003,1.15,1.24,PASS,NA,March_RAW,SRAM_SRAM1
589,LOT_M10,W01,D0003,1.15,1.31,PASS,NA,March_C_minus,SRAM_SRAM1
590,LOT_M10,W01,D0003,1.15,1.37,PASS,NA,March_RAW,SRAM_SRAM2
591,LOT_M10,W01,D0003,1.15,1.43,PASS,NA,March_SS,SRAM_SRAM1
592,LOT_M10,W01,D0003,1.15,1.49,PASS,NA,March_SS,SRAM_SRAM0
593,LOT_M10,W01,D0003,1.15,1.56,PASS,NA,March_SS,SRAM_SRAM1
594,LOT_M10,W01,D0003,1.15,1.62,PASS,NA,March_SS,SRAM_SRAM2
595,LOT_M10,W01,D0003,1.15,1.68,PASS,NA,March_RAW,SRAM_SRAM0
596,LOT_M10,W01,D0003,1.15,1.75,PASS,NA,March_C_minus,SRAM_SRAM2
597,LOT_M10,W01,D0003,1.15,1.81,PASS,NA,March_RAW,SRAM_SRAM2
598,LOT_M10,W01,D0003,1.15,1.87,PASS,NA,March_SS,SRAM_SRAM1
599,LOT_M10,W01,D0003,1.15,1.94,PASS,NA,March_RAW,SRAM_SRAM1
600,LOT_M10,W01,D0003,1.15,2.0,PASS,NA,March_SS,SRAM_SRAM0
601,LOT_M10,W01,D0004,0.75,0.8,PASS,NA,March_RAW,SRAM_SRAM2
602,LOT_M10,W01,D0004,0.75,0.86,PASS,NA,March_SS,SRAM_SRAM2
603,LOT_M10,W01,D0004,0.75,0.93,PASS,NA,March_C_minus,SRAM_SRAM0
604,LOT_M10,W01,D0004,0.75,0.99,PASS,NA,March_C_minus,SRAM_SRAM2
605,LOT_M10,W01,D0004,0.75,1.05,PASS,NA,March_RAW,SRAM_SRAM2
606,LOT_M10,W01,D0004,0.75,1.12,PASS,NA,March_RAW,SRAM_SRAM2
607,LOT_M10,W01,D0004,0.75,1.18,PASS,NA,March_C_minus,SRAM_SRAM1
608,LOT_M10,W01,D0004,0.75,1.24,PASS,NA,March_C_minus,SRAM_SRAM2
609,LOT_M10,W01,D0004,0.75,1.31,FAIL,FREQ_MARGIN,March_C_minus,SRAM_SRAM2
610,LOT_M10,W01,D0004,0.75,1.37,FAIL,FREQ_MARGIN,March_RAW,SRAM_SRAM1
611,LOT_M10,W01,D0004,0.75,1.43,FAIL,FREQ_MARGIN,March_SS,SRAM_SRAM1
612,LOT_M10,W01,D0004,0.75,1.49,FAIL,RETENTION_FAULT,March_C_minus,SRAM_SRAM1
613,LOT_M10,W01,D0004,0.75,1.56,FAIL,RETENTION_FAULT,March_RAW,SRAM_SRAM1
614,LOT_M10,W01,D0004,0.75,1.62,FAIL,FREQ_MARGIN,March_C_minus,SRAM_SRAM2
615,LOT_M10,W01,D0004,0.75,1.68,FAIL,FREQ_MARGIN,March_C_minus,SRAM_SRAM2
616,LOT_M10,W01,D0004,0.75,1.75,FAIL,FREQ_MARGIN,March_SS,SRAM_SRAM1
617,LOT_M10,W01,D0004,0.75,1.81,FAIL,COUPLING_FAULT,March_C_minus,SRAM_SRAM2
618,LOT_M10,W01,D0004,0.75,1.87,FAIL,ADDRESS_DECODE_FAULT,March_RAW,SRAM_SRAM2
619,LOT_M10,W01,D0004,0.75,1.94,FAIL,FREQ_MARGIN,March_C_minus,SRAM_SRAM0
620,LOT_M10,W01,D0004,0.75,2.0,FAIL,FREQ_MARGIN,March_SS,SRAM_SRAM0
621,LOT_M10,W01,D0004,0.79,0.8,PASS,NA,March_RAW,SRAM_SRAM1
622,LOT_M10,W01,D0004,0.79,0.86,PASS,NA,March_SS,SRAM_SRAM0
623,LOT_M10,W01,D0004,0.79,0.93,PASS,NA,March_SS,SRAM_SRAM1
624,LOT_M10,W01,D0004,0.79,0.99,PASS,NA,March_RAW,SRAM_SRAM1
625,LOT_M10,W01,D0004,0.79,1.05,PASS,NA,March_RAW,SRAM_SRAM0
626,LOT_M10,W01,D0004,0.79,1.12,PASS,NA,March_SS,SRAM_SRAM2
627,LOT_M10,W01,D0004,0.79,1.18,PASS,NA,March_C_minus,SRAM_SRAM1
628,LOT_M10,W01,D0004,0.79,1.24,PASS,NA,March_C_minus,SRAM_SRAM1
629,LOT_M10,W01,D0004,0.79,1.31,PASS,NA,March_C_minus,SRAM_SRAM0
630,LOT_M10,W01,D0004,0.79,1.37,PASS,NA,March_RAW,SRAM_SRAM0
631,LOT_M10,W01,D0004,0.79,1.43,FAIL,FREQ_MARGIN,March_SS,SRAM_SRAM1
632,LOT_M10,W01,D0004,0.79,1.49,FAIL,FREQ_MARGIN,March_SS,SRAM_SRAM1
633,LOT_M10,W01,D0004,0.79,1.56,FAIL,FREQ_MARGIN,March_SS,SRAM_SRAM2
634,LOT_M10,W01,D0004,0.79,1.62,FAIL,FREQ_MARGIN,March_SS,SRAM_SRAM1
635,LOT_M10,W01,D0004,0.79,1.68,FAIL,STUCK_AT,March_SS,SRAM_SRAM0
636,LOT_M10,W01,D0004,0.79,1.75,FAIL,FREQ_MARGIN,March_C_minus,SRAM_SRAM0
637,LOT_M10,W01,D0004,0.79,1.81,FAIL,STUCK_AT,March_RAW,SRAM_SRAM0
638,LOT_M10,W01,D0004,0.79,1.87,FAIL,RETENTION_FAULT,March_RAW,SRAM_SRAM0
639,LOT_M10,W01,D0004,0.79,1.94,FAIL,FREQ_MARGIN,March_SS,SRAM_SRAM0
640,LOT_M10,W01,D0004,0.79,2.0,FAIL,FREQ_MARGIN,March_RAW,SRAM_SRAM1
641,LOT_M10,W01,D0004,0.84,0.8,PASS,NA,March_SS,SRAM_SRAM0
642,LOT_M10,W01,D0004,0.84,0.86,PASS,NA,March_SS,SRAM_SRAM1
643,LOT_M10,W01,D0004,0.84,0.93,PASS,NA,March_SS,SRAM_SRAM1
644,LOT_M10,W01,D0004,0.84,0.99,PASS,NA,March_SS,SRAM_SRAM2
645,LOT_M10,W01,D0004,0.84,1.05,PASS,NA,March_C_minus,SRAM_SRAM2
646,LOT_M10,W01,D0004,0.84,1.12,PASS,NA,March_C_minus,SRAM_SRAM2
647,LOT_M10,W01,D0004,0.84,1.18,PASS,NA,March_SS,SRAM_SRAM0
648,LOT_M10,W01,D0004,0.84,1.24,PASS,NA,March_C_minus,SRAM_SRAM2
649,LOT_M10,W01,D0004,0.84,1.31,PASS,NA,March_RAW,SRAM_SRAM0
650,LOT_M10,W01,D0004,0.84,1.37,PASS,NA,March_RAW,SRAM_SRAM2
651,LOT_M10,W01,D0004,0.84,1.43,PASS,NA,March_RAW,SRAM_SRAM1
652,LOT_M10,W01,D0004,0.84,1.49,PASS,NA,March_SS,SRAM_SRAM2
653,LOT_M10,W01,D0004,0.84,1.56,PASS,NA,March_RAW,SRAM_SRAM1
654,LOT_M10,W01,D0004,0.84,1.62,FAIL,FREQ_MARGIN,March_SS,SRAM_SRAM0
655,LOT_M10,W01,D0004,0.84,1.68,FAIL,RETENTION_FAULT,March_SS,SRAM_SRAM2
656,LOT_M10,W01,D0004,0.84,1.75,FAIL,FREQ_MARGIN,March_RAW,SRAM_SRAM0
657,LOT_M10,W01,D0004,0.84,1.81,FAIL,COUPLING_FAULT,March_C_minus,SRAM_SRAM2
658,LOT_M10,W01,D0004,0.84,1.87,FAIL,ADDRESS_DECODE_FAULT,March_SS,SRAM_SRAM0
659,LOT_M10,W01,D0004,0.84,1.94,FAIL,FREQ_MARGIN,March_C_minus,SRAM_SRAM0
660,LOT_M10,W01,D0004,0.84,2.0,FAIL,FREQ_MARGIN,March_RAW,SRAM_SRAM1
661,LOT_M10,W01,D0004,0.88,0.8,PASS,NA,March_RAW,SRAM_SRAM2
662,LOT_M10,W01,D0004,0.88,0.86,PASS,NA,March_SS,SRAM_SRAM0
663,LOT_M10,W01,D0004,0.88,0.93,PASS,NA,March_RAW,SRAM_SRAM1
664,LOT_M10,W01,D0004,0.88,0.99,PASS,NA,March_SS,SRAM_SRAM1
665,LOT_M10,W01,D0004,0.88,1.05,PASS,NA,March_RAW,SRAM_SRAM0
666,LOT_M10,W01,D0004,0.88,1.12,PASS,NA,March_RAW,SRAM_SRAM2
667,LOT_M10,W01,D0004,0.88,1.18,PASS,NA,March_C_minus,SRAM_SRAM0
668,LOT_M10,W01,D0004,0.88,1.24,PASS,NA,March_C_minus,SRAM_SRAM1
669,LOT_M10,W01,D0004,0.88,1.31,PASS,NA,March_C_minus,SRAM_SRAM2
670,LOT_M10,W01,D0004,0.88,1.37,PASS,NA,March_C_minus,SRAM_SRAM2
671,LOT_M10,W01,D0004,0.88,1.43,PASS,NA,March_SS,SRAM_SRAM2
672,LOT_M10,W01,D0004,0.88,1.49,PASS,NA,March_RAW,SRAM_SRAM0
673,LOT_M10,W01,D0004,0.88,1.56,PASS,NA,March_C_minus,SRAM_SRAM2
674,LOT_M10,W01,D0004,0.88,1.62,PASS,NA,March_C_minus,SRAM_SRAM1
675,LOT_M10,W01,D0004,0.88,1.68,PASS,NA,March_SS,SRAM_SRAM0
676,LOT_M10,W01,D0004,0.88,1.75,FAIL,FREQ_MARGIN,March_SS,SRAM_SRAM0
677,LOT_M10,W01,D0004,0.88,1.81,FAIL,COUPLING_FAULT,March_RAW,SRAM_SRAM1
678,LOT_M10,W01,D0004,0.88,1.87,FAIL,FREQ_MARGIN,March_RAW,SRAM_SRAM1
679,LOT_M10,W01,D0004,0.88,1.94,FAIL,FREQ_MARGIN,March_C_minus,SRAM_SRAM2
680,LOT_M10,W01,D0004,0.88,2.0,FAIL,RETENTION_FAULT,March_SS,SRAM_SRAM1
681,LOT_M10,W01,D0004,0.93,0.8,PASS,NA,March_C_minus,SRAM_SRAM2
682,LOT_M10,W01,D0004,0.93,0.86,PASS,NA,March_C_minus,SRAM_SRAM2
683,LOT_M10,W01,D0004,0.93,0.93,PASS,NA,March_SS,SRAM_SRAM2
684,LOT_M10,W01,D0004,0.93,0.99,PASS,NA,March_RAW,SRAM_SRAM0
685,LOT_M10,W01,D0004,0.93,1.05,PASS,NA,March_SS,SRAM_SRAM2
686,LOT_M10,W01,D0004,0.93,1.12,PASS,NA,March_SS,SRAM_SRAM2
687,LOT_M10,W01,D0004,0.93,1.18,PASS,NA,March_RAW,SRAM_SRAM1
688,LOT_M10,W01,D0004,0.93,1.24,PASS,NA,March_RAW,SRAM_SRAM1
689,LOT_M10,W01,D0004,0.93,1.31,PASS,NA,March_RAW,SRAM_SRAM0
690,LOT_M10,W01,D0004,0.93,1.37,PASS,NA,March_SS,SRAM_SRAM2
691,LOT_M10,W01,D0004,0.93,1.43,PASS,NA,March_RAW,SRAM_SRAM0
692,LOT_M10,W01,D0004,0.93,1.49,PASS,NA,March_SS,SRAM_SRAM2
693,LOT_M10,W01,D0004,0.93,1.56,PASS,NA,March_C_minus,SRAM_SRAM2
694,LOT_M10,W01,D0004,0.93,1.62,PASS,NA,March_SS,SRAM_SRAM2
695,LOT_M10,W01,D0004,0.93,1.68,PASS,NA,March_RAW,SRAM_SRAM2
696,LOT_M10,W01,D0004,0.93,1.75,PASS,NA,March_RAW,SRAM_SRAM0
697,LOT_M10,W01,D0004,0.93,1.81,PASS,NA,March_C_minus,SRAM_SRAM1
698,LOT_M10,W01,D0004,0.93,1.87,PASS,NA,March_C_minus,SRAM_SRAM0
699,LOT_M10,W01,D0004,0.93,1.94,FAIL,FREQ_MARGIN,March_SS,SRAM_SRAM0
700,LOT_M10,W01,D0004,0.93,2.0,FAIL,FREQ_MARGIN,March_SS,SRAM_SRAM1
701,LOT_M10,W01,D0004,0.97,0.8,PASS,NA,March_RAW,SRAM_SRAM1
702,LOT_M10,W01,D0004,0.97,0.86,PASS,NA,March_SS,SRAM_SRAM1
703,LOT_M10,W01,D0004,0.97,0.93,PASS,NA,March_RAW,SRAM_SRAM2
704,LOT_M10,W01,D0004,0.97,0.99,PASS,NA,March_C_minus,SRAM_SRAM0
705,LOT_M10,W01,D0004,0.97,1.05,PASS,NA,March_SS,SRAM_SRAM2
706,LOT_M10,W01,D0004,0.97,1.12,PASS,NA,March_RAW,SRAM_SRAM2
707,LOT_M10,W01,D0004,0.97,1.18,PASS,NA,March_SS,SRAM_SRAM0
708,LOT_M10,W01,D0004,0.97,1.24,PASS,NA,March_SS,SRAM_SRAM0
709,LOT_M10,W01,D0004,0.97,1.31,PASS,NA,March_C_minus,SRAM_SRAM1
710,LOT_M10,W01,D0004,0.97,1.37,PASS,NA,March_C_minus,SRAM_SRAM0
711,LOT_M10,W01,D0004,0.97,1.43,PASS,NA,March_RAW,SRAM_SRAM0
712,LOT_M10,W01,D0004,0.97,1.49,PASS,NA,March_SS,SRAM_SRAM1
713,LOT_M10,W01,D0004,0.97,1.56,PASS,NA,March_C_minus,SRAM_SRAM2
714,LOT_M10,W01,D0004,0.97,1.62,PASS,NA,March_RAW,SRAM_SRAM0
715,LOT_M10,W01,D0004,0.97,1.68,PASS,NA,March_C_minus,SRAM_SRAM1
716,LOT_M10,W01,D0004,0.97,1.75,PASS,NA,March_C_minus,SRAM_SRAM2
717,LOT_M10,W01,D0004,0.97,1.81,PASS,NA,March_C_minus,SRAM_SRAM1
718,LOT_M10,W01,D0004,0.97,1.87,PASS,NA,March_SS,SRAM_SRAM1
719,LOT_M10,W01,D0004,0.97,1.94,PASS,NA,March_SS,SRAM_SRAM1
720,LOT_M10,W01,D0004,0.97,2.0,PASS,NA,March_C_minus,SRAM_SRAM0
721,LOT_M10,W01,D0004,1.02,0.8,PASS,NA,March_C_minus,SRAM_SRAM0
722,LOT_M10,W01,D0004,1.02,0.86,PASS,NA,March_SS,SRAM_SRAM2
723,LOT_M10,W01,D0004,1.02,0.93,PASS,NA,March_C_minus,SRAM_SRAM2
724,LOT_M10,W01,D0004,1.02,0.99,PASS,NA,March_C_minus,SRAM_SRAM0
725,LOT_M10,W01,D0004,1.02,1.05,PASS,NA,March_RAW,SRAM_SRAM1
726,LOT_M10,W01,D0004,1.02,1.12,PASS,NA,March_C_minus,SRAM_SRAM0
727,LOT_M10,W01,D0004,1.02,1.18,PASS,NA,March_C_minus,SRAM_SRAM2
728,LOT_M10,W01,D0004,1.02,1.24,PASS,NA,March_SS,SRAM_SRAM2
729,LOT_M10,W01,D0004,1.02,1.31,PASS,NA,March_RAW,SRAM_SRAM1
730,LOT_M10,W01,D0004,1.02,1.37,PASS,NA,March_RAW,SRAM_SRAM1
731,LOT_M10,W01,D0004,1.02,1.43,PASS,NA,March_C_minus,SRAM_SRAM1
732,LOT_M10,W01,D0004,1.02,1.49,PASS,NA,March_C_minus,SRAM_SRAM2
733,LOT_M10,W01,D0004,1.02,1.56,PASS,NA,March_RAW,SRAM_SRAM0
734,LOT_M10,W01,D0004,1.02,1.62,PASS,NA,March_RAW,SRAM_SRAM1
735,LOT_M10,W01,D0004,1.02,1.68,PASS,NA,March_C_minus,SRAM_SRAM2
736,LOT_M10,W01,D0004,1.02,1.75,PASS,NA,March_C_minus,SRAM_SRAM1
737,LOT_M10,W01,D0004,1.02,1.81,PASS,NA,March_SS,SRAM_SRAM2
738,LOT_M10,W01,D0004,1.02,1.87,PASS,NA,March_SS,SRAM_SRAM0
739,LOT_M10,W01,D0004,1.02,1.94,PASS,NA,March_SS,SRAM_SRAM0
740,LOT_M10,W01,D0004,1.02,2.0,PASS,NA,March_C_minus,SRAM_SRAM1
741,LOT_M10,W01,D0004,1.06,0.8,PASS,NA,March_RAW,SRAM_SRAM1
742,LOT_M10,W01,D0004,1.06,0.86,PASS,NA,March_C_minus,SRAM_SRAM0
743,LOT_M10,W01,D0004,1.06,0.93,PASS,NA,March_SS,SRAM_SRAM2
744,LOT_M10,W01,D0004,1.06,0.99,PASS,NA,March_RAW,SRAM_SRAM0
745,LOT_M10,W01,D0004,1.06,1.05,PASS,NA,March_C_minus,SRAM_SRAM2
746,LOT_M10,W01,D0004,1.06,1.12,PASS,NA,March_SS,SRAM_SRAM0
747,LOT_M10,W01,D0004,1.06,1.18,PASS,NA,March_C_minus,SRAM_SRAM2
748,LOT_M10,W01,D0004,1.06,1.24,PASS,NA,March_SS,SRAM_SRAM2
749,LOT_M10,W01,D0004,1.06,1.31,PASS,NA,March_SS,SRAM_SRAM1
750,LOT_M10,W01,D0004,1.06,1.37,PASS,NA,March_SS,SRAM_SRAM0
751,LOT_M10,W01,D0004,1.06,1.43,PASS,NA,March_RAW,SRAM_SRAM2
752,LOT_M10,W01,D0004,1.06,1.49,PASS,NA,March_SS,SRAM_SRAM0
753,LOT_M10,W01,D0004,1.06,1.56,PASS,NA,March_C_minus,SRAM_SRAM2
754,LOT_M10,W01,D0004,1.06,1.62,PASS,NA,March_C_minus,SRAM_SRAM0
755,LOT_M10,W01,D0004,1.06,1.68,PASS,NA,March_SS,SRAM_SRAM0
756,LOT_M10,W01,D0004,1.06,1.75,PASS,NA,March_SS,SRAM_SRAM2
757,LOT_M10,W01,D0004,1.06,1.81,PASS,NA,March_C_minus,SRAM_SRAM2
758,LOT_M10,W01,D0004,1.06,1.87,PASS,NA,March_RAW,SRAM_SRAM0
759,LOT_M10,W01,D0004,1.06,1.94,PASS,NA,March_C_minus,SRAM_SRAM2
760,LOT_M10,W01,D0004,1.06,2.0,PASS,NA,March_C_minus,SRAM_SRAM1
761,LOT_M10,W01,D0004,1.11,0.8,PASS,NA,March_SS,SRAM_SRAM0
762,LOT_M10,W01,D0004,1.11,0.86,PASS,NA,March_RAW,SRAM_SRAM0
763,LOT_M10,W01,D0004,1.11,0.93,PASS,NA,March_C_minus,SRAM_SRAM2
764,LOT_M10,W01,D0004,1.11,0.99,PASS,NA,March_RAW,SRAM_SRAM1
765,LOT_M10,W01,D0004,1.11,1.05,PASS,NA,March_RAW,SRAM_SRAM1
766,LOT_M10,W01,D0004,1.11,1.12,PASS,NA,March_RAW,SRAM_SRAM0
767,LOT_M10,W01,D0004,1.11,1.18,PASS,NA,March_SS,SRAM_SRAM1
768,LOT_M10,W01,D0004,1.11,1.24,PASS,NA,March_SS,SRAM_SRAM0
769,LOT_M10,W01,D0004,1.11,1.31,PASS,NA,March_C_minus,SRAM_SRAM0
770,LOT_M10,W01,D0004,1.11,1.37,PASS,NA,March_C_minus,SRAM_SRAM0
771,LOT_M10,W01,D0004,1.11,1.43,PASS,NA,March_SS,SRAM_SRAM0
772,LOT_M10,W01,D0004,1.11,1.49,PASS,NA,March_SS,SRAM_SRAM0
773,LOT_M10,W01,D0004,1.11,1.56,PASS,NA,March_RAW,SRAM_SRAM1
774,LOT_M10,W01,D0004,1.11,1.62,PASS,NA,March_RAW,SRAM_SRAM1
775,LOT_M10,W01,D0004,1.11,1.68,PASS,NA,March_RAW,SRAM_SRAM0
776,LOT_M10,W01,D0004,1.11,1.75,PASS,NA,March_C_minus,SRAM_SRAM0
777,LOT_M10,W01,D0004,1.11,1.81,PASS,NA,March_SS,SRAM_SRAM2
778,LOT_M10,W01,D0004,1.11,1.87,PASS,NA,March_C_minus,SRAM_SRAM2
779,LOT_M10,W01,D0004,1.11,1.94,PASS,NA,March_RAW,SRAM_SRAM0
780,LOT_M10,W01,D0004,1.11,2.0,PASS,NA,March_C_minus,SRAM_SRAM2
781,LOT_M10,W01,D0004,1.15,0.8,PASS,NA,March_C_minus,SRAM_SRAM0
782,LOT_M10,W01,D0004,1.15,0.86,PASS,NA,March_C_minus,SRAM_SRAM1
783,LOT_M10,W01,D0004,1.15,0.93,PASS,NA,March_RAW,SRAM_SRAM2
784,LOT_M10,W01,D0004,1.15,0.99,PASS,NA,March_SS,SRAM_SRAM2
785,LOT_M10,W01,D0004,1.15,1.05,PASS,NA,March_C_minus,SRAM_SRAM2
786,LOT_M10,W01,D0004,1.15,1.12,PASS,NA,March_C_minus,SRAM_SRAM1
787,LOT_M10,W01,D0004,1.15,1.18,PASS,NA,March_C_minus,SRAM_SRAM2
788,LOT_M10,W01,D0004,1.15,1.24,PASS,NA,March_RAW,SRAM_SRAM2
789,LOT_M10,W01,D0004,1.15,1.31,PASS,NA,March_SS,SRAM_SRAM1
790,LOT_M10,W01,D0004,1.15,1.37,PASS,NA,March_RAW,SRAM_SRAM0
791,LOT_M10,W01,D0004,1.15,1.43,PASS,NA,March_SS,SRAM_SRAM2
792,LOT_M10,W01,D0004,1.15,1.49,PASS,NA,March_RAW,SRAM_SRAM1
793,LOT_M10,W01,D0004,1.15,1.56,PASS,NA,March_SS,SRAM_SRAM1
794,LOT_M10,W01,D0004,1.15,1.62,PASS,NA,March_C_minus,SRAM_SRAM0
795,LOT_M10,W01,D0004,1.15,1.68,PASS,NA,March_RAW,SRAM_SRAM1
796,LOT_M10,W01,D0004,1.15,1.75,PASS,NA,March_C_minus,SRAM_SRAM1
797,LOT_M10,W01,D0004,1.15,1.81,PASS,NA,March_RAW,SRAM_SRAM0
798,LOT_M10,W01,D0004,1.15,1.87,PASS,NA,March_C_minus,SRAM_SRAM0
799,LOT_M10,W01,D0004,1.15,1.94,PASS,NA,March_RAW,SRAM_SRAM1
800,LOT_M10,W01,D0004,1.15,2.0,PASS,NA,March_C_minus,SRAM_SRAM2
801,LOT_M10,W01,D0005,0.75,0.8,PASS,NA,March_SS,SRAM_SRAM2
802,LOT_M10,W01,D0005,0.75,0.86,PASS,NA,March_SS,SRAM_SRAM2
803,LOT_M10,W01,D0005,0.75,0.93,PASS,NA,March_SS,SRAM_SRAM0
804,LOT_M10,W01,D0005,0.75,0.99,PASS,NA,March_SS,SRAM_SRAM2
805,LOT_M10,W01,D0005,0.75,1.05,PASS,NA,March_RAW,SRAM_SRAM1
806,LOT_M10,W01,D0005,0.75,1.12,PASS,NA,March_C_minus,SRAM_SRAM0
807,LOT_M10,W01,D0005,0.75,1.18,FAIL,FREQ_MARGIN,March_SS,SRAM_SRAM1
808,LOT_M10,W01,D0005,0.75,1.24,FAIL,FREQ_MARGIN,March_C_minus,SRAM_SRAM1
809,LOT_M10,W01,D0005,0.75,1.31,FAIL,ADDRESS_DECODE_FAULT,March_SS,SRAM_SRAM0
810,LOT_M10,W01,D0005,0.75,1.37,FAIL,FREQ_MARGIN,March_RAW,SRAM_SRAM1
811,LOT_M10,W01,D0005,0.75,1.43,FAIL,FREQ_MARGIN,March_RAW,SRAM_SRAM0
812,LOT_M10,W01,D0005,0.75,1.49,FAIL,FREQ_MARGIN,March_RAW,SRAM_SRAM2
813,LOT_M10,W01,D0005,0.75,1.56,FAIL,COUPLING_FAULT,March_RAW,SRAM_SRAM0
814,LOT_M10,W01,D0005,0.75,1.62,FAIL,FREQ_MARGIN,March_RAW,SRAM_SRAM2
815,LOT_M10,W01,D0005,0.75,1.68,FAIL,COUPLING_FAULT,March_RAW,SRAM_SRAM1
816,LOT_M10,W01,D0005,0.75,1.75,FAIL,FREQ_MARGIN,March_SS,SRAM_SRAM1
817,LOT_M10,W01,D0005,0.75,1.81,FAIL,FREQ_MARGIN,March_C_minus,SRAM_SRAM2
818,LOT_M10,W01,D0005,0.75,1.87,FAIL,FREQ_MARGIN,March_RAW,SRAM_SRAM2
819,LOT_M10,W01,D0005,0.75,1.94,FAIL,COUPLING_FAULT,March_C_minus,SRAM_SRAM2
820,LOT_M10,W01,D0005,0.75,2.0,FAIL,RETENTION_FAULT,March_RAW,SRAM_SRAM1
821,LOT_M10,W01,D0005,0.79,0.8,PASS,NA,March_RAW,SRAM_SRAM2
822,LOT_M10,W01,D0005,0.79,0.86,PASS,NA,March_C_minus,SRAM_SRAM1
823,LOT_M10,W01,D0005,0.79,0.93,PASS,NA,March_C_minus,SRAM_SRAM0
824,LOT_M10,W01,D0005,0.79,0.99,PASS,NA,March_RAW,SRAM_SRAM0
825,LOT_M10,W01,D0005,0.79,1.05,PASS,NA,March_RAW,SRAM_SRAM1
826,LOT_M10,W01,D0005,0.79,1.12,PASS,NA,March_RAW,SRAM_SRAM0
827,LOT_M10,W01,D0005,0.79,1.18,PASS,NA,March_C_minus,SRAM_SRAM2
828,LOT_M10,W01,D0005,0.79,1.24,PASS,NA,March_RAW,SRAM_SRAM0
829,LOT_M10,W01,D0005,0.79,1.31,FAIL,STUCK_AT,March_SS,SRAM_SRAM1
830,LOT_M10,W01,D0005,0.79,1.37,FAIL,FREQ_MARGIN,March_RAW,SRAM_SRAM0
831,LOT_M10,W01,D0005,0.79,1.43,FAIL,FREQ_MARGIN,March_SS,SRAM_SRAM2
832,LOT_M10,W01,D0005,0.79,1.49,FAIL,STUCK_AT,March_RAW,SRAM_SRAM1
833,LOT_M10,W01,D0005,0.79,1.56,FAIL,FREQ_MARGIN,March_C_minus,SRAM_SRAM2
834,LOT_M10,W01,D0005,0.79,1.62,FAIL,FREQ_MARGIN,March_SS,SRAM_SRAM2
835,LOT_M10,W01,D0005,0.79,1.68,FAIL,FREQ_MARGIN,March_C_minus,SRAM_SRAM1
836,LOT_M10,W01,D0005,0.79,1.75,FAIL,FREQ_MARGIN,March_SS,SRAM_SRAM2
837,LOT_M10,W01,D0005,0.79,1.81,FAIL,ADDRESS_DECODE_FAULT,March_SS,SRAM_SRAM2
838,LOT_M10,W01,D0005,0.79,1.87,FAIL,ADDRESS_DECODE_FAULT,March_C_minus,SRAM_SRAM1
839,LOT_M10,W01,D0005,0.79,1.94,FAIL,FREQ_MARGIN,March_RAW,SRAM_SRAM1
840,LOT_M10,W01,D0005,0.79,2.0,FAIL,FREQ_MARGIN,March_C_minus,SRAM_SRAM1
841,LOT_M10,W01,D0005,0.84,0.8,PASS,NA,March_RAW,SRAM_SRAM0
842,LOT_M10,W01,D0005,0.84,0.86,PASS,NA,March_C_minus,SRAM_SRAM0
843,LOT_M10,W01,D0005,0.84,0.93,PASS,NA,March_SS,SRAM_SRAM1
844,LOT_M10,W01,D0005,0.84,0.99,PASS,NA,March_SS,SRAM_SRAM1
845,LOT_M10,W01,D0005,0.84,1.05,PASS,NA,March_RAW,SRAM_SRAM2
846,LOT_M10,W01,D0005,0.84,1.12,PASS,NA,March_SS,SRAM_SRAM2
847,LOT_M10,W01,D0005,0.84,1.18,PASS,NA,March_C_minus,SRAM_SRAM0
848,LOT_M10,W01,D0005,0.84,1.24,PASS,NA,March_C_minus,SRAM_SRAM1
849,LOT_M10,W01,D0005,0.84,1.31,PASS,NA,March_C_minus,SRAM_SRAM2
850,LOT_M10,W01,D0005,0.84,1.37,PASS,NA,March_SS,SRAM_SRAM2
851,LOT_M10,W01,D0005,0.84,1.43,PASS,NA,March_C_minus,SRAM_SRAM0
852,LOT_M10,W01,D0005,0.84,1.49,FAIL,ADDRESS_DECODE_FAULT,March_C_minus,SRAM_SRAM1
853,LOT_M10,W01,D0005,0.84,1.56,FAIL,STUCK_AT,March_SS,SRAM_SRAM1
854,LOT_M10,W01,D0005,0.84,1.62,FAIL,COUPLING_FAULT,March_SS,SRAM_SRAM1
855,LOT_M10,W01,D0005,0.84,1.68,FAIL,FREQ_MARGIN,March_C_minus,SRAM_SRAM0
856,LOT_M10,W01,D0005,0.84,1.75,FAIL,FREQ_MARGIN,March_SS,SRAM_SRAM0
857,LOT_M10,W01,D0005,0.84,1.81,FAIL,COUPLING_FAULT,March_SS,SRAM_SRAM1
858,LOT_M10,W01,D0005,0.84,1.87,FAIL,FREQ_MARGIN,March_RAW,SRAM_SRAM1
859,LOT_M10,W01,D0005,0.84,1.94,FAIL,RETENTION_FAULT,March_SS,SRAM_SRAM2
860,LOT_M10,W01,D0005,0.84,2.0,FAIL,RETENTION_FAULT,March_C_minus,SRAM_SRAM2
861,LOT_M10,W01,D0005,0.88,0.8,PASS,NA,March_SS,SRAM_SRAM0
862,LOT_M10,W01,D0005,0.88,0.86,PASS,NA,March_SS,SRAM_SRAM0
863,LOT_M10,W01,D0005,0.88,0.93,PASS,NA,March_RAW,SRAM_SRAM2
864,LOT_M10,W01,D0005,0.88,0.99,PASS,NA,March_C_minus,SRAM_SRAM1
865,LOT_M10,W01,D0005,0.88,1.05,PASS,NA,March_SS,SRAM_SRAM1
866,LOT_M10,W01,D0005,0.88,1.12,PASS,NA,March_SS,SRAM_SRAM2
867,LOT_M10,W01,D0005,0.88,1.18,PASS,NA,March_RAW,SRAM_SRAM2
868,LOT_M10,W01,D0005,0.88,1.24,PASS,NA,March_RAW,SRAM_SRAM2
869,LOT_M10,W01,D0005,0.88,1.31,PASS,NA,March_SS,SRAM_SRAM1
870,LOT_M10,W01,D0005,0.88,1.37,PASS,NA,March_SS,SRAM_SRAM1
871,LOT_M10,W01,D0005,0.88,1.43,PASS,NA,March_RAW,SRAM_SRAM2
872,LOT_M10,W01,D0005,0.88,1.49,PASS,NA,March_RAW,SRAM_SRAM0
873,LOT_M10,W01,D0005,0.88,1.56,PASS,NA,March_SS,SRAM_SRAM1
874,LOT_M10,W01,D0005,0.88,1.62,FAIL,RETENTION_FAULT,March_RAW,SRAM_SRAM1
875,LOT_M10,W01,D0005,0.88,1.68,FAIL,FREQ_MARGIN,March_C_minus,SRAM_SRAM0
876,LOT_M10,W01,D0005,0.88,1.75,FAIL,FREQ_MARGIN,March_SS,SRAM_SRAM2
877,LOT_M10,W01,D0005,0.88,1.81,FAIL,FREQ_MARGIN,March_C_minus,SRAM_SRAM0
878,LOT_M10,W01,D0005,0.88,1.87,FAIL,COUPLING_FAULT,March_RAW,SRAM_SRAM2
879,LOT_M10,W01,D0005,0.88,1.94,FAIL,ADDRESS_DECODE_FAULT,March_SS,SRAM_SRAM2
880,LOT_M10,W01,D0005,0.88,2.0,FAIL,FREQ_MARGIN,March_C_minus,SRAM_SRAM2
881,LOT_M10,W01,D0005,0.93,0.8,PASS,NA,March_SS,SRAM_SRAM2
882,LOT_M10,W01,D0005,0.93,0.86,PASS,NA,March_RAW,SRAM_SRAM0
883,LOT_M10,W01,D0005,0.93,0.93,PASS,NA,March_C_minus,SRAM_SRAM1
884,LOT_M10,W01,D0005,0.93,0.99,PASS,NA,March_RAW,SRAM_SRAM2
885,LOT_M10,W01,D0005,0.93,1.05,PASS,NA,March_C_minus,SRAM_SRAM2
886,LOT_M10,W01,D0005,0.93,1.12,PASS,NA,March_C_minus,SRAM_SRAM1
887,LOT_M10,W01,D0005,0.93,1.18,PASS,NA,March_C_minus,SRAM_SRAM2
888,LOT_M10,W01,D0005,0.93,1.24,PASS,NA,March_SS,SRAM_SRAM0
889,LOT_M10,W01,D0005,0.93,1.31,PASS,NA,March_C_minus,SRAM_SRAM1
890,LOT_M10,W01,D0005,0.93,1.37,PASS,NA,March_SS,SRAM_SRAM0
891,LOT_M10,W01,D0005,0.93,1.43,PASS,NA,March_RAW,SRAM_SRAM0
892,LOT_M10,W01,D0005,0.93,1.49,PASS,NA,March_SS,SRAM_SRAM0
893,LOT_M10,W01,D0005,0.93,1.56,PASS,NA,March_SS,SRAM_SRAM1
894,LOT_M10,W01,D0005,0.93,1.62,PASS,NA,March_RAW,SRAM_SRAM1
895,LOT_M10,W01,D0005,0.93,1.68,PASS,NA,March_SS,SRAM_SRAM2
896,LOT_M10,W01,D0005,0.93,1.75,PASS,NA,March_SS,SRAM_SRAM2
897,LOT_M10,W01,D0005,0.93,1.81,FAIL,FREQ_MARGIN,March_RAW,SRAM_SRAM1
898,LOT_M10,W01,D0005,0.93,1.87,FAIL,FREQ_MARGIN,March_RAW,SRAM_SRAM0
899,LOT_M10,W01,D0005,0.93,1.94,FAIL,COUPLING_FAULT,March_C_minus,SRAM_SRAM2
900,LOT_M10,W01,D0005,0.93,2.0,FAIL,FREQ_MARGIN,March_SS,SRAM_SRAM2
901,LOT_M10,W01,D0005,0.97,0.8,PASS,NA,March_SS,SRAM_SRAM1
902,LOT_M10,W01,D0005,0.97,0.86,PASS,NA,March_SS,SRAM_SRAM2
903,LOT_M10,W01,D0005,0.97,0.93,PASS,NA,March_C_minus,SRAM_SRAM0
904,LOT_M10,W01,D0005,0.97,0.99,PASS,NA,March_SS,SRAM_SRAM0
905,LOT_M10,W01,D0005,0.97,1.05,PASS,NA,March_C_minus,SRAM_SRAM1
906,LOT_M10,W01,D0005,0.97,1.12,PASS,NA,March_SS,SRAM_SRAM0
907,LOT_M10,W01,D0005,0.97,1.18,PASS,NA,March_RAW,SRAM_SRAM1
908,LOT_M10,W01,D0005,0.97,1.24,PASS,NA,March_RAW,SRAM_SRAM0
909,LOT_M10,W01,D0005,0.97,1.31,PASS,NA,March_SS,SRAM_SRAM2
910,LOT_M10,W01,D0005,0.97,1.37,PASS,NA,March_SS,SRAM_SRAM0
911,LOT_M10,W01,D0005,0.97,1.43,PASS,NA,March_RAW,SRAM_SRAM0
912,LOT_M10,W01,D0005,0.97,1.49,PASS,NA,March_C_minus,SRAM_SRAM1
913,LOT_M10,W01,D0005,0.97,1.56,PASS,NA,March_RAW,SRAM_SRAM0
914,LOT_M10,W01,D0005,0.97,1.62,PASS,NA,March_C_minus,SRAM_SRAM2
915,LOT_M10,W01,D0005,0.97,1.68,PASS,NA,March_C_minus,SRAM_SRAM0
916,LOT_M10,W01,D0005,0.97,1.75,PASS,NA,March_RAW,SRAM_SRAM2
917,LOT_M10,W01,D0005,0.97,1.81,PASS,NA,March_RAW,SRAM_SRAM2
918,LOT_M10,W01,D0005,0.97,1.87,PASS,NA,March_SS,SRAM_SRAM2
919,LOT_M10,W01,D0005,0.97,1.94,FAIL,STUCK_AT,March_SS,SRAM_SRAM1
920,LOT_M10,W01,D0005,0.97,2.0,FAIL,STUCK_AT,March_SS,SRAM_SRAM1
921,LOT_M10,W01,D0005,1.02,0.8,PASS,NA,March_RAW,SRAM_SRAM0
922,LOT_M10,W01,D0005,1.02,0.86,PASS,NA,March_C_minus,SRAM_SRAM1
923,LOT_M10,W01,D0005,1.02,0.93,PASS,NA,March_C_minus,SRAM_SRAM2
924,LOT_M10,W01,D0005,1.02,0.99,PASS,NA,March_C_minus,SRAM_SRAM2
925,LOT_M10,W01,D0005,1.02,1.05,PASS,NA,March_C_minus,SRAM_SRAM0
926,LOT_M10,W01,D0005,1.02,1.12,PASS,NA,March_C_minus,SRAM_SRAM0
927,LOT_M10,W01,D0005,1.02,1.18,PASS,NA,March_RAW,SRAM_SRAM2
928,LOT_M10,W01,D0005,1.02,1.24,PASS,NA,March_SS,SRAM_SRAM2
929,LOT_M10,W01,D0005,1.02,1.31,PASS,NA,March_C_minus,SRAM_SRAM1
930,LOT_M10,W01,D0005,1.02,1.37,PASS,NA,March_SS,SRAM_SRAM1
931,LOT_M10,W01,D0005,1.02,1.43,PASS,NA,March_C_minus,SRAM_SRAM2
932,LOT_M10,W01,D0005,1.02,1.49,PASS,NA,March_C_minus,SRAM_SRAM1
933,LOT_M10,W01,D0005,1.02,1.56,PASS,NA,March_C_minus,SRAM_SRAM0
934,LOT_M10,W01,D0005,1.02,1.62,PASS,NA,March_RAW,SRAM_SRAM2
935,LOT_M10,W01,D0005,1.02,1.68,PASS,NA,March_SS,SRAM_SRAM0
936,LOT_M10,W01,D0005,1.02,1.75,PASS,NA,March_C_minus,SRAM_SRAM2
937,LOT_M10,W01,D0005,1.02,1.81,PASS,NA,March_C_minus,SRAM_SRAM0
938,LOT_M10,W01,D0005,1.02,1.87,PASS,NA,March_C_minus,SRAM_SRAM2
939,LOT_M10,W01,D0005,1.02,1.94,PASS,NA,March_SS,SRAM_SRAM1
940,LOT_M10,W01,D0005,1.02,2.0,PASS,NA,March_C_minus,SRAM_SRAM1
941,LOT_M10,W01,D0005,1.06,0.8,PASS,NA,March_RAW,SRAM_SRAM2
942,LOT_M10,W01,D0005,1.06,0.86,PASS,NA,March_SS,SRAM_SRAM1
943,LOT_M10,W01,D0005,1.06,0.93,PASS,NA,March_C_minus,SRAM_SRAM1
944,LOT_M10,W01,D0005,1.06,0.99,PASS,NA,March_C_minus,SRAM_SRAM0
945,LOT_M10,W01,D0005,1.06,1.05,PASS,NA,March_RAW,SRAM_SRAM2
946,LOT_M10,W01,D0005,1.06,1.12,PASS,NA,March_RAW,SRAM_SRAM2
947,LOT_M10,W01,D0005,1.06,1.18,PASS,NA,March_SS,SRAM_SRAM2
948,LOT_M10,W01,D0005,1.06,1.24,PASS,NA,March_SS,SRAM_SRAM2
949,LOT_M10,W01,D0005,1.06,1.31,PASS,NA,March_SS,SRAM_SRAM0
950,LOT_M10,W01,D0005,1.06,1.37,PASS,NA,March_SS,SRAM_SRAM1
951,LOT_M10,W01,D0005,1.06,1.43,PASS,NA,March_RAW,SRAM_SRAM1
952,LOT_M10,W01,D0005,1.06,1.49,PASS,NA,March_C_minus,SRAM_SRAM0
953,LOT_M10,W01,D0005,1.06,1.56,PASS,NA,March_RAW,SRAM_SRAM0
954,LOT_M10,W01,D0005,1.06,1.62,PASS,NA,March_SS,SRAM_SRAM0
955,LOT_M10,W01,D0005,1.06,1.68,PASS,NA,March_RAW,SRAM_SRAM1
956,LOT_M10,W01,D0005,1.06,1.75,PASS,NA,March_RAW,SRAM_SRAM1
957,LOT_M10,W01,D0005,1.06,1.81,PASS,NA,March_C_minus,SRAM_SRAM2
958,LOT_M10,W01,D0005,1.06,1.87,PASS,NA,March_RAW,SRAM_SRAM1
959,LOT_M10,W01,D0005,1.06,1.94,PASS,NA,March_RAW,SRAM_SRAM1
960,LOT_M10,W01,D0005,1.06,2.0,PASS,NA,March_SS,SRAM_SRAM1
961,LOT_M10,W01,D0005,1.11,0.8,PASS,NA,March_SS,SRAM_SRAM0
962,LOT_M10,W01,D0005,1.11,0.86,PASS,NA,March_SS,SRAM_SRAM2
963,LOT_M10,W01,D0005,1.11,0.93,PASS,NA,March_C_minus,SRAM_SRAM2
964,LOT_M10,W01,D0005,1.11,0.99,PASS,NA,March_C_minus,SRAM_SRAM1
965,LOT_M10,W01,D0005,1.11,1.05,PASS,NA,March_C_minus,SRAM_SRAM0
966,LOT_M10,W01,D0005,1.11,1.12,PASS,NA,March_RAW,SRAM_SRAM2
967,LOT_M10,W01,D0005,1.11,1.18,PASS,NA,March_SS,SRAM_SRAM0
968,LOT_M10,W01,D0005,1.11,1.24,PASS,NA,March_C_minus,SRAM_SRAM0
969,LOT_M10,W01,D0005,1.11,1.31,PASS,NA,March_SS,SRAM_SRAM1
970,LOT_M10,W01,D0005,1.11,1.37,PASS,NA,March_SS,SRAM_SRAM1
971,LOT_M10,W01,D0005,1.11,1.43,PASS,NA,March_SS,SRAM_SRAM2
972,LOT_M10,W01,D0005,1.11,1.49,PASS,NA,March_C_minus,SRAM_SRAM0
973,LOT_M10,W01,D0005,1.11,1.56,PASS,NA,March_C_minus,SRAM_SRAM0
974,LOT_M10,W01,D0005,1.11,1.62,PASS,NA,March_C_minus,SRAM_SRAM0
975,LOT_M10,W01,D0005,1.11,1.68,PASS,NA,March_C_minus,SRAM_SRAM0
976,LOT_M10,W01,D0005,1.11,1.75,PASS,NA,March_RAW,SRAM_SRAM0
977,LOT_M10,W01,D0005,1.11,1.81,PASS,NA,March_RAW,SRAM_SRAM1
978,LOT_M10,W01,D0005,1.11,1.87,PASS,NA,March_C_minus,SRAM_SRAM1
979,LOT_M10,W01,D0005,1.11,1.94,PASS,NA,March_SS,SRAM_SRAM1
980,LOT_M10,W01,D0005,1.11,2.0,PASS,NA,March_RAW,SRAM_SRAM1
981,LOT_M10,W01,D0005,1.15,0.8,PASS,NA,March_SS,SRAM_SRAM1
982,LOT_M10,W01,D0005,1.15,0.86,PASS,NA,March_C_minus,SRAM_SRAM0
983,LOT_M10,W01,D0005,1.15,0.93,PASS,NA,March_RAW,SRAM_SRAM2
984,LOT_M10,W01,D0005,1.15,0.99,PASS,NA,March_C_minus,SRAM_SRAM2
985,LOT_M10,W01,D0005,1.15,1.05,PASS,NA,March_C_minus,SRAM_SRAM1
986,LOT_M10,W01,D0005,1.15,1.12,PASS,NA,March_SS,SRAM_SRAM2
987,LOT_M10,W01,D0005,1.15,1.18,PASS,NA,March_C_minus,SRAM_SRAM0
988,LOT_M10,W01,D0005,1.15,1.24,PASS,NA,March_RAW,SRAM_SRAM0
989,LOT_M10,W01,D0005,1.15,1.31,PASS,NA,March_SS,SRAM_SRAM2
990,LOT_M10,W01,D0005,1.15,1.37,PASS,NA,March_RAW,SRAM_SRAM0
991,LOT_M10,W01,D0005,1.15,1.43,PASS,NA,March_RAW,SRAM_SRAM0
992,LOT_M10,W01,D0005,1.15,1.49,PASS,NA,March_C_minus,SRAM_SRAM0
993,LOT_M10,W01,D0005,1.15,1.56,PASS,NA,March_C_minus,SRAM_SRAM0
994,LOT_M10,W01,D0005,1.15,1.62,PASS,NA,March_RAW,SRAM_SRAM1
995,LOT_M10,W01,D0005,1.15,1.68,PASS,NA,March_SS,SRAM_SRAM2
996,LOT_M10,W01,D0005,1.15,1.75,PASS,NA,March_RAW,SRAM_SRAM1
997,LOT_M10,W01,D0005,1.15,1.81,PASS,NA,March_SS,SRAM_SRAM1
998,LOT_M10,W01,D0005,1.15,1.87,PASS,NA,March_SS,SRAM_SRAM1
999,LOT_M10,W01,D0005,1.15,1.94,PASS,NA,March_C_minus,SRAM_SRAM2
1000,LOT_M10,W01,D0005,1.15,2.0,PASS,NA,March_C_minus,SRAM_SRAM1
1001,LOT_M10,W01,D0006,0.75,0.8,PASS,NA,March_SS,SRAM_SRAM1
1002,LOT_M10,W01,D0006,0.75,0.86,PASS,NA,March_C_minus,SRAM_SRAM0
1003,LOT_M10,W01,D0006,0.75,0.93,PASS,NA,March_SS,SRAM_SRAM0
1004,LOT_M10,W01,D0006,0.75,0.99,PASS,NA,March_C_minus,SRAM_SRAM1
1005,LOT_M10,W01,D0006,0.75,1.05,PASS,NA,March_C_minus,SRAM_SRAM2
1006,LOT_M10,W01,D0006,0.75,1.12,FAIL,FREQ_MARGIN,March_RAW,SRAM_SRAM2
1007,LOT_M10,W01,D0006,0.75,1.18,FAIL,FREQ_MARGIN,March_SS,SRAM_SRAM1
1008,LOT_M10,W01,D0006,0.75,1.24,FAIL,RETENTION_FAULT,March_RAW,SRAM_SRAM2
1009,LOT_M10,W01,D0006,0.75,1.31,FAIL,FREQ_MARGIN,March_RAW,SRAM_SRAM2
1010,LOT_M10,W01,D0006,0.75,1.37,FAIL,RETENTION_FAULT,March_C_minus,SRAM_SRAM2
1011,LOT_M10,W01,D0006,0.75,1.43,FAIL,STUCK_AT,March_RAW,SRAM_SRAM2
1012,LOT_M10,W01,D0006,0.75,1.49,FAIL,STUCK_AT,March_SS,SRAM_SRAM2
1013,LOT_M10,W01,D0006,0.75,1.56,FAIL,RETENTION_FAULT,March_C_minus,SRAM_SRAM1
1014,LOT_M10,W01,D0006,0.75,1.62,FAIL,FREQ_MARGIN,March_RAW,SRAM_SRAM1
1015,LOT_M10,W01,D0006,0.75,1.68,FAIL,ADDRESS_DECODE_FAULT,March_SS,SRAM_SRAM1
1016,LOT_M10,W01,D0006,0.75,1.75,FAIL,FREQ_MARGIN,March_SS,SRAM_SRAM0
1017,LOT_M10,W01,D0006,0.75,1.81,FAIL,FREQ_MARGIN,March_RAW,SRAM_SRAM2
1018,LOT_M10,W01,D0006,0.75,1.87,FAIL,RETENTION_FAULT,March_RAW,SRAM_SRAM0
1019,LOT_M10,W01,D0006,0.75,1.94,FAIL,ADDRESS_DECODE_FAULT,March_C_minus,SRAM_SRAM1
1020,LOT_M10,W01,D0006,0.75,2.0,FAIL,FREQ_MARGIN,March_SS,SRAM_SRAM2
1021,LOT_M10,W01,D0006,0.79,0.8,PASS,NA,March_C_minus,SRAM_SRAM1
1022,LOT_M10,W01,D0006,0.79,0.86,PASS,NA,March_RAW,SRAM_SRAM2
1023,LOT_M10,W01,D0006,0.79,0.93,PASS,NA,March_C_minus,SRAM_SRAM2
1024,LOT_M10,W01,D0006,0.79,0.99,PASS,NA,March_SS,SRAM_SRAM1
1025,LOT_M10,W01,D0006,0.79,1.05,PASS,NA,March_C_minus,SRAM_SRAM1
1026,LOT_M10,W01,D0006,0.79,1.12,PASS,NA,March_C_minus,SRAM_SRAM1
1027,LOT_M10,W01,D0006,0.79,1.18,PASS,NA,March_C_minus,SRAM_SRAM2
1028,LOT_M10,W01,D0006,0.79,1.24,FAIL,FREQ_MARGIN,March_SS,SRAM_SRAM1
1029,LOT_M10,W01,D0006,0.79,1.31,FAIL,STUCK_AT,March_SS,SRAM_SRAM0
1030,LOT_M10,W01,D0006,0.79,1.37,FAIL,FREQ_MARGIN,March_SS,SRAM_SRAM2
1031,LOT_M10,W01,D0006,0.79,1.43,FAIL,FREQ_MARGIN,March_RAW,SRAM_SRAM1
1032,LOT_M10,W01,D0006,0.79,1.49,FAIL,FREQ_MARGIN,March_RAW,SRAM_SRAM1
1033,LOT_M10,W01,D0006,0.79,1.56,FAIL,RETENTION_FAULT,March_SS,SRAM_SRAM0
1034,LOT_M10,W01,D0006,0.79,1.62,FAIL,STUCK_AT,March_SS,SRAM_SRAM0
1035,LOT_M10,W01,D0006,0.79,1.68,FAIL,FREQ_MARGIN,March_SS,SRAM_SRAM0
1036,LOT_M10,W01,D0006,0.79,1.75,FAIL,COUPLING_FAULT,March_RAW,SRAM_SRAM2
1037,LOT_M10,W01,D0006,0.79,1.81,FAIL,STUCK_AT,March_C_minus,SRAM_SRAM0
1038,LOT_M10,W01,D0006,0.79,1.87,FAIL,FREQ_MARGIN,March_SS,SRAM_SRAM2
1039,LOT_M10,W01,D0006,0.79,1.94,FAIL,FREQ_MARGIN,March_SS,SRAM_SRAM2
1040,LOT_M10,W01,D0006,0.79,2.0,FAIL,FREQ_MARGIN,March_C_minus,SRAM_SRAM2
1041,LOT_M10,W01,D0006,0.84,0.8,PASS,NA,March_RAW,SRAM_SRAM2
1042,LOT_M10,W01,D0006,0.84,0.86,PASS,NA,March_SS,SRAM_SRAM2
1043,LOT_M10,W01,D0006,0.84,0.93,PASS,NA,March_SS,SRAM_SRAM1
1044,LOT_M10,W01,D0006,0.84,0.99,PASS,NA,March_SS,SRAM_SRAM2
1045,LOT_M10,W01,D0006,0.84,1.05,PASS,NA,March_C_minus,SRAM_SRAM1
1046,LOT_M10,W01,D0006,0.84,1.12,PASS,NA,March_C_minus,SRAM_SRAM0
1047,LOT_M10,W01,D0006,0.84,1.18,PASS,NA,March_RAW,SRAM_SRAM0
1048,LOT_M10,W01,D0006,0.84,1.24,PASS,NA,March_C_minus,SRAM_SRAM2
1049,LOT_M10,W01,D0006,0.84,1.31,PASS,NA,March_SS,SRAM_SRAM0
1050,LOT_M10,W01,D0006,0.84,1.37,PASS,NA,March_RAW,SRAM_SRAM0
1051,LOT_M10,W01,D0006,0.84,1.43,FAIL,FREQ_MARGIN,March_C_minus,SRAM_SRAM1
1052,LOT_M10,W01,D0006,0.84,1.49,FAIL,ADDRESS_DECODE_FAULT,March_RAW,SRAM_SRAM0
1053,LOT_M10,W01,D0006,0.84,1.56,FAIL,FREQ_MARGIN,March_SS,SRAM_SRAM2
1054,LOT_M10,W01,D0006,0.84,1.62,FAIL,COUPLING_FAULT,March_C_minus,SRAM_SRAM1
1055,LOT_M10,W01,D0006,0.84,1.68,FAIL,FREQ_MARGIN,March_SS,SRAM_SRAM2
1056,LOT_M10,W01,D0006,0.84,1.75,FAIL,FREQ_MARGIN,March_SS,SRAM_SRAM0
1057,LOT_M10,W01,D0006,0.84,1.81,FAIL,COUPLING_FAULT,March_RAW,SRAM_SRAM1
1058,LOT_M10,W01,D0006,0.84,1.87,FAIL,RETENTION_FAULT,March_SS,SRAM_SRAM0
1059,LOT_M10,W01,D0006,0.84,1.94,FAIL,COUPLING_FAULT,March_RAW,SRAM_SRAM0
1060,LOT_M10,W01,D0006,0.84,2.0,FAIL,FREQ_MARGIN,March_SS,SRAM_SRAM1
1061,LOT_M10,W01,D0006,0.88,0.8,PASS,NA,March_C_minus,SRAM_SRAM2
1062,LOT_M10,W01,D0006,0.88,0.86,PASS,NA,March_SS,SRAM_SRAM0
1063,LOT_M10,W01,D0006,0.88,0.93,PASS,NA,March_RAW,SRAM_SRAM2
1064,LOT_M10,W01,D0006,0.88,0.99,PASS,NA,March_SS,SRAM_SRAM0
1065,LOT_M10,W01,D0006,0.88,1.05,PASS,NA,March_C_minus,SRAM_SRAM0
1066,LOT_M10,W01,D0006,0.88,1.12,PASS,NA,March_SS,SRAM_SRAM0
1067,LOT_M10,W01,D0006,0.88,1.18,PASS,NA,March_SS,SRAM_SRAM1
1068,LOT_M10,W01,D0006,0.88,1.24,PASS,NA,March_SS,SRAM_SRAM2
1069,LOT_M10,W01,D0006,0.88,1.31,PASS,NA,March_C_minus,SRAM_SRAM0
1070,LOT_M10,W01,D0006,0.88,1.37,PASS,NA,March_SS,SRAM_SRAM1
1071,LOT_M10,W01,D0006,0.88,1.43,PASS,NA,March_C_minus,SRAM_SRAM1
1072,LOT_M10,W01,D0006,0.88,1.49,PASS,NA,March_C_minus,SRAM_SRAM2
1073,LOT_M10,W01,D0006,0.88,1.56,FAIL,FREQ_MARGIN,March_SS,SRAM_SRAM0
1074,LOT_M10,W01,D0006,0.88,1.62,FAIL,FREQ_MARGIN,March_C_minus,SRAM_SRAM1
1075,LOT_M10,W01,D0006,0.88,1.68,FAIL,ADDRESS_DECODE_FAULT,March_C_minus,SRAM_SRAM0
1076,LOT_M10,W01,D0006,0.88,1.75,FAIL,FREQ_MARGIN,March_SS,SRAM_SRAM2
1077,LOT_M10,W01,D0006,0.88,1.81,FAIL,COUPLING_FAULT,March_SS,SRAM_SRAM2
1078,LOT_M10,W01,D0006,0.88,1.87,FAIL,FREQ_MARGIN,March_RAW,SRAM_SRAM2
1079,LOT_M10,W01,D0006,0.88,1.94,FAIL,FREQ_MARGIN,March_C_minus,SRAM_SRAM1
1080,LOT_M10,W01,D0006,0.88,2.0,FAIL,FREQ_MARGIN,March_C_minus,SRAM_SRAM1
1081,LOT_M10,W01,D0006,0.93,0.8,PASS,NA,March_C_minus,SRAM_SRAM2
1082,LOT_M10,W01,D0006,0.93,0.86,PASS,NA,March_SS,SRAM_SRAM1
1083,LOT_M10,W01,D0006,0.93,0.93,PASS,NA,March_SS,SRAM_SRAM1
1084,LOT_M10,W01,D0006,0.93,0.99,PASS,NA,March_SS,SRAM_SRAM2
1085,LOT_M10,W01,D0006,0.93,1.05,PASS,NA,March_RAW,SRAM_SRAM1
1086,LOT_M10,W01,D0006,0.93,1.12,PASS,NA,March_C_minus,SRAM_SRAM2
1087,LOT_M10,W01,D0006,0.93,1.18,PASS,NA,March_C_minus,SRAM_SRAM2
1088,LOT_M10,W01,D0006,0.93,1.24,PASS,NA,March_SS,SRAM_SRAM2
1089,LOT_M10,W01,D0006,0.93,1.31,PASS,NA,March_SS,SRAM_SRAM2
1090,LOT_M10,W01,D0006,0.93,1.37,PASS,NA,March_SS,SRAM_SRAM1
1091,LOT_M10,W01,D0006,0.93,1.43,PASS,NA,March_SS,SRAM_SRAM1
1092,LOT_M10,W01,D0006,0.93,1.49,PASS,NA,March_C_minus,SRAM_SRAM1
1093,LOT_M10,W01,D0006,0.93,1.56,PASS,NA,March_C_minus,SRAM_SRAM0
1094,LOT_M10,W01,D0006,0.93,1.62,PASS,NA,March_SS,SRAM_SRAM0
1095,LOT_M10,W01,D0006,0.93,1.68,FAIL,ADDRESS_DECODE_FAULT,March_RAW,SRAM_SRAM1
1096,LOT_M10,W01,D0006,0.93,1.75,FAIL,RETENTION_FAULT,March_SS,SRAM_SRAM1
1097,LOT_M10,W01,D0006,0.93,1.81,FAIL,FREQ_MARGIN,March_RAW,SRAM_SRAM0
1098,LOT_M10,W01,D0006,0.93,1.87,FAIL,STUCK_AT,March_C_minus,SRAM_SRAM0
1099,LOT_M10,W01,D0006,0.93,1.94,FAIL,STUCK_AT,March_SS,SRAM_SRAM0
1100,LOT_M10,W01,D0006,0.93,2.0,FAIL,FREQ_MARGIN,March_C_minus,SRAM_SRAM2
1101,LOT_M10,W01,D0006,0.97,0.8,PASS,NA,March_SS,SRAM_SRAM0
1102,LOT_M10,W01,D0006,0.97,0.86,PASS,NA,March_RAW,SRAM_SRAM1
1103,LOT_M10,W01,D0006,0.97,0.93,PASS,NA,March_C_minus,SRAM_SRAM2
1104,LOT_M10,W01,D0006,0.97,0.99,PASS,NA,March_SS,SRAM_SRAM1
1105,LOT_M10,W01,D0006,0.97,1.05,PASS,NA,March_RAW,SRAM_SRAM2
1106,LOT_M10,W01,D0006,0.97,1.12,PASS,NA,March_RAW,SRAM_SRAM2
1107,LOT_M10,W01,D0006,0.97,1.18,PASS,NA,March_C_minus,SRAM_SRAM2
1108,LOT_M10,W01,D0006,0.97,1.24,PASS,NA,March_SS,SRAM_SRAM1
1109,LOT_M10,W01,D0006,0.97,1.31,PASS,NA,March_C_minus,SRAM_SRAM1
1110,LOT_M10,W01,D0006,0.97,1.37,PASS,NA,March_SS,SRAM_SRAM2
1111,LOT_M10,W01,D0006,0.97,1.43,PASS,NA,March_SS,SRAM_SRAM0
1112,LOT_M10,W01,D0006,0.97,1.49,PASS,NA,March_RAW,SRAM_SRAM2
1113,LOT_M10,W01,D0006,0.97,1.56,PASS,NA,March_C_minus,SRAM_SRAM2
1114,LOT_M10,W01,D0006,0.97,1.62,PASS,NA,March_RAW,SRAM_SRAM0
1115,LOT_M10,W01,D0006,0.97,1.68,PASS,NA,March_RAW,SRAM_SRAM0
1116,LOT_M10,W01,D0006,0.97,1.75,PASS,NA,March_C_minus,SRAM_SRAM1
1117,LOT_M10,W01,D0006,0.97,1.81,FAIL,ADDRESS_DECODE_FAULT,March_SS,SRAM_SRAM2
1118,LOT_M10,W01,D0006,0.97,1.87,FAIL,STUCK_AT,March_C_minus,SRAM_SRAM2
1119,LOT_M10,W01,D0006,0.97,1.94,FAIL,FREQ_MARGIN,March_RAW,SRAM_SRAM0
1120,LOT_M10,W01,D0006,0.97,2.0,FAIL,FREQ_MARGIN,March_SS,SRAM_SRAM2
1121,LOT_M10,W01,D0006,1.02,0.8,PASS,NA,March_C_minus,SRAM_SRAM2
1122,LOT_M10,W01,D0006,1.02,0.86,PASS,NA,March_SS,SRAM_SRAM0
1123,LOT_M10,W01,D0006,1.02,0.93,PASS,NA,March_RAW,SRAM_SRAM2
1124,LOT_M10,W01,D0006,1.02,0.99,PASS,NA,March_RAW,SRAM_SRAM1
1125,LOT_M10,W01,D0006,1.02,1.05,PASS,NA,March_SS,SRAM_SRAM2
1126,LOT_M10,W01,D0006,1.02,1.12,PASS,NA,March_C_minus,SRAM_SRAM0
1127,LOT_M10,W01,D0006,1.02,1.18,PASS,NA,March_SS,SRAM_SRAM0
1128,LOT_M10,W01,D0006,1.02,1.24,PASS,NA,March_SS,SRAM_SRAM2
1129,LOT_M10,W01,D0006,1.02,1.31,PASS,NA,March_SS,SRAM_SRAM1
1130,LOT_M10,W01,D0006,1.02,1.37,PASS,NA,March_RAW,SRAM_SRAM0
1131,LOT_M10,W01,D0006,1.02,1.43,PASS,NA,March_SS,SRAM_SRAM1
1132,LOT_M10,W01,D0006,1.02,1.49,PASS,NA,March_RAW,SRAM_SRAM0
1133,LOT_M10,W01,D0006,1.02,1.56,PASS,NA,March_SS,SRAM_SRAM2
1134,LOT_M10,W01,D0006,1.02,1.62,PASS,NA,March_SS,SRAM_SRAM2
1135,LOT_M10,W01,D0006,1.02,1.68,PASS,NA,March_C_minus,SRAM_SRAM0
1136,LOT_M10,W01,D0006,1.02,1.75,PASS,NA,March_C_minus,SRAM_SRAM0
1137,LOT_M10,W01,D0006,1.02,1.81,PASS,NA,March_SS,SRAM_SRAM1
1138,LOT_M10,W01,D0006,1.02,1.87,PASS,NA,March_C_minus,SRAM_SRAM0
1139,LOT_M10,W01,D0006,1.02,1.94,PASS,NA,March_C_minus,SRAM_SRAM1
1140,LOT_M10,W01,D0006,1.02,2.0,FAIL,STUCK_AT,March_C_minus,SRAM_SRAM0
1141,LOT_M10,W01,D0006,1.06,0.8,PASS,NA,March_RAW,SRAM_SRAM0
1142,LOT_M10,W01,D0006,1.06,0.86,PASS,NA,March_RAW,SRAM_SRAM2
1143,LOT_M10,W01,D0006,1.06,0.93,PASS,NA,March_C_minus,SRAM_SRAM2
1144,LOT_M10,W01,D0006,1.06,0.99,PASS,NA,March_C_minus,SRAM_SRAM1
1145,LOT_M10,W01,D0006,1.06,1.05,PASS,NA,March_SS,SRAM_SRAM1
1146,LOT_M10,W01,D0006,1.06,1.12,PASS,NA,March_SS,SRAM_SRAM2
1147,LOT_M10,W01,D0006,1.06,1.18,PASS,NA,March_C_minus,SRAM_SRAM0
1148,LOT_M10,W01,D0006,1.06,1.24,PASS,NA,March_C_minus,SRAM_SRAM1
1149,LOT_M10,W01,D0006,1.06,1.31,PASS,NA,March_SS,SRAM_SRAM0
1150,LOT_M10,W01,D0006,1.06,1.37,PASS,NA,March_SS,SRAM_SRAM0
1151,LOT_M10,W01,D0006,1.06,1.43,PASS,NA,March_C_minus,SRAM_SRAM0
1152,LOT_M10,W01,D0006,1.06,1.49,PASS,NA,March_C_minus,SRAM_SRAM0
1153,LOT_M10,W01,D0006,1.06,1.56,PASS,NA,March_C_minus,SRAM_SRAM0
1154,LOT_M10,W01,D0006,1.06,1.62,PASS,NA,March_SS,SRAM_SRAM0
1155,LOT_M10,W01,D0006,1.06,1.68,PASS,NA,March_C_minus,SRAM_SRAM1
1156,LOT_M10,W01,D0006,1.06,1.75,PASS,NA,March_SS,SRAM_SRAM1
1157,LOT_M10,W01,D0006,1.06,1.81,PASS,NA,March_C_minus,SRAM_SRAM2
1158,LOT_M10,W01,D0006,1.06,1.87,PASS,NA,March_RAW,SRAM_SRAM1
1159,LOT_M10,W01,D0006,1.06,1.94,PASS,NA,March_RAW,SRAM_SRAM1
1160,LOT_M10,W01,D0006,1.06,2.0,PASS,NA,March_C_minus,SRAM_SRAM2
1161,LOT_M10,W01,D0006,1.11,0.8,PASS,NA,March_C_minus,SRAM_SRAM2
1162,LOT_M10,W01,D0006,1.11,0.86,PASS,NA,March_C_minus,SRAM_SRAM2
1163,LOT_M10,W01,D0006,1.11,0.93,PASS,NA,March_C_minus,SRAM_SRAM0
1164,LOT_M10,W01,D0006,1.11,0.99,PASS,NA,March_RAW,SRAM_SRAM0
1165,LOT_M10,W01,D0006,1.11,1.05,PASS,NA,March_C_minus,SRAM_SRAM0
1166,LOT_M10,W01,D0006,1.11,1.12,PASS,NA,March_RAW,SRAM_SRAM2
1167,LOT_M10,W01,D0006,1.11,1.18,PASS,NA,March_C_minus,SRAM_SRAM0
1168,LOT_M10,W01,D0006,1.11,1.24,PASS,NA,March_RAW,SRAM_SRAM2
1169,LOT_M10,W01,D0006,1.11,1.31,PASS,NA,March_C_minus,SRAM_SRAM0
1170,LOT_M10,W01,D0006,1.11,1.37,PASS,NA,March_C_minus,SRAM_SRAM1
1171,LOT_M10,W01,D0006,1.11,1.43,PASS,NA,March_RAW,SRAM_SRAM1
1172,LOT_M10,W01,D0006,1.11,1.49,PASS,NA,March_RAW,SRAM_SRAM2
1173,LOT_M10,W01,D0006,1.11,1.56,PASS,NA,March_RAW,SRAM_SRAM2
1174,LOT_M10,W01,D0006,1.11,1.62,PASS,NA,March_RAW,SRAM_SRAM2
1175,LOT_M10,W01,D0006,1.11,1.68,PASS,NA,March_RAW,SRAM_SRAM1
1176,LOT_M10,W01,D0006,1.11,1.75,PASS,NA,March_C_minus,SRAM_SRAM0
1177,LOT_M10,W01,D0006,1.11,1.81,PASS,NA,March_SS,SRAM_SRAM1
1178,LOT_M10,W01,D0006,1.11,1.87,PASS,NA,March_SS,SRAM_SRAM1
1179,LOT_M10,W01,D0006,1.11,1.94,PASS,NA,March_RAW,SRAM_SRAM0
1180,LOT_M10,W01,D0006,1.11,2.0,PASS,NA,March_RAW,SRAM_SRAM0
1181,LOT_M10,W01,D0006,1.15,0.8,PASS,NA,March_C_minus,SRAM_SRAM1
1182,LOT_M10,W01,D0006,1.15,0.86,PASS,NA,March_RAW,SRAM_SRAM1
1183,LOT_M10,W01,D0006,1.15,0.93,PASS,NA,March_RAW,SRAM_SRAM0
1184,LOT_M10,W01,D0006,1.15,0.99,PASS,NA,March_SS,SRAM_SRAM1
1185,LOT_M10,W01,D0006,1.15,1.05,PASS,NA,March_C_minus,SRAM_SRAM0
1186,LOT_M10,W01,D0006,1.15,1.12,PASS,NA,March_C_minus,SRAM_SRAM1
1187,LOT_M10,W01,D0006,1.15,1.18,PASS,NA,March_RAW,SRAM_SRAM1
1188,LOT_M10,W01,D0006,1.15,1.24,PASS,NA,March_RAW,SRAM_SRAM1
1189,LOT_M10,W01,D0006,1.15,1.31,PASS,NA,March_SS,SRAM_SRAM0
1190,LOT_M10,W01,D0006,1.15,1.37,PASS,NA,March_RAW,SRAM_SRAM1
1191,LOT_M10,W01,D0006,1.15,1.43,PASS,NA,March_SS,SRAM_SRAM0
1192,LOT_M10,W01,D0006,1.15,1.49,PASS,NA,March_C_minus,SRAM_SRAM2
1193,LOT_M10,W01,D0006,1.15,1.56,PASS,NA,March_SS,SRAM_SRAM2
1194,LOT_M10,W01,D0006,1.15,1.62,PASS,NA,March_SS,SRAM_SRAM2
1195,LOT_M10,W01,D0006,1.15,1.68,PASS,NA,March_C_minus,SRAM_SRAM1
1196,LOT_M10,W01,D0006,1.15,1.75,PASS,NA,March_RAW,SRAM_SRAM0
1197,LOT_M10,W01,D0006,1.15,1.81,PASS,NA,March_C_minus,SRAM_SRAM2
1198,LOT_M10,W01,D0006,1.15,1.87,PASS,NA,March_SS,SRAM_SRAM1
1199,LOT_M10,W01,D0006,1.15,1.94,PASS,NA,March_C_minus,SRAM_SRAM1
1200,LOT_M10,W01,D0006,1.15,2.0,PASS,NA,March_SS,SRAM_SRAM1
1201,LOT_M10,W01,D0007,0.75,0.8,PASS,NA,March_C_minus,SRAM_SRAM2
1202,LOT_M10,W01,D0007,0.75,0.86,PASS,NA,March_SS,SRAM_SRAM0
1203,LOT_M10,W01,D0007,0.75,0.93,PASS,NA,March_C_minus,SRAM_SRAM2
1204,LOT_M10,W01,D0007,0.75,0.99,FAIL,FREQ_MARGIN,March_SS,SRAM_SRAM1
1205,LOT_M10,W01,D0007,0.75,1.05,FAIL,FREQ_MARGIN,March_C_minus,SRAM_SRAM0
1206,LOT_M10,W01,D0007,0.75,1.12,FAIL,COUPLING_FAULT,March_C_minus,SRAM_SRAM0
1207,LOT_M10,W01,D0007,0.75,1.18,FAIL,FREQ_MARGIN,March_SS,SRAM_SRAM1
1208,LOT_M10,W01,D0007,0.75,1.24,FAIL,FREQ_MARGIN,March_RAW,SRAM_SRAM1
1209,LOT_M10,W01,D0007,0.75,1.31,FAIL,FREQ_MARGIN,March_C_minus,SRAM_SRAM1
1210,LOT_M10,W01,D0007,0.75,1.37,FAIL,STUCK_AT,March_C_minus,SRAM_SRAM1
1211,LOT_M10,W01,D0007,0.75,1.43,FAIL,FREQ_MARGIN,March_RAW,SRAM_SRAM2
1212,LOT_M10,W01,D0007,0.75,1.49,FAIL,ADDRESS_DECODE_FAULT,March_RAW,SRAM_SRAM2
1213,LOT_M10,W01,D0007,0.75,1.56,FAIL,FREQ_MARGIN,March_C_minus,SRAM_SRAM1
1214,LOT_M10,W01,D0007,0.75,1.62,FAIL,FREQ_MARGIN,March_C_minus,SRAM_SRAM0
1215,LOT_M10,W01,D0007,0.75,1.68,FAIL,FREQ_MARGIN,March_RAW,SRAM_SRAM1
1216,LOT_M10,W01,D0007,0.75,1.75,FAIL,FREQ_MARGIN,March_C_minus,SRAM_SRAM1
1217,LOT_M10,W01,D0007,0.75,1.81,FAIL,FREQ_MARGIN,March_RAW,SRAM_SRAM0
1218,LOT_M10,W01,D0007,0.75,1.87,FAIL,FREQ_MARGIN,March_RAW,SRAM_SRAM1
1219,LOT_M10,W01,D0007,0.75,1.94,FAIL,FREQ_MARGIN,March_C_minus,SRAM_SRAM0
1220,LOT_M10,W01,D0007,0.75,2.0,FAIL,FREQ_MARGIN,March_RAW,SRAM_SRAM1
1221,LOT_M10,W01,D0007,0.79,0.8,PASS,NA,March_C_minus,SRAM_SRAM1
1222,LOT_M10,W01,D0007,0.79,0.86,PASS,NA,March_C_minus,SRAM_SRAM1
1223,LOT_M10,W01,D0007,0.79,0.93,PASS,NA,March_RAW,SRAM_SRAM2
1224,LOT_M10,W01,D0007,0.79,0.99,PASS,NA,March_RAW,SRAM_SRAM1
1225,LOT_M10,W01,D0007,0.79,1.05,PASS,NA,March_C_minus,SRAM_SRAM0
1226,LOT_M10,W01,D0007,0.79,1.12,FAIL,FREQ_MARGIN,March_C_minus,SRAM_SRAM1
1227,LOT_M10,W01,D0007,0.79,1.18,FAIL,FREQ_MARGIN,March_SS,SRAM_SRAM1
1228,LOT_M10,W01,D0007,0.79,1.24,FAIL,FREQ_MARGIN,March_SS,SRAM_SRAM1
1229,LOT_M10,W01,D0007,0.79,1.31,FAIL,FREQ_MARGIN,March_C_minus,SRAM_SRAM0
1230,LOT_M10,W01,D0007,0.79,1.37,FAIL,ADDRESS_DECODE_FAULT,March_RAW,SRAM_SRAM2
1231,LOT_M10,W01,D0007,0.79,1.43,FAIL,RETENTION_FAULT,March_RAW,SRAM_SRAM0
1232,LOT_M10,W01,D0007,0.79,1.49,FAIL,FREQ_MARGIN,March_C_minus,SRAM_SRAM1
1233,LOT_M10,W01,D0007,0.79,1.56,FAIL,FREQ_MARGIN,March_RAW,SRAM_SRAM1
1234,LOT_M10,W01,D0007,0.79,1.62,FAIL,FREQ_MARGIN,March_C_minus,SRAM_SRAM1
1235,LOT_M10,W01,D0007,0.79,1.68,FAIL,FREQ_MARGIN,March_C_minus,SRAM_SRAM1
1236,LOT_M10,W01,D0007,0.79,1.75,FAIL,RETENTION_FAULT,March_C_minus,SRAM_SRAM0
1237,LOT_M10,W01,D0007,0.79,1.81,FAIL,FREQ_MARGIN,March_RAW,SRAM_SRAM0
1238,LOT_M10,W01,D0007,0.79,1.87,FAIL,FREQ_MARGIN,March_C_minus,SRAM_SRAM1
1239,LOT_M10,W01,D0007,0.79,1.94,FAIL,FREQ_MARGIN,March_SS,SRAM_SRAM1
1240,LOT_M10,W01,D0007,0.79,2.0,FAIL,RETENTION_FAULT,March_RAW,SRAM_SRAM2
1241,LOT_M10,W01,D0007,0.84,0.8,PASS,NA,March_C_minus,SRAM_SRAM2
1242,LOT_M10,W01,D0007,0.84,0.86,PASS,NA,March_SS,SRAM_SRAM2
1243,LOT_M10,W01,D0007,0.84,0.93,PASS,NA,March_SS,SRAM_SRAM0
1244,LOT_M10,W01,D0007,0.84,0.99,PASS,NA,March_SS,SRAM_SRAM1
1245,LOT_M10,W01,D0007,0.84,1.05,PASS,NA,March_SS,SRAM_SRAM0
1246,LOT_M10,W01,D0007,0.84,1.12,PASS,NA,March_RAW,SRAM_SRAM2
1247,LOT_M10,W01,D0007,0.84,1.18,PASS,NA,March_C_minus,SRAM_SRAM1
1248,LOT_M10,W01,D0007,0.84,1.24,PASS,NA,March_RAW,SRAM_SRAM0
1249,LOT_M10,W01,D0007,0.84,1.31,FAIL,ADDRESS_DECODE_FAULT,March_RAW,SRAM_SRAM0
1250,LOT_M10,W01,D0007,0.84,1.37,FAIL,FREQ_MARGIN,March_C_minus,SRAM_SRAM2
1251,LOT_M10,W01,D0007,0.84,1.43,FAIL,FREQ_MARGIN,March_RAW,SRAM_SRAM2
1252,LOT_M10,W01,D0007,0.84,1.49,FAIL,COUPLING_FAULT,March_SS,SRAM_SRAM0
1253,LOT_M10,W01,D0007,0.84,1.56,FAIL,FREQ_MARGIN,March_RAW,SRAM_SRAM2
1254,LOT_M10,W01,D0007,0.84,1.62,FAIL,FREQ_MARGIN,March_RAW,SRAM_SRAM1
1255,LOT_M10,W01,D0007,0.84,1.68,FAIL,FREQ_MARGIN,March_RAW,SRAM_SRAM0
1256,LOT_M10,W01,D0007,0.84,1.75,FAIL,FREQ_MARGIN,March_C_minus,SRAM_SRAM0
1257,LOT_M10,W01,D0007,0.84,1.81,FAIL,RETENTION_FAULT,March_SS,SRAM_SRAM1
1258,LOT_M10,W01,D0007,0.84,1.87,FAIL,FREQ_MARGIN,March_C_minus,SRAM_SRAM1
1259,LOT_M10,W01,D0007,0.84,1.94,FAIL,FREQ_MARGIN,March_C_minus,SRAM_SRAM1
1260,LOT_M10,W01,D0007,0.84,2.0,FAIL,FREQ_MARGIN,March_C_minus,SRAM_SRAM2
1261,LOT_M10,W01,D0007,0.88,0.8,PASS,NA,March_SS,SRAM_SRAM2
1262,LOT_M10,W01,D0007,0.88,0.86,PASS,NA,March_SS,SRAM_SRAM1
1263,LOT_M10,W01,D0007,0.88,0.93,PASS,NA,March_RAW,SRAM_SRAM0
1264,LOT_M10,W01,D0007,0.88,0.99,PASS,NA,March_C_minus,SRAM_SRAM0
1265,LOT_M10,W01,D0007,0.88,1.05,PASS,NA,March_C_minus,SRAM_SRAM0
1266,LOT_M10,W01,D0007,0.88,1.12,PASS,NA,March_SS,SRAM_SRAM0
1267,LOT_M10,W01,D0007,0.88,1.18,PASS,NA,March_SS,SRAM_SRAM1
1268,LOT_M10,W01,D0007,0.88,1.24,PASS,NA,March_SS,SRAM_SRAM2
1269,LOT_M10,W01,D0007,0.88,1.31,PASS,NA,March_RAW,SRAM_SRAM1
1270,LOT_M10,W01,D0007,0.88,1.37,PASS,NA,March_RAW,SRAM_SRAM0
1271,LOT_M10,W01,D0007,0.88,1.43,FAIL,COUPLING_FAULT,March_C_minus,SRAM_SRAM1
1272,LOT_M10,W01,D0007,0.88,1.49,FAIL,FREQ_MARGIN,March_C_minus,SRAM_SRAM2
1273,LOT_M10,W01,D0007,0.88,1.56,FAIL,ADDRESS_DECODE_FAULT,March_C_minus,SRAM_SRAM0
1274,LOT_M10,W01,D0007,0.88,1.62,FAIL,RETENTION_FAULT,March_SS,SRAM_SRAM1
1275,LOT_M10,W01,D0007,0.88,1.68,FAIL,FREQ_MARGIN,March_RAW,SRAM_SRAM2
1276,LOT_M10,W01,D0007,0.88,1.75,FAIL,FREQ_MARGIN,March_SS,SRAM_SRAM1
1277,LOT_M10,W01,D0007,0.88,1.81,FAIL,STUCK_AT,March_C_minus,SRAM_SRAM0
1278,LOT_M10,W01,D0007,0.88,1.87,FAIL,COUPLING_FAULT,March_C_minus,SRAM_SRAM2
1279,LOT_M10,W01,D0007,0.88,1.94,FAIL,COUPLING_FAULT,March_RAW,SRAM_SRAM0
1280,LOT_M10,W01,D0007,0.88,2.0,FAIL,RETENTION_FAULT,March_C_minus,SRAM_SRAM2
1281,LOT_M10,W01,D0007,0.93,0.8,PASS,NA,March_RAW,SRAM_SRAM1
1282,LOT_M10,W01,D0007,0.93,0.86,PASS,NA,March_RAW,SRAM_SRAM2
1283,LOT_M10,W01,D0007,0.93,0.93,PASS,NA,March_RAW,SRAM_SRAM0
1284,LOT_M10,W01,D0007,0.93,0.99,PASS,NA,March_SS,SRAM_SRAM1
1285,LOT_M10,W01,D0007,0.93,1.05,PASS,NA,March_SS,SRAM_SRAM0
1286,LOT_M10,W01,D0007,0.93,1.12,PASS,NA,March_C_minus,SRAM_SRAM1
1287,LOT_M10,W01,D0007,0.93,1.18,PASS,NA,March_C_minus,SRAM_SRAM1
1288,LOT_M10,W01,D0007,0.93,1.24,PASS,NA,March_C_minus,SRAM_SRAM2
1289,LOT_M10,W01,D0007,0.93,1.31,PASS,NA,March_RAW,SRAM_SRAM1
1290,LOT_M10,W01,D0007,0.93,1.37,PASS,NA,March_C_minus,SRAM_SRAM0
1291,LOT_M10,W01,D0007,0.93,1.43,PASS,NA,March_RAW,SRAM_SRAM2
1292,LOT_M10,W01,D0007,0.93,1.49,PASS,NA,March_C_minus,SRAM_SRAM0
1293,LOT_M10,W01,D0007,0.93,1.56,FAIL,COUPLING_FAULT,March_C_minus,SRAM_SRAM0
1294,LOT_M10,W01,D0007,0.93,1.62,FAIL,RETENTION_FAULT,March_C_minus,SRAM_SRAM2
1295,LOT_M10,W01,D0007,0.93,1.68,FAIL,FREQ_MARGIN,March_SS,SRAM_SRAM2
1296,LOT_M10,W01,D0007,0.93,1.75,FAIL,FREQ_MARGIN,March_C_minus,SRAM_SRAM0
1297,LOT_M10,W01,D0007,0.93,1.81,FAIL,COUPLING_FAULT,March_SS,SRAM_SRAM2
1298,LOT_M10,W01,D0007,0.93,1.87,FAIL,FREQ_MARGIN,March_C_minus,SRAM_SRAM0
1299,LOT_M10,W01,D0007,0.93,1.94,FAIL,FREQ_MARGIN,March_SS,SRAM_SRAM1
1300,LOT_M10,W01,D0007,0.93,2.0,FAIL,COUPLING_FAULT,March_SS,SRAM_SRAM0
1301,LOT_M10,W01,D0007,0.97,0.8,PASS,NA,March_C_minus,SRAM_SRAM1
1302,LOT_M10,W01,D0007,0.97,0.86,PASS,NA,March_SS,SRAM_SRAM1
1303,LOT_M10,W01,D0007,0.97,0.93,PASS,NA,March_RAW,SRAM_SRAM0
1304,LOT_M10,W01,D0007,0.97,0.99,PASS,NA,March_RAW,SRAM_SRAM1
1305,LOT_M10,W01,D0007,0.97,1.05,PASS,NA,March_RAW,SRAM_SRAM1
1306,LOT_M10,W01,D0007,0.97,1.12,PASS,NA,March_RAW,SRAM_SRAM1
1307,LOT_M10,W01,D0007,0.97,1.18,PASS,NA,March_RAW,SRAM_SRAM2
1308,LOT_M10,W01,D0007,0.97,1.24,PASS,NA,March_RAW,SRAM_SRAM0
1309,LOT_M10,W01,D0007,0.97,1.31,PASS,NA,March_RAW,SRAM_SRAM0
1310,LOT_M10,W01,D0007,0.97,1.37,PASS,NA,March_SS,SRAM_SRAM2
1311,LOT_M10,W01,D0007,0.97,1.43,PASS,NA,March_SS,SRAM_SRAM1
1312,LOT_M10,W01,D0007,0.97,1.49,PASS,NA,March_RAW,SRAM_SRAM0
1313,LOT_M10,W01,D0007,0.97,1.56,PASS,NA,March_RAW,SRAM_SRAM1
1314,LOT_M10,W01,D0007,0.97,1.62,PASS,NA,March_SS,SRAM_SRAM2
1315,LOT_M10,W01,D0007,0.97,1.68,PASS,NA,March_C_minus,SRAM_SRAM0
1316,LOT_M10,W01,D0007,0.97,1.75,FAIL,FREQ_MARGIN,March_SS,SRAM_SRAM1
1317,LOT_M10,W01,D0007,0.97,1.81,FAIL,RETENTION_FAULT,March_SS,SRAM_SRAM0
1318,LOT_M10,W01,D0007,0.97,1.87,FAIL,FREQ_MARGIN,March_C_minus,SRAM_SRAM1
1319,LOT_M10,W01,D0007,0.97,1.94,FAIL,FREQ_MARGIN,March_SS,SRAM_SRAM2
1320,LOT_M10,W01,D0007,0.97,2.0,FAIL,FREQ_MARGIN,March_C_minus,SRAM_SRAM2
1321,LOT_M10,W01,D0007,1.02,0.8,PASS,NA,March_RAW,SRAM_SRAM0
1322,LOT_M10,W01,D0007,1.02,0.86,PASS,NA,March_RAW,SRAM_SRAM2
1323,LOT_M10,W01,D0007,1.02,0.93,PASS,NA,March_SS,SRAM_SRAM0
1324,LOT_M10,W01,D0007,1.02,0.99,PASS,NA,March_C_minus,SRAM_SRAM0
1325,LOT_M10,W01,D0007,1.02,1.05,PASS,NA,March_RAW,SRAM_SRAM0
1326,LOT_M10,W01,D0007,1.02,1.12,PASS,NA,March_RAW,SRAM_SRAM2
1327,LOT_M10,W01,D0007,1.02,1.18,PASS,NA,March_SS,SRAM_SRAM1
1328,LOT_M10,W01,D0007,1.02,1.24,PASS,NA,March_SS,SRAM_SRAM1
1329,LOT_M10,W01,D0007,1.02,1.31,PASS,NA,March_SS,SRAM_SRAM2
1330,LOT_M10,W01,D0007,1.02,1.37,PASS,NA,March_RAW,SRAM_SRAM0
1331,LOT_M10,W01,D0007,1.02,1.43,PASS,NA,March_RAW,SRAM_SRAM2
1332,LOT_M10,W01,D0007,1.02,1.49,PASS,NA,March_SS,SRAM_SRAM2
1333,LOT_M10,W01,D0007,1.02,1.56,PASS,NA,March_SS,SRAM_SRAM0
1334,LOT_M10,W01,D0007,1.02,1.62,PASS,NA,March_C_minus,SRAM_SRAM2
1335,LOT_M10,W01,D0007,1.02,1.68,PASS,NA,March_C_minus,SRAM_SRAM2
1336,LOT_M10,W01,D0007,1.02,1.75,PASS,NA,March_C_minus,SRAM_SRAM1
1337,LOT_M10,W01,D0007,1.02,1.81,PASS,NA,March_SS,SRAM_SRAM1
1338,LOT_M10,W01,D0007,1.02,1.87,FAIL,FREQ_MARGIN,March_SS,SRAM_SRAM2
1339,LOT_M10,W01,D0007,1.02,1.94,FAIL,STUCK_AT,March_RAW,SRAM_SRAM1
1340,LOT_M10,W01,D0007,1.02,2.0,FAIL,FREQ_MARGIN,March_RAW,SRAM_SRAM0
1341,LOT_M10,W01,D0007,1.06,0.8,PASS,NA,March_C_minus,SRAM_SRAM1
1342,LOT_M10,W01,D0007,1.06,0.86,PASS,NA,March_C_minus,SRAM_SRAM1
1343,LOT_M10,W01,D0007,1.06,0.93,PASS,NA,March_SS,SRAM_SRAM1
1344,LOT_M10,W01,D0007,1.06,0.99,PASS,NA,March_RAW,SRAM_SRAM2
1345,LOT_M10,W01,D0007,1.06,1.05,PASS,NA,March_RAW,SRAM_SRAM2
1346,LOT_M10,W01,D0007,1.06,1.12,PASS,NA,March_C_minus,SRAM_SRAM0
1347,LOT_M10,W01,D0007,1.06,1.18,PASS,NA,March_RAW,SRAM_SRAM0
1348,LOT_M10,W01,D0007,1.06,1.24,PASS,NA,March_C_minus,SRAM_SRAM1
1349,LOT_M10,W01,D0007,1.06,1.31,PASS,NA,March_SS,SRAM_SRAM1
1350,LOT_M10,W01,D0007,1.06,1.37,PASS,NA,March_SS,SRAM_SRAM0
1351,LOT_M10,W01,D0007,1.06,1.43,PASS,NA,March_RAW,SRAM_SRAM0
1352,LOT_M10,W01,D0007,1.06,1.49,PASS,NA,March_C_minus,SRAM_SRAM0
1353,LOT_M10,W01,D0007,1.06,1.56,PASS,NA,March_SS,SRAM_SRAM1
1354,LOT_M10,W01,D0007,1.06,1.62,PASS,NA,March_SS,SRAM_SRAM2
1355,LOT_M10,W01,D0007,1.06,1.68,PASS,NA,March_C_minus,SRAM_SRAM2
1356,LOT_M10,W01,D0007,1.06,1.75,PASS,NA,March_SS,SRAM_SRAM2
1357,LOT_M10,W01,D0007,1.06,1.81,PASS,NA,March_C_minus,SRAM_SRAM0
1358,LOT_M10,W01,D0007,1.06,1.87,PASS,NA,March_SS,SRAM_SRAM1
1359,LOT_M10,W01,D0007,1.06,1.94,PASS,NA,March_RAW,SRAM_SRAM1
1360,LOT_M10,W01,D0007,1.06,2.0,FAIL,COUPLING_FAULT,March_SS,SRAM_SRAM0
1361,LOT_M10,W01,D0007,1.11,0.8,PASS,NA,March_SS,SRAM_SRAM0
1362,LOT_M10,W01,D0007,1.11,0.86,PASS,NA,March_C_minus,SRAM_SRAM2
1363,LOT_M10,W01,D0007,1.11,0.93,PASS,NA,March_SS,SRAM_SRAM0
1364,LOT_M10,W01,D0007,1.11,0.99,PASS,NA,March_RAW,SRAM_SRAM2
1365,LOT_M10,W01,D0007,1.11,1.05,PASS,NA,March_SS,SRAM_SRAM1
1366,LOT_M10,W01,D0007,1.11,1.12,PASS,NA,March_RAW,SRAM_SRAM0
1367,LOT_M10,W01,D0007,1.11,1.18,PASS,NA,March_RAW,SRAM_SRAM1
1368,LOT_M10,W01,D0007,1.11,1.24,PASS,NA,March_C_minus,SRAM_SRAM0
1369,LOT_M10,W01,D0007,1.11,1.31,PASS,NA,March_RAW,SRAM_SRAM1
1370,LOT_M10,W01,D0007,1.11,1.37,PASS,NA,March_RAW,SRAM_SRAM2
1371,LOT_M10,W01,D0007,1.11,1.43,PASS,NA,March_RAW,SRAM_SRAM0
1372,LOT_M10,W01,D0007,1.11,1.49,PASS,NA,March_C_minus,SRAM_SRAM1
1373,LOT_M10,W01,D0007,1.11,1.56,PASS,NA,March_SS,SRAM_SRAM2
1374,LOT_M10,W01,D0007,1.11,1.62,PASS,NA,March_RAW,SRAM_SRAM2
1375,LOT_M10,W01,D0007,1.11,1.68,PASS,NA,March_SS,SRAM_SRAM0
1376,LOT_M10,W01,D0007,1.11,1.75,PASS,NA,March_C_minus,SRAM_SRAM2
1377,LOT_M10,W01,D0007,1.11,1.81,PASS,NA,March_RAW,SRAM_SRAM2
1378,LOT_M10,W01,D0007,1.11,1.87,PASS,NA,March_RAW,SRAM_SRAM1
1379,LOT_M10,W01,D0007,1.11,1.94,PASS,NA,March_C_minus,SRAM_SRAM2
1380,LOT_M10,W01,D0007,1.11,2.0,PASS,NA,March_SS,SRAM_SRAM2
1381,LOT_M10,W01,D0007,1.15,0.8,PASS,NA,March_RAW,SRAM_SRAM0
1382,LOT_M10,W01,D0007,1.15,0.86,PASS,NA,March_RAW,SRAM_SRAM0
1383,LOT_M10,W01,D0007,1.15,0.93,PASS,NA,March_C_minus,SRAM_SRAM0
1384,LOT_M10,W01,D0007,1.15,0.99,PASS,NA,March_SS,SRAM_SRAM1
1385,LOT_M10,W01,D0007,1.15,1.05,PASS,NA,March_C_minus,SRAM_SRAM2
1386,LOT_M10,W01,D0007,1.15,1.12,PASS,NA,March_C_minus,SRAM_SRAM2
1387,LOT_M10,W01,D0007,1.15,1.18,PASS,NA,March_C_minus,SRAM_SRAM2
1388,LOT_M10,W01,D0007,1.15,1.24,PASS,NA,March_SS,SRAM_SRAM2
1389,LOT_M10,W01,D0007,1.15,1.31,PASS,NA,March_C_minus,SRAM_SRAM1
1390,LOT_M10,W01,D0007,1.15,1.37,PASS,NA,March_RAW,SRAM_SRAM2
1391,LOT_M10,W01,D0007,1.15,1.43,PASS,NA,March_RAW,SRAM_SRAM2
1392,LOT_M10,W01,D0007,1.15,1.49,PASS,NA,March_RAW,SRAM_SRAM1
1393,LOT_M10,W01,D0007,1.15,1.56,PASS,NA,March_SS,SRAM_SRAM1
1394,LOT_M10,W01,D0007,1.15,1.62,PASS,NA,March_SS,SRAM_SRAM0
1395,LOT_M10,W01,D0007,1.15,1.68,PASS,NA,March_SS,SRAM_SRAM2
1396,LOT_M10,W01,D0007,1.15,1.75,PASS,NA,March_RAW,SRAM_SRAM1
1397,LOT_M10,W01,D0007,1.15,1.81,PASS,NA,March_RAW,SRAM_SRAM1
1398,LOT_M10,W01,D0007,1.15,1.87,PASS,NA,March_RAW,SRAM_SRAM0
1399,LOT_M10,W01,D0007,1.15,1.94,PASS,NA,March_C_minus,SRAM_SRAM1
1400,LOT_M10,W01,D0007,1.15,2.0,PASS,NA,March_SS,SRAM_SRAM1
1401,LOT_M10,W01,D0008,0.75,0.8,PASS,NA,March_RAW,SRAM_SRAM1
1402,LOT_M10,W01,D0008,0.75,0.86,PASS,NA,March_C_minus,SRAM_SRAM2
1403,LOT_M10,W01,D0008,0.75,0.93,FAIL,FREQ_MARGIN,March_SS,SRAM_SRAM2
1404,LOT_M10,W01,D0008,0.75,0.99,FAIL,FREQ_MARGIN,March_RAW,SRAM_SRAM0
1405,LOT_M10,W01,D0008,0.75,1.05,FAIL,FREQ_MARGIN,March_C_minus,SRAM_SRAM2
1406,LOT_M10,W01,D0008,0.75,1.12,FAIL,FREQ_MARGIN,March_C_minus,SRAM_SRAM2
1407,LOT_M10,W01,D0008,0.75,1.18,FAIL,FREQ_MARGIN,March_C_minus,SRAM_SRAM2
1408,LOT_M10,W01,D0008,0.75,1.24,FAIL,ADDRESS_DECODE_FAULT,March_SS,SRAM_SRAM1
1409,LOT_M10,W01,D0008,0.75,1.31,FAIL,STUCK_AT,March_C_minus,SRAM_SRAM1
1410,LOT_M10,W01,D0008,0.75,1.37,FAIL,FREQ_MARGIN,March_C_minus,SRAM_SRAM1
1411,LOT_M10,W01,D0008,0.75,1.43,FAIL,COUPLING_FAULT,March_RAW,SRAM_SRAM0
1412,LOT_M10,W01,D0008,0.75,1.49,FAIL,FREQ_MARGIN,March_C_minus,SRAM_SRAM2
1413,LOT_M10,W01,D0008,0.75,1.56,FAIL,COUPLING_FAULT,March_SS,SRAM_SRAM0
1414,LOT_M10,W01,D0008,0.75,1.62,FAIL,FREQ_MARGIN,March_C_minus,SRAM_SRAM2
1415,LOT_M10,W01,D0008,0.75,1.68,FAIL,FREQ_MARGIN,March_C_minus,SRAM_SRAM1
1416,LOT_M10,W01,D0008,0.75,1.75,FAIL,COUPLING_FAULT,March_SS,SRAM_SRAM2
1417,LOT_M10,W01,D0008,0.75,1.81,FAIL,FREQ_MARGIN,March_SS,SRAM_SRAM0
1418,LOT_M10,W01,D0008,0.75,1.87,FAIL,FREQ_MARGIN,March_C_minus,SRAM_SRAM0
1419,LOT_M10,W01,D0008,0.75,1.94,FAIL,STUCK_AT,March_C_minus,SRAM_SRAM0
1420,LOT_M10,W01,D0008,0.75,2.0,FAIL,FREQ_MARGIN,March_C_minus,SRAM_SRAM2
1421,LOT_M10,W01,D0008,0.79,0.8,PASS,NA,March_C_minus,SRAM_SRAM0
1422,LOT_M10,W01,D0008,0.79,0.86,PASS,NA,March_RAW,SRAM_SRAM2
1423,LOT_M10,W01,D0008,0.79,0.93,PASS,NA,March_SS,SRAM_SRAM1
1424,LOT_M10,W01,D0008,0.79,0.99,PASS,NA,March_RAW,SRAM_SRAM2
1425,LOT_M10,W01,D0008,0.79,1.05,FAIL,FREQ_MARGIN,March_C_minus,SRAM_SRAM2
1426,LOT_M10,W01,D0008,0.79,1.12,FAIL,FREQ_MARGIN,March_C_minus,SRAM_SRAM1
1427,LOT_M10,W01,D0008,0.79,1.18,FAIL,FREQ_MARGIN,March_RAW,SRAM_SRAM1
1428,LOT_M10,W01,D0008,0.79,1.24,FAIL,RETENTION_FAULT,March_C_minus,SRAM_SRAM2
1429,LOT_M10,W01,D0008,0.79,1.31,FAIL,FREQ_MARGIN,March_SS,SRAM_SRAM0
1430,LOT_M10,W01,D0008,0.79,1.37,FAIL,FREQ_MARGIN,March_SS,SRAM_SRAM1
1431,LOT_M10,W01,D0008,0.79,1.43,FAIL,COUPLING_FAULT,March_C_minus,SRAM_SRAM0
1432,LOT_M10,W01,D0008,0.79,1.49,FAIL,STUCK_AT,March_SS,SRAM_SRAM1
1433,LOT_M10,W01,D0008,0.79,1.56,FAIL,ADDRESS_DECODE_FAULT,March_C_minus,SRAM_SRAM1
1434,LOT_M10,W01,D0008,0.79,1.62,FAIL,FREQ_MARGIN,March_RAW,SRAM_SRAM1
1435,LOT_M10,W01,D0008,0.79,1.68,FAIL,FREQ_MARGIN,March_C_minus,SRAM_SRAM0
1436,LOT_M10,W01,D0008,0.79,1.75,FAIL,FREQ_MARGIN,March_SS,SRAM_SRAM2
1437,LOT_M10,W01,D0008,0.79,1.81,FAIL,FREQ_MARGIN,March_C_minus,SRAM_SRAM0
1438,LOT_M10,W01,D0008,0.79,1.87,FAIL,ADDRESS_DECODE_FAULT,March_C_minus,SRAM_SRAM1
1439,LOT_M10,W01,D0008,0.79,1.94,FAIL,STUCK_AT,March_RAW,SRAM_SRAM0
1440,LOT_M10,W01,D0008,0.79,2.0,FAIL,COUPLING_FAULT,March_C_minus,SRAM_SRAM0
1441,LOT_M10,W01,D0008,0.84,0.8,PASS,NA,March_RAW,SRAM_SRAM1
1442,LOT_M10,W01,D0008,0.84,0.86,PASS,NA,March_SS,SRAM_SRAM0
1443,LOT_M10,W01,D0008,0.84,0.93,PASS,NA,March_C_minus,SRAM_SRAM0
1444,LOT_M10,W01,D0008,0.84,0.99,PASS,NA,March_C_minus,SRAM_SRAM0
1445,LOT_M10,W01,D0008,0.84,1.05,PASS,NA,March_C_minus,SRAM_SRAM0
1446,LOT_M10,W01,D0008,0.84,1.12,PASS,NA,March_RAW,SRAM_SRAM2
1447,LOT_M10,W01,D0008,0.84,1.18,FAIL,FREQ_MARGIN,March_RAW,SRAM_SRAM2
1448,LOT_M10,W01,D0008,0.84,1.24,FAIL,RETENTION_FAULT,March_C_minus,SRAM_SRAM2
1449,LOT_M10,W01,D0008,0.84,1.31,FAIL,STUCK_AT,March_C_minus,SRAM_SRAM2
1450,LOT_M10,W01,D0008,0.84,1.37,FAIL,FREQ_MARGIN,March_RAW,SRAM_SRAM0
1451,LOT_M10,W01,D0008,0.84,1.43,FAIL,FREQ_MARGIN,March_C_minus,SRAM_SRAM0
1452,LOT_M10,W01,D0008,0.84,1.49,FAIL,FREQ_MARGIN,March_RAW,SRAM_SRAM1
1453,LOT_M10,W01,D0008,0.84,1.56,FAIL,COUPLING_FAULT,March_C_minus,SRAM_SRAM2
1454,LOT_M10,W01,D0008,0.84,1.62,FAIL,RETENTION_FAULT,March_C_minus,SRAM_SRAM2
1455,LOT_M10,W01,D0008,0.84,1.68,FAIL,COUPLING_FAULT,March_SS,SRAM_SRAM1
1456,LOT_M10,W01,D0008,0.84,1.75,FAIL,FREQ_MARGIN,March_C_minus,SRAM_SRAM2
1457,LOT_M10,W01,D0008,0.84,1.81,FAIL,FREQ_MARGIN,March_C_minus,SRAM_SRAM2
1458,LOT_M10,W01,D0008,0.84,1.87,FAIL,FREQ_MARGIN,March_C_minus,SRAM_SRAM0
1459,LOT_M10,W01,D0008,0.84,1.94,FAIL,FREQ_MARGIN,March_RAW,SRAM_SRAM2
1460,LOT_M10,W01,D0008,0.84,2.0,FAIL,FREQ_MARGIN,March_SS,SRAM_SRAM2
1461,LOT_M10,W01,D0008,0.88,0.8,PASS,NA,March_SS,SRAM_SRAM1
1462,LOT_M10,W01,D0008,0.88,0.86,PASS,NA,March_RAW,SRAM_SRAM2
1463,LOT_M10,W01,D0008,0.88,0.93,PASS,NA,March_C_minus,SRAM_SRAM1
1464,LOT_M10,W01,D0008,0.88,0.99,PASS,NA,March_SS,SRAM_SRAM1
1465,LOT_M10,W01,D0008,0.88,1.05,PASS,NA,March_RAW,SRAM_SRAM1
1466,LOT_M10,W01,D0008,0.88,1.12,PASS,NA,March_C_minus,SRAM_SRAM0
1467,LOT_M10,W01,D0008,0.88,1.18,PASS,NA,March_RAW,SRAM_SRAM2
1468,LOT_M10,W01,D0008,0.88,1.24,PASS,NA,March_SS,SRAM_SRAM2
1469,LOT_M10,W01,D0008,0.88,1.31,FAIL,FREQ_MARGIN,March_C_minus,SRAM_SRAM1
1470,LOT_M10,W01,D0008,0.88,1.37,FAIL,STUCK_AT,March_RAW,SRAM_SRAM1
1471,LOT_M10,W01,D0008,0.88,1.43,FAIL,FREQ_MARGIN,March_C_minus,SRAM_SRAM1
1472,LOT_M10,W01,D0008,0.88,1.49,FAIL,RETENTION_FAULT,March_RAW,SRAM_SRAM0
1473,LOT_M10,W01,D0008,0.88,1.56,FAIL,STUCK_AT,March_SS,SRAM_SRAM0
1474,LOT_M10,W01,D0008,0.88,1.62,FAIL,FREQ_MARGIN,March_RAW,SRAM_SRAM2
1475,LOT_M10,W01,D0008,0.88,1.68,FAIL,FREQ_MARGIN,March_C_minus,SRAM_SRAM1
1476,LOT_M10,W01,D0008,0.88,1.75,FAIL,FREQ_MARGIN,March_SS,SRAM_SRAM2
1477,LOT_M10,W01,D0008,0.88,1.81,FAIL,STUCK_AT,March_RAW,SRAM_SRAM0
1478,LOT_M10,W01,D0008,0.88,1.87,FAIL,FREQ_MARGIN,March_SS,SRAM_SRAM1
1479,LOT_M10,W01,D0008,0.88,1.94,FAIL,FREQ_MARGIN,March_SS,SRAM_SRAM2
1480,LOT_M10,W01,D0008,0.88,2.0,FAIL,FREQ_MARGIN,March_RAW,SRAM_SRAM0
1481,LOT_M10,W01,D0008,0.93,0.8,PASS,NA,March_RAW,SRAM_SRAM1
1482,LOT_M10,W01,D0008,0.93,0.86,PASS,NA,March_RAW,SRAM_SRAM0
1483,LOT_M10,W01,D0008,0.93,0.93,PASS,NA,March_SS,SRAM_SRAM0
1484,LOT_M10,W01,D0008,0.93,0.99,PASS,NA,March_RAW,SRAM_SRAM1
1485,LOT_M10,W01,D0008,0.93,1.05,PASS,NA,March_C_minus,SRAM_SRAM2
1486,LOT_M10,W01,D0008,0.93,1.12,PASS,NA,March_C_minus,SRAM_SRAM0
1487,LOT_M10,W01,D0008,0.93,1.18,PASS,NA,March_C_minus,SRAM_SRAM2
1488,LOT_M10,W01,D0008,0.93,1.24,PASS,NA,March_RAW,SRAM_SRAM0
1489,LOT_M10,W01,D0008,0.93,1.31,PASS,NA,March_SS,SRAM_SRAM1
1490,LOT_M10,W01,D0008,0.93,1.37,PASS,NA,March_RAW,SRAM_SRAM2
1491,LOT_M10,W01,D0008,0.93,1.43,PASS,NA,March_RAW,SRAM_SRAM2
1492,LOT_M10,W01,D0008,0.93,1.49,FAIL,FREQ_MARGIN,March_RAW,SRAM_SRAM1
1493,LOT_M10,W01,D0008,0.93,1.56,FAIL,FREQ_MARGIN,March_C_minus,SRAM_SRAM1
1494,LOT_M10,W01,D0008,0.93,1.62,FAIL,FREQ_MARGIN,March_SS,SRAM_SRAM1
1495,LOT_M10,W01,D0008,0.93,1.68,FAIL,FREQ_MARGIN,March_C_minus,SRAM_SRAM0
1496,LOT_M10,W01,D0008,0.93,1.75,FAIL,FREQ_MARGIN,March_SS,SRAM_SRAM2
1497,LOT_M10,W01,D0008,0.93,1.81,FAIL,COUPLING_FAULT,March_C_minus,SRAM_SRAM1
1498,LOT_M10,W01,D0008,0.93,1.87,FAIL,COUPLING_FAULT,March_RAW,SRAM_SRAM2
1499,LOT_M10,W01,D0008,0.93,1.94,FAIL,STUCK_AT,March_SS,SRAM_SRAM2
1500,LOT_M10,W01,D0008,0.93,2.0,FAIL,FREQ_MARGIN,March_SS,SRAM_SRAM1
1501,LOT_M10,W01,D0008,0.97,0.8,PASS,NA,March_C_minus,SRAM_SRAM0
1502,LOT_M10,W01,D0008,0.97,0.86,PASS,NA,March_SS,SRAM_SRAM0
1503,LOT_M10,W01,D0008,0.97,0.93,PASS,NA,March_RAW,SRAM_SRAM2
1504,LOT_M10,W01,D0008,0.97,0.99,PASS,NA,March_SS,SRAM_SRAM1
1505,LOT_M10,W01,D0008,0.97,1.05,PASS,NA,March_C_minus,SRAM_SRAM0
1506,LOT_M10,W01,D0008,0.97,1.12,PASS,NA,March_C_minus,SRAM_SRAM0
1507,LOT_M10,W01,D0008,0.97,1.18,PASS,NA,March_RAW,SRAM_SRAM2
1508,LOT_M10,W01,D0008,0.97,1.24,PASS,NA,March_SS,SRAM_SRAM0
1509,LOT_M10,W01,D0008,0.97,1.31,PASS,NA,March_C_minus,SRAM_SRAM1
1510,LOT_M10,W01,D0008,0.97,1.37,PASS,NA,March_C_minus,SRAM_SRAM0
1511,LOT_M10,W01,D0008,0.97,1.43,PASS,NA,March_C_minus,SRAM_SRAM0
1512,LOT_M10,W01,D0008,0.97,1.49,PASS,NA,March_C_minus,SRAM_SRAM1
1513,LOT_M10,W01,D0008,0.97,1.56,PASS,NA,March_C_minus,SRAM_SRAM1
1514,LOT_M10,W01,D0008,0.97,1.62,FAIL,FREQ_MARGIN,March_C_minus,SRAM_SRAM2
1515,LOT_M10,W01,D0008,0.97,1.68,FAIL,FREQ_MARGIN,March_RAW,SRAM_SRAM1
1516,LOT_M10,W01,D0008,0.97,1.75,FAIL,STUCK_AT,March_C_minus,SRAM_SRAM2
1517,LOT_M10,W01,D0008,0.97,1.81,FAIL,ADDRESS_DECODE_FAULT,March_SS,SRAM_SRAM2
1518,LOT_M10,W01,D0008,0.97,1.87,FAIL,FREQ_MARGIN,March_RAW,SRAM_SRAM2
1519,LOT_M10,W01,D0008,0.97,1.94,FAIL,RETENTION_FAULT,March_C_minus,SRAM_SRAM2
1520,LOT_M10,W01,D0008,0.97,2.0,FAIL,FREQ_MARGIN,March_C_minus,SRAM_SRAM2
1521,LOT_M10,W01,D0008,1.02,0.8,PASS,NA,March_RAW,SRAM_SRAM0
1522,LOT_M10,W01,D0008,1.02,0.86,PASS,NA,March_C_minus,SRAM_SRAM2
1523,LOT_M10,W01,D0008,1.02,0.93,PASS,NA,March_SS,SRAM_SRAM1
1524,LOT_M10,W01,D0008,1.02,0.99,PASS,NA,March_C_minus,SRAM_SRAM1
1525,LOT_M10,W01,D0008,1.02,1.05,PASS,NA,March_RAW,SRAM_SRAM0
1526,LOT_M10,W01,D0008,1.02,1.12,PASS,NA,March_RAW,SRAM_SRAM0
1527,LOT_M10,W01,D0008,1.02,1.18,PASS,NA,March_C_minus,SRAM_SRAM0
1528,LOT_M10,W01,D0008,1.02,1.24,PASS,NA,March_C_minus,SRAM_SRAM1
1529,LOT_M10,W01,D0008,1.02,1.31,PASS,NA,March_RAW,SRAM_SRAM2
1530,LOT_M10,W01,D0008,1.02,1.37,PASS,NA,March_RAW,SRAM_SRAM0
1531,LOT_M10,W01,D0008,1.02,1.43,PASS,NA,March_SS,SRAM_SRAM2
1532,LOT_M10,W01,D0008,1.02,1.49,PASS,NA,March_SS,SRAM_SRAM0
1533,LOT_M10,W01,D0008,1.02,1.56,PASS,NA,March_RAW,SRAM_SRAM1
1534,LOT_M10,W01,D0008,1.02,1.62,PASS,NA,March_C_minus,SRAM_SRAM1
1535,LOT_M10,W01,D0008,1.02,1.68,PASS,NA,March_RAW,SRAM_SRAM2
1536,LOT_M10,W01,D0008,1.02,1.75,FAIL,FREQ_MARGIN,March_C_minus,SRAM_SRAM0
1537,LOT_M10,W01,D0008,1.02,1.81,FAIL,COUPLING_FAULT,March_C_minus,SRAM_SRAM1
1538,LOT_M10,W01,D0008,1.02,1.87,FAIL,FREQ_MARGIN,March_C_minus,SRAM_SRAM2
1539,LOT_M10,W01,D0008,1.02,1.94,FAIL,ADDRESS_DECODE_FAULT,March_SS,SRAM_SRAM2
1540,LOT_M10,W01,D0008,1.02,2.0,FAIL,ADDRESS_DECODE_FAULT,March_SS,SRAM_SRAM2
1541,LOT_M10,W01,D0008,1.06,0.8,PASS,NA,March_RAW,SRAM_SRAM2
1542,LOT_M10,W01,D0008,1.06,0.86,PASS,NA,March_RAW,SRAM_SRAM2
1543,LOT_M10,W01,D0008,1.06,0.93,PASS,NA,March_C_minus,SRAM_SRAM2
1544,LOT_M10,W01,D0008,1.06,0.99,PASS,NA,March_SS,SRAM_SRAM0
1545,LOT_M10,W01,D0008,1.06,1.05,PASS,NA,March_RAW,SRAM_SRAM0
1546,LOT_M10,W01,D0008,1.06,1.12,PASS,NA,March_SS,SRAM_SRAM2
1547,LOT_M10,W01,D0008,1.06,1.18,PASS,NA,March_SS,SRAM_SRAM2
1548,LOT_M10,W01,D0008,1.06,1.24,PASS,NA,March_RAW,SRAM_SRAM2
1549,LOT_M10,W01,D0008,1.06,1.31,PASS,NA,March_RAW,SRAM_SRAM2
1550,LOT_M10,W01,D0008,1.06,1.37,PASS,NA,March_C_minus,SRAM_SRAM2
1551,LOT_M10,W01,D0008,1.06,1.43,PASS,NA,March_RAW,SRAM_SRAM0
1552,LOT_M10,W01,D0008,1.06,1.49,PASS,NA,March_C_minus,SRAM_SRAM0
1553,LOT_M10,W01,D0008,1.06,1.56,PASS,NA,March_C_minus,SRAM_SRAM0
1554,LOT_M10,W01,D0008,1.06,1.62,PASS,NA,March_C_minus,SRAM_SRAM2
1555,LOT_M10,W01,D0008,1.06,1.68,PASS,NA,March_RAW,SRAM_SRAM1
1556,LOT_M10,W01,D0008,1.06,1.75,PASS,NA,March_RAW,SRAM_SRAM2
1557,LOT_M10,W01,D0008,1.06,1.81,PASS,NA,March_C_minus,SRAM_SRAM0
1558,LOT_M10,W01,D0008,1.06,1.87,FAIL,RETENTION_FAULT,March_RAW,SRAM_SRAM1
1559,LOT_M10,W01,D0008,1.06,1.94,FAIL,FREQ_MARGIN,March_SS,SRAM_SRAM1
1560,LOT_M10,W01,D0008,1.06,2.0,FAIL,FREQ_MARGIN,March_RAW,SRAM_SRAM2
1561,LOT_M10,W01,D0008,1.11,0.8,PASS,NA,March_SS,SRAM_SRAM1
1562,LOT_M10,W01,D0008,1.11,0.86,PASS,NA,March_C_minus,SRAM_SRAM1
1563,LOT_M10,W01,D0008,1.11,0.93,PASS,NA,March_C_minus,SRAM_SRAM2
1564,LOT_M10,W01,D0008,1.11,0.99,PASS,NA,March_SS,SRAM_SRAM0
1565,LOT_M10,W01,D0008,1.11,1.05,PASS,NA,March_SS,SRAM_SRAM2
1566,LOT_M10,W01,D0008,1.11,1.12,PASS,NA,March_RAW,SRAM_SRAM2
1567,LOT_M10,W01,D0008,1.11,1.18,PASS,NA,March_SS,SRAM_SRAM1
1568,LOT_M10,W01,D0008,1.11,1.24,PASS,NA,March_C_minus,SRAM_SRAM2
1569,LOT_M10,W01,D0008,1.11,1.31,PASS,NA,March_SS,SRAM_SRAM2
1570,LOT_M10,W01,D0008,1.11,1.37,PASS,NA,March_RAW,SRAM_SRAM0
1571,LOT_M10,W01,D0008,1.11,1.43,PASS,NA,March_C_minus,SRAM_SRAM0
1572,LOT_M10,W01,D0008,1.11,1.49,PASS,NA,March_C_minus,SRAM_SRAM2
1573,LOT_M10,W01,D0008,1.11,1.56,PASS,NA,March_C_minus,SRAM_SRAM0
1574,LOT_M10,W01,D0008,1.11,1.62,PASS,NA,March_C_minus,SRAM_SRAM0
1575,LOT_M10,W01,D0008,1.11,1.68,PASS,NA,March_RAW,SRAM_SRAM0
1576,LOT_M10,W01,D0008,1.11,1.75,PASS,NA,March_RAW,SRAM_SRAM1
1577,LOT_M10,W01,D0008,1.11,1.81,PASS,NA,March_RAW,SRAM_SRAM2
1578,LOT_M10,W01,D0008,1.11,1.87,PASS,NA,March_C_minus,SRAM_SRAM1
1579,LOT_M10,W01,D0008,1.11,1.94,PASS,NA,March_SS,SRAM_SRAM1
1580,LOT_M10,W01,D0008,1.11,2.0,PASS,NA,March_SS,SRAM_SRAM2
1581,LOT_M10,W01,D0008,1.15,0.8,PASS,NA,March_SS,SRAM_SRAM2
1582,LOT_M10,W01,D0008,1.15,0.86,PASS,NA,March_RAW,SRAM_SRAM2
1583,LOT_M10,W01,D0008,1.15,0.93,PASS,NA,March_SS,SRAM_SRAM0
1584,LOT_M10,W01,D0008,1.15,0.99,PASS,NA,March_C_minus,SRAM_SRAM1
1585,LOT_M10,W01,D0008,1.15,1.05,PASS,NA,March_C_minus,SRAM_SRAM0
1586,LOT_M10,W01,D0008,1.15,1.12,PASS,NA,March_RAW,SRAM_SRAM2
1587,LOT_M10,W01,D0008,1.15,1.18,PASS,NA,March_SS,SRAM_SRAM1
1588,LOT_M10,W01,D0008,1.15,1.24,PASS,NA,March_C_minus,SRAM_SRAM2
1589,LOT_M10,W01,D0008,1.15,1.31,PASS,NA,March_SS,SRAM_SRAM1
1590,LOT_M10,W01,D0008,1.15,1.37,PASS,NA,March_SS,SRAM_SRAM1
1591,LOT_M10,W01,D0008,1.15,1.43,PASS,NA,March_SS,SRAM_SRAM1
1592,LOT_M10,W01,D0008,1.15,1.49,PASS,NA,March_C_minus,SRAM_SRAM2
1593,LOT_M10,W01,D0008,1.15,1.56,PASS,NA,March_RAW,SRAM_SRAM1
1594,LOT_M10,W01,D0008,1.15,1.62,PASS,NA,March_RAW,SRAM_SRAM2
1595,LOT_M10,W01,D0008,1.15,1.68,PASS,NA,March_RAW,SRAM_SRAM1
1596,LOT_M10,W01,D0008,1.15,1.75,PASS,NA,March_SS,SRAM_SRAM2
1597,LOT_M10,W01,D0008,1.15,1.81,PASS,NA,March_RAW,SRAM_SRAM1
1598,LOT_M10,W01,D0008,1.15,1.87,PASS,NA,March_C_minus,SRAM_SRAM2
1599,LOT_M10,W01,D0008,1.15,1.94,PASS,NA,March_C_minus,SRAM_SRAM2
1600,LOT_M10,W01,D0008,1.15,2.0,PASS,NA,March_C_minus,SRAM_SRAM0
1601,LOT_M10,W01,D0009,0.75,0.8,FAIL,FREQ_MARGIN,March_C_minus,SRAM_SRAM1
1602,LOT_M10,W01,D0009,0.75,0.86,FAIL,FREQ_MARGIN,March_C_minus,SRAM_SRAM2
1603,LOT_M10,W01,D0009,0.75,0.93,FAIL,STUCK_AT,March_C_minus,SRAM_SRAM0
1604,LOT_M10,W01,D0009,0.75,0.99,FAIL,FREQ_MARGIN,March_RAW,SRAM_SRAM2
1605,LOT_M10,W01,D0009,0.75,1.05,FAIL,FREQ_MARGIN,March_SS,SRAM_SRAM1
1606,LOT_M10,W01,D0009,0.75,1.12,FAIL,ADDRESS_DECODE_FAULT,March_SS,SRAM_SRAM1
1607,LOT_M10,W01,D0009,0.75,1.18,FAIL,FREQ_MARGIN,March_SS,SRAM_SRAM0
1608,LOT_M10,W01,D0009,0.75,1.24,FAIL,FREQ_MARGIN,March_SS,SRAM_SRAM1
1609,LOT_M10,W01,D0009,0.75,1.31,FAIL,FREQ_MARGIN,March_C_minus,SRAM_SRAM2
1610,LOT_M10,W01,D0009,0.75,1.37,FAIL,COUPLING_FAULT,March_SS,SRAM_SRAM2
1611,LOT_M10,W01,D0009,0.75,1.43,FAIL,FREQ_MARGIN,March_SS,SRAM_SRAM1
1612,LOT_M10,W01,D0009,0.75,1.49,FAIL,RETENTION_FAULT,March_C_minus,SRAM_SRAM0
1613,LOT_M10,W01,D0009,0.75,1.56,FAIL,FREQ_MARGIN,March_C_minus,SRAM_SRAM1
1614,LOT_M10,W01,D0009,0.75,1.62,FAIL,FREQ_MARGIN,March_SS,SRAM_SRAM1
1615,LOT_M10,W01,D0009,0.75,1.68,FAIL,FREQ_MARGIN,March_RAW,SRAM_SRAM1
1616,LOT_M10,W01,D0009,0.75,1.75,FAIL,FREQ_MARGIN,March_SS,SRAM_SRAM0
1617,LOT_M10,W01,D0009,0.75,1.81,FAIL,FREQ_MARGIN,March_C_minus,SRAM_SRAM2
1618,LOT_M10,W01,D0009,0.75,1.87,FAIL,FREQ_MARGIN,March_RAW,SRAM_SRAM2
1619,LOT_M10,W01,D0009,0.75,1.94,FAIL,FREQ_MARGIN,March_SS,SRAM_SRAM1
1620,LOT_M10,W01,D0009,0.75,2.0,FAIL,FREQ_MARGIN,March_C_minus,SRAM_SRAM2
1621,LOT_M10,W01,D0009,0.79,0.8,PASS,NA,March_RAW,SRAM_SRAM0
1622,LOT_M10,W01,D0009,0.79,0.86,PASS,NA,March_C_minus,SRAM_SRAM1
1623,LOT_M10,W01,D0009,0.79,0.93,FAIL,FREQ_MARGIN,March_RAW,SRAM_SRAM1
1624,LOT_M10,W01,D0009,0.79,0.99,FAIL,FREQ_MARGIN,March_RAW,SRAM_SRAM0
1625,LOT_M10,W01,D0009,0.79,1.05,FAIL,STUCK_AT,March_SS,SRAM_SRAM2
1626,LOT_M10,W01,D0009,0.79,1.12,FAIL,ADDRESS_DECODE_FAULT,March_RAW,SRAM_SRAM0
1627,LOT_M10,W01,D0009,0.79,1.18,FAIL,FREQ_MARGIN,March_RAW,SRAM_SRAM0
1628,LOT_M10,W01,D0009,0.79,1.24,FAIL,ADDRESS_DECODE_FAULT,March_C_minus,SRAM_SRAM1
1629,LOT_M10,W01,D0009,0.79,1.31,FAIL,FREQ_MARGIN,March_RAW,SRAM_SRAM2
1630,LOT_M10,W01,D0009,0.79,1.37,FAIL,FREQ_MARGIN,March_SS,SRAM_SRAM0
1631,LOT_M10,W01,D0009,0.79,1.43,FAIL,FREQ_MARGIN,March_RAW,SRAM_SRAM0
1632,LOT_M10,W01,D0009,0.79,1.49,FAIL,FREQ_MARGIN,March_SS,SRAM_SRAM1
1633,LOT_M10,W01,D0009,0.79,1.56,FAIL,FREQ_MARGIN,March_C_minus,SRAM_SRAM2
1634,LOT_M10,W01,D0009,0.79,1.62,FAIL,FREQ_MARGIN,March_SS,SRAM_SRAM0
1635,LOT_M10,W01,D0009,0.79,1.68,FAIL,STUCK_AT,March_RAW,SRAM_SRAM1
1636,LOT_M10,W01,D0009,0.79,1.75,FAIL,FREQ_MARGIN,March_SS,SRAM_SRAM2
1637,LOT_M10,W01,D0009,0.79,1.81,FAIL,FREQ_MARGIN,March_SS,SRAM_SRAM0
1638,LOT_M10,W01,D0009,0.79,1.87,FAIL,STUCK_AT,March_RAW,SRAM_SRAM0
1639,LOT_M10,W01,D0009,0.79,1.94,FAIL,FREQ_MARGIN,March_RAW,SRAM_SRAM1
1640,LOT_M10,W01,D0009,0.79,2.0,FAIL,FREQ_MARGIN,March_SS,SRAM_SRAM0
1641,LOT_M10,W01,D0009,0.84,0.8,PASS,NA,March_SS,SRAM_SRAM1
1642,LOT_M10,W01,D0009,0.84,0.86,PASS,NA,March_C_minus,SRAM_SRAM0
1643,LOT_M10,W01,D0009,0.84,0.93,PASS,NA,March_RAW,SRAM_SRAM2
1644,LOT_M10,W01,D0009,0.84,0.99,PASS,NA,March_C_minus,SRAM_SRAM0
1645,LOT_M10,W01,D0009,0.84,1.05,PASS,NA,March_C_minus,SRAM_SRAM1
1646,LOT_M10,W01,D0009,0.84,1.12,FAIL,FREQ_MARGIN,March_SS,SRAM_SRAM1
1647,LOT_M10,W01,D0009,0.84,1.18,FAIL,FREQ_MARGIN,March_RAW,SRAM_SRAM0
1648,LOT_M10,W01,D0009,0.84,1.24,FAIL,FREQ_MARGIN,March_C_minus,SRAM_SRAM0
1649,LOT_M10,W01,D0009,0.84,1.31,FAIL,FREQ_MARGIN,March_SS,SRAM_SRAM1
1650,LOT_M10,W01,D0009,0.84,1.37,FAIL,RETENTION_FAULT,March_SS,SRAM_SRAM1
1651,LOT_M10,W01,D0009,0.84,1.43,FAIL,FREQ_MARGIN,March_RAW,SRAM_SRAM1
1652,LOT_M10,W01,D0009,0.84,1.49,FAIL,FREQ_MARGIN,March_SS,SRAM_SRAM0
1653,LOT_M10,W01,D0009,0.84,1.56,FAIL,FREQ_MARGIN,March_SS,SRAM_SRAM1
1654,LOT_M10,W01,D0009,0.84,1.62,FAIL,ADDRESS_DECODE_FAULT,March_RAW,SRAM_SRAM2
1655,LOT_M10,W01,D0009,0.84,1.68,FAIL,FREQ_MARGIN,March_SS,SRAM_SRAM2
1656,LOT_M10,W01,D0009,0.84,1.75,FAIL,FREQ_MARGIN,March_SS,SRAM_SRAM2
1657,LOT_M10,W01,D0009,0.84,1.81,FAIL,RETENTION_FAULT,March_C_minus,SRAM_SRAM1
1658,LOT_M10,W01,D0009,0.84,1.87,FAIL,FREQ_MARGIN,March_C_minus,SRAM_SRAM0
1659,LOT_M10,W01,D0009,0.84,1.94,FAIL,COUPLING_FAULT,March_SS,SRAM_SRAM2
1660,LOT_M10,W01,D0009,0.84,2.0,FAIL,FREQ_MARGIN,March_RAW,SRAM_SRAM0
1661,LOT_M10,W01,D0009,0.88,0.8,PASS,NA,March_RAW,SRAM_SRAM2
1662,LOT_M10,W01,D0009,0.88,0.86,PASS,NA,March_RAW,SRAM_SRAM0
1663,LOT_M10,W01,D0009,0.88,0.93,PASS,NA,March_RAW,SRAM_SRAM0
1664,LOT_M10,W01,D0009,0.88,0.99,PASS,NA,March_RAW,SRAM_SRAM0
1665,LOT_M10,W01,D0009,0.88,1.05,PASS,NA,March_C_minus,SRAM_SRAM1
1666,LOT_M10,W01,D0009,0.88,1.12,PASS,NA,March_RAW,SRAM_SRAM2
1667,LOT_M10,W01,D0009,0.88,1.18,PASS,NA,March_C_minus,SRAM_SRAM0
1668,LOT_M10,W01,D0009,0.88,1.24,FAIL,FREQ_MARGIN,March_C_minus,SRAM_SRAM1
1669,LOT_M10,W01,D0009,0.88,1.31,FAIL,ADDRESS_DECODE_FAULT,March_C_minus,SRAM_SRAM2
1670,LOT_M10,W01,D0009,0.88,1.37,FAIL,FREQ_MARGIN,March_SS,SRAM_SRAM1
1671,LOT_M10,W01,D0009,0.88,1.43,FAIL,FREQ_MARGIN,March_RAW,SRAM_SRAM0
1672,LOT_M10,W01,D0009,0.88,1.49,FAIL,FREQ_MARGIN,March_SS,SRAM_SRAM2
1673,LOT_M10,W01,D0009,0.88,1.56,FAIL,COUPLING_FAULT,March_SS,SRAM_SRAM0
1674,LOT_M10,W01,D0009,0.88,1.62,FAIL,FREQ_MARGIN,March_RAW,SRAM_SRAM1
1675,LOT_M10,W01,D0009,0.88,1.68,FAIL,RETENTION_FAULT,March_C_minus,SRAM_SRAM1
1676,LOT_M10,W01,D0009,0.88,1.75,FAIL,FREQ_MARGIN,March_RAW,SRAM_SRAM0
1677,LOT_M10,W01,D0009,0.88,1.81,FAIL,FREQ_MARGIN,March_RAW,SRAM_SRAM2
1678,LOT_M10,W01,D0009,0.88,1.87,FAIL,ADDRESS_DECODE_FAULT,March_RAW,SRAM_SRAM0
1679,LOT_M10,W01,D0009,0.88,1.94,FAIL,FREQ_MARGIN,March_SS,SRAM_SRAM1
1680,LOT_M10,W01,D0009,0.88,2.0,FAIL,FREQ_MARGIN,March_RAW,SRAM_SRAM2
1681,LOT_M10,W01,D0009,0.93,0.8,PASS,NA,March_SS,SRAM_SRAM1
1682,LOT_M10,W01,D0009,0.93,0.86,PASS,NA,March_C_minus,SRAM_SRAM1
1683,LOT_M10,W01,D0009,0.93,0.93,PASS,NA,March_C_minus,SRAM_SRAM0
1684,LOT_M10,W01,D0009,0.93,0.99,PASS,NA,March_RAW,SRAM_SRAM1
1685,LOT_M10,W01,D0009,0.93,1.05,PASS,NA,March_C_minus,SRAM_SRAM1
1686,LOT_M10,W01,D0009,0.93,1.12,PASS,NA,March_SS,SRAM_SRAM2
1687,LOT_M10,W01,D0009,0.93,1.18,PASS,NA,March_SS,SRAM_SRAM2
1688,LOT_M10,W01,D0009,0.93,1.24,PASS,NA,March_C_minus,SRAM_SRAM1
1689,LOT_M10,W01,D0009,0.93,1.31,PASS,NA,March_C_minus,SRAM_SRAM1
1690,LOT_M10,W01,D0009,0.93,1.37,FAIL,COUPLING_FAULT,March_C_minus,SRAM_SRAM1
1691,LOT_M10,W01,D0009,0.93,1.43,FAIL,FREQ_MARGIN,March_SS,SRAM_SRAM1
1692,LOT_M10,W01,D0009,0.93,1.49,FAIL,FREQ_MARGIN,March_SS,SRAM_SRAM0
1693,LOT_M10,W01,D0009,0.93,1.56,FAIL,FREQ_MARGIN,March_RAW,SRAM_SRAM1
1694,LOT_M10,W01,D0009,0.93,1.62,FAIL,FREQ_MARGIN,March_C_minus,SRAM_SRAM2
1695,LOT_M10,W01,D0009,0.93,1.68,FAIL,FREQ_MARGIN,March_C_minus,SRAM_SRAM2
1696,LOT_M10,W01,D0009,0.93,1.75,FAIL,COUPLING_FAULT,March_RAW,SRAM_SRAM2
1697,LOT_M10,W01,D0009,0.93,1.81,FAIL,FREQ_MARGIN,March_C_minus,SRAM_SRAM2
1698,LOT_M10,W01,D0009,0.93,1.87,FAIL,FREQ_MARGIN,March_RAW,SRAM_SRAM1
1699,LOT_M10,W01,D0009,0.93,1.94,FAIL,FREQ_MARGIN,March_RAW,SRAM_SRAM0
1700,LOT_M10,W01,D0009,0.93,2.0,FAIL,COUPLING_FAULT,March_RAW,SRAM_SRAM2
1701,LOT_M10,W01,D0009,0.97,0.8,PASS,NA,March_SS,SRAM_SRAM1
1702,LOT_M10,W01,D0009,0.97,0.86,PASS,NA,March_SS,SRAM_SRAM2
1703,LOT_M10,W01,D0009,0.97,0.93,PASS,NA,March_C_minus,SRAM_SRAM2
1704,LOT_M10,W01,D0009,0.97,0.99,PASS,NA,March_C_minus,SRAM_SRAM1
1705,LOT_M10,W01,D0009,0.97,1.05,PASS,NA,March_C_minus,SRAM_SRAM2
1706,LOT_M10,W01,D0009,0.97,1.12,PASS,NA,March_RAW,SRAM_SRAM0
1707,LOT_M10,W01,D0009,0.97,1.18,PASS,NA,March_SS,SRAM_SRAM1
1708,LOT_M10,W01,D0009,0.97,1.24,PASS,NA,March_RAW,SRAM_SRAM0
1709,LOT_M10,W01,D0009,0.97,1.31,PASS,NA,March_SS,SRAM_SRAM1
1710,LOT_M10,W01,D0009,0.97,1.37,PASS,NA,March_RAW,SRAM_SRAM1
1711,LOT_M10,W01,D0009,0.97,1.43,PASS,NA,March_C_minus,SRAM_SRAM2
1712,LOT_M10,W01,D0009,0.97,1.49,FAIL,ADDRESS_DECODE_FAULT,March_RAW,SRAM_SRAM0
1713,LOT_M10,W01,D0009,0.97,1.56,FAIL,FREQ_MARGIN,March_SS,SRAM_SRAM1
1714,LOT_M10,W01,D0009,0.97,1.62,FAIL,STUCK_AT,March_C_minus,SRAM_SRAM0
1715,LOT_M10,W01,D0009,0.97,1.68,FAIL,FREQ_MARGIN,March_SS,SRAM_SRAM2
1716,LOT_M10,W01,D0009,0.97,1.75,FAIL,FREQ_MARGIN,March_SS,SRAM_SRAM1
1717,LOT_M10,W01,D0009,0.97,1.81,FAIL,FREQ_MARGIN,March_RAW,SRAM_SRAM1
1718,LOT_M10,W01,D0009,0.97,1.87,FAIL,FREQ_MARGIN,March_C_minus,SRAM_SRAM0
1719,LOT_M10,W01,D0009,0.97,1.94,FAIL,STUCK_AT,March_C_minus,SRAM_SRAM0
1720,LOT_M10,W01,D0009,0.97,2.0,FAIL,FREQ_MARGIN,March_SS,SRAM_SRAM2
1721,LOT_M10,W01,D0009,1.02,0.8,PASS,NA,March_RAW,SRAM_SRAM0
1722,LOT_M10,W01,D0009,1.02,0.86,PASS,NA,March_C_minus,SRAM_SRAM0
1723,LOT_M10,W01,D0009,1.02,0.93,PASS,NA,March_RAW,SRAM_SRAM0
1724,LOT_M10,W01,D0009,1.02,0.99,PASS,NA,March_RAW,SRAM_SRAM0
1725,LOT_M10,W01,D0009,1.02,1.05,PASS,NA,March_SS,SRAM_SRAM2
1726,LOT_M10,W01,D0009,1.02,1.12,PASS,NA,March_RAW,SRAM_SRAM0
1727,LOT_M10,W01,D0009,1.02,1.18,PASS,NA,March_RAW,SRAM_SRAM2
1728,LOT_M10,W01,D0009,1.02,1.24,PASS,NA,March_SS,SRAM_SRAM1
1729,LOT_M10,W01,D0009,1.02,1.31,PASS,NA,March_C_minus,SRAM_SRAM1
1730,LOT_M10,W01,D0009,1.02,1.37,PASS,NA,March_C_minus,SRAM_SRAM0
1731,LOT_M10,W01,D0009,1.02,1.43,PASS,NA,March_C_minus,SRAM_SRAM2
1732,LOT_M10,W01,D0009,1.02,1.49,PASS,NA,March_SS,SRAM_SRAM0
1733,LOT_M10,W01,D0009,1.02,1.56,PASS,NA,March_SS,SRAM_SRAM0
1734,LOT_M10,W01,D0009,1.02,1.62,FAIL,FREQ_MARGIN,March_SS,SRAM_SRAM1
1735,LOT_M10,W01,D0009,1.02,1.68,FAIL,FREQ_MARGIN,March_RAW,SRAM_SRAM1
1736,LOT_M10,W01,D0009,1.02,1.75,FAIL,STUCK_AT,March_C_minus,SRAM_SRAM0
1737,LOT_M10,W01,D0009,1.02,1.81,FAIL,FREQ_MARGIN,March_C_minus,SRAM_SRAM1
1738,LOT_M10,W01,D0009,1.02,1.87,FAIL,FREQ_MARGIN,March_C_minus,SRAM_SRAM0
1739,LOT_M10,W01,D0009,1.02,1.94,FAIL,FREQ_MARGIN,March_C_minus,SRAM_SRAM2
1740,LOT_M10,W01,D0009,1.02,2.0,FAIL,RETENTION_FAULT,March_C_minus,SRAM_SRAM2
1741,LOT_M10,W01,D0009,1.06,0.8,PASS,NA,March_RAW,SRAM_SRAM0
1742,LOT_M10,W01,D0009,1.06,0.86,PASS,NA,March_RAW,SRAM_SRAM2
1743,LOT_M10,W01,D0009,1.06,0.93,PASS,NA,March_RAW,SRAM_SRAM2
1744,LOT_M10,W01,D0009,1.06,0.99,PASS,NA,March_SS,SRAM_SRAM0
1745,LOT_M10,W01,D0009,1.06,1.05,PASS,NA,March_C_minus,SRAM_SRAM1
1746,LOT_M10,W01,D0009,1.06,1.12,PASS,NA,March_RAW,SRAM_SRAM1
1747,LOT_M10,W01,D0009,1.06,1.18,PASS,NA,March_RAW,SRAM_SRAM1
1748,LOT_M10,W01,D0009,1.06,1.24,PASS,NA,March_C_minus,SRAM_SRAM0
1749,LOT_M10,W01,D0009,1.06,1.31,PASS,NA,March_C_minus,SRAM_SRAM2
1750,LOT_M10,W01,D0009,1.06,1.37,PASS,NA,March_RAW,SRAM_SRAM1
1751,LOT_M10,W01,D0009,1.06,1.43,PASS,NA,March_SS,SRAM_SRAM0
1752,LOT_M10,W01,D0009,1.06,1.49,PASS,NA,March_RAW,SRAM_SRAM1
1753,LOT_M10,W01,D0009,1.06,1.56,PASS,NA,March_RAW,SRAM_SRAM2
1754,LOT_M10,W01,D0009,1.06,1.62,PASS,NA,March_C_minus,SRAM_SRAM0
1755,LOT_M10,W01,D0009,1.06,1.68,PASS,NA,March_RAW,SRAM_SRAM2
1756,LOT_M10,W01,D0009,1.06,1.75,FAIL,COUPLING_FAULT,March_RAW,SRAM_SRAM2
1757,LOT_M10,W01,D0009,1.06,1.81,FAIL,FREQ_MARGIN,March_C_minus,SRAM_SRAM1
1758,LOT_M10,W01,D0009,1.06,1.87,FAIL,FREQ_MARGIN,March_SS,SRAM_SRAM0
1759,LOT_M10,W01,D0009,1.06,1.94,FAIL,FREQ_MARGIN,March_C_minus,SRAM_SRAM2
1760,LOT_M10,W01,D0009,1.06,2.0,FAIL,FREQ_MARGIN,March_RAW,SRAM_SRAM1
1761,LOT_M10,W01,D0009,1.11,0.8,PASS,NA,March_C_minus,SRAM_SRAM0
1762,LOT_M10,W01,D0009,1.11,0.86,PASS,NA,March_C_minus,SRAM_SRAM0
1763,LOT_M10,W01,D0009,1.11,0.93,PASS,NA,March_SS,SRAM_SRAM1
1764,LOT_M10,W01,D0009,1.11,0.99,PASS,NA,March_C_minus,SRAM_SRAM0
1765,LOT_M10,W01,D0009,1.11,1.05,PASS,NA,March_SS,SRAM_SRAM2
1766,LOT_M10,W01,D0009,1.11,1.12,PASS,NA,March_RAW,SRAM_SRAM1
1767,LOT_M10,W01,D0009,1.11,1.18,PASS,NA,March_C_minus,SRAM_SRAM0
1768,LOT_M10,W01,D0009,1.11,1.24,PASS,NA,March_RAW,SRAM_SRAM2
1769,LOT_M10,W01,D0009,1.11,1.31,PASS,NA,March_SS,SRAM_SRAM2
1770,LOT_M10,W01,D0009,1.11,1.37,PASS,NA,March_SS,SRAM_SRAM2
1771,LOT_M10,W01,D0009,1.11,1.43,PASS,NA,March_RAW,SRAM_SRAM2
1772,LOT_M10,W01,D0009,1.11,1.49,PASS,NA,March_C_minus,SRAM_SRAM0
1773,LOT_M10,W01,D0009,1.11,1.56,PASS,NA,March_C_minus,SRAM_SRAM2
1774,LOT_M10,W01,D0009,1.11,1.62,PASS,NA,March_SS,SRAM_SRAM1
1775,LOT_M10,W01,D0009,1.11,1.68,PASS,NA,March_SS,SRAM_SRAM1
1776,LOT_M10,W01,D0009,1.11,1.75,PASS,NA,March_C_minus,SRAM_SRAM0
1777,LOT_M10,W01,D0009,1.11,1.81,PASS,NA,March_RAW,SRAM_SRAM2
1778,LOT_M10,W01,D0009,1.11,1.87,PASS,NA,March_SS,SRAM_SRAM0
1779,LOT_M10,W01,D0009,1.11,1.94,FAIL,FREQ_MARGIN,March_SS,SRAM_SRAM2
1780,LOT_M10,W01,D0009,1.11,2.0,FAIL,FREQ_MARGIN,March_RAW,SRAM_SRAM1
1781,LOT_M10,W01,D0009,1.15,0.8,PASS,NA,March_C_minus,SRAM_SRAM0
1782,LOT_M10,W01,D0009,1.15,0.86,PASS,NA,March_RAW,SRAM_SRAM2
1783,LOT_M10,W01,D0009,1.15,0.93,PASS,NA,March_RAW,SRAM_SRAM1
1784,LOT_M10,W01,D0009,1.15,0.99,PASS,NA,March_SS,SRAM_SRAM2
1785,LOT_M10,W01,D0009,1.15,1.05,PASS,NA,March_SS,SRAM_SRAM2
1786,LOT_M10,W01,D0009,1.15,1.12,PASS,NA,March_SS,SRAM_SRAM0
1787,LOT_M10,W01,D0009,1.15,1.18,PASS,NA,March_C_minus,SRAM_SRAM2
1788,LOT_M10,W01,D0009,1.15,1.24,PASS,NA,March_SS,SRAM_SRAM1
1789,LOT_M10,W01,D0009,1.15,1.31,PASS,NA,March_C_minus,SRAM_SRAM0
1790,LOT_M10,W01,D0009,1.15,1.37,PASS,NA,March_RAW,SRAM_SRAM0
1791,LOT_M10,W01,D0009,1.15,1.43,PASS,NA,March_RAW,SRAM_SRAM0
1792,LOT_M10,W01,D0009,1.15,1.49,PASS,NA,March_C_minus,SRAM_SRAM1
1793,LOT_M10,W01,D0009,1.15,1.56,PASS,NA,March_C_minus,SRAM_SRAM0
1794,LOT_M10,W01,D0009,1.15,1.62,PASS,NA,March_RAW,SRAM_SRAM0
1795,LOT_M10,W01,D0009,1.15,1.68,PASS,NA,March_RAW,SRAM_SRAM0
1796,LOT_M10,W01,D0009,1.15,1.75,PASS,NA,March_C_minus,SRAM_SRAM2
1797,LOT_M10,W01,D0009,1.15,1.81,PASS,NA,March_SS,SRAM_SRAM2
1798,LOT_M10,W01,D0009,1.15,1.87,PASS,NA,March_RAW,SRAM_SRAM2
1799,LOT_M10,W01,D0009,1.15,1.94,PASS,NA,March_SS,SRAM_SRAM0
1800,LOT_M10,W01,D0009,1.15,2.0,FAIL,STUCK_AT,March_RAW,SRAM_SRAM2
1801,LOT_M10,W01,D0010,0.75,0.8,FAIL,RETENTION_FAULT,March_SS,SRAM_SRAM0
1802,LOT_M10,W01,D0010,0.75,0.86,FAIL,COUPLING_FAULT,March_C_minus,SRAM_SRAM0
1803,LOT_M10,W01,D0010,0.75,0.93,FAIL,FREQ_MARGIN,March_SS,SRAM_SRAM0
1804,LOT_M10,W01,D0010,0.75,0.99,FAIL,FREQ_MARGIN,March_RAW,SRAM_SRAM0
1805,LOT_M10,W01,D0010,0.75,1.05,FAIL,FREQ_MARGIN,March_RAW,SRAM_SRAM0
1806,LOT_M10,W01,D0010,0.75,1.12,FAIL,FREQ_MARGIN,March_C_minus,SRAM_SRAM0
1807,LOT_M10,W01,D0010,0.75,1.18,FAIL,RETENTION_FAULT,March_RAW,SRAM_SRAM1
1808,LOT_M10,W01,D0010,0.75,1.24,FAIL,FREQ_MARGIN,March_RAW,SRAM_SRAM1
1809,LOT_M10,W01,D0010,0.75,1.31,FAIL,FREQ_MARGIN,March_SS,SRAM_SRAM1
1810,LOT_M10,W01,D0010,0.75,1.37,FAIL,FREQ_MARGIN,March_RAW,SRAM_SRAM0
1811,LOT_M10,W01,D0010,0.75,1.43,FAIL,FREQ_MARGIN,March_C_minus,SRAM_SRAM0
1812,LOT_M10,W01,D0010,0.75,1.49,FAIL,FREQ_MARGIN,March_RAW,SRAM_SRAM0
1813,LOT_M10,W01,D0010,0.75,1.56,FAIL,ADDRESS_DECODE_FAULT,March_RAW,SRAM_SRAM1
1814,LOT_M10,W01,D0010,0.75,1.62,FAIL,FREQ_MARGIN,March_SS,SRAM_SRAM2
1815,LOT_M10,W01,D0010,0.75,1.68,FAIL,FREQ_MARGIN,March_RAW,SRAM_SRAM2
1816,LOT_M10,W01,D0010,0.75,1.75,FAIL,COUPLING_FAULT,March_RAW,SRAM_SRAM2
1817,LOT_M10,W01,D0010,0.75,1.81,FAIL,FREQ_MARGIN,March_RAW,SRAM_SRAM0
1818,LOT_M10,W01,D0010,0.75,1.87,FAIL,FREQ_MARGIN,March_RAW,SRAM_SRAM1
1819,LOT_M10,W01,D0010,0.75,1.94,FAIL,FREQ_MARGIN,March_RAW,SRAM_SRAM1
1820,LOT_M10,W01,D0010,0.75,2.0,FAIL,ADDRESS_DECODE_FAULT,March_RAW,SRAM_SRAM2
1821,LOT_M10,W01,D0010,0.79,0.8,PASS,NA,March_C_minus,SRAM_SRAM0
1822,LOT_M10,W01,D0010,0.79,0.86,FAIL,RETENTION_FAULT,March_SS,SRAM_SRAM0
1823,LOT_M10,W01,D0010,0.79,0.93,FAIL,STUCK_AT,March_C_minus,SRAM_SRAM1
1824,LOT_M10,W01,D0010,0.79,0.99,FAIL,RETENTION_FAULT,March_SS,SRAM_SRAM0
1825,LOT_M10,W01,D0010,0.79,1.05,FAIL,STUCK_AT,March_C_minus,SRAM_SRAM1
1826,LOT_M10,W01,D0010,0.79,1.12,FAIL,COUPLING_FAULT,March_RAW,SRAM_SRAM1
1827,LOT_M10,W01,D0010,0.79,1.18,FAIL,FREQ_MARGIN,March_SS,SRAM_SRAM2
1828,LOT_M10,W01,D0010,0.79,1.24,FAIL,FREQ_MARGIN,March_C_minus,SRAM_SRAM0
1829,LOT_M10,W01,D0010,0.79,1.31,FAIL,RETENTION_FAULT,March_RAW,SRAM_SRAM2
1830,LOT_M10,W01,D0010,0.79,1.37,FAIL,FREQ_MARGIN,March_RAW,SRAM_SRAM1
1831,LOT_M10,W01,D0010,0.79,1.43,FAIL,FREQ_MARGIN,March_C_minus,SRAM_SRAM1
1832,LOT_M10,W01,D0010,0.79,1.49,FAIL,COUPLING_FAULT,March_C_minus,SRAM_SRAM0
1833,LOT_M10,W01,D0010,0.79,1.56,FAIL,COUPLING_FAULT,March_C_minus,SRAM_SRAM1
1834,LOT_M10,W01,D0010,0.79,1.62,FAIL,FREQ_MARGIN,March_SS,SRAM_SRAM0
1835,LOT_M10,W01,D0010,0.79,1.68,FAIL,ADDRESS_DECODE_FAULT,March_C_minus,SRAM_SRAM0
1836,LOT_M10,W01,D0010,0.79,1.75,FAIL,ADDRESS_DECODE_FAULT,March_C_minus,SRAM_SRAM0
1837,LOT_M10,W01,D0010,0.79,1.81,FAIL,FREQ_MARGIN,March_RAW,SRAM_SRAM2
1838,LOT_M10,W01,D0010,0.79,1.87,FAIL,FREQ_MARGIN,March_SS,SRAM_SRAM0
1839,LOT_M10,W01,D0010,0.79,1.94,FAIL,FREQ_MARGIN,March_SS,SRAM_SRAM1
1840,LOT_M10,W01,D0010,0.79,2.0,FAIL,FREQ_MARGIN,March_SS,SRAM_SRAM2
1841,LOT_M10,W01,D0010,0.84,0.8,PASS,NA,March_RAW,SRAM_SRAM0
1842,LOT_M10,W01,D0010,0.84,0.86,PASS,NA,March_RAW,SRAM_SRAM1
1843,LOT_M10,W01,D0010,0.84,0.93,PASS,NA,March_RAW,SRAM_SRAM0
1844,LOT_M10,W01,D0010,0.84,0.99,FAIL,FREQ_MARGIN,March_SS,SRAM_SRAM2
1845,LOT_M10,W01,D0010,0.84,1.05,FAIL,COUPLING_FAULT,March_RAW,SRAM_SRAM1
1846,LOT_M10,W01,D0010,0.84,1.12,FAIL,FREQ_MARGIN,March_SS,SRAM_SRAM2
1847,LOT_M10,W01,D0010,0.84,1.18,FAIL,FREQ_MARGIN,March_RAW,SRAM_SRAM1
1848,LOT_M10,W01,D0010,0.84,1.24,FAIL,FREQ_MARGIN,March_SS,SRAM_SRAM0
1849,LOT_M10,W01,D0010,0.84,1.31,FAIL,FREQ_MARGIN,March_RAW,SRAM_SRAM1
1850,LOT_M10,W01,D0010,0.84,1.37,FAIL,COUPLING_FAULT,March_C_minus,SRAM_SRAM2
1851,LOT_M10,W01,D0010,0.84,1.43,FAIL,RETENTION_FAULT,March_C_minus,SRAM_SRAM2
1852,LOT_M10,W01,D0010,0.84,1.49,FAIL,FREQ_MARGIN,March_C_minus,SRAM_SRAM2
1853,LOT_M10,W01,D0010,0.84,1.56,FAIL,FREQ_MARGIN,March_SS,SRAM_SRAM1
1854,LOT_M10,W01,D0010,0.84,1.62,FAIL,FREQ_MARGIN,March_C_minus,SRAM_SRAM0
1855,LOT_M10,W01,D0010,0.84,1.68,FAIL,FREQ_MARGIN,March_RAW,SRAM_SRAM0
1856,LOT_M10,W01,D0010,0.84,1.75,FAIL,STUCK_AT,March_RAW,SRAM_SRAM0
1857,LOT_M10,W01,D0010,0.84,1.81,FAIL,ADDRESS_DECODE_FAULT,March_C_minus,SRAM_SRAM1
1858,LOT_M10,W01,D0010,0.84,1.87,FAIL,COUPLING_FAULT,March_SS,SRAM_SRAM1
1859,LOT_M10,W01,D0010,0.84,1.94,FAIL,ADDRESS_DECODE_FAULT,March_RAW,SRAM_SRAM1
1860,LOT_M10,W01,D0010,0.84,2.0,FAIL,FREQ_MARGIN,March_RAW,SRAM_SRAM0
1861,LOT_M10,W01,D0010,0.88,0.8,PASS,NA,March_RAW,SRAM_SRAM2
1862,LOT_M10,W01,D0010,0.88,0.86,PASS,NA,March_C_minus,SRAM_SRAM2
1863,LOT_M10,W01,D0010,0.88,0.93,PASS,NA,March_C_minus,SRAM_SRAM2
1864,LOT_M10,W01,D0010,0.88,0.99,PASS,NA,March_SS,SRAM_SRAM2
1865,LOT_M10,W01,D0010,0.88,1.05,PASS,NA,March_C_minus,SRAM_SRAM2
1866,LOT_M10,W01,D0010,0.88,1.12,FAIL,ADDRESS_DECODE_FAULT,March_C_minus,SRAM_SRAM0
1867,LOT_M10,W01,D0010,0.88,1.18,FAIL,RETENTION_FAULT,March_C_minus,SRAM_SRAM2
1868,LOT_M10,W01,D0010,0.88,1.24,FAIL,STUCK_AT,March_RAW,SRAM_SRAM2
1869,LOT_M10,W01,D0010,0.88,1.31,FAIL,ADDRESS_DECODE_FAULT,March_C_minus,SRAM_SRAM1
1870,LOT_M10,W01,D0010,0.88,1.37,FAIL,FREQ_MARGIN,March_SS,SRAM_SRAM2
1871,LOT_M10,W01,D0010,0.88,1.43,FAIL,FREQ_MARGIN,March_RAW,SRAM_SRAM1
1872,LOT_M10,W01,D0010,0.88,1.49,FAIL,FREQ_MARGIN,March_RAW,SRAM_SRAM1
1873,LOT_M10,W01,D0010,0.88,1.56,FAIL,FREQ_MARGIN,March_RAW,SRAM_SRAM1
1874,LOT_M10,W01,D0010,0.88,1.62,FAIL,FREQ_MARGIN,March_RAW,SRAM_SRAM2
1875,LOT_M10,W01,D0010,0.88,1.68,FAIL,FREQ_MARGIN,March_RAW,SRAM_SRAM0
1876,LOT_M10,W01,D0010,0.88,1.75,FAIL,FREQ_MARGIN,March_RAW,SRAM_SRAM1
1877,LOT_M10,W01,D0010,0.88,1.81,FAIL,FREQ_MARGIN,March_RAW,SRAM_SRAM2
1878,LOT_M10,W01,D0010,0.88,1.87,FAIL,FREQ_MARGIN,March_RAW,SRAM_SRAM1
1879,LOT_M10,W01,D0010,0.88,1.94,FAIL,FREQ_MARGIN,March_C_minus,SRAM_SRAM0
1880,LOT_M10,W01,D0010,0.88,2.0,FAIL,ADDRESS_DECODE_FAULT,March_C_minus,SRAM_SRAM2
1881,LOT_M10,W01,D0010,0.93,0.8,PASS,NA,March_C_minus,SRAM_SRAM1
1882,LOT_M10,W01,D0010,0.93,0.86,PASS,NA,March_C_minus,SRAM_SRAM0
1883,LOT_M10,W01,D0010,0.93,0.93,PASS,NA,March_SS,SRAM_SRAM2
1884,LOT_M10,W01,D0010,0.93,0.99,PASS,NA,March_C_minus,SRAM_SRAM1
1885,LOT_M10,W01,D0010,0.93,1.05,PASS,NA,March_C_minus,SRAM_SRAM1
1886,LOT_M10,W01,D0010,0.93,1.12,PASS,NA,March_RAW,SRAM_SRAM2
1887,LOT_M10,W01,D0010,0.93,1.18,PASS,NA,March_SS,SRAM_SRAM1
1888,LOT_M10,W01,D0010,0.93,1.24,FAIL,FREQ_MARGIN,March_SS,SRAM_SRAM2
1889,LOT_M10,W01,D0010,0.93,1.31,FAIL,FREQ_MARGIN,March_SS,SRAM_SRAM1
1890,LOT_M10,W01,D0010,0.93,1.37,FAIL,ADDRESS_DECODE_FAULT,March_RAW,SRAM_SRAM1
1891,LOT_M10,W01,D0010,0.93,1.43,FAIL,COUPLING_FAULT,March_SS,SRAM_SRAM2
1892,LOT_M10,W01,D0010,0.93,1.49,FAIL,FREQ_MARGIN,March_RAW,SRAM_SRAM0
1893,LOT_M10,W01,D0010,0.93,1.56,FAIL,FREQ_MARGIN,March_SS,SRAM_SRAM1
1894,LOT_M10,W01,D0010,0.93,1.62,FAIL,ADDRESS_DECODE_FAULT,March_C_minus,SRAM_SRAM1
1895,LOT_M10,W01,D0010,0.93,1.68,FAIL,FREQ_MARGIN,March_C_minus,SRAM_SRAM0
1896,LOT_M10,W01,D0010,0.93,1.75,FAIL,FREQ_MARGIN,March_C_minus,SRAM_SRAM1
1897,LOT_M10,W01,D0010,0.93,1.81,FAIL,FREQ_MARGIN,March_C_minus,SRAM_SRAM2
1898,LOT_M10,W01,D0010,0.93,1.87,FAIL,ADDRESS_DECODE_FAULT,March_RAW,SRAM_SRAM0
1899,LOT_M10,W01,D0010,0.93,1.94,FAIL,FREQ_MARGIN,March_RAW,SRAM_SRAM1
1900,LOT_M10,W01,D0010,0.93,2.0,FAIL,FREQ_MARGIN,March_C_minus,SRAM_SRAM0
1901,LOT_M10,W01,D0010,0.97,0.8,PASS,NA,March_C_minus,SRAM_SRAM0
1902,LOT_M10,W01,D0010,0.97,0.86,PASS,NA,March_RAW,SRAM_SRAM1
1903,LOT_M10,W01,D0010,0.97,0.93,PASS,NA,March_RAW,SRAM_SRAM0
1904,LOT_M10,W01,D0010,0.97,0.99,PASS,NA,March_SS,SRAM_SRAM1
1905,LOT_M10,W01,D0010,0.97,1.05,PASS,NA,March_C_minus,SRAM_SRAM1
1906,LOT_M10,W01,D0010,0.97,1.12,PASS,NA,March_SS,SRAM_SRAM2
1907,LOT_M10,W01,D0010,0.97,1.18,PASS,NA,March_C_minus,SRAM_SRAM0
1908,LOT_M10,W01,D0010,0.97,1.24,PASS,NA,March_C_minus,SRAM_SRAM0
1909,LOT_M10,W01,D0010,0.97,1.31,PASS,NA,March_C_minus,SRAM_SRAM1
1910,LOT_M10,W01,D0010,0.97,1.37,FAIL,FREQ_MARGIN,March_RAW,SRAM_SRAM0
1911,LOT_M10,W01,D0010,0.97,1.43,FAIL,FREQ_MARGIN,March_SS,SRAM_SRAM0
1912,LOT_M10,W01,D0010,0.97,1.49,FAIL,FREQ_MARGIN,March_SS,SRAM_SRAM2
1913,LOT_M10,W01,D0010,0.97,1.56,FAIL,FREQ_MARGIN,March_RAW,SRAM_SRAM2
1914,LOT_M10,W01,D0010,0.97,1.62,FAIL,RETENTION_FAULT,March_RAW,SRAM_SRAM1
1915,LOT_M10,W01,D0010,0.97,1.68,FAIL,COUPLING_FAULT,March_C_minus,SRAM_SRAM2
1916,LOT_M10,W01,D0010,0.97,1.75,FAIL,FREQ_MARGIN,March_RAW,SRAM_SRAM2
1917,LOT_M10,W01,D0010,0.97,1.81,FAIL,FREQ_MARGIN,March_RAW,SRAM_SRAM0
1918,LOT_M10,W01,D0010,0.97,1.87,FAIL,COUPLING_FAULT,March_SS,SRAM_SRAM1
1919,LOT_M10,W01,D0010,0.97,1.94,FAIL,RETENTION_FAULT,March_C_minus,SRAM_SRAM1
1920,LOT_M10,W01,D0010,0.97,2.0,FAIL,COUPLING_FAULT,March_SS,SRAM_SRAM2
1921,LOT_M10,W01,D0010,1.02,0.8,PASS,NA,March_RAW,SRAM_SRAM2
1922,LOT_M10,W01,D0010,1.02,0.86,PASS,NA,March_SS,SRAM_SRAM0
1923,LOT_M10,W01,D0010,1.02,0.93,PASS,NA,March_SS,SRAM_SRAM2
1924,LOT_M10,W01,D0010,1.02,0.99,PASS,NA,March_SS,SRAM_SRAM2
1925,LOT_M10,W01,D0010,1.02,1.05,PASS,NA,March_RAW,SRAM_SRAM2
1926,LOT_M10,W01,D0010,1.02,1.12,PASS,NA,March_SS,SRAM_SRAM2
1927,LOT_M10,W01,D0010,1.02,1.18,PASS,NA,March_RAW,SRAM_SRAM1
1928,LOT_M10,W01,D0010,1.02,1.24,PASS,NA,March_RAW,SRAM_SRAM1
1929,LOT_M10,W01,D0010,1.02,1.31,PASS,NA,March_RAW,SRAM_SRAM0
1930,LOT_M10,W01,D0010,1.02,1.37,PASS,NA,March_C_minus,SRAM_SRAM2
1931,LOT_M10,W01,D0010,1.02,1.43,PASS,NA,March_C_minus,SRAM_SRAM1
1932,LOT_M10,W01,D0010,1.02,1.49,FAIL,FREQ_MARGIN,March_C_minus,SRAM_SRAM2
1933,LOT_M10,W01,D0010,1.02,1.56,FAIL,COUPLING_FAULT,March_RAW,SRAM_SRAM1
1934,LOT_M10,W01,D0010,1.02,1.62,FAIL,FREQ_MARGIN,March_SS,SRAM_SRAM2
1935,LOT_M10,W01,D0010,1.02,1.68,FAIL,RETENTION_FAULT,March_C_minus,SRAM_SRAM1
1936,LOT_M10,W01,D0010,1.02,1.75,FAIL,FREQ_MARGIN,March_C_minus,SRAM_SRAM0
1937,LOT_M10,W01,D0010,1.02,1.81,FAIL,FREQ_MARGIN,March_C_minus,SRAM_SRAM0
1938,LOT_M10,W01,D0010,1.02,1.87,FAIL,STUCK_AT,March_SS,SRAM_SRAM0
1939,LOT_M10,W01,D0010,1.02,1.94,FAIL,FREQ_MARGIN,March_SS,SRAM_SRAM0
1940,LOT_M10,W01,D0010,1.02,2.0,FAIL,FREQ_MARGIN,March_SS,SRAM_SRAM0
1941,LOT_M10,W01,D0010,1.06,0.8,PASS,NA,March_C_minus,SRAM_SRAM0
1942,LOT_M10,W01,D0010,1.06,0.86,PASS,NA,March_SS,SRAM_SRAM0
1943,LOT_M10,W01,D0010,1.06,0.93,PASS,NA,March_RAW,SRAM_SRAM0
1944,LOT_M10,W01,D0010,1.06,0.99,PASS,NA,March_RAW,SRAM_SRAM0
1945,LOT_M10,W01,D0010,1.06,1.05,PASS,NA,March_RAW,SRAM_SRAM2
1946,LOT_M10,W01,D0010,1.06,1.12,PASS,NA,March_C_minus,SRAM_SRAM0
1947,LOT_M10,W01,D0010,1.06,1.18,PASS,NA,March_RAW,SRAM_SRAM1
1948,LOT_M10,W01,D0010,1.06,1.24,PASS,NA,March_C_minus,SRAM_SRAM1
1949,LOT_M10,W01,D0010,1.06,1.31,PASS,NA,March_C_minus,SRAM_SRAM0
1950,LOT_M10,W01,D0010,1.06,1.37,PASS,NA,March_C_minus,SRAM_SRAM0
1951,LOT_M10,W01,D0010,1.06,1.43,PASS,NA,March_SS,SRAM_SRAM0
1952,LOT_M10,W01,D0010,1.06,1.49,PASS,NA,March_RAW,SRAM_SRAM2
1953,LOT_M10,W01,D0010,1.06,1.56,PASS,NA,March_SS,SRAM_SRAM0
1954,LOT_M10,W01,D0010,1.06,1.62,FAIL,FREQ_MARGIN,March_RAW,SRAM_SRAM1
1955,LOT_M10,W01,D0010,1.06,1.68,FAIL,FREQ_MARGIN,March_RAW,SRAM_SRAM1
1956,LOT_M10,W01,D0010,1.06,1.75,FAIL,COUPLING_FAULT,March_RAW,SRAM_SRAM2
1957,LOT_M10,W01,D0010,1.06,1.81,FAIL,FREQ_MARGIN,March_SS,SRAM_SRAM0
1958,LOT_M10,W01,D0010,1.06,1.87,FAIL,COUPLING_FAULT,March_RAW,SRAM_SRAM1
1959,LOT_M10,W01,D0010,1.06,1.94,FAIL,FREQ_MARGIN,March_SS,SRAM_SRAM2
1960,LOT_M10,W01,D0010,1.06,2.0,FAIL,FREQ_MARGIN,March_RAW,SRAM_SRAM0
1961,LOT_M10,W01,D0010,1.11,0.8,PASS,NA,March_SS,SRAM_SRAM1
1962,LOT_M10,W01,D0010,1.11,0.86,PASS,NA,March_C_minus,SRAM_SRAM0
1963,LOT_M10,W01,D0010,1.11,0.93,PASS,NA,March_SS,SRAM_SRAM2
1964,LOT_M10,W01,D0010,1.11,0.99,PASS,NA,March_C_minus,SRAM_SRAM2
1965,LOT_M10,W01,D0010,1.11,1.05,PASS,NA,March_SS,SRAM_SRAM0
1966,LOT_M10,W01,D0010,1.11,1.12,PASS,NA,March_RAW,SRAM_SRAM2
1967,LOT_M10,W01,D0010,1.11,1.18,PASS,NA,March_RAW,SRAM_SRAM1
1968,LOT_M10,W01,D0010,1.11,1.24,PASS,NA,March_SS,SRAM_SRAM2
1969,LOT_M10,W01,D0010,1.11,1.31,PASS,NA,March_RAW,SRAM_SRAM1
1970,LOT_M10,W01,D0010,1.11,1.37,PASS,NA,March_RAW,SRAM_SRAM2
1971,LOT_M10,W01,D0010,1.11,1.43,PASS,NA,March_SS,SRAM_SRAM2
1972,LOT_M10,W01,D0010,1.11,1.49,PASS,NA,March_RAW,SRAM_SRAM2
1973,LOT_M10,W01,D0010,1.11,1.56,PASS,NA,March_SS,SRAM_SRAM2
1974,LOT_M10,W01,D0010,1.11,1.62,PASS,NA,March_SS,SRAM_SRAM1
1975,LOT_M10,W01,D0010,1.11,1.68,PASS,NA,March_C_minus,SRAM_SRAM0
1976,LOT_M10,W01,D0010,1.11,1.75,FAIL,FREQ_MARGIN,March_RAW,SRAM_SRAM1
1977,LOT_M10,W01,D0010,1.11,1.81,FAIL,FREQ_MARGIN,March_RAW,SRAM_SRAM0
1978,LOT_M10,W01,D0010,1.11,1.87,FAIL,FREQ_MARGIN,March_C_minus,SRAM_SRAM1
1979,LOT_M10,W01,D0010,1.11,1.94,FAIL,FREQ_MARGIN,March_C_minus,SRAM_SRAM1
1980,LOT_M10,W01,D0010,1.11,2.0,FAIL,RETENTION_FAULT,March_SS,SRAM_SRAM0
1981,LOT_M10,W01,D0010,1.15,0.8,PASS,NA,March_C_minus,SRAM_SRAM2
1982,LOT_M10,W01,D0010,1.15,0.86,PASS,NA,March_RAW,SRAM_SRAM0
1983,LOT_M10,W01,D0010,1.15,0.93,PASS,NA,March_RAW,SRAM_SRAM1
1984,LOT_M10,W01,D0010,1.15,0.99,PASS,NA,March_C_minus,SRAM_SRAM1
1985,LOT_M10,W01,D0010,1.15,1.05,PASS,NA,March_C_minus,SRAM_SRAM2
1986,LOT_M10,W01,D0010,1.15,1.12,PASS,NA,March_RAW,SRAM_SRAM2
1987,LOT_M10,W01,D0010,1.15,1.18,PASS,NA,March_C_minus,SRAM_SRAM1
1988,LOT_M10,W01,D0010,1.15,1.24,PASS,NA,March_SS,SRAM_SRAM0
1989,LOT_M10,W01,D0010,1.15,1.31,PASS,NA,March_C_minus,SRAM_SRAM1
1990,LOT_M10,W01,D0010,1.15,1.37,PASS,NA,March_SS,SRAM_SRAM1
1991,LOT_M10,W01,D0010,1.15,1.43,PASS,NA,March_SS,SRAM_SRAM0
1992,LOT_M10,W01,D0010,1.15,1.49,PASS,NA,March_C_minus,SRAM_SRAM2
1993,LOT_M10,W01,D0010,1.15,1.56,PASS,NA,March_SS,SRAM_SRAM2
1994,LOT_M10,W01,D0010,1.15,1.62,PASS,NA,March_C_minus,SRAM_SRAM0
1995,LOT_M10,W01,D0010,1.15,1.68,PASS,NA,March_RAW,SRAM_SRAM1
1996,LOT_M10,W01,D0010,1.15,1.75,PASS,NA,March_SS,SRAM_SRAM1
1997,LOT_M10,W01,D0010,1.15,1.81,PASS,NA,March_SS,SRAM_SRAM2
1998,LOT_M10,W01,D0010,1.15,1.87,FAIL,FREQ_MARGIN,March_RAW,SRAM_SRAM0
1999,LOT_M10,W01,D0010,1.15,1.94,FAIL,FREQ_MARGIN,March_SS,SRAM_SRAM2
2000,LOT_M10,W01,D0010,1.15,2.0,FAIL,FREQ_MARGIN,March_SS,SRAM_SRAM1
