Point_ID,Lot_ID,Wafer_ID,Die_ID,VDD_V,Frequency_GHz,Temperature_C,Current_mA,Timing_ns,Leakage_mA,Test_Time_ms,Pattern_ID,Test_ID,Test_Result,Failure_Code,Margin_GHz
1,LOT_B002,W002,D0002,0.75,0.8,85,73.723,1.2564,5.07,1.747,ATPG_072,SCAN_AT_SPEED,PASS,NA,0.3675
2,LOT_B002,W002,D0002,0.75,0.82,85,70.578,1.2274,5.194,1.717,ATPG_075,SCAN_AT_SPEED,PASS,NA,0.3475
3,LOT_B002,W002,D0002,0.75,0.84,85,73.342,1.2013,5.199,1.755,ATPG_088,SCAN_AT_SPEED,PASS,NA,0.3275
4,LOT_B002,W002,D0002,0.75,0.86,85,78.725,1.114,5.6,1.714,ATPG_021,SCAN_AT_SPEED,PASS,NA,0.3075
5,LOT_B002,W002,D0002,0.75,0.88,85,77.607,1.0936,5.152,1.936,ATPG_060,SCAN_AT_SPEED,PASS,NA,0.2875
6,LOT_B002,W002,D0002,0.75,0.9,85,77.285,1.1338,5.286,1.904,ATPG_051,SCAN_AT_SPEED,PASS,NA,0.2675
7,LOT_B002,W002,D0002,0.75,0.92,85,77.391,1.0811,5.172,1.905,ATPG_073,SCAN_AT_SPEED,PASS,NA,0.2475
8,LOT_B002,W002,D0002,0.75,0.94,85,78.173,1.0803,5.081,1.794,ATPG_060,SCAN_AT_SPEED,PASS,NA,0.2275
9,LOT_B002,W002,D0002,0.75,0.96,85,76.358,1.0138,5.357,1.709,ATPG_006,SCAN_AT_SPEED,PASS,NA,0.2075
10,LOT_B002,W002,D0002,0.75,0.98,85,79.837,1.0002,5.469,1.781,ATPG_018,SCAN_AT_SPEED,PASS,NA,0.1875
11,LOT_B002,W002,D0002,0.75,1.0,85,76.833,1.0017,5.385,1.882,ATPG_053,SCAN_AT_SPEED,PASS,NA,0.1675
12,LOT_B002,W002,D0002,0.75,1.02,85,78.913,0.9795,5.19,1.818,ATPG_041,SCAN_AT_SPEED,PASS,NA,0.1475
13,LOT_B002,W002,D0002,0.75,1.04,85,80.649,0.9802,5.499,1.931,ATPG_008,SCAN_AT_SPEED,PASS,NA,0.1275
14,LOT_B002,W002,D0002,0.75,1.06,85,82.223,0.9255,5.412,1.811,ATPG_005,SCAN_AT_SPEED,PASS,NA,0.1075
15,LOT_B002,W002,D0002,0.75,1.08,85,82.176,0.908,5.528,1.891,ATPG_062,SCAN_AT_SPEED,PASS,NA,0.0875
16,LOT_B002,W002,D0002,0.75,1.1,85,78.911,0.8904,5.506,1.777,ATPG_091,SCAN_AT_SPEED,PASS,NA,0.0675
17,LOT_B002,W002,D0002,0.75,1.12,85,85.168,0.9093,4.769,1.708,ATPG_027,SCAN_AT_SPEED,PASS,NA,0.0475
18,LOT_B002,W002,D0002,0.75,1.14,85,84.501,0.9299,5.27,1.909,ATPG_077,SCAN_AT_SPEED,PASS,NA,0.0275
19,LOT_B002,W002,D0002,0.75,1.16,85,82.75,0.9078,5.467,1.761,ATPG_023,SCAN_AT_SPEED,PASS,NA,0.0075
20,LOT_B002,W002,D0002,0.75,1.18,85,84.976,0.8575,5.207,1.961,ATPG_013,SCAN_AT_SPEED,FAIL,FREQ_MARGIN,-0.0125
21,LOT_B002,W002,D0002,0.75,1.2,85,88.316,0.8054,5.21,1.965,ATPG_028,SCAN_AT_SPEED,FAIL,FREQ_MARGIN,-0.0325
22,LOT_B002,W002,D0002,0.75,1.22,85,86.084,0.7927,5.385,1.749,ATPG_092,SCAN_AT_SPEED,FAIL,TIMING,-0.0525
23,LOT_B002,W002,D0002,0.75,1.24,85,85.162,0.798,5.009,1.736,ATPG_027,SCAN_AT_SPEED,FAIL,FREQ_MARGIN,-0.0725
24,LOT_B002,W002,D0002,0.75,1.26,85,86.834,0.7518,5.179,1.719,ATPG_044,SCAN_AT_SPEED,FAIL,FREQ_MARGIN,-0.0925
25,LOT_B002,W002,D0002,0.75,1.28,85,90.927,0.7807,4.909,1.785,ATPG_058,SCAN_AT_SPEED,FAIL,FREQ_MARGIN,-0.1125
26,LOT_B002,W002,D0002,0.75,1.3,85,88.116,0.794,5.276,1.904,ATPG_081,SCAN_AT_SPEED,FAIL,FREQ_MARGIN,-0.1325
27,LOT_B002,W002,D0002,0.75,1.32,85,86.747,0.7726,5.521,1.771,ATPG_053,SCAN_AT_SPEED,FAIL,TIMING,-0.1525
28,LOT_B002,W002,D0002,0.75,1.34,85,93.006,0.758,5.012,1.727,ATPG_038,SCAN_AT_SPEED,FAIL,FREQ_MARGIN,-0.1725
29,LOT_B002,W002,D0002,0.75,1.36,85,95.181,0.7369,5.679,1.958,ATPG_097,SCAN_AT_SPEED,FAIL,FREQ_MARGIN,-0.1925
30,LOT_B002,W002,D0002,0.75,1.38,85,92.836,0.7139,5.102,1.729,ATPG_059,SCAN_AT_SPEED,FAIL,FREQ_MARGIN,-0.2125
31,LOT_B002,W002,D0002,0.75,1.4,85,94.193,0.6649,5.378,1.951,ATPG_033,SCAN_AT_SPEED,FAIL,FREQ_MARGIN,-0.2325
32,LOT_B002,W002,D0002,0.75,1.42,85,91.033,0.7205,5.228,1.945,ATPG_011,SCAN_AT_SPEED,FAIL,FREQ_MARGIN,-0.2525
33,LOT_B002,W002,D0002,0.75,1.44,85,90.738,0.7045,5.305,1.965,ATPG_060,SCAN_AT_SPEED,FAIL,FREQ_MARGIN,-0.2725
34,LOT_B002,W002,D0002,0.75,1.46,85,95.73,0.6871,5.08,1.821,ATPG_009,SCAN_AT_SPEED,FAIL,FREQ_MARGIN,-0.2925
35,LOT_B002,W002,D0002,0.75,1.48,85,94.612,0.6803,5.156,1.748,ATPG_033,SCAN_AT_SPEED,FAIL,FREQ_MARGIN,-0.3125
36,LOT_B002,W002,D0002,0.75,1.5,85,96.708,0.678,5.65,1.992,ATPG_038,SCAN_AT_SPEED,FAIL,FREQ_MARGIN,-0.3325
37,LOT_B002,W002,D0002,0.75,1.52,85,95.271,0.6336,5.327,1.908,ATPG_018,SCAN_AT_SPEED,FAIL,FREQ_MARGIN,-0.3525
38,LOT_B002,W002,D0002,0.75,1.54,85,96.19,0.6401,5.216,1.923,ATPG_080,SCAN_AT_SPEED,FAIL,FREQ_MARGIN,-0.3725
39,LOT_B002,W002,D0002,0.75,1.56,85,94.575,0.679,5.457,1.728,ATPG_067,SCAN_AT_SPEED,FAIL,FREQ_MARGIN,-0.3925
40,LOT_B002,W002,D0002,0.75,1.58,85,95.621,0.6314,5.129,1.968,ATPG_086,SCAN_AT_SPEED,FAIL,FREQ_MARGIN,-0.4125
41,LOT_B002,W002,D0002,0.75,1.6,85,98.682,0.6081,4.905,1.894,ATPG_027,SCAN_AT_SPEED,FAIL,FREQ_MARGIN,-0.4325
42,LOT_B002,W002,D0002,0.75,1.62,85,97.854,0.673,5.393,1.931,ATPG_064,SCAN_AT_SPEED,FAIL,FREQ_MARGIN,-0.4525
43,LOT_B002,W002,D0002,0.75,1.64,85,99.138,0.6136,5.29,1.784,ATPG_017,SCAN_AT_SPEED,FAIL,FREQ_MARGIN,-0.4725
44,LOT_B002,W002,D0002,0.75,1.66,85,99.552,0.5934,5.441,1.816,ATPG_006,SCAN_AT_SPEED,FAIL,FREQ_MARGIN,-0.4925
45,LOT_B002,W002,D0002,0.75,1.68,85,101.954,0.5603,5.27,1.812,ATPG_087,SCAN_AT_SPEED,FAIL,FREQ_MARGIN,-0.5125
46,LOT_B002,W002,D0002,0.75,1.7,85,102.27,0.5621,5.076,1.789,ATPG_095,SCAN_AT_SPEED,FAIL,TIMING,-0.5325
47,LOT_B002,W002,D0002,0.75,1.72,85,100.098,0.6025,5.509,1.808,ATPG_090,SCAN_AT_SPEED,FAIL,TIMING,-0.5525
48,LOT_B002,W002,D0002,0.75,1.74,85,99.097,0.5601,5.19,1.702,ATPG_093,SCAN_AT_SPEED,FAIL,FREQ_MARGIN,-0.5725
49,LOT_B002,W002,D0002,0.75,1.76,85,103.191,0.5909,5.407,1.911,ATPG_036,SCAN_AT_SPEED,FAIL,FREQ_MARGIN,-0.5925
50,LOT_B002,W002,D0002,0.75,1.78,85,103.537,0.5996,5.211,1.798,ATPG_016,SCAN_AT_SPEED,FAIL,FREQ_MARGIN,-0.6125
51,LOT_B002,W002,D0002,0.75,1.8,85,102.648,0.5627,4.935,1.877,ATPG_058,SCAN_AT_SPEED,FAIL,FREQ_MARGIN,-0.6325
52,LOT_B002,W002,D0002,0.75,1.82,85,105.309,0.5688,4.916,1.781,ATPG_086,SCAN_AT_SPEED,FAIL,FREQ_MARGIN,-0.6525
53,LOT_B002,W002,D0002,0.75,1.84,85,104.178,0.5405,5.535,1.758,ATPG_005,SCAN_AT_SPEED,FAIL,FREQ_MARGIN,-0.6725
54,LOT_B002,W002,D0002,0.75,1.86,85,108.527,0.5379,5.458,1.797,ATPG_094,SCAN_AT_SPEED,FAIL,TIMING,-0.6925
55,LOT_B002,W002,D0002,0.75,1.88,85,107.284,0.4921,5.031,1.923,ATPG_017,SCAN_AT_SPEED,FAIL,FREQ_MARGIN,-0.7125
56,LOT_B002,W002,D0002,0.75,1.9,85,105.456,0.5196,5.625,1.775,ATPG_090,SCAN_AT_SPEED,FAIL,FREQ_MARGIN,-0.7325
57,LOT_B002,W002,D0002,0.75,1.92,85,106.964,0.5324,5.329,1.855,ATPG_048,SCAN_AT_SPEED,FAIL,FREQ_MARGIN,-0.7525
58,LOT_B002,W002,D0002,0.75,1.94,85,112.444,0.4851,5.499,1.807,ATPG_064,SCAN_AT_SPEED,FAIL,FREQ_MARGIN,-0.7725
59,LOT_B002,W002,D0002,0.75,1.96,85,107.832,0.5257,5.381,1.842,ATPG_086,SCAN_AT_SPEED,FAIL,FREQ_MARGIN,-0.7925
60,LOT_B002,W002,D0002,0.75,1.98,85,108.301,0.5473,5.512,1.714,ATPG_090,SCAN_AT_SPEED,FAIL,TIMING,-0.8125
61,LOT_B002,W002,D0002,0.75,2.0,85,109.003,0.5105,5.228,1.705,ATPG_069,SCAN_AT_SPEED,FAIL,FREQ_MARGIN,-0.8325
62,LOT_B002,W002,D0002,0.75,2.02,85,112.926,0.4754,5.295,1.721,ATPG_019,SCAN_AT_SPEED,FAIL,FREQ_MARGIN,-0.8525
63,LOT_B002,W002,D0002,0.75,2.04,85,112.124,0.4825,5.306,1.982,ATPG_002,SCAN_AT_SPEED,FAIL,FREQ_MARGIN,-0.8725
64,LOT_B002,W002,D0002,0.75,2.06,85,113.298,0.49,5.654,1.946,ATPG_024,SCAN_AT_SPEED,FAIL,FREQ_MARGIN,-0.8925
65,LOT_B002,W002,D0002,0.75,2.08,85,111.858,0.4786,5.38,1.972,ATPG_012,SCAN_AT_SPEED,FAIL,FREQ_MARGIN,-0.9125
66,LOT_B002,W002,D0002,0.75,2.1,85,111.91,0.4784,5.039,1.801,ATPG_044,SCAN_AT_SPEED,FAIL,FREQ_MARGIN,-0.9325
67,LOT_B002,W002,D0002,0.75,2.12,85,112.74,0.4887,5.175,1.735,ATPG_090,SCAN_AT_SPEED,FAIL,FREQ_MARGIN,-0.9525
68,LOT_B002,W002,D0002,0.75,2.14,85,114.924,0.4547,5.409,1.753,ATPG_075,SCAN_AT_SPEED,FAIL,FREQ_MARGIN,-0.9725
69,LOT_B002,W002,D0002,0.75,2.16,85,116.554,0.4967,5.667,1.919,ATPG_073,SCAN_AT_SPEED,FAIL,FREQ_MARGIN,-0.9925
70,LOT_B002,W002,D0002,0.75,2.18,85,117.955,0.4697,5.174,1.958,ATPG_036,SCAN_AT_SPEED,FAIL,FREQ_MARGIN,-1.0125
71,LOT_B002,W002,D0002,0.75,2.2,85,115.596,0.4598,5.211,1.971,ATPG_055,SCAN_AT_SPEED,FAIL,TIMING,-1.0325
72,LOT_B002,W002,D0002,0.75,2.22,85,111.687,0.4387,5.277,1.716,ATPG_062,SCAN_AT_SPEED,FAIL,FREQ_MARGIN,-1.0525
73,LOT_B002,W002,D0002,0.75,2.24,85,116.603,0.4438,5.357,1.985,ATPG_061,SCAN_AT_SPEED,FAIL,FREQ_MARGIN,-1.0725
74,LOT_B002,W002,D0002,0.75,2.26,85,116.093,0.4465,5.29,1.866,ATPG_083,SCAN_AT_SPEED,FAIL,FREQ_MARGIN,-1.0925
75,LOT_B002,W002,D0002,0.75,2.28,85,116.791,0.4519,5.447,1.937,ATPG_085,SCAN_AT_SPEED,FAIL,FREQ_MARGIN,-1.1125
76,LOT_B002,W002,D0002,0.75,2.3,85,119.152,0.4543,5.157,1.805,ATPG_053,SCAN_AT_SPEED,FAIL,TIMING,-1.1325
77,LOT_B002,W002,D0002,0.75,2.32,85,119.306,0.4327,5.311,1.952,ATPG_018,SCAN_AT_SPEED,FAIL,FREQ_MARGIN,-1.1525
78,LOT_B002,W002,D0002,0.75,2.34,85,119.258,0.3984,5.339,1.944,ATPG_046,SCAN_AT_SPEED,FAIL,TIMING,-1.1725
79,LOT_B002,W002,D0002,0.75,2.36,85,117.985,0.4195,5.149,1.933,ATPG_071,SCAN_AT_SPEED,FAIL,FREQ_MARGIN,-1.1925
80,LOT_B002,W002,D0002,0.75,2.38,85,119.817,0.3884,5.058,1.822,ATPG_054,SCAN_AT_SPEED,FAIL,TIMING,-1.2125
81,LOT_B002,W002,D0002,0.77,0.8,85,76.344,1.2611,5.553,1.904,ATPG_058,SCAN_AT_SPEED,PASS,NA,0.4333
82,LOT_B002,W002,D0002,0.77,0.82,85,76.722,1.2275,5.378,1.786,ATPG_092,SCAN_AT_SPEED,PASS,NA,0.4133
83,LOT_B002,W002,D0002,0.77,0.84,85,70.743,1.1525,5.628,1.713,ATPG_056,SCAN_AT_SPEED,PASS,NA,0.3933
84,LOT_B002,W002,D0002,0.77,0.86,85,77.686,1.1639,5.494,1.857,ATPG_085,SCAN_AT_SPEED,PASS,NA,0.3733
85,LOT_B002,W002,D0002,0.77,0.88,85,76.24,1.1604,5.771,1.97,ATPG_049,SCAN_AT_SPEED,PASS,NA,0.3533
86,LOT_B002,W002,D0002,0.77,0.9,85,81.352,1.0991,5.371,1.732,ATPG_057,SCAN_AT_SPEED,PASS,NA,0.3333
87,LOT_B002,W002,D0002,0.77,0.92,85,79.261,1.0599,5.191,1.78,ATPG_008,SCAN_AT_SPEED,PASS,NA,0.3133
88,LOT_B002,W002,D0002,0.77,0.94,85,77.835,1.0306,5.335,1.71,ATPG_041,SCAN_AT_SPEED,PASS,NA,0.2933
89,LOT_B002,W002,D0002,0.77,0.96,85,81.469,1.0237,5.284,1.973,ATPG_073,SCAN_AT_SPEED,PASS,NA,0.2733
90,LOT_B002,W002,D0002,0.77,0.98,85,81.168,1.057,5.135,1.98,ATPG_006,SCAN_AT_SPEED,PASS,NA,0.2533
91,LOT_B002,W002,D0002,0.77,1.0,85,80.653,1.0059,5.343,1.814,ATPG_005,SCAN_AT_SPEED,PASS,NA,0.2333
92,LOT_B002,W002,D0002,0.77,1.02,85,79.221,1.005,5.451,1.719,ATPG_086,SCAN_AT_SPEED,PASS,NA,0.2133
93,LOT_B002,W002,D0002,0.77,1.04,85,82.469,0.9943,5.303,1.974,ATPG_099,SCAN_AT_SPEED,PASS,NA,0.1933
94,LOT_B002,W002,D0002,0.77,1.06,85,83.098,0.9559,5.309,1.835,ATPG_023,SCAN_AT_SPEED,PASS,NA,0.1733
95,LOT_B002,W002,D0002,0.77,1.08,85,83.505,0.9402,5.502,1.885,ATPG_001,SCAN_AT_SPEED,PASS,NA,0.1533
96,LOT_B002,W002,D0002,0.77,1.1,85,81.631,0.9037,4.704,1.949,ATPG_092,SCAN_AT_SPEED,PASS,NA,0.1333
97,LOT_B002,W002,D0002,0.77,1.12,85,84.836,0.9134,5.63,1.821,ATPG_050,SCAN_AT_SPEED,PASS,NA,0.1133
98,LOT_B002,W002,D0002,0.77,1.14,85,85.444,0.8694,5.679,1.892,ATPG_047,SCAN_AT_SPEED,PASS,NA,0.0933
99,LOT_B002,W002,D0002,0.77,1.16,85,84.861,0.8275,5.331,1.831,ATPG_075,SCAN_AT_SPEED,PASS,NA,0.0733
100,LOT_B002,W002,D0002,0.77,1.18,85,89.233,0.8818,5.471,1.835,ATPG_063,SCAN_AT_SPEED,PASS,NA,0.0533
101,LOT_B002,W002,D0002,0.77,1.2,85,90.217,0.7993,5.123,1.838,ATPG_079,SCAN_AT_SPEED,PASS,NA,0.0333
102,LOT_B002,W002,D0002,0.77,1.22,85,87.465,0.8438,5.095,1.763,ATPG_034,SCAN_AT_SPEED,PASS,NA,0.0133
103,LOT_B002,W002,D0002,0.77,1.24,85,88.925,0.7962,5.211,1.969,ATPG_043,SCAN_AT_SPEED,FAIL,FREQ_MARGIN,-0.0067
104,LOT_B002,W002,D0002,0.77,1.26,85,86.69,0.794,5.493,1.881,ATPG_067,SCAN_AT_SPEED,FAIL,FREQ_MARGIN,-0.0267
105,LOT_B002,W002,D0002,0.77,1.28,85,88.363,0.7791,5.241,1.762,ATPG_051,SCAN_AT_SPEED,FAIL,FREQ_MARGIN,-0.0467
106,LOT_B002,W002,D0002,0.77,1.3,85,87.97,0.7529,5.324,1.796,ATPG_034,SCAN_AT_SPEED,FAIL,FREQ_MARGIN,-0.0667
107,LOT_B002,W002,D0002,0.77,1.32,85,91.685,0.7746,5.64,1.924,ATPG_026,SCAN_AT_SPEED,FAIL,FREQ_MARGIN,-0.0867
108,LOT_B002,W002,D0002,0.77,1.34,85,90.031,0.7002,5.344,1.885,ATPG_052,SCAN_AT_SPEED,FAIL,FREQ_MARGIN,-0.1067
109,LOT_B002,W002,D0002,0.77,1.36,85,95.449,0.7433,5.45,1.953,ATPG_087,SCAN_AT_SPEED,FAIL,FREQ_MARGIN,-0.1267
110,LOT_B002,W002,D0002,0.77,1.38,85,90.935,0.6755,5.704,1.773,ATPG_018,SCAN_AT_SPEED,FAIL,FREQ_MARGIN,-0.1467
111,LOT_B002,W002,D0002,0.77,1.4,85,91.578,0.7381,5.515,1.727,ATPG_089,SCAN_AT_SPEED,FAIL,FREQ_MARGIN,-0.1667
112,LOT_B002,W002,D0002,0.77,1.42,85,94.183,0.662,5.329,1.807,ATPG_044,SCAN_AT_SPEED,FAIL,FREQ_MARGIN,-0.1867
113,LOT_B002,W002,D0002,0.77,1.44,85,94.507,0.7249,5.227,1.829,ATPG_018,SCAN_AT_SPEED,FAIL,FREQ_MARGIN,-0.2067
114,LOT_B002,W002,D0002,0.77,1.46,85,96.046,0.6622,5.095,1.97,ATPG_083,SCAN_AT_SPEED,FAIL,FREQ_MARGIN,-0.2267
115,LOT_B002,W002,D0002,0.77,1.48,85,91.756,0.6762,5.588,1.771,ATPG_064,SCAN_AT_SPEED,FAIL,FREQ_MARGIN,-0.2467
116,LOT_B002,W002,D0002,0.77,1.5,85,96.455,0.6415,5.276,1.846,ATPG_022,SCAN_AT_SPEED,FAIL,FREQ_MARGIN,-0.2667
117,LOT_B002,W002,D0002,0.77,1.52,85,95.159,0.6078,5.29,1.995,ATPG_094,SCAN_AT_SPEED,FAIL,FREQ_MARGIN,-0.2867
118,LOT_B002,W002,D0002,0.77,1.54,85,98.801,0.6523,5.559,1.702,ATPG_095,SCAN_AT_SPEED,FAIL,TIMING,-0.3067
119,LOT_B002,W002,D0002,0.77,1.56,85,99.105,0.6819,5.441,1.784,ATPG_094,SCAN_AT_SPEED,FAIL,FREQ_MARGIN,-0.3267
120,LOT_B002,W002,D0002,0.77,1.58,85,101.903,0.6166,5.528,1.859,ATPG_044,SCAN_AT_SPEED,FAIL,FREQ_MARGIN,-0.3467
121,LOT_B002,W002,D0002,0.77,1.6,85,96.231,0.6022,5.559,1.844,ATPG_001,SCAN_AT_SPEED,FAIL,FREQ_MARGIN,-0.3667
122,LOT_B002,W002,D0002,0.77,1.62,85,100.431,0.6091,5.37,1.74,ATPG_003,SCAN_AT_SPEED,FAIL,FREQ_MARGIN,-0.3867
123,LOT_B002,W002,D0002,0.77,1.64,85,97.712,0.5981,5.445,1.742,ATPG_023,SCAN_AT_SPEED,FAIL,FREQ_MARGIN,-0.4067
124,LOT_B002,W002,D0002,0.77,1.66,85,101.65,0.6312,5.505,1.841,ATPG_073,SCAN_AT_SPEED,FAIL,FREQ_MARGIN,-0.4267
125,LOT_B002,W002,D0002,0.77,1.68,85,102.898,0.6027,5.359,1.982,ATPG_035,SCAN_AT_SPEED,FAIL,FREQ_MARGIN,-0.4467
126,LOT_B002,W002,D0002,0.77,1.7,85,101.152,0.5845,5.533,1.916,ATPG_076,SCAN_AT_SPEED,FAIL,FREQ_MARGIN,-0.4667
127,LOT_B002,W002,D0002,0.77,1.72,85,102.736,0.5695,5.422,1.749,ATPG_060,SCAN_AT_SPEED,FAIL,FREQ_MARGIN,-0.4867
128,LOT_B002,W002,D0002,0.77,1.74,85,104.769,0.5611,5.285,1.89,ATPG_085,SCAN_AT_SPEED,FAIL,FREQ_MARGIN,-0.5067
129,LOT_B002,W002,D0002,0.77,1.76,85,105.95,0.5922,5.334,1.832,ATPG_062,SCAN_AT_SPEED,FAIL,FREQ_MARGIN,-0.5267
130,LOT_B002,W002,D0002,0.77,1.78,85,104.008,0.5779,5.449,1.862,ATPG_014,SCAN_AT_SPEED,FAIL,FREQ_MARGIN,-0.5467
131,LOT_B002,W002,D0002,0.77,1.8,85,102.279,0.5508,5.403,1.863,ATPG_063,SCAN_AT_SPEED,FAIL,FREQ_MARGIN,-0.5667
132,LOT_B002,W002,D0002,0.77,1.82,85,107.702,0.5342,5.026,1.919,ATPG_051,SCAN_AT_SPEED,FAIL,TIMING,-0.5867
133,LOT_B002,W002,D0002,0.77,1.84,85,107.691,0.5628,5.649,1.937,ATPG_042,SCAN_AT_SPEED,FAIL,FREQ_MARGIN,-0.6067
134,LOT_B002,W002,D0002,0.77,1.86,85,107.452,0.5578,5.565,1.934,ATPG_038,SCAN_AT_SPEED,FAIL,FREQ_MARGIN,-0.6267
135,LOT_B002,W002,D0002,0.77,1.88,85,108.047,0.5415,5.304,1.803,ATPG_033,SCAN_AT_SPEED,FAIL,FREQ_MARGIN,-0.6467
136,LOT_B002,W002,D0002,0.77,1.9,85,109.187,0.5398,4.95,1.837,ATPG_038,SCAN_AT_SPEED,FAIL,FREQ_MARGIN,-0.6667
137,LOT_B002,W002,D0002,0.77,1.92,85,108.247,0.536,5.475,1.916,ATPG_052,SCAN_AT_SPEED,FAIL,TIMING,-0.6867
138,LOT_B002,W002,D0002,0.77,1.94,85,107.908,0.5258,5.741,1.88,ATPG_095,SCAN_AT_SPEED,FAIL,TIMING,-0.7067
139,LOT_B002,W002,D0002,0.77,1.96,85,106.811,0.5233,5.699,1.746,ATPG_020,SCAN_AT_SPEED,FAIL,FREQ_MARGIN,-0.7267
140,LOT_B002,W002,D0002,0.77,1.98,85,110.873,0.4863,5.573,1.878,ATPG_013,SCAN_AT_SPEED,FAIL,FREQ_MARGIN,-0.7467
141,LOT_B002,W002,D0002,0.77,2.0,85,114.01,0.4874,5.534,1.723,ATPG_100,SCAN_AT_SPEED,FAIL,TIMING,-0.7667
142,LOT_B002,W002,D0002,0.77,2.02,85,111.849,0.4925,5.201,1.995,ATPG_078,SCAN_AT_SPEED,FAIL,FREQ_MARGIN,-0.7867
143,LOT_B002,W002,D0002,0.77,2.04,85,112.943,0.4563,5.618,1.716,ATPG_036,SCAN_AT_SPEED,FAIL,FREQ_MARGIN,-0.8067
144,LOT_B002,W002,D0002,0.77,2.06,85,116.507,0.4728,5.523,1.881,ATPG_009,SCAN_AT_SPEED,FAIL,FREQ_MARGIN,-0.8267
145,LOT_B002,W002,D0002,0.77,2.08,85,115.768,0.4762,4.935,1.804,ATPG_035,SCAN_AT_SPEED,FAIL,FREQ_MARGIN,-0.8467
146,LOT_B002,W002,D0002,0.77,2.1,85,115.936,0.4917,5.432,1.71,ATPG_034,SCAN_AT_SPEED,FAIL,FREQ_MARGIN,-0.8667
147,LOT_B002,W002,D0002,0.77,2.12,85,112.907,0.4573,5.455,1.766,ATPG_051,SCAN_AT_SPEED,FAIL,FREQ_MARGIN,-0.8867
148,LOT_B002,W002,D0002,0.77,2.14,85,117.724,0.4676,5.488,1.838,ATPG_085,SCAN_AT_SPEED,FAIL,FREQ_MARGIN,-0.9067
149,LOT_B002,W002,D0002,0.77,2.16,85,114.93,0.463,5.367,1.879,ATPG_020,SCAN_AT_SPEED,FAIL,FREQ_MARGIN,-0.9267
150,LOT_B002,W002,D0002,0.77,2.18,85,117.461,0.4205,5.127,1.94,ATPG_013,SCAN_AT_SPEED,FAIL,FREQ_MARGIN,-0.9467
151,LOT_B002,W002,D0002,0.77,2.2,85,116.613,0.4539,5.29,1.869,ATPG_062,SCAN_AT_SPEED,FAIL,FREQ_MARGIN,-0.9667
152,LOT_B002,W002,D0002,0.77,2.22,85,117.289,0.4304,5.607,1.858,ATPG_018,SCAN_AT_SPEED,FAIL,FREQ_MARGIN,-0.9867
153,LOT_B002,W002,D0002,0.77,2.24,85,122.175,0.4405,5.396,1.723,ATPG_092,SCAN_AT_SPEED,FAIL,TIMING,-1.0067
154,LOT_B002,W002,D0002,0.77,2.26,85,118.176,0.4269,5.118,1.893,ATPG_003,SCAN_AT_SPEED,FAIL,FREQ_MARGIN,-1.0267
155,LOT_B002,W002,D0002,0.77,2.28,85,121.195,0.4368,5.245,1.767,ATPG_097,SCAN_AT_SPEED,FAIL,FREQ_MARGIN,-1.0467
156,LOT_B002,W002,D0002,0.77,2.3,85,120.9,0.4066,5.405,1.879,ATPG_088,SCAN_AT_SPEED,FAIL,FREQ_MARGIN,-1.0667
157,LOT_B002,W002,D0002,0.77,2.32,85,121.742,0.4483,5.595,1.997,ATPG_067,SCAN_AT_SPEED,FAIL,FREQ_MARGIN,-1.0867
158,LOT_B002,W002,D0002,0.77,2.34,85,123.319,0.4324,5.446,1.819,ATPG_032,SCAN_AT_SPEED,FAIL,FREQ_MARGIN,-1.1067
159,LOT_B002,W002,D0002,0.77,2.36,85,122.136,0.4117,5.188,1.89,ATPG_037,SCAN_AT_SPEED,FAIL,FREQ_MARGIN,-1.1267
160,LOT_B002,W002,D0002,0.77,2.38,85,122.79,0.3951,5.465,1.826,ATPG_033,SCAN_AT_SPEED,FAIL,FREQ_MARGIN,-1.1467
161,LOT_B002,W002,D0002,0.78,0.8,85,73.327,1.2481,5.388,1.949,ATPG_002,SCAN_AT_SPEED,PASS,NA,0.4626
162,LOT_B002,W002,D0002,0.78,0.82,85,78.077,1.1844,5.02,1.985,ATPG_037,SCAN_AT_SPEED,PASS,NA,0.4426
163,LOT_B002,W002,D0002,0.78,0.84,85,75.118,1.1956,5.383,1.87,ATPG_086,SCAN_AT_SPEED,PASS,NA,0.4226
164,LOT_B002,W002,D0002,0.78,0.86,85,77.06,1.1555,5.484,1.781,ATPG_059,SCAN_AT_SPEED,PASS,NA,0.4026
165,LOT_B002,W002,D0002,0.78,0.88,85,77.342,1.1688,5.295,1.765,ATPG_040,SCAN_AT_SPEED,PASS,NA,0.3826
166,LOT_B002,W002,D0002,0.78,0.9,85,75.503,1.0785,5.474,1.866,ATPG_022,SCAN_AT_SPEED,PASS,NA,0.3626
167,LOT_B002,W002,D0002,0.78,0.92,85,79.808,1.0865,5.816,1.732,ATPG_025,SCAN_AT_SPEED,PASS,NA,0.3426
168,LOT_B002,W002,D0002,0.78,0.94,85,79.84,1.0971,5.65,1.753,ATPG_086,SCAN_AT_SPEED,PASS,NA,0.3226
169,LOT_B002,W002,D0002,0.78,0.96,85,81.981,1.0645,5.389,1.931,ATPG_045,SCAN_AT_SPEED,PASS,NA,0.3026
170,LOT_B002,W002,D0002,0.78,0.98,85,79.88,0.9917,5.493,1.817,ATPG_046,SCAN_AT_SPEED,PASS,NA,0.2826
171,LOT_B002,W002,D0002,0.78,1.0,85,82.362,0.9975,5.619,1.916,ATPG_040,SCAN_AT_SPEED,PASS,NA,0.2626
172,LOT_B002,W002,D0002,0.78,1.02,85,81.569,0.9453,5.565,1.862,ATPG_099,SCAN_AT_SPEED,PASS,NA,0.2426
173,LOT_B002,W002,D0002,0.78,1.04,85,82.2,0.964,5.339,1.849,ATPG_083,SCAN_AT_SPEED,PASS,NA,0.2226
174,LOT_B002,W002,D0002,0.78,1.06,85,82.112,0.918,5.913,1.824,ATPG_098,SCAN_AT_SPEED,PASS,NA,0.2026
175,LOT_B002,W002,D0002,0.78,1.08,85,81.038,0.9622,5.328,1.774,ATPG_061,SCAN_AT_SPEED,PASS,NA,0.1826
176,LOT_B002,W002,D0002,0.78,1.1,85,83.704,0.9224,5.322,1.856,ATPG_003,SCAN_AT_SPEED,PASS,NA,0.1626
177,LOT_B002,W002,D0002,0.78,1.12,85,86.964,0.8952,5.667,1.92,ATPG_012,SCAN_AT_SPEED,PASS,NA,0.1426
178,LOT_B002,W002,D0002,0.78,1.14,85,87.178,0.878,5.64,1.971,ATPG_021,SCAN_AT_SPEED,PASS,NA,0.1226
179,LOT_B002,W002,D0002,0.78,1.16,85,86.215,0.8662,5.54,1.754,ATPG_012,SCAN_AT_SPEED,PASS,NA,0.1026
180,LOT_B002,W002,D0002,0.78,1.18,85,82.911,0.8546,5.398,1.758,ATPG_085,SCAN_AT_SPEED,PASS,NA,0.0826
181,LOT_B002,W002,D0002,0.78,1.2,85,86.265,0.8317,5.679,1.953,ATPG_072,SCAN_AT_SPEED,PASS,NA,0.0626
182,LOT_B002,W002,D0002,0.78,1.22,85,92.446,0.7942,5.522,1.868,ATPG_018,SCAN_AT_SPEED,PASS,NA,0.0426
183,LOT_B002,W002,D0002,0.78,1.24,85,91.516,0.7969,5.498,1.802,ATPG_045,SCAN_AT_SPEED,PASS,NA,0.0226
184,LOT_B002,W002,D0002,0.78,1.26,85,92.2,0.7972,5.073,1.898,ATPG_055,SCAN_AT_SPEED,PASS,NA,0.0026
185,LOT_B002,W002,D0002,0.78,1.28,85,92.713,0.7869,5.627,1.885,ATPG_013,SCAN_AT_SPEED,FAIL,FREQ_MARGIN,-0.0174
186,LOT_B002,W002,D0002,0.78,1.3,85,91.987,0.7937,5.463,1.821,ATPG_066,SCAN_AT_SPEED,FAIL,FREQ_MARGIN,-0.0374
187,LOT_B002,W002,D0002,0.78,1.32,85,89.817,0.7689,5.133,1.819,ATPG_057,SCAN_AT_SPEED,FAIL,FREQ_MARGIN,-0.0574
188,LOT_B002,W002,D0002,0.78,1.34,85,88.444,0.7288,5.102,1.733,ATPG_030,SCAN_AT_SPEED,FAIL,FREQ_MARGIN,-0.0774
189,LOT_B002,W002,D0002,0.78,1.36,85,94.019,0.7262,5.611,1.915,ATPG_014,SCAN_AT_SPEED,FAIL,FREQ_MARGIN,-0.0974
190,LOT_B002,W002,D0002,0.78,1.38,85,92.987,0.7556,5.501,1.765,ATPG_037,SCAN_AT_SPEED,FAIL,FREQ_MARGIN,-0.1174
191,LOT_B002,W002,D0002,0.78,1.4,85,91.683,0.71,5.651,1.983,ATPG_037,SCAN_AT_SPEED,FAIL,FREQ_MARGIN,-0.1374
192,LOT_B002,W002,D0002,0.78,1.42,85,94.11,0.727,5.465,1.769,ATPG_011,SCAN_AT_SPEED,FAIL,FREQ_MARGIN,-0.1574
193,LOT_B002,W002,D0002,0.78,1.44,85,94.265,0.6844,5.428,1.711,ATPG_074,SCAN_AT_SPEED,FAIL,FREQ_MARGIN,-0.1774
194,LOT_B002,W002,D0002,0.78,1.46,85,96.489,0.6599,5.555,1.855,ATPG_003,SCAN_AT_SPEED,FAIL,FREQ_MARGIN,-0.1974
195,LOT_B002,W002,D0002,0.78,1.48,85,97.319,0.6643,5.738,1.909,ATPG_020,SCAN_AT_SPEED,FAIL,FREQ_MARGIN,-0.2174
196,LOT_B002,W002,D0002,0.78,1.5,85,96.626,0.6942,5.643,1.71,ATPG_088,SCAN_AT_SPEED,FAIL,FREQ_MARGIN,-0.2374
197,LOT_B002,W002,D0002,0.78,1.52,85,98.791,0.6612,5.286,1.963,ATPG_068,SCAN_AT_SPEED,FAIL,FREQ_MARGIN,-0.2574
198,LOT_B002,W002,D0002,0.78,1.54,85,97.686,0.648,5.101,1.979,ATPG_067,SCAN_AT_SPEED,FAIL,FREQ_MARGIN,-0.2774
199,LOT_B002,W002,D0002,0.78,1.56,85,98.297,0.6251,5.418,1.812,ATPG_011,SCAN_AT_SPEED,FAIL,FREQ_MARGIN,-0.2974
200,LOT_B002,W002,D0002,0.78,1.58,85,98.825,0.6439,5.474,1.733,ATPG_072,SCAN_AT_SPEED,FAIL,FREQ_MARGIN,-0.3174
201,LOT_B002,W002,D0002,0.78,1.6,85,99.998,0.6076,4.758,1.878,ATPG_028,SCAN_AT_SPEED,FAIL,FREQ_MARGIN,-0.3374
202,LOT_B002,W002,D0002,0.78,1.62,85,104.274,0.6394,5.618,1.92,ATPG_058,SCAN_AT_SPEED,FAIL,FREQ_MARGIN,-0.3574
203,LOT_B002,W002,D0002,0.78,1.64,85,101.433,0.6319,5.572,1.955,ATPG_088,SCAN_AT_SPEED,FAIL,FREQ_MARGIN,-0.3774
204,LOT_B002,W002,D0002,0.78,1.66,85,100.863,0.6088,5.264,1.757,ATPG_059,SCAN_AT_SPEED,FAIL,FREQ_MARGIN,-0.3974
205,LOT_B002,W002,D0002,0.78,1.68,85,101.157,0.5786,5.38,1.923,ATPG_005,SCAN_AT_SPEED,FAIL,FREQ_MARGIN,-0.4174
206,LOT_B002,W002,D0002,0.78,1.7,85,101.418,0.6013,5.626,1.735,ATPG_031,SCAN_AT_SPEED,FAIL,FREQ_MARGIN,-0.4374
207,LOT_B002,W002,D0002,0.78,1.72,85,99.879,0.5857,5.753,1.732,ATPG_098,SCAN_AT_SPEED,FAIL,TIMING,-0.4574
208,LOT_B002,W002,D0002,0.78,1.74,85,104.195,0.5677,5.388,1.754,ATPG_030,SCAN_AT_SPEED,FAIL,FREQ_MARGIN,-0.4774
209,LOT_B002,W002,D0002,0.78,1.76,85,107.127,0.5721,5.364,1.79,ATPG_037,SCAN_AT_SPEED,FAIL,FREQ_MARGIN,-0.4974
210,LOT_B002,W002,D0002,0.78,1.78,85,107.04,0.5479,5.649,1.722,ATPG_017,SCAN_AT_SPEED,FAIL,FREQ_MARGIN,-0.5174
211,LOT_B002,W002,D0002,0.78,1.8,85,106.077,0.545,5.527,1.707,ATPG_082,SCAN_AT_SPEED,FAIL,FREQ_MARGIN,-0.5374
212,LOT_B002,W002,D0002,0.78,1.82,85,105.886,0.5381,5.679,1.7,ATPG_011,SCAN_AT_SPEED,FAIL,FREQ_MARGIN,-0.5574
213,LOT_B002,W002,D0002,0.78,1.84,85,108.87,0.5399,5.208,1.938,ATPG_098,SCAN_AT_SPEED,FAIL,FREQ_MARGIN,-0.5774
214,LOT_B002,W002,D0002,0.78,1.86,85,109.7,0.5232,5.355,1.739,ATPG_029,SCAN_AT_SPEED,FAIL,FREQ_MARGIN,-0.5974
215,LOT_B002,W002,D0002,0.78,1.88,85,110.118,0.5299,5.584,1.826,ATPG_067,SCAN_AT_SPEED,FAIL,FREQ_MARGIN,-0.6174
216,LOT_B002,W002,D0002,0.78,1.9,85,105.586,0.5496,5.34,1.924,ATPG_059,SCAN_AT_SPEED,FAIL,FREQ_MARGIN,-0.6374
217,LOT_B002,W002,D0002,0.78,1.92,85,108.045,0.5162,5.469,1.811,ATPG_035,SCAN_AT_SPEED,FAIL,FREQ_MARGIN,-0.6574
218,LOT_B002,W002,D0002,0.78,1.94,85,115.559,0.5071,5.122,1.727,ATPG_015,SCAN_AT_SPEED,FAIL,FREQ_MARGIN,-0.6774
219,LOT_B002,W002,D0002,0.78,1.96,85,110.188,0.5192,5.568,1.928,ATPG_008,SCAN_AT_SPEED,FAIL,FREQ_MARGIN,-0.6974
220,LOT_B002,W002,D0002,0.78,1.98,85,110.476,0.5018,5.641,1.7,ATPG_003,SCAN_AT_SPEED,FAIL,FREQ_MARGIN,-0.7174
221,LOT_B002,W002,D0002,0.78,2.0,85,109.717,0.4849,5.529,1.829,ATPG_071,SCAN_AT_SPEED,FAIL,FREQ_MARGIN,-0.7374
222,LOT_B002,W002,D0002,0.78,2.02,85,111.876,0.4685,5.361,1.877,ATPG_038,SCAN_AT_SPEED,FAIL,FREQ_MARGIN,-0.7574
223,LOT_B002,W002,D0002,0.78,2.04,85,115.957,0.4524,5.364,1.703,ATPG_072,SCAN_AT_SPEED,FAIL,FREQ_MARGIN,-0.7774
224,LOT_B002,W002,D0002,0.78,2.06,85,112.398,0.5097,5.777,1.986,ATPG_018,SCAN_AT_SPEED,FAIL,FREQ_MARGIN,-0.7974
225,LOT_B002,W002,D0002,0.78,2.08,85,116.38,0.4798,5.26,1.773,ATPG_041,SCAN_AT_SPEED,FAIL,FREQ_MARGIN,-0.8174
226,LOT_B002,W002,D0002,0.78,2.1,85,120.324,0.4867,5.449,1.703,ATPG_046,SCAN_AT_SPEED,FAIL,FREQ_MARGIN,-0.8374
227,LOT_B002,W002,D0002,0.78,2.12,85,119.707,0.4581,5.404,1.71,ATPG_097,SCAN_AT_SPEED,FAIL,TIMING,-0.8574
228,LOT_B002,W002,D0002,0.78,2.14,85,114.765,0.5032,5.397,1.94,ATPG_026,SCAN_AT_SPEED,FAIL,FREQ_MARGIN,-0.8774
229,LOT_B002,W002,D0002,0.78,2.16,85,118.674,0.4656,5.524,1.737,ATPG_098,SCAN_AT_SPEED,FAIL,FREQ_MARGIN,-0.8974
230,LOT_B002,W002,D0002,0.78,2.18,85,121.419,0.428,5.73,1.981,ATPG_006,SCAN_AT_SPEED,FAIL,FREQ_MARGIN,-0.9174
231,LOT_B002,W002,D0002,0.78,2.2,85,120.362,0.4672,5.633,1.802,ATPG_072,SCAN_AT_SPEED,FAIL,FREQ_MARGIN,-0.9374
232,LOT_B002,W002,D0002,0.78,2.22,85,120.567,0.4775,5.849,1.844,ATPG_007,SCAN_AT_SPEED,FAIL,FREQ_MARGIN,-0.9574
233,LOT_B002,W002,D0002,0.78,2.24,85,120.816,0.4372,5.791,1.878,ATPG_041,SCAN_AT_SPEED,FAIL,FREQ_MARGIN,-0.9774
234,LOT_B002,W002,D0002,0.78,2.26,85,118.449,0.4549,5.348,1.849,ATPG_012,SCAN_AT_SPEED,FAIL,FREQ_MARGIN,-0.9974
235,LOT_B002,W002,D0002,0.78,2.28,85,123.395,0.3986,5.555,1.848,ATPG_082,SCAN_AT_SPEED,FAIL,FREQ_MARGIN,-1.0174
236,LOT_B002,W002,D0002,0.78,2.3,85,122.987,0.4296,5.249,1.96,ATPG_028,SCAN_AT_SPEED,FAIL,FREQ_MARGIN,-1.0374
237,LOT_B002,W002,D0002,0.78,2.32,85,119.047,0.4255,5.68,1.889,ATPG_031,SCAN_AT_SPEED,FAIL,FREQ_MARGIN,-1.0574
238,LOT_B002,W002,D0002,0.78,2.34,85,123.457,0.461,5.663,1.846,ATPG_092,SCAN_AT_SPEED,FAIL,TIMING,-1.0774
239,LOT_B002,W002,D0002,0.78,2.36,85,122.714,0.4325,5.717,1.897,ATPG_066,SCAN_AT_SPEED,FAIL,FREQ_MARGIN,-1.0974
240,LOT_B002,W002,D0002,0.78,2.38,85,127.209,0.4077,5.73,1.915,ATPG_058,SCAN_AT_SPEED,FAIL,FREQ_MARGIN,-1.1174
241,LOT_B002,W002,D0002,0.8,0.8,85,74.499,1.2495,5.43,1.774,ATPG_094,SCAN_AT_SPEED,PASS,NA,0.554
242,LOT_B002,W002,D0002,0.8,0.82,85,78.585,1.1866,5.886,1.874,ATPG_060,SCAN_AT_SPEED,PASS,NA,0.534
243,LOT_B002,W002,D0002,0.8,0.84,85,74.569,1.198,5.628,1.777,ATPG_084,SCAN_AT_SPEED,PASS,NA,0.514
244,LOT_B002,W002,D0002,0.8,0.86,85,77.346,1.1486,5.785,1.739,ATPG_005,SCAN_AT_SPEED,PASS,NA,0.494
245,LOT_B002,W002,D0002,0.8,0.88,85,76.626,1.1334,5.412,1.799,ATPG_045,SCAN_AT_SPEED,PASS,NA,0.474
246,LOT_B002,W002,D0002,0.8,0.9,85,80.791,1.1012,5.763,1.829,ATPG_093,SCAN_AT_SPEED,PASS,NA,0.454
247,LOT_B002,W002,D0002,0.8,0.92,85,80.616,1.0721,5.587,1.814,ATPG_020,SCAN_AT_SPEED,PASS,NA,0.434
248,LOT_B002,W002,D0002,0.8,0.94,85,77.471,1.0208,5.665,1.935,ATPG_037,SCAN_AT_SPEED,PASS,NA,0.414
249,LOT_B002,W002,D0002,0.8,0.96,85,82.91,1.0733,5.532,1.71,ATPG_044,SCAN_AT_SPEED,PASS,NA,0.394
250,LOT_B002,W002,D0002,0.8,0.98,85,85.976,1.0067,5.574,1.981,ATPG_078,SCAN_AT_SPEED,PASS,NA,0.374
251,LOT_B002,W002,D0002,0.8,1.0,85,79.525,1.0038,5.69,1.906,ATPG_029,SCAN_AT_SPEED,PASS,NA,0.354
252,LOT_B002,W002,D0002,0.8,1.02,85,80.851,0.9873,5.747,1.836,ATPG_020,SCAN_AT_SPEED,PASS,NA,0.334
253,LOT_B002,W002,D0002,0.8,1.04,85,87.457,0.9837,5.536,1.761,ATPG_043,SCAN_AT_SPEED,PASS,NA,0.314
254,LOT_B002,W002,D0002,0.8,1.06,85,81.84,0.9817,5.439,1.96,ATPG_008,SCAN_AT_SPEED,PASS,NA,0.294
255,LOT_B002,W002,D0002,0.8,1.08,85,86.17,0.9249,5.32,1.705,ATPG_086,SCAN_AT_SPEED,PASS,NA,0.274
256,LOT_B002,W002,D0002,0.8,1.1,85,85.593,0.9152,5.756,1.871,ATPG_082,SCAN_AT_SPEED,PASS,NA,0.254
257,LOT_B002,W002,D0002,0.8,1.12,85,86.237,0.8965,5.512,1.982,ATPG_076,SCAN_AT_SPEED,PASS,NA,0.234
258,LOT_B002,W002,D0002,0.8,1.14,85,87.983,0.8543,5.891,1.732,ATPG_014,SCAN_AT_SPEED,PASS,NA,0.214
259,LOT_B002,W002,D0002,0.8,1.16,85,87.805,0.8781,5.342,1.998,ATPG_092,SCAN_AT_SPEED,PASS,NA,0.194
260,LOT_B002,W002,D0002,0.8,1.18,85,86.963,0.8762,5.632,1.922,ATPG_013,SCAN_AT_SPEED,PASS,NA,0.174
261,LOT_B002,W002,D0002,0.8,1.2,85,90.846,0.8311,5.703,1.97,ATPG_068,SCAN_AT_SPEED,PASS,NA,0.154
262,LOT_B002,W002,D0002,0.8,1.22,85,90.576,0.8472,5.504,1.945,ATPG_013,SCAN_AT_SPEED,PASS,NA,0.134
263,LOT_B002,W002,D0002,0.8,1.24,85,91.639,0.8286,5.297,1.883,ATPG_088,SCAN_AT_SPEED,PASS,NA,0.114
264,LOT_B002,W002,D0002,0.8,1.26,85,87.396,0.8247,5.387,1.835,ATPG_015,SCAN_AT_SPEED,PASS,NA,0.094
265,LOT_B002,W002,D0002,0.8,1.28,85,86.658,0.7821,5.918,1.751,ATPG_049,SCAN_AT_SPEED,PASS,NA,0.074
266,LOT_B002,W002,D0002,0.8,1.3,85,91.135,0.8143,5.426,1.814,ATPG_078,SCAN_AT_SPEED,PASS,NA,0.054
267,LOT_B002,W002,D0002,0.8,1.32,85,88.979,0.7092,5.598,1.865,ATPG_026,SCAN_AT_SPEED,PASS,NA,0.034
268,LOT_B002,W002,D0002,0.8,1.34,85,91.814,0.7541,5.513,1.978,ATPG_046,SCAN_AT_SPEED,PASS,NA,0.014
269,LOT_B002,W002,D0002,0.8,1.36,85,93.326,0.726,5.282,1.885,ATPG_015,SCAN_AT_SPEED,FAIL,FREQ_MARGIN,-0.006
270,LOT_B002,W002,D0002,0.8,1.38,85,93.305,0.74,5.575,1.874,ATPG_052,SCAN_AT_SPEED,FAIL,TIMING,-0.026
271,LOT_B002,W002,D0002,0.8,1.4,85,93.366,0.6931,5.876,1.958,ATPG_036,SCAN_AT_SPEED,FAIL,FREQ_MARGIN,-0.046
272,LOT_B002,W002,D0002,0.8,1.42,85,95.566,0.7087,5.933,1.732,ATPG_039,SCAN_AT_SPEED,FAIL,FREQ_MARGIN,-0.066
273,LOT_B002,W002,D0002,0.8,1.44,85,95.792,0.704,5.723,1.734,ATPG_042,SCAN_AT_SPEED,FAIL,FREQ_MARGIN,-0.086
274,LOT_B002,W002,D0002,0.8,1.46,85,92.166,0.6926,5.805,1.965,ATPG_013,SCAN_AT_SPEED,FAIL,FREQ_MARGIN,-0.106
275,LOT_B002,W002,D0002,0.8,1.48,85,98.519,0.6664,5.796,1.972,ATPG_009,SCAN_AT_SPEED,FAIL,FREQ_MARGIN,-0.126
276,LOT_B002,W002,D0002,0.8,1.5,85,95.837,0.6528,5.315,1.934,ATPG_024,SCAN_AT_SPEED,FAIL,FREQ_MARGIN,-0.146
277,LOT_B002,W002,D0002,0.8,1.52,85,99.511,0.6696,5.742,1.745,ATPG_050,SCAN_AT_SPEED,FAIL,TIMING,-0.166
278,LOT_B002,W002,D0002,0.8,1.54,85,100.642,0.6347,5.669,1.959,ATPG_055,SCAN_AT_SPEED,FAIL,TIMING,-0.186
279,LOT_B002,W002,D0002,0.8,1.56,85,102.369,0.6103,5.889,1.817,ATPG_021,SCAN_AT_SPEED,FAIL,FREQ_MARGIN,-0.206
280,LOT_B002,W002,D0002,0.8,1.58,85,101.096,0.6329,5.627,1.741,ATPG_057,SCAN_AT_SPEED,FAIL,FREQ_MARGIN,-0.226
281,LOT_B002,W002,D0002,0.8,1.6,85,99.964,0.6592,5.943,1.705,ATPG_085,SCAN_AT_SPEED,FAIL,FREQ_MARGIN,-0.246
282,LOT_B002,W002,D0002,0.8,1.62,85,101.015,0.6499,5.678,1.782,ATPG_024,SCAN_AT_SPEED,FAIL,FREQ_MARGIN,-0.266
283,LOT_B002,W002,D0002,0.8,1.64,85,101.317,0.5968,5.361,1.721,ATPG_036,SCAN_AT_SPEED,FAIL,FREQ_MARGIN,-0.286
284,LOT_B002,W002,D0002,0.8,1.66,85,100.672,0.6065,5.46,1.892,ATPG_049,SCAN_AT_SPEED,FAIL,TIMING,-0.306
285,LOT_B002,W002,D0002,0.8,1.68,85,104.422,0.5554,5.731,1.8,ATPG_008,SCAN_AT_SPEED,FAIL,FREQ_MARGIN,-0.326
286,LOT_B002,W002,D0002,0.8,1.7,85,105.148,0.5777,5.535,1.809,ATPG_070,SCAN_AT_SPEED,FAIL,FREQ_MARGIN,-0.346
287,LOT_B002,W002,D0002,0.8,1.72,85,104.519,0.5833,5.909,1.987,ATPG_035,SCAN_AT_SPEED,FAIL,FREQ_MARGIN,-0.366
288,LOT_B002,W002,D0002,0.8,1.74,85,104.318,0.5886,5.826,1.751,ATPG_077,SCAN_AT_SPEED,FAIL,FREQ_MARGIN,-0.386
289,LOT_B002,W002,D0002,0.8,1.76,85,108.818,0.5678,5.504,1.815,ATPG_062,SCAN_AT_SPEED,FAIL,FREQ_MARGIN,-0.406
290,LOT_B002,W002,D0002,0.8,1.78,85,107.727,0.5555,5.345,1.998,ATPG_023,SCAN_AT_SPEED,FAIL,FREQ_MARGIN,-0.426
291,LOT_B002,W002,D0002,0.8,1.8,85,107.75,0.5406,5.809,1.927,ATPG_065,SCAN_AT_SPEED,FAIL,FREQ_MARGIN,-0.446
292,LOT_B002,W002,D0002,0.8,1.82,85,108.691,0.5988,5.595,1.748,ATPG_033,SCAN_AT_SPEED,FAIL,FREQ_MARGIN,-0.466
293,LOT_B002,W002,D0002,0.8,1.84,85,108.298,0.5203,5.482,1.804,ATPG_014,SCAN_AT_SPEED,FAIL,FREQ_MARGIN,-0.486
294,LOT_B002,W002,D0002,0.8,1.86,85,106.444,0.5384,5.826,1.784,ATPG_073,SCAN_AT_SPEED,FAIL,FREQ_MARGIN,-0.506
295,LOT_B002,W002,D0002,0.8,1.88,85,110.937,0.5318,6.062,1.998,ATPG_026,SCAN_AT_SPEED,FAIL,FREQ_MARGIN,-0.526
296,LOT_B002,W002,D0002,0.8,1.9,85,112.477,0.5496,5.476,1.963,ATPG_012,SCAN_AT_SPEED,FAIL,FREQ_MARGIN,-0.546
297,LOT_B002,W002,D0002,0.8,1.92,85,110.034,0.5324,5.651,1.797,ATPG_030,SCAN_AT_SPEED,FAIL,FREQ_MARGIN,-0.566
298,LOT_B002,W002,D0002,0.8,1.94,85,111.035,0.4975,5.671,1.804,ATPG_035,SCAN_AT_SPEED,FAIL,FREQ_MARGIN,-0.586
299,LOT_B002,W002,D0002,0.8,1.96,85,114.145,0.4958,5.588,1.794,ATPG_020,SCAN_AT_SPEED,FAIL,FREQ_MARGIN,-0.606
300,LOT_B002,W002,D0002,0.8,1.98,85,118.618,0.5162,5.842,1.752,ATPG_095,SCAN_AT_SPEED,FAIL,TIMING,-0.626
301,LOT_B002,W002,D0002,0.8,2.0,85,112.401,0.519,5.634,1.77,ATPG_003,SCAN_AT_SPEED,FAIL,FREQ_MARGIN,-0.646
302,LOT_B002,W002,D0002,0.8,2.02,85,107.863,0.5048,5.55,1.794,ATPG_045,SCAN_AT_SPEED,FAIL,TIMING,-0.666
303,LOT_B002,W002,D0002,0.8,2.04,85,114.532,0.4912,5.69,1.809,ATPG_078,SCAN_AT_SPEED,FAIL,FREQ_MARGIN,-0.686
304,LOT_B002,W002,D0002,0.8,2.06,85,115.459,0.4842,5.426,1.998,ATPG_031,SCAN_AT_SPEED,FAIL,FREQ_MARGIN,-0.706
305,LOT_B002,W002,D0002,0.8,2.08,85,115.433,0.4734,5.482,1.73,ATPG_031,SCAN_AT_SPEED,FAIL,FREQ_MARGIN,-0.726
306,LOT_B002,W002,D0002,0.8,2.1,85,115.786,0.5066,5.751,1.89,ATPG_080,SCAN_AT_SPEED,FAIL,FREQ_MARGIN,-0.746
307,LOT_B002,W002,D0002,0.8,2.12,85,114.771,0.4817,5.746,1.828,ATPG_040,SCAN_AT_SPEED,FAIL,TIMING,-0.766
308,LOT_B002,W002,D0002,0.8,2.14,85,123.057,0.4938,5.477,1.896,ATPG_063,SCAN_AT_SPEED,FAIL,FREQ_MARGIN,-0.786
309,LOT_B002,W002,D0002,0.8,2.16,85,121.536,0.4805,5.501,1.703,ATPG_099,SCAN_AT_SPEED,FAIL,TIMING,-0.806
310,LOT_B002,W002,D0002,0.8,2.18,85,121.284,0.4378,5.517,1.937,ATPG_002,SCAN_AT_SPEED,FAIL,FREQ_MARGIN,-0.826
311,LOT_B002,W002,D0002,0.8,2.2,85,119.308,0.425,5.642,1.704,ATPG_021,SCAN_AT_SPEED,FAIL,FREQ_MARGIN,-0.846
312,LOT_B002,W002,D0002,0.8,2.22,85,121.407,0.4417,5.539,1.78,ATPG_085,SCAN_AT_SPEED,FAIL,FREQ_MARGIN,-0.866
313,LOT_B002,W002,D0002,0.8,2.24,85,124.073,0.4459,5.532,1.745,ATPG_011,SCAN_AT_SPEED,FAIL,FREQ_MARGIN,-0.886
314,LOT_B002,W002,D0002,0.8,2.26,85,120.453,0.4531,5.782,1.884,ATPG_052,SCAN_AT_SPEED,FAIL,FREQ_MARGIN,-0.906
315,LOT_B002,W002,D0002,0.8,2.28,85,125.902,0.4252,5.522,1.906,ATPG_029,SCAN_AT_SPEED,FAIL,FREQ_MARGIN,-0.926
316,LOT_B002,W002,D0002,0.8,2.3,85,125.68,0.4272,5.524,1.979,ATPG_060,SCAN_AT_SPEED,FAIL,FREQ_MARGIN,-0.946
317,LOT_B002,W002,D0002,0.8,2.32,85,125.416,0.3824,5.666,1.835,ATPG_060,SCAN_AT_SPEED,FAIL,FREQ_MARGIN,-0.966
318,LOT_B002,W002,D0002,0.8,2.34,85,124.685,0.4123,5.57,1.745,ATPG_049,SCAN_AT_SPEED,FAIL,TIMING,-0.986
319,LOT_B002,W002,D0002,0.8,2.36,85,125.46,0.4396,5.616,1.941,ATPG_032,SCAN_AT_SPEED,FAIL,FREQ_MARGIN,-1.006
320,LOT_B002,W002,D0002,0.8,2.38,85,128.616,0.4007,5.294,1.805,ATPG_099,SCAN_AT_SPEED,FAIL,FREQ_MARGIN,-1.026
321,LOT_B002,W002,D0002,0.82,0.8,85,78.556,1.2144,5.461,1.865,ATPG_028,SCAN_AT_SPEED,PASS,NA,0.6318
322,LOT_B002,W002,D0002,0.82,0.82,85,76.644,1.2201,5.533,1.97,ATPG_096,SCAN_AT_SPEED,PASS,NA,0.6118
323,LOT_B002,W002,D0002,0.82,0.84,85,75.856,1.2167,5.798,1.815,ATPG_008,SCAN_AT_SPEED,PASS,NA,0.5918
324,LOT_B002,W002,D0002,0.82,0.86,85,77.785,1.1622,5.653,1.969,ATPG_050,SCAN_AT_SPEED,PASS,NA,0.5718
325,LOT_B002,W002,D0002,0.82,0.88,85,80.013,1.1549,5.548,1.994,ATPG_010,SCAN_AT_SPEED,PASS,NA,0.5518
326,LOT_B002,W002,D0002,0.82,0.9,85,82.577,1.1219,5.778,1.738,ATPG_013,SCAN_AT_SPEED,PASS,NA,0.5318
327,LOT_B002,W002,D0002,0.82,0.92,85,82.321,1.0688,5.722,1.729,ATPG_015,SCAN_AT_SPEED,PASS,NA,0.5118
328,LOT_B002,W002,D0002,0.82,0.94,85,76.501,1.0536,5.871,1.978,ATPG_059,SCAN_AT_SPEED,PASS,NA,0.4918
329,LOT_B002,W002,D0002,0.82,0.96,85,79.967,1.0384,5.718,1.894,ATPG_044,SCAN_AT_SPEED,PASS,NA,0.4718
330,LOT_B002,W002,D0002,0.82,0.98,85,79.719,1.0134,5.903,1.863,ATPG_099,SCAN_AT_SPEED,PASS,NA,0.4518
331,LOT_B002,W002,D0002,0.82,1.0,85,83.899,1.0321,5.627,1.953,ATPG_021,SCAN_AT_SPEED,PASS,NA,0.4318
332,LOT_B002,W002,D0002,0.82,1.02,85,85.706,0.9863,5.516,1.918,ATPG_007,SCAN_AT_SPEED,PASS,NA,0.4118
333,LOT_B002,W002,D0002,0.82,1.04,85,80.677,0.9485,5.756,1.945,ATPG_002,SCAN_AT_SPEED,PASS,NA,0.3918
334,LOT_B002,W002,D0002,0.82,1.06,85,82.376,0.9239,5.668,1.927,ATPG_095,SCAN_AT_SPEED,PASS,NA,0.3718
335,LOT_B002,W002,D0002,0.82,1.08,85,81.879,0.9275,5.296,1.87,ATPG_097,SCAN_AT_SPEED,PASS,NA,0.3518
336,LOT_B002,W002,D0002,0.82,1.1,85,86.405,0.9055,5.505,1.748,ATPG_029,SCAN_AT_SPEED,PASS,NA,0.3318
337,LOT_B002,W002,D0002,0.82,1.12,85,88.771,0.8758,5.634,1.94,ATPG_058,SCAN_AT_SPEED,PASS,NA,0.3118
338,LOT_B002,W002,D0002,0.82,1.14,85,90.732,0.8533,5.755,1.807,ATPG_089,SCAN_AT_SPEED,PASS,NA,0.2918
339,LOT_B002,W002,D0002,0.82,1.16,85,88.937,0.9146,6.004,1.954,ATPG_013,SCAN_AT_SPEED,PASS,NA,0.2718
340,LOT_B002,W002,D0002,0.82,1.18,85,85.804,0.8384,5.455,1.963,ATPG_058,SCAN_AT_SPEED,PASS,NA,0.2518
341,LOT_B002,W002,D0002,0.82,1.2,85,87.719,0.7915,5.513,1.917,ATPG_058,SCAN_AT_SPEED,PASS,NA,0.2318
342,LOT_B002,W002,D0002,0.82,1.22,85,89.1,0.8118,5.605,1.816,ATPG_024,SCAN_AT_SPEED,PASS,NA,0.2118
343,LOT_B002,W002,D0002,0.82,1.24,85,89.848,0.8576,5.566,1.893,ATPG_017,SCAN_AT_SPEED,PASS,NA,0.1918
344,LOT_B002,W002,D0002,0.82,1.26,85,90.889,0.7888,5.613,1.846,ATPG_088,SCAN_AT_SPEED,PASS,NA,0.1718
345,LOT_B002,W002,D0002,0.82,1.28,85,92.206,0.7978,5.551,1.948,ATPG_030,SCAN_AT_SPEED,PASS,NA,0.1518
346,LOT_B002,W002,D0002,0.82,1.3,85,90.655,0.7906,5.753,1.995,ATPG_049,SCAN_AT_SPEED,PASS,NA,0.1318
347,LOT_B002,W002,D0002,0.82,1.32,85,94.993,0.7837,5.693,1.812,ATPG_031,SCAN_AT_SPEED,PASS,NA,0.1118
348,LOT_B002,W002,D0002,0.82,1.34,85,92.518,0.7446,5.303,1.879,ATPG_094,SCAN_AT_SPEED,PASS,NA,0.0918
349,LOT_B002,W002,D0002,0.82,1.36,85,94.365,0.7724,5.471,1.891,ATPG_047,SCAN_AT_SPEED,PASS,NA,0.0718
350,LOT_B002,W002,D0002,0.82,1.38,85,94.811,0.7172,5.484,1.872,ATPG_047,SCAN_AT_SPEED,PASS,NA,0.0518
351,LOT_B002,W002,D0002,0.82,1.4,85,98.097,0.6868,5.737,1.994,ATPG_016,SCAN_AT_SPEED,PASS,NA,0.0318
352,LOT_B002,W002,D0002,0.82,1.42,85,95.52,0.6663,5.831,1.982,ATPG_003,SCAN_AT_SPEED,PASS,NA,0.0118
353,LOT_B002,W002,D0002,0.82,1.44,85,97.573,0.6684,5.56,1.839,ATPG_042,SCAN_AT_SPEED,FAIL,TIMING,-0.0082
354,LOT_B002,W002,D0002,0.82,1.46,85,97.504,0.6627,5.954,1.724,ATPG_084,SCAN_AT_SPEED,FAIL,FREQ_MARGIN,-0.0282
355,LOT_B002,W002,D0002,0.82,1.48,85,98.441,0.6725,5.102,1.919,ATPG_039,SCAN_AT_SPEED,FAIL,FREQ_MARGIN,-0.0482
356,LOT_B002,W002,D0002,0.82,1.5,85,98.652,0.6656,5.476,1.704,ATPG_070,SCAN_AT_SPEED,FAIL,FREQ_MARGIN,-0.0682
357,LOT_B002,W002,D0002,0.82,1.52,85,101.482,0.6538,5.656,1.779,ATPG_024,SCAN_AT_SPEED,FAIL,FREQ_MARGIN,-0.0882
358,LOT_B002,W002,D0002,0.82,1.54,85,102.285,0.648,5.538,1.829,ATPG_035,SCAN_AT_SPEED,FAIL,FREQ_MARGIN,-0.1082
359,LOT_B002,W002,D0002,0.82,1.56,85,101.659,0.6407,5.571,1.719,ATPG_089,SCAN_AT_SPEED,FAIL,FREQ_MARGIN,-0.1282
360,LOT_B002,W002,D0002,0.82,1.58,85,99.196,0.6295,5.457,1.771,ATPG_057,SCAN_AT_SPEED,FAIL,FREQ_MARGIN,-0.1482
361,LOT_B002,W002,D0002,0.82,1.6,85,102.702,0.6267,5.726,1.868,ATPG_032,SCAN_AT_SPEED,FAIL,FREQ_MARGIN,-0.1682
362,LOT_B002,W002,D0002,0.82,1.62,85,105.456,0.6281,5.601,1.848,ATPG_071,SCAN_AT_SPEED,FAIL,FREQ_MARGIN,-0.1882
363,LOT_B002,W002,D0002,0.82,1.64,85,106.301,0.5847,5.835,1.759,ATPG_021,SCAN_AT_SPEED,FAIL,FREQ_MARGIN,-0.2082
364,LOT_B002,W002,D0002,0.82,1.66,85,101.909,0.5903,5.462,1.727,ATPG_088,SCAN_AT_SPEED,FAIL,FREQ_MARGIN,-0.2282
365,LOT_B002,W002,D0002,0.82,1.68,85,108.363,0.6485,5.88,1.734,ATPG_086,SCAN_AT_SPEED,FAIL,FREQ_MARGIN,-0.2482
366,LOT_B002,W002,D0002,0.82,1.7,85,108.637,0.6317,5.718,1.768,ATPG_098,SCAN_AT_SPEED,FAIL,TIMING,-0.2682
367,LOT_B002,W002,D0002,0.82,1.72,85,108.297,0.5995,5.764,1.839,ATPG_098,SCAN_AT_SPEED,FAIL,TIMING,-0.2882
368,LOT_B002,W002,D0002,0.82,1.74,85,105.65,0.6027,5.691,1.838,ATPG_051,SCAN_AT_SPEED,FAIL,TIMING,-0.3082
369,LOT_B002,W002,D0002,0.82,1.76,85,107.842,0.5973,5.674,1.802,ATPG_064,SCAN_AT_SPEED,FAIL,FREQ_MARGIN,-0.3282
370,LOT_B002,W002,D0002,0.82,1.78,85,107.419,0.5643,5.486,1.761,ATPG_021,SCAN_AT_SPEED,FAIL,FREQ_MARGIN,-0.3482
371,LOT_B002,W002,D0002,0.82,1.8,85,112.289,0.5647,5.481,1.777,ATPG_085,SCAN_AT_SPEED,FAIL,FREQ_MARGIN,-0.3682
372,LOT_B002,W002,D0002,0.82,1.82,85,109.574,0.5511,5.529,1.849,ATPG_040,SCAN_AT_SPEED,FAIL,TIMING,-0.3882
373,LOT_B002,W002,D0002,0.82,1.84,85,112.115,0.5009,5.516,1.819,ATPG_006,SCAN_AT_SPEED,FAIL,FREQ_MARGIN,-0.4082
374,LOT_B002,W002,D0002,0.82,1.86,85,107.346,0.5449,5.716,1.89,ATPG_043,SCAN_AT_SPEED,FAIL,TIMING,-0.4282
375,LOT_B002,W002,D0002,0.82,1.88,85,114.401,0.5532,5.124,1.867,ATPG_055,SCAN_AT_SPEED,FAIL,TIMING,-0.4482
376,LOT_B002,W002,D0002,0.82,1.9,85,113.988,0.521,5.591,1.995,ATPG_002,SCAN_AT_SPEED,FAIL,FREQ_MARGIN,-0.4682
377,LOT_B002,W002,D0002,0.82,1.92,85,113.943,0.5226,5.591,1.809,ATPG_033,SCAN_AT_SPEED,FAIL,FREQ_MARGIN,-0.4882
378,LOT_B002,W002,D0002,0.82,1.94,85,111.722,0.5567,5.761,1.725,ATPG_032,SCAN_AT_SPEED,FAIL,FREQ_MARGIN,-0.5082
379,LOT_B002,W002,D0002,0.82,1.96,85,112.153,0.4994,5.744,1.796,ATPG_032,SCAN_AT_SPEED,FAIL,FREQ_MARGIN,-0.5282
380,LOT_B002,W002,D0002,0.82,1.98,85,115.474,0.528,5.667,1.75,ATPG_001,SCAN_AT_SPEED,FAIL,FREQ_MARGIN,-0.5482
381,LOT_B002,W002,D0002,0.82,2.0,85,118.465,0.4846,5.754,1.728,ATPG_095,SCAN_AT_SPEED,FAIL,TIMING,-0.5682
382,LOT_B002,W002,D0002,0.82,2.02,85,117.415,0.4989,5.741,1.756,ATPG_068,SCAN_AT_SPEED,FAIL,FREQ_MARGIN,-0.5882
383,LOT_B002,W002,D0002,0.82,2.04,85,116.206,0.5048,5.732,1.794,ATPG_093,SCAN_AT_SPEED,FAIL,FREQ_MARGIN,-0.6082
384,LOT_B002,W002,D0002,0.82,2.06,85,120.162,0.4655,5.672,1.914,ATPG_088,SCAN_AT_SPEED,FAIL,FREQ_MARGIN,-0.6282
385,LOT_B002,W002,D0002,0.82,2.08,85,117.214,0.4726,5.563,1.804,ATPG_090,SCAN_AT_SPEED,FAIL,FREQ_MARGIN,-0.6482
386,LOT_B002,W002,D0002,0.82,2.1,85,116.596,0.5078,6.079,1.942,ATPG_047,SCAN_AT_SPEED,FAIL,FREQ_MARGIN,-0.6682
387,LOT_B002,W002,D0002,0.82,2.12,85,120.563,0.4782,5.496,1.903,ATPG_094,SCAN_AT_SPEED,FAIL,TIMING,-0.6882
388,LOT_B002,W002,D0002,0.82,2.14,85,118.346,0.4846,5.777,1.765,ATPG_066,SCAN_AT_SPEED,FAIL,FREQ_MARGIN,-0.7082
389,LOT_B002,W002,D0002,0.82,2.16,85,120.092,0.4366,5.882,1.981,ATPG_015,SCAN_AT_SPEED,FAIL,FREQ_MARGIN,-0.7282
390,LOT_B002,W002,D0002,0.82,2.18,85,122.871,0.4759,5.557,1.7,ATPG_076,SCAN_AT_SPEED,FAIL,FREQ_MARGIN,-0.7482
391,LOT_B002,W002,D0002,0.82,2.2,85,122.852,0.4351,5.65,1.838,ATPG_059,SCAN_AT_SPEED,FAIL,FREQ_MARGIN,-0.7682
392,LOT_B002,W002,D0002,0.82,2.22,85,122.339,0.4485,5.474,1.705,ATPG_100,SCAN_AT_SPEED,FAIL,TIMING,-0.7882
393,LOT_B002,W002,D0002,0.82,2.24,85,126.295,0.4549,5.632,1.958,ATPG_040,SCAN_AT_SPEED,FAIL,TIMING,-0.8082
394,LOT_B002,W002,D0002,0.82,2.26,85,125.815,0.4433,5.775,1.868,ATPG_083,SCAN_AT_SPEED,FAIL,FREQ_MARGIN,-0.8282
395,LOT_B002,W002,D0002,0.82,2.28,85,125.093,0.4754,5.75,1.729,ATPG_019,SCAN_AT_SPEED,FAIL,FREQ_MARGIN,-0.8482
396,LOT_B002,W002,D0002,0.82,2.3,85,125.612,0.4514,5.56,1.722,ATPG_030,SCAN_AT_SPEED,FAIL,FREQ_MARGIN,-0.8682
397,LOT_B002,W002,D0002,0.82,2.32,85,124.99,0.4616,5.807,1.719,ATPG_059,SCAN_AT_SPEED,FAIL,FREQ_MARGIN,-0.8882
398,LOT_B002,W002,D0002,0.82,2.34,85,128.653,0.4253,6.018,1.938,ATPG_092,SCAN_AT_SPEED,FAIL,TIMING,-0.9082
399,LOT_B002,W002,D0002,0.82,2.36,85,127.07,0.4138,5.351,1.937,ATPG_030,SCAN_AT_SPEED,FAIL,FREQ_MARGIN,-0.9282
400,LOT_B002,W002,D0002,0.82,2.38,85,126.596,0.4271,5.683,1.734,ATPG_085,SCAN_AT_SPEED,FAIL,FREQ_MARGIN,-0.9482
401,LOT_B002,W002,D0002,0.83,0.8,85,77.09,1.2631,5.862,1.829,ATPG_073,SCAN_AT_SPEED,PASS,NA,0.6741
402,LOT_B002,W002,D0002,0.83,0.82,85,82.599,1.237,5.718,1.741,ATPG_076,SCAN_AT_SPEED,PASS,NA,0.6541
403,LOT_B002,W002,D0002,0.83,0.84,85,77.613,1.2227,5.924,1.878,ATPG_019,SCAN_AT_SPEED,PASS,NA,0.6341
404,LOT_B002,W002,D0002,0.83,0.86,85,81.182,1.185,6.014,1.74,ATPG_029,SCAN_AT_SPEED,PASS,NA,0.6141
405,LOT_B002,W002,D0002,0.83,0.88,85,78.703,1.1448,5.253,1.88,ATPG_004,SCAN_AT_SPEED,PASS,NA,0.5941
406,LOT_B002,W002,D0002,0.83,0.9,85,80.167,1.1068,5.915,1.701,ATPG_055,SCAN_AT_SPEED,PASS,NA,0.5741
407,LOT_B002,W002,D0002,0.83,0.92,85,79.32,1.0784,5.726,1.991,ATPG_061,SCAN_AT_SPEED,PASS,NA,0.5541
408,LOT_B002,W002,D0002,0.83,0.94,85,79.823,1.0537,6.193,1.841,ATPG_093,SCAN_AT_SPEED,PASS,NA,0.5341
409,LOT_B002,W002,D0002,0.83,0.96,85,80.083,1.0376,5.599,1.702,ATPG_048,SCAN_AT_SPEED,PASS,NA,0.5141
410,LOT_B002,W002,D0002,0.83,0.98,85,82.55,1.0262,5.793,1.785,ATPG_062,SCAN_AT_SPEED,PASS,NA,0.4941
411,LOT_B002,W002,D0002,0.83,1.0,85,83.838,0.9625,6.001,1.98,ATPG_039,SCAN_AT_SPEED,PASS,NA,0.4741
412,LOT_B002,W002,D0002,0.83,1.02,85,84.094,0.9975,5.617,1.945,ATPG_009,SCAN_AT_SPEED,PASS,NA,0.4541
413,LOT_B002,W002,D0002,0.83,1.04,85,84.735,0.9612,5.301,1.911,ATPG_021,SCAN_AT_SPEED,PASS,NA,0.4341
414,LOT_B002,W002,D0002,0.83,1.06,85,87.344,0.9417,5.885,1.75,ATPG_019,SCAN_AT_SPEED,PASS,NA,0.4141
415,LOT_B002,W002,D0002,0.83,1.08,85,82.25,0.9313,5.416,1.882,ATPG_040,SCAN_AT_SPEED,PASS,NA,0.3941
416,LOT_B002,W002,D0002,0.83,1.1,85,87.537,0.912,5.637,1.777,ATPG_033,SCAN_AT_SPEED,PASS,NA,0.3741
417,LOT_B002,W002,D0002,0.83,1.12,85,88.821,0.9046,5.492,1.728,ATPG_087,SCAN_AT_SPEED,PASS,NA,0.3541
418,LOT_B002,W002,D0002,0.83,1.14,85,90.019,0.8795,5.917,1.821,ATPG_028,SCAN_AT_SPEED,PASS,NA,0.3341
419,LOT_B002,W002,D0002,0.83,1.16,85,87.459,0.8887,6.034,1.966,ATPG_015,SCAN_AT_SPEED,PASS,NA,0.3141
420,LOT_B002,W002,D0002,0.83,1.18,85,91.83,0.8626,5.775,1.962,ATPG_077,SCAN_AT_SPEED,PASS,NA,0.2941
421,LOT_B002,W002,D0002,0.83,1.2,85,92.503,0.859,5.886,1.997,ATPG_084,SCAN_AT_SPEED,PASS,NA,0.2741
422,LOT_B002,W002,D0002,0.83,1.22,85,90.738,0.8155,5.727,1.789,ATPG_002,SCAN_AT_SPEED,PASS,NA,0.2541
423,LOT_B002,W002,D0002,0.83,1.24,85,90.796,0.803,5.58,1.945,ATPG_065,SCAN_AT_SPEED,PASS,NA,0.2341
424,LOT_B002,W002,D0002,0.83,1.26,85,88.862,0.8106,5.827,1.829,ATPG_038,SCAN_AT_SPEED,PASS,NA,0.2141
425,LOT_B002,W002,D0002,0.83,1.28,85,92.658,0.7865,5.572,1.768,ATPG_099,SCAN_AT_SPEED,PASS,NA,0.1941
426,LOT_B002,W002,D0002,0.83,1.3,85,95.262,0.7744,5.791,1.975,ATPG_032,SCAN_AT_SPEED,PASS,NA,0.1741
427,LOT_B002,W002,D0002,0.83,1.32,85,93.667,0.7855,5.664,1.75,ATPG_063,SCAN_AT_SPEED,PASS,NA,0.1541
428,LOT_B002,W002,D0002,0.83,1.34,85,100.662,0.7377,5.54,1.708,ATPG_007,SCAN_AT_SPEED,PASS,NA,0.1341
429,LOT_B002,W002,D0002,0.83,1.36,85,97.699,0.718,5.634,1.954,ATPG_060,SCAN_AT_SPEED,PASS,NA,0.1141
430,LOT_B002,W002,D0002,0.83,1.38,85,96.233,0.7128,5.486,1.996,ATPG_008,SCAN_AT_SPEED,PASS,NA,0.0941
431,LOT_B002,W002,D0002,0.83,1.4,85,96.536,0.6789,5.817,1.794,ATPG_065,SCAN_AT_SPEED,PASS,NA,0.0741
432,LOT_B002,W002,D0002,0.83,1.42,85,94.242,0.7035,5.514,1.951,ATPG_015,SCAN_AT_SPEED,PASS,NA,0.0541
433,LOT_B002,W002,D0002,0.83,1.44,85,97.621,0.6992,5.779,1.948,ATPG_037,SCAN_AT_SPEED,PASS,NA,0.0341
434,LOT_B002,W002,D0002,0.83,1.46,85,100.28,0.6552,5.425,1.802,ATPG_029,SCAN_AT_SPEED,PASS,NA,0.0141
435,LOT_B002,W002,D0002,0.83,1.48,85,99.099,0.6503,5.813,1.774,ATPG_068,SCAN_AT_SPEED,FAIL,FREQ_MARGIN,-0.0059
436,LOT_B002,W002,D0002,0.83,1.5,85,100.047,0.6558,5.373,1.778,ATPG_087,SCAN_AT_SPEED,FAIL,FREQ_MARGIN,-0.0259
437,LOT_B002,W002,D0002,0.83,1.52,85,104.531,0.6706,5.75,1.863,ATPG_051,SCAN_AT_SPEED,FAIL,FREQ_MARGIN,-0.0459
438,LOT_B002,W002,D0002,0.83,1.54,85,100.111,0.6541,5.519,1.833,ATPG_001,SCAN_AT_SPEED,FAIL,FREQ_MARGIN,-0.0659
439,LOT_B002,W002,D0002,0.83,1.56,85,102.376,0.6802,5.913,1.76,ATPG_098,SCAN_AT_SPEED,FAIL,TIMING,-0.0859
440,LOT_B002,W002,D0002,0.83,1.58,85,104.711,0.6312,5.75,1.913,ATPG_085,SCAN_AT_SPEED,FAIL,FREQ_MARGIN,-0.1059
441,LOT_B002,W002,D0002,0.83,1.6,85,103.636,0.5912,5.529,1.838,ATPG_019,SCAN_AT_SPEED,FAIL,FREQ_MARGIN,-0.1259
442,LOT_B002,W002,D0002,0.83,1.62,85,106.068,0.6499,5.799,1.717,ATPG_021,SCAN_AT_SPEED,FAIL,FREQ_MARGIN,-0.1459
443,LOT_B002,W002,D0002,0.83,1.64,85,105.691,0.6173,5.659,1.845,ATPG_056,SCAN_AT_SPEED,FAIL,FREQ_MARGIN,-0.1659
444,LOT_B002,W002,D0002,0.83,1.66,85,105.053,0.5639,5.717,1.857,ATPG_096,SCAN_AT_SPEED,FAIL,TIMING,-0.1859
445,LOT_B002,W002,D0002,0.83,1.68,85,104.585,0.5525,6.008,1.873,ATPG_062,SCAN_AT_SPEED,FAIL,FREQ_MARGIN,-0.2059
446,LOT_B002,W002,D0002,0.83,1.7,85,112.715,0.554,5.293,1.881,ATPG_051,SCAN_AT_SPEED,FAIL,TIMING,-0.2259
447,LOT_B002,W002,D0002,0.83,1.72,85,106.891,0.5609,6.011,1.794,ATPG_004,SCAN_AT_SPEED,FAIL,FREQ_MARGIN,-0.2459
448,LOT_B002,W002,D0002,0.83,1.74,85,106.179,0.5159,5.852,1.888,ATPG_067,SCAN_AT_SPEED,FAIL,FREQ_MARGIN,-0.2659
449,LOT_B002,W002,D0002,0.83,1.76,85,110.203,0.5698,5.891,1.89,ATPG_031,SCAN_AT_SPEED,FAIL,FREQ_MARGIN,-0.2859
450,LOT_B002,W002,D0002,0.83,1.78,85,111.255,0.5512,5.962,1.784,ATPG_021,SCAN_AT_SPEED,FAIL,FREQ_MARGIN,-0.3059
451,LOT_B002,W002,D0002,0.83,1.8,85,112.654,0.5797,5.761,1.721,ATPG_056,SCAN_AT_SPEED,FAIL,FREQ_MARGIN,-0.3259
452,LOT_B002,W002,D0002,0.83,1.82,85,107.545,0.5645,5.893,1.898,ATPG_013,SCAN_AT_SPEED,FAIL,FREQ_MARGIN,-0.3459
453,LOT_B002,W002,D0002,0.83,1.84,85,111.791,0.5429,5.947,1.723,ATPG_001,SCAN_AT_SPEED,FAIL,FREQ_MARGIN,-0.3659
454,LOT_B002,W002,D0002,0.83,1.86,85,109.988,0.5347,5.598,1.805,ATPG_004,SCAN_AT_SPEED,FAIL,FREQ_MARGIN,-0.3859
455,LOT_B002,W002,D0002,0.83,1.88,85,114.61,0.5176,6.109,1.953,ATPG_003,SCAN_AT_SPEED,FAIL,FREQ_MARGIN,-0.4059
456,LOT_B002,W002,D0002,0.83,1.9,85,113.752,0.5249,5.5,1.913,ATPG_016,SCAN_AT_SPEED,FAIL,FREQ_MARGIN,-0.4259
457,LOT_B002,W002,D0002,0.83,1.92,85,111.748,0.5383,5.581,1.979,ATPG_056,SCAN_AT_SPEED,FAIL,FREQ_MARGIN,-0.4459
458,LOT_B002,W002,D0002,0.83,1.94,85,113.148,0.4754,5.68,1.768,ATPG_055,SCAN_AT_SPEED,FAIL,TIMING,-0.4659
459,LOT_B002,W002,D0002,0.83,1.96,85,115.192,0.5374,5.789,1.737,ATPG_030,SCAN_AT_SPEED,FAIL,FREQ_MARGIN,-0.4859
460,LOT_B002,W002,D0002,0.83,1.98,85,113.118,0.5132,5.869,1.836,ATPG_081,SCAN_AT_SPEED,FAIL,FREQ_MARGIN,-0.5059
461,LOT_B002,W002,D0002,0.83,2.0,85,116.819,0.5161,5.635,1.947,ATPG_100,SCAN_AT_SPEED,FAIL,TIMING,-0.5259
462,LOT_B002,W002,D0002,0.83,2.02,85,115.117,0.4603,5.838,1.736,ATPG_024,SCAN_AT_SPEED,FAIL,FREQ_MARGIN,-0.5459
463,LOT_B002,W002,D0002,0.83,2.04,85,116.25,0.4535,5.911,1.74,ATPG_059,SCAN_AT_SPEED,FAIL,FREQ_MARGIN,-0.5659
464,LOT_B002,W002,D0002,0.83,2.06,85,118.336,0.4547,5.602,1.731,ATPG_098,SCAN_AT_SPEED,FAIL,TIMING,-0.5859
465,LOT_B002,W002,D0002,0.83,2.08,85,120.966,0.4636,5.527,1.731,ATPG_093,SCAN_AT_SPEED,FAIL,FREQ_MARGIN,-0.6059
466,LOT_B002,W002,D0002,0.83,2.1,85,121.971,0.4551,5.77,1.96,ATPG_065,SCAN_AT_SPEED,FAIL,FREQ_MARGIN,-0.6259
467,LOT_B002,W002,D0002,0.83,2.12,85,120.909,0.4887,5.772,1.813,ATPG_068,SCAN_AT_SPEED,FAIL,FREQ_MARGIN,-0.6459
468,LOT_B002,W002,D0002,0.83,2.14,85,120.773,0.4741,5.583,1.713,ATPG_076,SCAN_AT_SPEED,FAIL,FREQ_MARGIN,-0.6659
469,LOT_B002,W002,D0002,0.83,2.16,85,124.85,0.4734,5.468,1.9,ATPG_029,SCAN_AT_SPEED,FAIL,FREQ_MARGIN,-0.6859
470,LOT_B002,W002,D0002,0.83,2.18,85,120.743,0.4508,5.602,1.903,ATPG_033,SCAN_AT_SPEED,FAIL,FREQ_MARGIN,-0.7059
471,LOT_B002,W002,D0002,0.83,2.2,85,121.805,0.4669,5.67,1.714,ATPG_025,SCAN_AT_SPEED,FAIL,FREQ_MARGIN,-0.7259
472,LOT_B002,W002,D0002,0.83,2.22,85,126.112,0.4727,5.719,1.733,ATPG_048,SCAN_AT_SPEED,FAIL,TIMING,-0.7459
473,LOT_B002,W002,D0002,0.83,2.24,85,123.795,0.4031,5.799,1.916,ATPG_078,SCAN_AT_SPEED,FAIL,FREQ_MARGIN,-0.7659
474,LOT_B002,W002,D0002,0.83,2.26,85,127.709,0.4846,5.659,1.964,ATPG_009,SCAN_AT_SPEED,FAIL,FREQ_MARGIN,-0.7859
475,LOT_B002,W002,D0002,0.83,2.28,85,127.042,0.446,5.7,1.992,ATPG_097,SCAN_AT_SPEED,FAIL,TIMING,-0.8059
476,LOT_B002,W002,D0002,0.83,2.3,85,125.185,0.4476,5.553,1.967,ATPG_044,SCAN_AT_SPEED,FAIL,TIMING,-0.8259
477,LOT_B002,W002,D0002,0.83,2.32,85,128.053,0.4125,5.851,1.906,ATPG_099,SCAN_AT_SPEED,FAIL,TIMING,-0.8459
478,LOT_B002,W002,D0002,0.83,2.34,85,127.891,0.4047,5.428,1.706,ATPG_013,SCAN_AT_SPEED,FAIL,FREQ_MARGIN,-0.8659
479,LOT_B002,W002,D0002,0.83,2.36,85,129.67,0.442,5.678,1.963,ATPG_100,SCAN_AT_SPEED,FAIL,TIMING,-0.8859
480,LOT_B002,W002,D0002,0.83,2.38,85,127.119,0.4091,6.016,1.836,ATPG_060,SCAN_AT_SPEED,FAIL,FREQ_MARGIN,-0.9059
481,LOT_B002,W002,D0002,0.85,0.8,85,75.762,1.2538,5.802,1.78,ATPG_092,SCAN_AT_SPEED,PASS,NA,0.7288
482,LOT_B002,W002,D0002,0.85,0.82,85,75.467,1.2026,5.593,1.893,ATPG_096,SCAN_AT_SPEED,PASS,NA,0.7088
483,LOT_B002,W002,D0002,0.85,0.84,85,80.022,1.1915,5.882,1.954,ATPG_012,SCAN_AT_SPEED,PASS,NA,0.6888
484,LOT_B002,W002,D0002,0.85,0.86,85,81.764,1.1317,5.885,1.762,ATPG_073,SCAN_AT_SPEED,PASS,NA,0.6688
485,LOT_B002,W002,D0002,0.85,0.88,85,81.498,1.1328,5.77,1.768,ATPG_059,SCAN_AT_SPEED,PASS,NA,0.6488
486,LOT_B002,W002,D0002,0.85,0.9,85,79.36,1.1146,6.331,1.875,ATPG_098,SCAN_AT_SPEED,PASS,NA,0.6288
487,LOT_B002,W002,D0002,0.85,0.92,85,80.395,1.0551,5.887,1.895,ATPG_009,SCAN_AT_SPEED,PASS,NA,0.6088
488,LOT_B002,W002,D0002,0.85,0.94,85,79.44,1.0563,5.726,1.887,ATPG_075,SCAN_AT_SPEED,PASS,NA,0.5888
489,LOT_B002,W002,D0002,0.85,0.96,85,82.005,1.0229,5.622,1.994,ATPG_010,SCAN_AT_SPEED,PASS,NA,0.5688
490,LOT_B002,W002,D0002,0.85,0.98,85,80.724,0.997,6.165,1.804,ATPG_072,SCAN_AT_SPEED,PASS,NA,0.5488
491,LOT_B002,W002,D0002,0.85,1.0,85,85.697,0.982,6.098,1.862,ATPG_052,SCAN_AT_SPEED,PASS,NA,0.5288
492,LOT_B002,W002,D0002,0.85,1.02,85,84.04,0.9637,5.879,1.74,ATPG_031,SCAN_AT_SPEED,PASS,NA,0.5088
493,LOT_B002,W002,D0002,0.85,1.04,85,89.539,0.9458,6.056,1.806,ATPG_050,SCAN_AT_SPEED,PASS,NA,0.4888
494,LOT_B002,W002,D0002,0.85,1.06,85,86.255,0.9172,5.931,1.838,ATPG_021,SCAN_AT_SPEED,PASS,NA,0.4688
495,LOT_B002,W002,D0002,0.85,1.08,85,87.103,0.9013,5.809,1.763,ATPG_003,SCAN_AT_SPEED,PASS,NA,0.4488
496,LOT_B002,W002,D0002,0.85,1.1,85,82.649,0.8939,5.969,1.891,ATPG_033,SCAN_AT_SPEED,PASS,NA,0.4288
497,LOT_B002,W002,D0002,0.85,1.12,85,88.7,0.8906,5.958,1.857,ATPG_048,SCAN_AT_SPEED,PASS,NA,0.4088
498,LOT_B002,W002,D0002,0.85,1.14,85,87.912,0.8629,5.526,1.887,ATPG_076,SCAN_AT_SPEED,PASS,NA,0.3888
499,LOT_B002,W002,D0002,0.85,1.16,85,89.754,0.8884,5.685,1.909,ATPG_026,SCAN_AT_SPEED,PASS,NA,0.3688
500,LOT_B002,W002,D0002,0.85,1.18,85,90.972,0.8346,5.853,1.843,ATPG_043,SCAN_AT_SPEED,PASS,NA,0.3488
501,LOT_B002,W002,D0002,0.85,1.2,85,91.776,0.8183,5.638,1.837,ATPG_096,SCAN_AT_SPEED,PASS,NA,0.3288
502,LOT_B002,W002,D0002,0.85,1.22,85,91.944,0.8195,5.608,1.704,ATPG_081,SCAN_AT_SPEED,PASS,NA,0.3088
503,LOT_B002,W002,D0002,0.85,1.24,85,95.285,0.8318,5.739,1.866,ATPG_074,SCAN_AT_SPEED,PASS,NA,0.2888
504,LOT_B002,W002,D0002,0.85,1.26,85,92.961,0.7815,5.584,1.774,ATPG_043,SCAN_AT_SPEED,PASS,NA,0.2688
505,LOT_B002,W002,D0002,0.85,1.28,85,95.042,0.7763,6.269,1.736,ATPG_093,SCAN_AT_SPEED,PASS,NA,0.2488
506,LOT_B002,W002,D0002,0.85,1.3,85,94.186,0.7112,5.972,1.891,ATPG_009,SCAN_AT_SPEED,PASS,NA,0.2288
507,LOT_B002,W002,D0002,0.85,1.32,85,98.881,0.7606,5.899,1.985,ATPG_020,SCAN_AT_SPEED,PASS,NA,0.2088
508,LOT_B002,W002,D0002,0.85,1.34,85,97.126,0.7095,5.561,1.954,ATPG_091,SCAN_AT_SPEED,PASS,NA,0.1888
509,LOT_B002,W002,D0002,0.85,1.36,85,99.46,0.7162,5.852,1.766,ATPG_001,SCAN_AT_SPEED,PASS,NA,0.1688
510,LOT_B002,W002,D0002,0.85,1.38,85,96.106,0.7268,5.986,1.831,ATPG_005,SCAN_AT_SPEED,PASS,NA,0.1488
511,LOT_B002,W002,D0002,0.85,1.4,85,98.769,0.6991,5.484,1.952,ATPG_051,SCAN_AT_SPEED,PASS,NA,0.1288
512,LOT_B002,W002,D0002,0.85,1.42,85,100.038,0.6979,5.819,1.929,ATPG_060,SCAN_AT_SPEED,PASS,NA,0.1088
513,LOT_B002,W002,D0002,0.85,1.44,85,101.166,0.625,5.777,1.761,ATPG_023,SCAN_AT_SPEED,PASS,NA,0.0888
514,LOT_B002,W002,D0002,0.85,1.46,85,97.92,0.6763,5.643,1.891,ATPG_093,SCAN_AT_SPEED,PASS,NA,0.0688
515,LOT_B002,W002,D0002,0.85,1.48,85,100.493,0.6797,5.328,1.943,ATPG_091,SCAN_AT_SPEED,PASS,NA,0.0488
516,LOT_B002,W002,D0002,0.85,1.5,85,99.694,0.6679,6.092,1.839,ATPG_040,SCAN_AT_SPEED,PASS,NA,0.0288
517,LOT_B002,W002,D0002,0.85,1.52,85,104.301,0.6246,5.735,1.711,ATPG_053,SCAN_AT_SPEED,PASS,NA,0.0088
518,LOT_B002,W002,D0002,0.85,1.54,85,101.009,0.6276,5.856,1.769,ATPG_053,SCAN_AT_SPEED,FAIL,TIMING,-0.0112
519,LOT_B002,W002,D0002,0.85,1.56,85,100.868,0.6217,5.73,1.92,ATPG_051,SCAN_AT_SPEED,FAIL,FREQ_MARGIN,-0.0312
520,LOT_B002,W002,D0002,0.85,1.58,85,105.053,0.5984,5.942,1.798,ATPG_036,SCAN_AT_SPEED,FAIL,FREQ_MARGIN,-0.0512
521,LOT_B002,W002,D0002,0.85,1.6,85,103.045,0.6065,5.678,1.738,ATPG_025,SCAN_AT_SPEED,FAIL,FREQ_MARGIN,-0.0712
522,LOT_B002,W002,D0002,0.85,1.62,85,107.999,0.6053,5.505,1.863,ATPG_047,SCAN_AT_SPEED,FAIL,TIMING,-0.0912
523,LOT_B002,W002,D0002,0.85,1.64,85,106.217,0.6124,5.499,1.889,ATPG_074,SCAN_AT_SPEED,FAIL,FREQ_MARGIN,-0.1112
524,LOT_B002,W002,D0002,0.85,1.66,85,107.741,0.6234,5.549,1.928,ATPG_086,SCAN_AT_SPEED,FAIL,FREQ_MARGIN,-0.1312
525,LOT_B002,W002,D0002,0.85,1.68,85,105.124,0.606,5.68,1.992,ATPG_065,SCAN_AT_SPEED,FAIL,FREQ_MARGIN,-0.1512
526,LOT_B002,W002,D0002,0.85,1.7,85,107.09,0.5799,5.773,1.709,ATPG_088,SCAN_AT_SPEED,FAIL,FREQ_MARGIN,-0.1712
527,LOT_B002,W002,D0002,0.85,1.72,85,110.364,0.557,5.589,1.994,ATPG_041,SCAN_AT_SPEED,FAIL,FREQ_MARGIN,-0.1912
528,LOT_B002,W002,D0002,0.85,1.74,85,109.783,0.5605,5.759,1.865,ATPG_003,SCAN_AT_SPEED,FAIL,FREQ_MARGIN,-0.2112
529,LOT_B002,W002,D0002,0.85,1.76,85,113.592,0.5604,5.631,1.936,ATPG_081,SCAN_AT_SPEED,FAIL,FREQ_MARGIN,-0.2312
530,LOT_B002,W002,D0002,0.85,1.78,85,109.932,0.5314,5.835,1.911,ATPG_068,SCAN_AT_SPEED,FAIL,FREQ_MARGIN,-0.2512
531,LOT_B002,W002,D0002,0.85,1.8,85,110.486,0.5924,5.91,1.862,ATPG_083,SCAN_AT_SPEED,FAIL,FREQ_MARGIN,-0.2712
532,LOT_B002,W002,D0002,0.85,1.82,85,111.518,0.5579,5.459,1.943,ATPG_065,SCAN_AT_SPEED,FAIL,FREQ_MARGIN,-0.2912
533,LOT_B002,W002,D0002,0.85,1.84,85,111.954,0.5356,5.988,1.902,ATPG_095,SCAN_AT_SPEED,FAIL,FREQ_MARGIN,-0.3112
534,LOT_B002,W002,D0002,0.85,1.86,85,114.607,0.5619,5.576,1.972,ATPG_072,SCAN_AT_SPEED,FAIL,FREQ_MARGIN,-0.3312
535,LOT_B002,W002,D0002,0.85,1.88,85,114.443,0.522,5.717,1.756,ATPG_082,SCAN_AT_SPEED,FAIL,FREQ_MARGIN,-0.3512
536,LOT_B002,W002,D0002,0.85,1.9,85,112.595,0.5513,5.629,1.8,ATPG_012,SCAN_AT_SPEED,FAIL,FREQ_MARGIN,-0.3712
537,LOT_B002,W002,D0002,0.85,1.92,85,112.25,0.5398,5.902,1.774,ATPG_057,SCAN_AT_SPEED,FAIL,FREQ_MARGIN,-0.3912
538,LOT_B002,W002,D0002,0.85,1.94,85,114.888,0.4931,5.508,1.717,ATPG_033,SCAN_AT_SPEED,FAIL,FREQ_MARGIN,-0.4112
539,LOT_B002,W002,D0002,0.85,1.96,85,119.112,0.517,5.737,1.934,ATPG_047,SCAN_AT_SPEED,FAIL,TIMING,-0.4312
540,LOT_B002,W002,D0002,0.85,1.98,85,117.265,0.5128,5.796,1.867,ATPG_054,SCAN_AT_SPEED,FAIL,TIMING,-0.4512
541,LOT_B002,W002,D0002,0.85,2.0,85,118.077,0.534,5.721,1.804,ATPG_082,SCAN_AT_SPEED,FAIL,FREQ_MARGIN,-0.4712
542,LOT_B002,W002,D0002,0.85,2.02,85,119.027,0.5292,5.709,1.889,ATPG_076,SCAN_AT_SPEED,FAIL,FREQ_MARGIN,-0.4912
543,LOT_B002,W002,D0002,0.85,2.04,85,119.598,0.4916,5.891,1.881,ATPG_024,SCAN_AT_SPEED,FAIL,FREQ_MARGIN,-0.5112
544,LOT_B002,W002,D0002,0.85,2.06,85,119.807,0.4774,5.704,1.728,ATPG_039,SCAN_AT_SPEED,FAIL,FREQ_MARGIN,-0.5312
545,LOT_B002,W002,D0002,0.85,2.08,85,124.461,0.501,6.087,1.883,ATPG_066,SCAN_AT_SPEED,FAIL,FREQ_MARGIN,-0.5512
546,LOT_B002,W002,D0002,0.85,2.1,85,122.711,0.4719,5.542,1.876,ATPG_059,SCAN_AT_SPEED,FAIL,FREQ_MARGIN,-0.5712
547,LOT_B002,W002,D0002,0.85,2.12,85,122.634,0.4617,5.878,1.816,ATPG_098,SCAN_AT_SPEED,FAIL,TIMING,-0.5912
548,LOT_B002,W002,D0002,0.85,2.14,85,122.106,0.4651,5.524,1.952,ATPG_007,SCAN_AT_SPEED,FAIL,FREQ_MARGIN,-0.6112
549,LOT_B002,W002,D0002,0.85,2.16,85,124.435,0.4601,5.676,1.925,ATPG_032,SCAN_AT_SPEED,FAIL,FREQ_MARGIN,-0.6312
550,LOT_B002,W002,D0002,0.85,2.18,85,120.909,0.4923,5.761,1.703,ATPG_025,SCAN_AT_SPEED,FAIL,FREQ_MARGIN,-0.6512
551,LOT_B002,W002,D0002,0.85,2.2,85,123.815,0.4683,5.591,1.914,ATPG_092,SCAN_AT_SPEED,FAIL,TIMING,-0.6712
552,LOT_B002,W002,D0002,0.85,2.22,85,123.534,0.4597,5.474,1.878,ATPG_040,SCAN_AT_SPEED,FAIL,TIMING,-0.6912
553,LOT_B002,W002,D0002,0.85,2.24,85,123.461,0.4555,5.931,1.947,ATPG_094,SCAN_AT_SPEED,FAIL,TIMING,-0.7112
554,LOT_B002,W002,D0002,0.85,2.26,85,128.673,0.4491,5.711,1.776,ATPG_059,SCAN_AT_SPEED,FAIL,FREQ_MARGIN,-0.7312
555,LOT_B002,W002,D0002,0.85,2.28,85,122.543,0.4262,5.812,1.976,ATPG_091,SCAN_AT_SPEED,FAIL,TIMING,-0.7512
556,LOT_B002,W002,D0002,0.85,2.3,85,127.007,0.4264,6.064,1.962,ATPG_006,SCAN_AT_SPEED,FAIL,FREQ_MARGIN,-0.7712
557,LOT_B002,W002,D0002,0.85,2.32,85,131.605,0.4565,5.849,1.861,ATPG_060,SCAN_AT_SPEED,FAIL,FREQ_MARGIN,-0.7912
558,LOT_B002,W002,D0002,0.85,2.34,85,128.767,0.4573,6.128,1.88,ATPG_037,SCAN_AT_SPEED,FAIL,FREQ_MARGIN,-0.8112
559,LOT_B002,W002,D0002,0.85,2.36,85,130.241,0.3853,5.854,1.717,ATPG_077,SCAN_AT_SPEED,FAIL,FREQ_MARGIN,-0.8312
560,LOT_B002,W002,D0002,0.85,2.38,85,129.558,0.4349,5.669,1.734,ATPG_054,SCAN_AT_SPEED,FAIL,FREQ_MARGIN,-0.8512
561,LOT_B002,W002,D0002,0.87,0.8,85,79.421,1.2614,6.035,1.733,ATPG_029,SCAN_AT_SPEED,PASS,NA,0.8109
562,LOT_B002,W002,D0002,0.87,0.82,85,80.472,1.1798,6.341,1.776,ATPG_069,SCAN_AT_SPEED,PASS,NA,0.7909
563,LOT_B002,W002,D0002,0.87,0.84,85,81.33,1.1771,5.874,1.974,ATPG_061,SCAN_AT_SPEED,PASS,NA,0.7709
564,LOT_B002,W002,D0002,0.87,0.86,85,81.939,1.1874,6.081,1.812,ATPG_096,SCAN_AT_SPEED,PASS,NA,0.7509
565,LOT_B002,W002,D0002,0.87,0.88,85,80.164,1.1399,5.797,1.758,ATPG_058,SCAN_AT_SPEED,PASS,NA,0.7309
566,LOT_B002,W002,D0002,0.87,0.9,85,87.291,1.1208,6.152,1.958,ATPG_005,SCAN_AT_SPEED,PASS,NA,0.7109
567,LOT_B002,W002,D0002,0.87,0.92,85,81.59,1.0796,5.96,1.823,ATPG_067,SCAN_AT_SPEED,PASS,NA,0.6909
568,LOT_B002,W002,D0002,0.87,0.94,85,79.04,1.0787,5.76,1.735,ATPG_032,SCAN_AT_SPEED,PASS,NA,0.6709
569,LOT_B002,W002,D0002,0.87,0.96,85,84.647,1.0709,6.049,1.789,ATPG_017,SCAN_AT_SPEED,PASS,NA,0.6509
570,LOT_B002,W002,D0002,0.87,0.98,85,84.426,0.9848,5.77,1.92,ATPG_033,SCAN_AT_SPEED,PASS,NA,0.6309
571,LOT_B002,W002,D0002,0.87,1.0,85,85.427,0.9805,5.791,1.764,ATPG_078,SCAN_AT_SPEED,PASS,NA,0.6109
572,LOT_B002,W002,D0002,0.87,1.02,85,85.915,0.9691,5.692,1.766,ATPG_011,SCAN_AT_SPEED,PASS,NA,0.5909
573,LOT_B002,W002,D0002,0.87,1.04,85,86.709,0.9915,5.975,1.961,ATPG_028,SCAN_AT_SPEED,PASS,NA,0.5709
574,LOT_B002,W002,D0002,0.87,1.06,85,85.882,0.9645,6.184,1.752,ATPG_067,SCAN_AT_SPEED,PASS,NA,0.5509
575,LOT_B002,W002,D0002,0.87,1.08,85,88.644,0.9187,5.576,1.984,ATPG_050,SCAN_AT_SPEED,PASS,NA,0.5309
576,LOT_B002,W002,D0002,0.87,1.1,85,88.393,0.9142,5.782,1.801,ATPG_048,SCAN_AT_SPEED,PASS,NA,0.5109
577,LOT_B002,W002,D0002,0.87,1.12,85,86.984,0.91,6.098,1.761,ATPG_088,SCAN_AT_SPEED,PASS,NA,0.4909
578,LOT_B002,W002,D0002,0.87,1.14,85,89.203,0.8836,6.173,1.902,ATPG_049,SCAN_AT_SPEED,PASS,NA,0.4709
579,LOT_B002,W002,D0002,0.87,1.16,85,94.425,0.8401,6.159,1.703,ATPG_003,SCAN_AT_SPEED,PASS,NA,0.4509
580,LOT_B002,W002,D0002,0.87,1.18,85,92.74,0.8639,6.177,1.84,ATPG_028,SCAN_AT_SPEED,PASS,NA,0.4309
581,LOT_B002,W002,D0002,0.87,1.2,85,91.654,0.8553,6.212,1.835,ATPG_086,SCAN_AT_SPEED,PASS,NA,0.4109
582,LOT_B002,W002,D0002,0.87,1.22,85,91.205,0.844,5.895,1.845,ATPG_083,SCAN_AT_SPEED,PASS,NA,0.3909
583,LOT_B002,W002,D0002,0.87,1.24,85,92.783,0.8009,5.828,1.863,ATPG_011,SCAN_AT_SPEED,PASS,NA,0.3709
584,LOT_B002,W002,D0002,0.87,1.26,85,95.729,0.8173,5.998,1.995,ATPG_036,SCAN_AT_SPEED,PASS,NA,0.3509
585,LOT_B002,W002,D0002,0.87,1.28,85,96.944,0.7437,5.869,1.766,ATPG_082,SCAN_AT_SPEED,PASS,NA,0.3309
586,LOT_B002,W002,D0002,0.87,1.3,85,96.479,0.799,6.108,1.912,ATPG_054,SCAN_AT_SPEED,PASS,NA,0.3109
587,LOT_B002,W002,D0002,0.87,1.32,85,99.459,0.7834,5.911,1.703,ATPG_004,SCAN_AT_SPEED,PASS,NA,0.2909
588,LOT_B002,W002,D0002,0.87,1.34,85,98.568,0.7885,5.925,1.702,ATPG_002,SCAN_AT_SPEED,PASS,NA,0.2709
589,LOT_B002,W002,D0002,0.87,1.36,85,97.865,0.7632,6.27,1.926,ATPG_098,SCAN_AT_SPEED,PASS,NA,0.2509
590,LOT_B002,W002,D0002,0.87,1.38,85,98.853,0.7401,6.193,1.704,ATPG_039,SCAN_AT_SPEED,PASS,NA,0.2309
591,LOT_B002,W002,D0002,0.87,1.4,85,101.527,0.7054,6.107,1.967,ATPG_083,SCAN_AT_SPEED,PASS,NA,0.2109
592,LOT_B002,W002,D0002,0.87,1.42,85,98.457,0.6904,5.87,1.882,ATPG_029,SCAN_AT_SPEED,PASS,NA,0.1909
593,LOT_B002,W002,D0002,0.87,1.44,85,101.68,0.7317,6.029,1.747,ATPG_021,SCAN_AT_SPEED,PASS,NA,0.1709
594,LOT_B002,W002,D0002,0.87,1.46,85,103.028,0.6718,6.295,1.816,ATPG_042,SCAN_AT_SPEED,PASS,NA,0.1509
595,LOT_B002,W002,D0002,0.87,1.48,85,102.283,0.6945,5.722,1.867,ATPG_059,SCAN_AT_SPEED,PASS,NA,0.1309
596,LOT_B002,W002,D0002,0.87,1.5,85,103.921,0.6971,5.786,1.947,ATPG_090,SCAN_AT_SPEED,PASS,NA,0.1109
597,LOT_B002,W002,D0002,0.87,1.52,85,102.733,0.6905,6.076,1.891,ATPG_018,SCAN_AT_SPEED,PASS,NA,0.0909
598,LOT_B002,W002,D0002,0.87,1.54,85,108.432,0.6715,5.683,1.781,ATPG_067,SCAN_AT_SPEED,PASS,NA,0.0709
599,LOT_B002,W002,D0002,0.87,1.56,85,100.758,0.6618,5.909,1.719,ATPG_028,SCAN_AT_SPEED,PASS,NA,0.0509
600,LOT_B002,W002,D0002,0.87,1.58,85,105.977,0.6454,6.078,1.928,ATPG_053,SCAN_AT_SPEED,PASS,NA,0.0309
601,LOT_B002,W002,D0002,0.87,1.6,85,107.011,0.6122,6.107,1.765,ATPG_070,SCAN_AT_SPEED,PASS,NA,0.0109
602,LOT_B002,W002,D0002,0.87,1.62,85,107.286,0.6271,5.901,1.867,ATPG_037,SCAN_AT_SPEED,FAIL,FREQ_MARGIN,-0.0091
603,LOT_B002,W002,D0002,0.87,1.64,85,108.43,0.6032,5.907,1.97,ATPG_046,SCAN_AT_SPEED,FAIL,TIMING,-0.0291
604,LOT_B002,W002,D0002,0.87,1.66,85,109.232,0.6087,6.034,1.775,ATPG_077,SCAN_AT_SPEED,FAIL,FREQ_MARGIN,-0.0491
605,LOT_B002,W002,D0002,0.87,1.68,85,109.669,0.595,6.176,1.871,ATPG_054,SCAN_AT_SPEED,FAIL,TIMING,-0.0691
606,LOT_B002,W002,D0002,0.87,1.7,85,108.779,0.5834,5.764,1.707,ATPG_016,SCAN_AT_SPEED,FAIL,FREQ_MARGIN,-0.0891
607,LOT_B002,W002,D0002,0.87,1.72,85,109.264,0.5608,6.187,1.74,ATPG_059,SCAN_AT_SPEED,FAIL,FREQ_MARGIN,-0.1091
608,LOT_B002,W002,D0002,0.87,1.74,85,112.779,0.5952,6.37,1.959,ATPG_058,SCAN_AT_SPEED,FAIL,FREQ_MARGIN,-0.1291
609,LOT_B002,W002,D0002,0.87,1.76,85,109.916,0.5951,5.933,1.903,ATPG_010,SCAN_AT_SPEED,FAIL,FREQ_MARGIN,-0.1491
610,LOT_B002,W002,D0002,0.87,1.78,85,113.542,0.5507,5.696,1.879,ATPG_061,SCAN_AT_SPEED,FAIL,FREQ_MARGIN,-0.1691
611,LOT_B002,W002,D0002,0.87,1.8,85,109.666,0.5859,5.688,1.841,ATPG_024,SCAN_AT_SPEED,FAIL,FREQ_MARGIN,-0.1891
612,LOT_B002,W002,D0002,0.87,1.82,85,116.038,0.5672,6.092,1.878,ATPG_021,SCAN_AT_SPEED,FAIL,FREQ_MARGIN,-0.2091
613,LOT_B002,W002,D0002,0.87,1.84,85,115.908,0.5331,5.896,1.893,ATPG_075,SCAN_AT_SPEED,FAIL,FREQ_MARGIN,-0.2291
614,LOT_B002,W002,D0002,0.87,1.86,85,115.035,0.555,5.705,1.747,ATPG_089,SCAN_AT_SPEED,FAIL,FREQ_MARGIN,-0.2491
615,LOT_B002,W002,D0002,0.87,1.88,85,114.714,0.5055,6.223,1.985,ATPG_064,SCAN_AT_SPEED,FAIL,FREQ_MARGIN,-0.2691
616,LOT_B002,W002,D0002,0.87,1.9,85,120.593,0.5529,6.072,1.91,ATPG_050,SCAN_AT_SPEED,FAIL,FREQ_MARGIN,-0.2891
617,LOT_B002,W002,D0002,0.87,1.92,85,120.628,0.5257,5.875,1.986,ATPG_012,SCAN_AT_SPEED,FAIL,FREQ_MARGIN,-0.3091
618,LOT_B002,W002,D0002,0.87,1.94,85,118.947,0.4924,6.016,1.783,ATPG_013,SCAN_AT_SPEED,FAIL,FREQ_MARGIN,-0.3291
619,LOT_B002,W002,D0002,0.87,1.96,85,118.551,0.5141,5.907,1.911,ATPG_036,SCAN_AT_SPEED,FAIL,FREQ_MARGIN,-0.3491
620,LOT_B002,W002,D0002,0.87,1.98,85,117.232,0.5021,5.806,1.882,ATPG_029,SCAN_AT_SPEED,FAIL,FREQ_MARGIN,-0.3691
621,LOT_B002,W002,D0002,0.87,2.0,85,117.339,0.5126,6.092,1.786,ATPG_055,SCAN_AT_SPEED,FAIL,TIMING,-0.3891
622,LOT_B002,W002,D0002,0.87,2.02,85,118.687,0.5115,6.018,1.992,ATPG_073,SCAN_AT_SPEED,FAIL,FREQ_MARGIN,-0.4091
623,LOT_B002,W002,D0002,0.87,2.04,85,120.284,0.4499,5.795,1.901,ATPG_008,SCAN_AT_SPEED,FAIL,FREQ_MARGIN,-0.4291
624,LOT_B002,W002,D0002,0.87,2.06,85,119.185,0.4705,5.926,1.721,ATPG_042,SCAN_AT_SPEED,FAIL,TIMING,-0.4491
625,LOT_B002,W002,D0002,0.87,2.08,85,122.03,0.4709,5.658,1.75,ATPG_058,SCAN_AT_SPEED,FAIL,FREQ_MARGIN,-0.4691
626,LOT_B002,W002,D0002,0.87,2.1,85,122.51,0.4858,5.955,1.784,ATPG_084,SCAN_AT_SPEED,FAIL,FREQ_MARGIN,-0.4891
627,LOT_B002,W002,D0002,0.87,2.12,85,121.37,0.462,5.759,1.777,ATPG_011,SCAN_AT_SPEED,FAIL,FREQ_MARGIN,-0.5091
628,LOT_B002,W002,D0002,0.87,2.14,85,123.768,0.4973,6.137,1.747,ATPG_049,SCAN_AT_SPEED,FAIL,TIMING,-0.5291
629,LOT_B002,W002,D0002,0.87,2.16,85,125.536,0.47,6.506,1.782,ATPG_064,SCAN_AT_SPEED,FAIL,FREQ_MARGIN,-0.5491
630,LOT_B002,W002,D0002,0.87,2.18,85,123.856,0.4794,5.935,1.995,ATPG_062,SCAN_AT_SPEED,FAIL,FREQ_MARGIN,-0.5691
631,LOT_B002,W002,D0002,0.87,2.2,85,124.567,0.4316,6.164,1.804,ATPG_057,SCAN_AT_SPEED,FAIL,FREQ_MARGIN,-0.5891
632,LOT_B002,W002,D0002,0.87,2.22,85,126.247,0.4641,6.193,1.959,ATPG_018,SCAN_AT_SPEED,FAIL,FREQ_MARGIN,-0.6091
633,LOT_B002,W002,D0002,0.87,2.24,85,130.986,0.3956,6.039,1.897,ATPG_015,SCAN_AT_SPEED,FAIL,FREQ_MARGIN,-0.6291
634,LOT_B002,W002,D0002,0.87,2.26,85,132.622,0.4412,6.217,1.808,ATPG_076,SCAN_AT_SPEED,FAIL,FREQ_MARGIN,-0.6491
635,LOT_B002,W002,D0002,0.87,2.28,85,130.091,0.4473,5.826,1.971,ATPG_099,SCAN_AT_SPEED,FAIL,TIMING,-0.6691
636,LOT_B002,W002,D0002,0.87,2.3,85,124.786,0.4617,5.976,1.921,ATPG_081,SCAN_AT_SPEED,FAIL,FREQ_MARGIN,-0.6891
637,LOT_B002,W002,D0002,0.87,2.32,85,135.174,0.4369,5.935,1.812,ATPG_060,SCAN_AT_SPEED,FAIL,FREQ_MARGIN,-0.7091
638,LOT_B002,W002,D0002,0.87,2.34,85,128.399,0.4193,5.833,1.956,ATPG_032,SCAN_AT_SPEED,FAIL,FREQ_MARGIN,-0.7291
639,LOT_B002,W002,D0002,0.87,2.36,85,130.912,0.4128,5.859,1.978,ATPG_053,SCAN_AT_SPEED,FAIL,FREQ_MARGIN,-0.7491
640,LOT_B002,W002,D0002,0.87,2.38,85,134.491,0.4388,5.559,1.936,ATPG_072,SCAN_AT_SPEED,FAIL,FREQ_MARGIN,-0.7691
641,LOT_B002,W002,D0002,0.88,0.8,85,79.638,1.2594,6.108,1.753,ATPG_059,SCAN_AT_SPEED,PASS,NA,0.847
642,LOT_B002,W002,D0002,0.88,0.82,85,83.823,1.2494,6.481,1.887,ATPG_089,SCAN_AT_SPEED,PASS,NA,0.827
643,LOT_B002,W002,D0002,0.88,0.84,85,80.624,1.2151,6.134,1.925,ATPG_042,SCAN_AT_SPEED,PASS,NA,0.807
644,LOT_B002,W002,D0002,0.88,0.86,85,81.043,1.1501,5.694,1.771,ATPG_054,SCAN_AT_SPEED,PASS,NA,0.787
645,LOT_B002,W002,D0002,0.88,0.88,85,79.12,1.1217,5.896,1.973,ATPG_091,SCAN_AT_SPEED,PASS,NA,0.767
646,LOT_B002,W002,D0002,0.88,0.9,85,83.409,1.1127,6.331,1.911,ATPG_039,SCAN_AT_SPEED,PASS,NA,0.747
647,LOT_B002,W002,D0002,0.88,0.92,85,85.608,1.1147,5.922,1.948,ATPG_013,SCAN_AT_SPEED,PASS,NA,0.727
648,LOT_B002,W002,D0002,0.88,0.94,85,85.35,1.0665,6.177,1.768,ATPG_013,SCAN_AT_SPEED,PASS,NA,0.707
649,LOT_B002,W002,D0002,0.88,0.96,85,82.977,1.0594,6.032,1.85,ATPG_015,SCAN_AT_SPEED,PASS,NA,0.687
650,LOT_B002,W002,D0002,0.88,0.98,85,81.645,1.0049,6.19,1.801,ATPG_087,SCAN_AT_SPEED,PASS,NA,0.667
651,LOT_B002,W002,D0002,0.88,1.0,85,86.587,1.0066,5.913,1.882,ATPG_012,SCAN_AT_SPEED,PASS,NA,0.647
652,LOT_B002,W002,D0002,0.88,1.02,85,86.354,0.9553,6.124,1.717,ATPG_072,SCAN_AT_SPEED,PASS,NA,0.627
653,LOT_B002,W002,D0002,0.88,1.04,85,87.533,0.9737,5.796,1.867,ATPG_043,SCAN_AT_SPEED,PASS,NA,0.607
654,LOT_B002,W002,D0002,0.88,1.06,85,88.798,0.9306,6.05,1.706,ATPG_085,SCAN_AT_SPEED,PASS,NA,0.587
655,LOT_B002,W002,D0002,0.88,1.08,85,87.684,0.9231,5.86,1.785,ATPG_064,SCAN_AT_SPEED,PASS,NA,0.567
656,LOT_B002,W002,D0002,0.88,1.1,85,86.727,0.9333,5.781,1.896,ATPG_011,SCAN_AT_SPEED,PASS,NA,0.547
657,LOT_B002,W002,D0002,0.88,1.12,85,92.83,0.8837,6.201,1.984,ATPG_056,SCAN_AT_SPEED,PASS,NA,0.527
658,LOT_B002,W002,D0002,0.88,1.14,85,91.482,0.866,5.978,1.903,ATPG_068,SCAN_AT_SPEED,PASS,NA,0.507
659,LOT_B002,W002,D0002,0.88,1.16,85,86.787,0.8915,6.202,1.997,ATPG_081,SCAN_AT_SPEED,PASS,NA,0.487
660,LOT_B002,W002,D0002,0.88,1.18,85,90.126,0.8645,5.94,1.727,ATPG_058,SCAN_AT_SPEED,PASS,NA,0.467
661,LOT_B002,W002,D0002,0.88,1.2,85,91.331,0.8102,5.934,1.979,ATPG_048,SCAN_AT_SPEED,PASS,NA,0.447
662,LOT_B002,W002,D0002,0.88,1.22,85,90.753,0.8186,6.087,1.85,ATPG_027,SCAN_AT_SPEED,PASS,NA,0.427
663,LOT_B002,W002,D0002,0.88,1.24,85,94.618,0.799,6.442,1.925,ATPG_024,SCAN_AT_SPEED,PASS,NA,0.407
664,LOT_B002,W002,D0002,0.88,1.26,85,92.76,0.7807,5.915,1.982,ATPG_064,SCAN_AT_SPEED,PASS,NA,0.387
665,LOT_B002,W002,D0002,0.88,1.28,85,94.363,0.779,6.249,1.775,ATPG_015,SCAN_AT_SPEED,PASS,NA,0.367
666,LOT_B002,W002,D0002,0.88,1.3,85,97.624,0.7919,5.98,1.781,ATPG_047,SCAN_AT_SPEED,PASS,NA,0.347
667,LOT_B002,W002,D0002,0.88,1.32,85,94.251,0.7591,6.057,1.881,ATPG_089,SCAN_AT_SPEED,PASS,NA,0.327
668,LOT_B002,W002,D0002,0.88,1.34,85,97.627,0.745,6.37,1.79,ATPG_084,SCAN_AT_SPEED,PASS,NA,0.307
669,LOT_B002,W002,D0002,0.88,1.36,85,94.171,0.7627,6.182,1.875,ATPG_052,SCAN_AT_SPEED,PASS,NA,0.287
670,LOT_B002,W002,D0002,0.88,1.38,85,97.754,0.7064,6.001,1.962,ATPG_005,SCAN_AT_SPEED,PASS,NA,0.267
671,LOT_B002,W002,D0002,0.88,1.4,85,99.657,0.7475,5.879,1.868,ATPG_023,SCAN_AT_SPEED,PASS,NA,0.247
672,LOT_B002,W002,D0002,0.88,1.42,85,99.739,0.6816,6.046,1.736,ATPG_052,SCAN_AT_SPEED,PASS,NA,0.227
673,LOT_B002,W002,D0002,0.88,1.44,85,105.511,0.69,6.092,1.935,ATPG_093,SCAN_AT_SPEED,PASS,NA,0.207
674,LOT_B002,W002,D0002,0.88,1.46,85,103.369,0.6936,6.091,1.937,ATPG_060,SCAN_AT_SPEED,PASS,NA,0.187
675,LOT_B002,W002,D0002,0.88,1.48,85,101.45,0.6726,6.094,1.946,ATPG_072,SCAN_AT_SPEED,PASS,NA,0.167
676,LOT_B002,W002,D0002,0.88,1.5,85,98.984,0.6584,5.855,1.768,ATPG_094,SCAN_AT_SPEED,PASS,NA,0.147
677,LOT_B002,W002,D0002,0.88,1.52,85,107.279,0.6269,6.124,1.808,ATPG_001,SCAN_AT_SPEED,PASS,NA,0.127
678,LOT_B002,W002,D0002,0.88,1.54,85,103.701,0.6522,6.057,1.747,ATPG_021,SCAN_AT_SPEED,PASS,NA,0.107
679,LOT_B002,W002,D0002,0.88,1.56,85,105.291,0.6283,5.812,1.725,ATPG_017,SCAN_AT_SPEED,PASS,NA,0.087
680,LOT_B002,W002,D0002,0.88,1.58,85,107.01,0.6071,5.979,1.742,ATPG_081,SCAN_AT_SPEED,PASS,NA,0.067
681,LOT_B002,W002,D0002,0.88,1.6,85,106.854,0.6481,5.945,1.838,ATPG_015,SCAN_AT_SPEED,PASS,NA,0.047
682,LOT_B002,W002,D0002,0.88,1.62,85,106.74,0.6301,5.875,1.794,ATPG_035,SCAN_AT_SPEED,PASS,NA,0.027
683,LOT_B002,W002,D0002,0.88,1.64,85,108.026,0.5901,6.118,1.991,ATPG_006,SCAN_AT_SPEED,PASS,NA,0.007
684,LOT_B002,W002,D0002,0.88,1.66,85,106.991,0.6334,5.875,1.713,ATPG_017,SCAN_AT_SPEED,FAIL,FREQ_MARGIN,-0.013
685,LOT_B002,W002,D0002,0.88,1.68,85,109.275,0.5826,5.984,1.865,ATPG_035,SCAN_AT_SPEED,FAIL,FREQ_MARGIN,-0.033
686,LOT_B002,W002,D0002,0.88,1.7,85,108.566,0.6202,5.656,1.859,ATPG_032,SCAN_AT_SPEED,FAIL,FREQ_MARGIN,-0.053
687,LOT_B002,W002,D0002,0.88,1.72,85,109.831,0.5672,5.847,1.786,ATPG_014,SCAN_AT_SPEED,FAIL,FREQ_MARGIN,-0.073
688,LOT_B002,W002,D0002,0.88,1.74,85,108.848,0.5778,5.969,1.769,ATPG_040,SCAN_AT_SPEED,FAIL,FREQ_MARGIN,-0.093
689,LOT_B002,W002,D0002,0.88,1.76,85,113.988,0.5582,6.206,1.715,ATPG_024,SCAN_AT_SPEED,FAIL,FREQ_MARGIN,-0.113
690,LOT_B002,W002,D0002,0.88,1.78,85,111.652,0.5574,5.975,1.934,ATPG_057,SCAN_AT_SPEED,FAIL,FREQ_MARGIN,-0.133
691,LOT_B002,W002,D0002,0.88,1.8,85,113.182,0.5666,6.182,1.744,ATPG_039,SCAN_AT_SPEED,FAIL,FREQ_MARGIN,-0.153
692,LOT_B002,W002,D0002,0.88,1.82,85,113.271,0.5495,5.974,1.83,ATPG_069,SCAN_AT_SPEED,FAIL,FREQ_MARGIN,-0.173
693,LOT_B002,W002,D0002,0.88,1.84,85,117.926,0.4902,6.497,1.793,ATPG_015,SCAN_AT_SPEED,FAIL,FREQ_MARGIN,-0.193
694,LOT_B002,W002,D0002,0.88,1.86,85,116.148,0.5627,5.977,1.914,ATPG_084,SCAN_AT_SPEED,FAIL,FREQ_MARGIN,-0.213
695,LOT_B002,W002,D0002,0.88,1.88,85,116.628,0.5181,6.329,1.804,ATPG_096,SCAN_AT_SPEED,FAIL,TIMING,-0.233
696,LOT_B002,W002,D0002,0.88,1.9,85,116.403,0.5201,6.285,1.886,ATPG_086,SCAN_AT_SPEED,FAIL,FREQ_MARGIN,-0.253
697,LOT_B002,W002,D0002,0.88,1.92,85,115.646,0.5422,6.357,1.906,ATPG_077,SCAN_AT_SPEED,FAIL,FREQ_MARGIN,-0.273
698,LOT_B002,W002,D0002,0.88,1.94,85,119.175,0.5012,5.797,1.864,ATPG_073,SCAN_AT_SPEED,FAIL,FREQ_MARGIN,-0.293
699,LOT_B002,W002,D0002,0.88,1.96,85,116.935,0.517,5.936,1.87,ATPG_030,SCAN_AT_SPEED,FAIL,FREQ_MARGIN,-0.313
700,LOT_B002,W002,D0002,0.88,1.98,85,121.004,0.4836,6.201,1.941,ATPG_025,SCAN_AT_SPEED,FAIL,FREQ_MARGIN,-0.333
701,LOT_B002,W002,D0002,0.88,2.0,85,122.965,0.5331,6.237,1.749,ATPG_025,SCAN_AT_SPEED,FAIL,FREQ_MARGIN,-0.353
702,LOT_B002,W002,D0002,0.88,2.02,85,118.947,0.4756,5.848,1.711,ATPG_099,SCAN_AT_SPEED,FAIL,FREQ_MARGIN,-0.373
703,LOT_B002,W002,D0002,0.88,2.04,85,119.881,0.5166,5.645,1.709,ATPG_082,SCAN_AT_SPEED,FAIL,FREQ_MARGIN,-0.393
704,LOT_B002,W002,D0002,0.88,2.06,85,121.129,0.5019,6.236,1.809,ATPG_090,SCAN_AT_SPEED,FAIL,TIMING,-0.413
705,LOT_B002,W002,D0002,0.88,2.08,85,121.116,0.4896,6.036,1.783,ATPG_004,SCAN_AT_SPEED,FAIL,FREQ_MARGIN,-0.433
706,LOT_B002,W002,D0002,0.88,2.1,85,127.049,0.477,6.109,1.758,ATPG_027,SCAN_AT_SPEED,FAIL,FREQ_MARGIN,-0.453
707,LOT_B002,W002,D0002,0.88,2.12,85,122.413,0.4655,5.795,1.767,ATPG_012,SCAN_AT_SPEED,FAIL,FREQ_MARGIN,-0.473
708,LOT_B002,W002,D0002,0.88,2.14,85,126.599,0.4276,5.917,1.961,ATPG_081,SCAN_AT_SPEED,FAIL,FREQ_MARGIN,-0.493
709,LOT_B002,W002,D0002,0.88,2.16,85,124.812,0.4385,5.841,1.899,ATPG_030,SCAN_AT_SPEED,FAIL,FREQ_MARGIN,-0.513
710,LOT_B002,W002,D0002,0.88,2.18,85,122.872,0.4722,5.892,1.748,ATPG_052,SCAN_AT_SPEED,FAIL,TIMING,-0.533
711,LOT_B002,W002,D0002,0.88,2.2,85,122.699,0.4688,6.149,1.746,ATPG_021,SCAN_AT_SPEED,FAIL,FREQ_MARGIN,-0.553
712,LOT_B002,W002,D0002,0.88,2.22,85,126.472,0.4307,6.282,1.751,ATPG_020,SCAN_AT_SPEED,FAIL,FREQ_MARGIN,-0.573
713,LOT_B002,W002,D0002,0.88,2.24,85,128.36,0.4292,6.341,1.758,ATPG_054,SCAN_AT_SPEED,FAIL,FREQ_MARGIN,-0.593
714,LOT_B002,W002,D0002,0.88,2.26,85,127.024,0.4597,5.809,1.937,ATPG_062,SCAN_AT_SPEED,FAIL,FREQ_MARGIN,-0.613
715,LOT_B002,W002,D0002,0.88,2.28,85,130.937,0.449,6.223,1.819,ATPG_020,SCAN_AT_SPEED,FAIL,FREQ_MARGIN,-0.633
716,LOT_B002,W002,D0002,0.88,2.3,85,131.896,0.4397,6.444,1.735,ATPG_020,SCAN_AT_SPEED,FAIL,FREQ_MARGIN,-0.653
717,LOT_B002,W002,D0002,0.88,2.32,85,125.758,0.4632,6.036,1.891,ATPG_094,SCAN_AT_SPEED,FAIL,TIMING,-0.673
718,LOT_B002,W002,D0002,0.88,2.34,85,129.74,0.3906,6.381,1.869,ATPG_095,SCAN_AT_SPEED,FAIL,TIMING,-0.693
719,LOT_B002,W002,D0002,0.88,2.36,85,131.503,0.4245,6.003,1.829,ATPG_016,SCAN_AT_SPEED,FAIL,FREQ_MARGIN,-0.713
720,LOT_B002,W002,D0002,0.88,2.38,85,134.221,0.4011,6.283,1.93,ATPG_088,SCAN_AT_SPEED,FAIL,FREQ_MARGIN,-0.733
721,LOT_B002,W002,D0002,0.9,0.8,85,79.367,1.2472,6.648,1.728,ATPG_002,SCAN_AT_SPEED,PASS,NA,0.9182
722,LOT_B002,W002,D0002,0.9,0.82,85,78.949,1.2374,6.058,1.903,ATPG_075,SCAN_AT_SPEED,PASS,NA,0.8982
723,LOT_B002,W002,D0002,0.9,0.84,85,83.487,1.1561,6.332,1.783,ATPG_054,SCAN_AT_SPEED,PASS,NA,0.8782
724,LOT_B002,W002,D0002,0.9,0.86,85,84.615,1.1554,6.143,1.983,ATPG_025,SCAN_AT_SPEED,PASS,NA,0.8582
725,LOT_B002,W002,D0002,0.9,0.88,85,84.421,1.142,6.288,1.955,ATPG_097,SCAN_AT_SPEED,PASS,NA,0.8382
726,LOT_B002,W002,D0002,0.9,0.9,85,80.424,1.1361,5.98,1.844,ATPG_027,SCAN_AT_SPEED,PASS,NA,0.8182
727,LOT_B002,W002,D0002,0.9,0.92,85,81.12,1.0885,6.102,1.942,ATPG_066,SCAN_AT_SPEED,PASS,NA,0.7982
728,LOT_B002,W002,D0002,0.9,0.94,85,83.233,1.0584,6.164,1.828,ATPG_048,SCAN_AT_SPEED,PASS,NA,0.7782
729,LOT_B002,W002,D0002,0.9,0.96,85,83.468,1.046,5.975,1.715,ATPG_036,SCAN_AT_SPEED,PASS,NA,0.7582
730,LOT_B002,W002,D0002,0.9,0.98,85,85.434,1.0268,5.916,1.707,ATPG_012,SCAN_AT_SPEED,PASS,NA,0.7382
731,LOT_B002,W002,D0002,0.9,1.0,85,82.663,0.9965,6.361,1.743,ATPG_021,SCAN_AT_SPEED,PASS,NA,0.7182
732,LOT_B002,W002,D0002,0.9,1.02,85,88.264,0.9979,5.831,1.951,ATPG_036,SCAN_AT_SPEED,PASS,NA,0.6982
733,LOT_B002,W002,D0002,0.9,1.04,85,87.209,0.9746,6.2,1.89,ATPG_020,SCAN_AT_SPEED,PASS,NA,0.6782
734,LOT_B002,W002,D0002,0.9,1.06,85,85.885,0.942,6.036,1.905,ATPG_078,SCAN_AT_SPEED,PASS,NA,0.6582
735,LOT_B002,W002,D0002,0.9,1.08,85,90.211,0.9084,6.537,1.728,ATPG_081,SCAN_AT_SPEED,PASS,NA,0.6382
736,LOT_B002,W002,D0002,0.9,1.1,85,88.844,0.8453,6.132,1.795,ATPG_041,SCAN_AT_SPEED,PASS,NA,0.6182
737,LOT_B002,W002,D0002,0.9,1.12,85,93.39,0.8853,6.018,1.7,ATPG_027,SCAN_AT_SPEED,PASS,NA,0.5982
738,LOT_B002,W002,D0002,0.9,1.14,85,91.593,0.8391,6.266,1.744,ATPG_031,SCAN_AT_SPEED,PASS,NA,0.5782
739,LOT_B002,W002,D0002,0.9,1.16,85,94.1,0.8637,6.176,1.854,ATPG_062,SCAN_AT_SPEED,PASS,NA,0.5582
740,LOT_B002,W002,D0002,0.9,1.18,85,93.588,0.8714,6.06,1.9,ATPG_070,SCAN_AT_SPEED,PASS,NA,0.5382
741,LOT_B002,W002,D0002,0.9,1.2,85,90.422,0.8277,6.03,1.729,ATPG_069,SCAN_AT_SPEED,PASS,NA,0.5182
742,LOT_B002,W002,D0002,0.9,1.22,85,92.682,0.816,5.99,1.72,ATPG_075,SCAN_AT_SPEED,PASS,NA,0.4982
743,LOT_B002,W002,D0002,0.9,1.24,85,97.194,0.7823,6.217,1.821,ATPG_020,SCAN_AT_SPEED,PASS,NA,0.4782
744,LOT_B002,W002,D0002,0.9,1.26,85,93.209,0.8148,6.203,1.908,ATPG_029,SCAN_AT_SPEED,PASS,NA,0.4582
745,LOT_B002,W002,D0002,0.9,1.28,85,94.246,0.8159,6.214,1.91,ATPG_033,SCAN_AT_SPEED,PASS,NA,0.4382
746,LOT_B002,W002,D0002,0.9,1.3,85,98.206,0.7958,6.084,1.998,ATPG_073,SCAN_AT_SPEED,PASS,NA,0.4182
747,LOT_B002,W002,D0002,0.9,1.32,85,95.156,0.7993,6.239,1.955,ATPG_091,SCAN_AT_SPEED,PASS,NA,0.3982
748,LOT_B002,W002,D0002,0.9,1.34,85,96.21,0.7162,6.205,1.857,ATPG_083,SCAN_AT_SPEED,PASS,NA,0.3782
749,LOT_B002,W002,D0002,0.9,1.36,85,96.846,0.7487,5.957,1.95,ATPG_026,SCAN_AT_SPEED,PASS,NA,0.3582
750,LOT_B002,W002,D0002,0.9,1.38,85,102.084,0.7702,6.385,1.77,ATPG_051,SCAN_AT_SPEED,PASS,NA,0.3382
751,LOT_B002,W002,D0002,0.9,1.4,85,101.16,0.6792,6.113,1.82,ATPG_026,SCAN_AT_SPEED,PASS,NA,0.3182
752,LOT_B002,W002,D0002,0.9,1.42,85,101.477,0.7069,5.928,1.968,ATPG_042,SCAN_AT_SPEED,PASS,NA,0.2982
753,LOT_B002,W002,D0002,0.9,1.44,85,100.802,0.7064,6.582,1.867,ATPG_007,SCAN_AT_SPEED,PASS,NA,0.2782
754,LOT_B002,W002,D0002,0.9,1.46,85,100.72,0.6989,6.158,1.92,ATPG_043,SCAN_AT_SPEED,PASS,NA,0.2582
755,LOT_B002,W002,D0002,0.9,1.48,85,101.227,0.6564,6.395,1.927,ATPG_080,SCAN_AT_SPEED,PASS,NA,0.2382
756,LOT_B002,W002,D0002,0.9,1.5,85,107.257,0.6245,6.313,1.937,ATPG_011,SCAN_AT_SPEED,PASS,NA,0.2182
757,LOT_B002,W002,D0002,0.9,1.52,85,101.066,0.6551,6.338,1.723,ATPG_028,SCAN_AT_SPEED,PASS,NA,0.1982
758,LOT_B002,W002,D0002,0.9,1.54,85,108.121,0.6298,6.241,1.999,ATPG_014,SCAN_AT_SPEED,PASS,NA,0.1782
759,LOT_B002,W002,D0002,0.9,1.56,85,105.887,0.6713,6.361,1.837,ATPG_080,SCAN_AT_SPEED,PASS,NA,0.1582
760,LOT_B002,W002,D0002,0.9,1.58,85,109.843,0.609,5.694,1.919,ATPG_038,SCAN_AT_SPEED,PASS,NA,0.1382
761,LOT_B002,W002,D0002,0.9,1.6,85,112.489,0.5891,6.041,1.801,ATPG_081,SCAN_AT_SPEED,PASS,NA,0.1182
762,LOT_B002,W002,D0002,0.9,1.62,85,111.301,0.5987,6.246,1.711,ATPG_001,SCAN_AT_SPEED,PASS,NA,0.0982
763,LOT_B002,W002,D0002,0.9,1.64,85,113.37,0.614,6.387,1.804,ATPG_004,SCAN_AT_SPEED,PASS,NA,0.0782
764,LOT_B002,W002,D0002,0.9,1.66,85,111.814,0.5652,6.204,1.904,ATPG_083,SCAN_AT_SPEED,PASS,NA,0.0582
765,LOT_B002,W002,D0002,0.9,1.68,85,110.071,0.5798,6.31,1.745,ATPG_032,SCAN_AT_SPEED,PASS,NA,0.0382
766,LOT_B002,W002,D0002,0.9,1.7,85,110.319,0.5574,6.424,1.857,ATPG_059,SCAN_AT_SPEED,PASS,NA,0.0182
767,LOT_B002,W002,D0002,0.9,1.72,85,114.325,0.5805,6.212,1.889,ATPG_046,SCAN_AT_SPEED,FAIL,TIMING,-0.0018
768,LOT_B002,W002,D0002,0.9,1.74,85,110.977,0.5625,5.956,1.904,ATPG_094,SCAN_AT_SPEED,FAIL,TIMING,-0.0218
769,LOT_B002,W002,D0002,0.9,1.76,85,116.443,0.5653,5.833,1.827,ATPG_058,SCAN_AT_SPEED,FAIL,FREQ_MARGIN,-0.0418
770,LOT_B002,W002,D0002,0.9,1.78,85,116.895,0.6027,6.105,1.943,ATPG_030,SCAN_AT_SPEED,FAIL,FREQ_MARGIN,-0.0618
771,LOT_B002,W002,D0002,0.9,1.8,85,113.62,0.5521,6.318,1.893,ATPG_094,SCAN_AT_SPEED,FAIL,FREQ_MARGIN,-0.0818
772,LOT_B002,W002,D0002,0.9,1.82,85,113.38,0.5536,6.317,1.815,ATPG_044,SCAN_AT_SPEED,FAIL,FREQ_MARGIN,-0.1018
773,LOT_B002,W002,D0002,0.9,1.84,85,115.711,0.5307,5.876,1.851,ATPG_037,SCAN_AT_SPEED,FAIL,FREQ_MARGIN,-0.1218
774,LOT_B002,W002,D0002,0.9,1.86,85,115.325,0.5419,6.403,1.889,ATPG_088,SCAN_AT_SPEED,FAIL,FREQ_MARGIN,-0.1418
775,LOT_B002,W002,D0002,0.9,1.88,85,117.074,0.5432,6.142,1.749,ATPG_025,SCAN_AT_SPEED,FAIL,FREQ_MARGIN,-0.1618
776,LOT_B002,W002,D0002,0.9,1.9,85,117.624,0.565,6.37,1.755,ATPG_096,SCAN_AT_SPEED,FAIL,FREQ_MARGIN,-0.1818
777,LOT_B002,W002,D0002,0.9,1.92,85,120.118,0.5367,6.262,1.863,ATPG_032,SCAN_AT_SPEED,FAIL,FREQ_MARGIN,-0.2018
778,LOT_B002,W002,D0002,0.9,1.94,85,118.823,0.5028,6.235,1.773,ATPG_015,SCAN_AT_SPEED,FAIL,FREQ_MARGIN,-0.2218
779,LOT_B002,W002,D0002,0.9,1.96,85,120.305,0.4516,6.037,1.815,ATPG_035,SCAN_AT_SPEED,FAIL,FREQ_MARGIN,-0.2418
780,LOT_B002,W002,D0002,0.9,1.98,85,125.386,0.5048,6.103,1.708,ATPG_084,SCAN_AT_SPEED,FAIL,FREQ_MARGIN,-0.2618
781,LOT_B002,W002,D0002,0.9,2.0,85,125.391,0.5031,6.528,1.988,ATPG_008,SCAN_AT_SPEED,FAIL,FREQ_MARGIN,-0.2818
782,LOT_B002,W002,D0002,0.9,2.02,85,124.767,0.4683,6.184,1.894,ATPG_071,SCAN_AT_SPEED,FAIL,FREQ_MARGIN,-0.3018
783,LOT_B002,W002,D0002,0.9,2.04,85,125.264,0.4489,5.802,1.981,ATPG_001,SCAN_AT_SPEED,FAIL,FREQ_MARGIN,-0.3218
784,LOT_B002,W002,D0002,0.9,2.06,85,120.262,0.4878,5.821,1.807,ATPG_089,SCAN_AT_SPEED,FAIL,FREQ_MARGIN,-0.3418
785,LOT_B002,W002,D0002,0.9,2.08,85,126.82,0.5037,5.908,1.824,ATPG_043,SCAN_AT_SPEED,FAIL,TIMING,-0.3618
786,LOT_B002,W002,D0002,0.9,2.1,85,124.143,0.4659,5.947,1.73,ATPG_096,SCAN_AT_SPEED,FAIL,FREQ_MARGIN,-0.3818
787,LOT_B002,W002,D0002,0.9,2.12,85,126.425,0.446,6.247,1.715,ATPG_067,SCAN_AT_SPEED,FAIL,FREQ_MARGIN,-0.4018
788,LOT_B002,W002,D0002,0.9,2.14,85,126.965,0.4881,6.273,1.864,ATPG_082,SCAN_AT_SPEED,FAIL,FREQ_MARGIN,-0.4218
789,LOT_B002,W002,D0002,0.9,2.16,85,127.394,0.4866,6.078,1.998,ATPG_047,SCAN_AT_SPEED,FAIL,TIMING,-0.4418
790,LOT_B002,W002,D0002,0.9,2.18,85,127.225,0.4551,6.61,1.922,ATPG_053,SCAN_AT_SPEED,FAIL,TIMING,-0.4618
791,LOT_B002,W002,D0002,0.9,2.2,85,130.2,0.479,6.042,1.826,ATPG_086,SCAN_AT_SPEED,FAIL,FREQ_MARGIN,-0.4818
792,LOT_B002,W002,D0002,0.9,2.22,85,128.166,0.4047,6.227,1.72,ATPG_059,SCAN_AT_SPEED,FAIL,FREQ_MARGIN,-0.5018
793,LOT_B002,W002,D0002,0.9,2.24,85,131.252,0.4858,6.306,1.886,ATPG_049,SCAN_AT_SPEED,FAIL,TIMING,-0.5218
794,LOT_B002,W002,D0002,0.9,2.26,85,130.456,0.4551,6.405,1.998,ATPG_054,SCAN_AT_SPEED,FAIL,FREQ_MARGIN,-0.5418
795,LOT_B002,W002,D0002,0.9,2.28,85,134.816,0.3861,5.915,1.807,ATPG_072,SCAN_AT_SPEED,FAIL,FREQ_MARGIN,-0.5618
796,LOT_B002,W002,D0002,0.9,2.3,85,131.757,0.4401,5.913,1.842,ATPG_018,SCAN_AT_SPEED,FAIL,FREQ_MARGIN,-0.5818
797,LOT_B002,W002,D0002,0.9,2.32,85,131.393,0.4274,6.006,1.713,ATPG_023,SCAN_AT_SPEED,FAIL,FREQ_MARGIN,-0.6018
798,LOT_B002,W002,D0002,0.9,2.34,85,130.9,0.4629,6.272,1.939,ATPG_091,SCAN_AT_SPEED,FAIL,FREQ_MARGIN,-0.6218
799,LOT_B002,W002,D0002,0.9,2.36,85,134.618,0.4355,5.936,1.718,ATPG_090,SCAN_AT_SPEED,FAIL,TIMING,-0.6418
800,LOT_B002,W002,D0002,0.9,2.38,85,135.157,0.4226,5.78,1.702,ATPG_028,SCAN_AT_SPEED,FAIL,FREQ_MARGIN,-0.6618
801,LOT_B002,W002,D0002,0.92,0.8,85,79.375,1.2378,6.219,1.731,ATPG_038,SCAN_AT_SPEED,PASS,NA,0.9816
802,LOT_B002,W002,D0002,0.92,0.82,85,79.95,1.2242,6.013,1.865,ATPG_003,SCAN_AT_SPEED,PASS,NA,0.9616
803,LOT_B002,W002,D0002,0.92,0.84,85,79.398,1.1915,6.465,1.759,ATPG_088,SCAN_AT_SPEED,PASS,NA,0.9416
804,LOT_B002,W002,D0002,0.92,0.86,85,79.536,1.1286,6.27,1.888,ATPG_045,SCAN_AT_SPEED,PASS,NA,0.9216
805,LOT_B002,W002,D0002,0.92,0.88,85,84.02,1.1276,6.585,1.974,ATPG_023,SCAN_AT_SPEED,PASS,NA,0.9016
806,LOT_B002,W002,D0002,0.92,0.9,85,81.232,1.1215,6.176,1.815,ATPG_001,SCAN_AT_SPEED,PASS,NA,0.8816
807,LOT_B002,W002,D0002,0.92,0.92,85,82.721,1.1136,6.698,1.828,ATPG_089,SCAN_AT_SPEED,PASS,NA,0.8616
808,LOT_B002,W002,D0002,0.92,0.94,85,83.815,1.0821,6.353,1.914,ATPG_096,SCAN_AT_SPEED,PASS,NA,0.8416
809,LOT_B002,W002,D0002,0.92,0.96,85,86.827,1.0104,6.129,1.944,ATPG_018,SCAN_AT_SPEED,PASS,NA,0.8216
810,LOT_B002,W002,D0002,0.92,0.98,85,88.061,0.9982,6.211,1.78,ATPG_015,SCAN_AT_SPEED,PASS,NA,0.8016
811,LOT_B002,W002,D0002,0.92,1.0,85,84.739,0.9704,6.734,1.899,ATPG_015,SCAN_AT_SPEED,PASS,NA,0.7816
812,LOT_B002,W002,D0002,0.92,1.02,85,85.869,0.9873,6.408,1.796,ATPG_002,SCAN_AT_SPEED,PASS,NA,0.7616
813,LOT_B002,W002,D0002,0.92,1.04,85,86.429,0.9343,6.195,1.807,ATPG_009,SCAN_AT_SPEED,PASS,NA,0.7416
814,LOT_B002,W002,D0002,0.92,1.06,85,87.448,0.9164,6.49,1.993,ATPG_073,SCAN_AT_SPEED,PASS,NA,0.7216
815,LOT_B002,W002,D0002,0.92,1.08,85,88.914,0.9338,6.237,1.935,ATPG_085,SCAN_AT_SPEED,PASS,NA,0.7016
816,LOT_B002,W002,D0002,0.92,1.1,85,88.508,0.933,6.216,1.873,ATPG_095,SCAN_AT_SPEED,PASS,NA,0.6816
817,LOT_B002,W002,D0002,0.92,1.12,85,93.005,0.8854,6.074,1.762,ATPG_070,SCAN_AT_SPEED,PASS,NA,0.6616
818,LOT_B002,W002,D0002,0.92,1.14,85,90.283,0.8463,6.426,1.76,ATPG_084,SCAN_AT_SPEED,PASS,NA,0.6416
819,LOT_B002,W002,D0002,0.92,1.16,85,91.422,0.871,6.366,1.939,ATPG_016,SCAN_AT_SPEED,PASS,NA,0.6216
820,LOT_B002,W002,D0002,0.92,1.18,85,92.324,0.8722,6.355,1.708,ATPG_055,SCAN_AT_SPEED,PASS,NA,0.6016
821,LOT_B002,W002,D0002,0.92,1.2,85,96.918,0.8188,6.269,1.733,ATPG_049,SCAN_AT_SPEED,PASS,NA,0.5816
822,LOT_B002,W002,D0002,0.92,1.22,85,95.259,0.8781,6.121,1.978,ATPG_072,SCAN_AT_SPEED,PASS,NA,0.5616
823,LOT_B002,W002,D0002,0.92,1.24,85,93.806,0.8175,6.355,1.744,ATPG_007,SCAN_AT_SPEED,PASS,NA,0.5416
824,LOT_B002,W002,D0002,0.92,1.26,85,95.579,0.7709,6.243,1.773,ATPG_024,SCAN_AT_SPEED,PASS,NA,0.5216
825,LOT_B002,W002,D0002,0.92,1.28,85,98.541,0.7786,6.27,1.725,ATPG_098,SCAN_AT_SPEED,PASS,NA,0.5016
826,LOT_B002,W002,D0002,0.92,1.3,85,100.246,0.7856,6.428,1.74,ATPG_054,SCAN_AT_SPEED,PASS,NA,0.4816
827,LOT_B002,W002,D0002,0.92,1.32,85,97.723,0.7611,6.121,1.894,ATPG_001,SCAN_AT_SPEED,PASS,NA,0.4616
828,LOT_B002,W002,D0002,0.92,1.34,85,99.183,0.7477,6.288,1.843,ATPG_035,SCAN_AT_SPEED,PASS,NA,0.4416
829,LOT_B002,W002,D0002,0.92,1.36,85,99.748,0.7274,6.049,1.951,ATPG_071,SCAN_AT_SPEED,PASS,NA,0.4216
830,LOT_B002,W002,D0002,0.92,1.38,85,101.99,0.7743,6.103,1.838,ATPG_033,SCAN_AT_SPEED,PASS,NA,0.4016
831,LOT_B002,W002,D0002,0.92,1.4,85,102.05,0.7276,6.243,1.841,ATPG_005,SCAN_AT_SPEED,PASS,NA,0.3816
832,LOT_B002,W002,D0002,0.92,1.42,85,104.0,0.6928,6.21,1.822,ATPG_061,SCAN_AT_SPEED,PASS,NA,0.3616
833,LOT_B002,W002,D0002,0.92,1.44,85,103.657,0.6903,6.17,1.805,ATPG_078,SCAN_AT_SPEED,PASS,NA,0.3416
834,LOT_B002,W002,D0002,0.92,1.46,85,100.957,0.7049,6.432,1.818,ATPG_050,SCAN_AT_SPEED,PASS,NA,0.3216
835,LOT_B002,W002,D0002,0.92,1.48,85,103.005,0.6422,6.311,1.751,ATPG_032,SCAN_AT_SPEED,PASS,NA,0.3016
836,LOT_B002,W002,D0002,0.92,1.5,85,107.225,0.7315,6.242,1.742,ATPG_082,SCAN_AT_SPEED,PASS,NA,0.2816
837,LOT_B002,W002,D0002,0.92,1.52,85,110.552,0.6097,6.152,1.835,ATPG_008,SCAN_AT_SPEED,PASS,NA,0.2616
838,LOT_B002,W002,D0002,0.92,1.54,85,103.565,0.6773,6.622,1.759,ATPG_089,SCAN_AT_SPEED,PASS,NA,0.2416
839,LOT_B002,W002,D0002,0.92,1.56,85,106.644,0.6586,6.36,1.741,ATPG_016,SCAN_AT_SPEED,PASS,NA,0.2216
840,LOT_B002,W002,D0002,0.92,1.58,85,109.86,0.5925,6.108,1.879,ATPG_080,SCAN_AT_SPEED,PASS,NA,0.2016
841,LOT_B002,W002,D0002,0.92,1.6,85,109.17,0.6226,6.432,1.804,ATPG_089,SCAN_AT_SPEED,PASS,NA,0.1816
842,LOT_B002,W002,D0002,0.92,1.62,85,108.875,0.603,6.004,1.736,ATPG_037,SCAN_AT_SPEED,PASS,NA,0.1616
843,LOT_B002,W002,D0002,0.92,1.64,85,111.395,0.6131,6.338,1.829,ATPG_097,SCAN_AT_SPEED,PASS,NA,0.1416
844,LOT_B002,W002,D0002,0.92,1.66,85,108.958,0.605,6.114,1.913,ATPG_088,SCAN_AT_SPEED,PASS,NA,0.1216
845,LOT_B002,W002,D0002,0.92,1.68,85,111.378,0.5863,6.524,1.802,ATPG_055,SCAN_AT_SPEED,PASS,NA,0.1016
846,LOT_B002,W002,D0002,0.92,1.7,85,112.767,0.5938,6.682,1.845,ATPG_043,SCAN_AT_SPEED,PASS,NA,0.0816
847,LOT_B002,W002,D0002,0.92,1.72,85,113.251,0.5979,6.111,1.862,ATPG_007,SCAN_AT_SPEED,PASS,NA,0.0616
848,LOT_B002,W002,D0002,0.92,1.74,85,112.081,0.588,6.534,1.801,ATPG_049,SCAN_AT_SPEED,PASS,NA,0.0416
849,LOT_B002,W002,D0002,0.92,1.76,85,113.662,0.5714,6.005,1.828,ATPG_088,SCAN_AT_SPEED,PASS,NA,0.0216
850,LOT_B002,W002,D0002,0.92,1.78,85,114.186,0.5802,5.94,1.972,ATPG_057,SCAN_AT_SPEED,PASS,NA,0.0016
851,LOT_B002,W002,D0002,0.92,1.8,85,115.637,0.5894,6.326,1.952,ATPG_029,SCAN_AT_SPEED,FAIL,FREQ_MARGIN,-0.0184
852,LOT_B002,W002,D0002,0.92,1.82,85,116.675,0.5286,6.208,1.749,ATPG_030,SCAN_AT_SPEED,FAIL,FREQ_MARGIN,-0.0384
853,LOT_B002,W002,D0002,0.92,1.84,85,115.368,0.5258,6.336,1.737,ATPG_056,SCAN_AT_SPEED,FAIL,FREQ_MARGIN,-0.0584
854,LOT_B002,W002,D0002,0.92,1.86,85,118.263,0.5249,6.015,1.832,ATPG_044,SCAN_AT_SPEED,FAIL,FREQ_MARGIN,-0.0784
855,LOT_B002,W002,D0002,0.92,1.88,85,120.023,0.5333,6.587,1.98,ATPG_054,SCAN_AT_SPEED,FAIL,FREQ_MARGIN,-0.0984
856,LOT_B002,W002,D0002,0.92,1.9,85,120.094,0.5195,6.771,1.878,ATPG_043,SCAN_AT_SPEED,FAIL,FREQ_MARGIN,-0.1184
857,LOT_B002,W002,D0002,0.92,1.92,85,123.816,0.5029,6.171,1.851,ATPG_002,SCAN_AT_SPEED,FAIL,FREQ_MARGIN,-0.1384
858,LOT_B002,W002,D0002,0.92,1.94,85,119.371,0.4996,6.625,1.82,ATPG_070,SCAN_AT_SPEED,FAIL,FREQ_MARGIN,-0.1584
859,LOT_B002,W002,D0002,0.92,1.96,85,122.806,0.4743,6.02,1.712,ATPG_083,SCAN_AT_SPEED,FAIL,FREQ_MARGIN,-0.1784
860,LOT_B002,W002,D0002,0.92,1.98,85,121.505,0.521,6.108,1.735,ATPG_026,SCAN_AT_SPEED,FAIL,FREQ_MARGIN,-0.1984
861,LOT_B002,W002,D0002,0.92,2.0,85,124.501,0.489,6.354,1.733,ATPG_069,SCAN_AT_SPEED,FAIL,FREQ_MARGIN,-0.2184
862,LOT_B002,W002,D0002,0.92,2.02,85,123.472,0.5265,6.74,1.889,ATPG_087,SCAN_AT_SPEED,FAIL,FREQ_MARGIN,-0.2384
863,LOT_B002,W002,D0002,0.92,2.04,85,124.816,0.4998,6.51,1.721,ATPG_029,SCAN_AT_SPEED,FAIL,FREQ_MARGIN,-0.2584
864,LOT_B002,W002,D0002,0.92,2.06,85,129.588,0.4892,6.41,1.947,ATPG_001,SCAN_AT_SPEED,FAIL,FREQ_MARGIN,-0.2784
865,LOT_B002,W002,D0002,0.92,2.08,85,127.889,0.5044,6.185,1.74,ATPG_030,SCAN_AT_SPEED,FAIL,FREQ_MARGIN,-0.2984
866,LOT_B002,W002,D0002,0.92,2.1,85,127.425,0.4906,6.316,1.876,ATPG_074,SCAN_AT_SPEED,FAIL,FREQ_MARGIN,-0.3184
867,LOT_B002,W002,D0002,0.92,2.12,85,128.231,0.4624,6.491,1.761,ATPG_032,SCAN_AT_SPEED,FAIL,FREQ_MARGIN,-0.3384
868,LOT_B002,W002,D0002,0.92,2.14,85,127.703,0.4932,6.372,1.708,ATPG_059,SCAN_AT_SPEED,FAIL,FREQ_MARGIN,-0.3584
869,LOT_B002,W002,D0002,0.92,2.16,85,127.274,0.4677,6.496,1.918,ATPG_063,SCAN_AT_SPEED,FAIL,FREQ_MARGIN,-0.3784
870,LOT_B002,W002,D0002,0.92,2.18,85,128.776,0.4497,6.234,1.727,ATPG_048,SCAN_AT_SPEED,FAIL,FREQ_MARGIN,-0.3984
871,LOT_B002,W002,D0002,0.92,2.2,85,129.381,0.4502,6.272,1.737,ATPG_057,SCAN_AT_SPEED,FAIL,FREQ_MARGIN,-0.4184
872,LOT_B002,W002,D0002,0.92,2.22,85,130.138,0.488,6.21,1.914,ATPG_009,SCAN_AT_SPEED,FAIL,FREQ_MARGIN,-0.4384
873,LOT_B002,W002,D0002,0.92,2.24,85,135.67,0.4489,6.474,1.866,ATPG_085,SCAN_AT_SPEED,FAIL,FREQ_MARGIN,-0.4584
874,LOT_B002,W002,D0002,0.92,2.26,85,132.228,0.4376,6.187,1.812,ATPG_017,SCAN_AT_SPEED,FAIL,FREQ_MARGIN,-0.4784
875,LOT_B002,W002,D0002,0.92,2.28,85,135.095,0.4351,6.273,1.875,ATPG_049,SCAN_AT_SPEED,FAIL,FREQ_MARGIN,-0.4984
876,LOT_B002,W002,D0002,0.92,2.3,85,131.575,0.4408,6.234,1.827,ATPG_047,SCAN_AT_SPEED,FAIL,TIMING,-0.5184
877,LOT_B002,W002,D0002,0.92,2.32,85,135.727,0.4031,6.419,1.949,ATPG_026,SCAN_AT_SPEED,FAIL,FREQ_MARGIN,-0.5384
878,LOT_B002,W002,D0002,0.92,2.34,85,137.509,0.4576,6.223,1.944,ATPG_003,SCAN_AT_SPEED,FAIL,FREQ_MARGIN,-0.5584
879,LOT_B002,W002,D0002,0.92,2.36,85,137.644,0.4369,6.446,1.95,ATPG_063,SCAN_AT_SPEED,FAIL,FREQ_MARGIN,-0.5784
880,LOT_B002,W002,D0002,0.92,2.38,85,140.371,0.4288,6.415,1.819,ATPG_072,SCAN_AT_SPEED,FAIL,FREQ_MARGIN,-0.5984
881,LOT_B002,W002,D0002,0.93,0.8,85,82.447,1.2952,5.974,1.844,ATPG_049,SCAN_AT_SPEED,PASS,NA,1.0413
882,LOT_B002,W002,D0002,0.93,0.82,85,79.147,1.2519,6.396,1.761,ATPG_071,SCAN_AT_SPEED,PASS,NA,1.0213
883,LOT_B002,W002,D0002,0.93,0.84,85,80.313,1.1736,6.333,1.859,ATPG_071,SCAN_AT_SPEED,PASS,NA,1.0013
884,LOT_B002,W002,D0002,0.93,0.86,85,81.48,1.1738,6.319,1.843,ATPG_026,SCAN_AT_SPEED,PASS,NA,0.9813
885,LOT_B002,W002,D0002,0.93,0.88,85,82.821,1.167,6.446,1.9,ATPG_012,SCAN_AT_SPEED,PASS,NA,0.9613
886,LOT_B002,W002,D0002,0.93,0.9,85,85.488,1.0874,6.487,1.952,ATPG_021,SCAN_AT_SPEED,PASS,NA,0.9413
887,LOT_B002,W002,D0002,0.93,0.92,85,85.172,1.1173,6.192,1.931,ATPG_002,SCAN_AT_SPEED,PASS,NA,0.9213
888,LOT_B002,W002,D0002,0.93,0.94,85,86.285,1.049,5.991,1.981,ATPG_100,SCAN_AT_SPEED,PASS,NA,0.9013
889,LOT_B002,W002,D0002,0.93,0.96,85,83.055,1.0104,6.334,1.758,ATPG_006,SCAN_AT_SPEED,PASS,NA,0.8813
890,LOT_B002,W002,D0002,0.93,0.98,85,88.508,1.0387,6.254,1.961,ATPG_096,SCAN_AT_SPEED,PASS,NA,0.8613
891,LOT_B002,W002,D0002,0.93,1.0,85,89.95,1.0157,6.117,1.922,ATPG_048,SCAN_AT_SPEED,PASS,NA,0.8413
892,LOT_B002,W002,D0002,0.93,1.02,85,86.86,0.9918,6.773,1.759,ATPG_053,SCAN_AT_SPEED,PASS,NA,0.8213
893,LOT_B002,W002,D0002,0.93,1.04,85,92.022,0.9717,6.361,1.979,ATPG_017,SCAN_AT_SPEED,PASS,NA,0.8013
894,LOT_B002,W002,D0002,0.93,1.06,85,91.104,0.9255,6.119,1.909,ATPG_035,SCAN_AT_SPEED,PASS,NA,0.7813
895,LOT_B002,W002,D0002,0.93,1.08,85,86.797,0.9186,6.375,1.86,ATPG_038,SCAN_AT_SPEED,PASS,NA,0.7613
896,LOT_B002,W002,D0002,0.93,1.1,85,89.51,0.9293,6.543,1.97,ATPG_012,SCAN_AT_SPEED,PASS,NA,0.7413
897,LOT_B002,W002,D0002,0.93,1.12,85,92.375,0.903,6.375,1.758,ATPG_082,SCAN_AT_SPEED,PASS,NA,0.7213
898,LOT_B002,W002,D0002,0.93,1.14,85,95.303,0.877,6.246,1.775,ATPG_051,SCAN_AT_SPEED,PASS,NA,0.7013
899,LOT_B002,W002,D0002,0.93,1.16,85,89.036,0.8338,6.408,1.942,ATPG_002,SCAN_AT_SPEED,PASS,NA,0.6813
900,LOT_B002,W002,D0002,0.93,1.18,85,94.076,0.8741,6.225,1.852,ATPG_008,SCAN_AT_SPEED,PASS,NA,0.6613
901,LOT_B002,W002,D0002,0.93,1.2,85,96.147,0.8284,6.46,1.786,ATPG_054,SCAN_AT_SPEED,PASS,NA,0.6413
902,LOT_B002,W002,D0002,0.93,1.22,85,97.107,0.8133,5.921,1.976,ATPG_026,SCAN_AT_SPEED,PASS,NA,0.6213
903,LOT_B002,W002,D0002,0.93,1.24,85,99.415,0.7892,6.408,1.992,ATPG_006,SCAN_AT_SPEED,PASS,NA,0.6013
904,LOT_B002,W002,D0002,0.93,1.26,85,96.81,0.8055,6.063,1.845,ATPG_070,SCAN_AT_SPEED,PASS,NA,0.5813
905,LOT_B002,W002,D0002,0.93,1.28,85,99.019,0.8051,6.495,1.734,ATPG_059,SCAN_AT_SPEED,PASS,NA,0.5613
906,LOT_B002,W002,D0002,0.93,1.3,85,98.062,0.7698,6.651,1.719,ATPG_074,SCAN_AT_SPEED,PASS,NA,0.5413
907,LOT_B002,W002,D0002,0.93,1.32,85,102.001,0.7287,6.303,1.815,ATPG_026,SCAN_AT_SPEED,PASS,NA,0.5213
908,LOT_B002,W002,D0002,0.93,1.34,85,96.094,0.7347,6.32,1.953,ATPG_031,SCAN_AT_SPEED,PASS,NA,0.5013
909,LOT_B002,W002,D0002,0.93,1.36,85,100.142,0.7553,6.168,1.804,ATPG_018,SCAN_AT_SPEED,PASS,NA,0.4813
910,LOT_B002,W002,D0002,0.93,1.38,85,101.983,0.7022,6.089,1.732,ATPG_018,SCAN_AT_SPEED,PASS,NA,0.4613
911,LOT_B002,W002,D0002,0.93,1.4,85,101.074,0.7284,6.054,1.785,ATPG_044,SCAN_AT_SPEED,PASS,NA,0.4413
912,LOT_B002,W002,D0002,0.93,1.42,85,108.321,0.6759,6.509,1.837,ATPG_089,SCAN_AT_SPEED,PASS,NA,0.4213
913,LOT_B002,W002,D0002,0.93,1.44,85,102.271,0.6754,6.171,1.752,ATPG_019,SCAN_AT_SPEED,PASS,NA,0.4013
914,LOT_B002,W002,D0002,0.93,1.46,85,103.915,0.671,6.124,1.855,ATPG_005,SCAN_AT_SPEED,PASS,NA,0.3813
915,LOT_B002,W002,D0002,0.93,1.48,85,103.175,0.7031,6.343,1.724,ATPG_058,SCAN_AT_SPEED,PASS,NA,0.3613
916,LOT_B002,W002,D0002,0.93,1.5,85,102.534,0.6809,6.361,1.738,ATPG_007,SCAN_AT_SPEED,PASS,NA,0.3413
917,LOT_B002,W002,D0002,0.93,1.52,85,108.092,0.6606,6.462,1.758,ATPG_040,SCAN_AT_SPEED,PASS,NA,0.3213
918,LOT_B002,W002,D0002,0.93,1.54,85,104.833,0.6557,6.146,1.793,ATPG_052,SCAN_AT_SPEED,PASS,NA,0.3013
919,LOT_B002,W002,D0002,0.93,1.56,85,109.559,0.6227,6.562,1.927,ATPG_007,SCAN_AT_SPEED,PASS,NA,0.2813
920,LOT_B002,W002,D0002,0.93,1.58,85,107.624,0.6131,6.469,1.983,ATPG_065,SCAN_AT_SPEED,PASS,NA,0.2613
921,LOT_B002,W002,D0002,0.93,1.6,85,108.794,0.6172,5.935,1.761,ATPG_023,SCAN_AT_SPEED,PASS,NA,0.2413
922,LOT_B002,W002,D0002,0.93,1.62,85,109.653,0.6372,6.219,1.703,ATPG_061,SCAN_AT_SPEED,PASS,NA,0.2213
923,LOT_B002,W002,D0002,0.93,1.64,85,111.167,0.6114,6.349,1.974,ATPG_090,SCAN_AT_SPEED,PASS,NA,0.2013
924,LOT_B002,W002,D0002,0.93,1.66,85,110.034,0.6082,6.154,1.993,ATPG_054,SCAN_AT_SPEED,PASS,NA,0.1813
925,LOT_B002,W002,D0002,0.93,1.68,85,110.299,0.593,6.62,1.8,ATPG_098,SCAN_AT_SPEED,PASS,NA,0.1613
926,LOT_B002,W002,D0002,0.93,1.7,85,113.683,0.5923,6.47,1.999,ATPG_056,SCAN_AT_SPEED,PASS,NA,0.1413
927,LOT_B002,W002,D0002,0.93,1.72,85,115.283,0.5782,6.499,1.785,ATPG_043,SCAN_AT_SPEED,PASS,NA,0.1213
928,LOT_B002,W002,D0002,0.93,1.74,85,113.478,0.5673,6.31,1.822,ATPG_012,SCAN_AT_SPEED,PASS,NA,0.1013
929,LOT_B002,W002,D0002,0.93,1.76,85,114.884,0.5642,6.608,1.984,ATPG_098,SCAN_AT_SPEED,PASS,NA,0.0813
930,LOT_B002,W002,D0002,0.93,1.78,85,116.68,0.5793,6.079,1.878,ATPG_063,SCAN_AT_SPEED,PASS,NA,0.0613
931,LOT_B002,W002,D0002,0.93,1.8,85,114.792,0.5387,6.76,1.718,ATPG_093,SCAN_AT_SPEED,PASS,NA,0.0413
932,LOT_B002,W002,D0002,0.93,1.82,85,119.204,0.521,6.16,1.899,ATPG_069,SCAN_AT_SPEED,PASS,NA,0.0213
933,LOT_B002,W002,D0002,0.93,1.84,85,117.233,0.5626,6.309,1.746,ATPG_017,SCAN_AT_SPEED,PASS,NA,0.0013
934,LOT_B002,W002,D0002,0.93,1.86,85,119.607,0.5052,6.464,1.777,ATPG_049,SCAN_AT_SPEED,FAIL,FREQ_MARGIN,-0.0187
935,LOT_B002,W002,D0002,0.93,1.88,85,119.372,0.535,6.356,1.826,ATPG_049,SCAN_AT_SPEED,FAIL,TIMING,-0.0387
936,LOT_B002,W002,D0002,0.93,1.9,85,120.595,0.5161,5.902,1.861,ATPG_098,SCAN_AT_SPEED,FAIL,TIMING,-0.0587
937,LOT_B002,W002,D0002,0.93,1.92,85,121.163,0.4737,6.557,1.99,ATPG_077,SCAN_AT_SPEED,FAIL,FREQ_MARGIN,-0.0787
938,LOT_B002,W002,D0002,0.93,1.94,85,121.138,0.5237,6.494,1.999,ATPG_086,SCAN_AT_SPEED,FAIL,FREQ_MARGIN,-0.0987
939,LOT_B002,W002,D0002,0.93,1.96,85,122.285,0.4993,6.42,1.821,ATPG_049,SCAN_AT_SPEED,FAIL,FREQ_MARGIN,-0.1187
940,LOT_B002,W002,D0002,0.93,1.98,85,125.519,0.5031,6.566,1.791,ATPG_017,SCAN_AT_SPEED,FAIL,FREQ_MARGIN,-0.1387
941,LOT_B002,W002,D0002,0.93,2.0,85,124.507,0.4961,6.074,1.946,ATPG_018,SCAN_AT_SPEED,FAIL,FREQ_MARGIN,-0.1587
942,LOT_B002,W002,D0002,0.93,2.02,85,123.802,0.4938,6.07,1.967,ATPG_055,SCAN_AT_SPEED,FAIL,TIMING,-0.1787
943,LOT_B002,W002,D0002,0.93,2.04,85,124.345,0.4941,6.081,1.737,ATPG_010,SCAN_AT_SPEED,FAIL,FREQ_MARGIN,-0.1987
944,LOT_B002,W002,D0002,0.93,2.06,85,130.371,0.4633,6.317,1.882,ATPG_078,SCAN_AT_SPEED,FAIL,FREQ_MARGIN,-0.2187
945,LOT_B002,W002,D0002,0.93,2.08,85,123.767,0.4614,6.262,1.883,ATPG_038,SCAN_AT_SPEED,FAIL,FREQ_MARGIN,-0.2387
946,LOT_B002,W002,D0002,0.93,2.1,85,128.429,0.4277,6.593,1.843,ATPG_062,SCAN_AT_SPEED,FAIL,FREQ_MARGIN,-0.2587
947,LOT_B002,W002,D0002,0.93,2.12,85,130.657,0.4704,6.341,1.984,ATPG_010,SCAN_AT_SPEED,FAIL,FREQ_MARGIN,-0.2787
948,LOT_B002,W002,D0002,0.93,2.14,85,132.6,0.4785,6.338,1.836,ATPG_080,SCAN_AT_SPEED,FAIL,FREQ_MARGIN,-0.2987
949,LOT_B002,W002,D0002,0.93,2.16,85,129.953,0.4695,5.995,1.947,ATPG_054,SCAN_AT_SPEED,FAIL,TIMING,-0.3187
950,LOT_B002,W002,D0002,0.93,2.18,85,130.844,0.4462,6.358,1.725,ATPG_097,SCAN_AT_SPEED,FAIL,TIMING,-0.3387
951,LOT_B002,W002,D0002,0.93,2.2,85,130.191,0.491,6.603,1.818,ATPG_067,SCAN_AT_SPEED,FAIL,FREQ_MARGIN,-0.3587
952,LOT_B002,W002,D0002,0.93,2.22,85,132.108,0.4386,6.564,1.888,ATPG_077,SCAN_AT_SPEED,FAIL,FREQ_MARGIN,-0.3787
953,LOT_B002,W002,D0002,0.93,2.24,85,132.687,0.4396,6.341,1.908,ATPG_019,SCAN_AT_SPEED,FAIL,FREQ_MARGIN,-0.3987
954,LOT_B002,W002,D0002,0.93,2.26,85,130.787,0.4359,6.42,1.987,ATPG_017,SCAN_AT_SPEED,FAIL,FREQ_MARGIN,-0.4187
955,LOT_B002,W002,D0002,0.93,2.28,85,130.032,0.4385,6.505,1.881,ATPG_071,SCAN_AT_SPEED,FAIL,FREQ_MARGIN,-0.4387
956,LOT_B002,W002,D0002,0.93,2.3,85,137.917,0.4288,6.233,1.789,ATPG_073,SCAN_AT_SPEED,FAIL,FREQ_MARGIN,-0.4587
957,LOT_B002,W002,D0002,0.93,2.32,85,133.162,0.4188,6.607,1.815,ATPG_042,SCAN_AT_SPEED,FAIL,TIMING,-0.4787
958,LOT_B002,W002,D0002,0.93,2.34,85,138.057,0.4238,6.324,1.854,ATPG_079,SCAN_AT_SPEED,FAIL,FREQ_MARGIN,-0.4987
959,LOT_B002,W002,D0002,0.93,2.36,85,139.938,0.4085,6.227,1.851,ATPG_027,SCAN_AT_SPEED,FAIL,FREQ_MARGIN,-0.5187
960,LOT_B002,W002,D0002,0.93,2.38,85,137.094,0.4108,6.241,1.854,ATPG_047,SCAN_AT_SPEED,FAIL,FREQ_MARGIN,-0.5387
961,LOT_B002,W002,D0002,0.95,0.8,85,83.007,1.254,6.676,1.875,ATPG_049,SCAN_AT_SPEED,PASS,NA,1.1222
962,LOT_B002,W002,D0002,0.95,0.82,85,79.646,1.1743,6.417,1.96,ATPG_034,SCAN_AT_SPEED,PASS,NA,1.1022
963,LOT_B002,W002,D0002,0.95,0.84,85,80.116,1.1656,6.314,1.969,ATPG_072,SCAN_AT_SPEED,PASS,NA,1.0822
964,LOT_B002,W002,D0002,0.95,0.86,85,84.122,1.156,6.399,1.78,ATPG_084,SCAN_AT_SPEED,PASS,NA,1.0622
965,LOT_B002,W002,D0002,0.95,0.88,85,82.739,1.1259,6.438,1.806,ATPG_048,SCAN_AT_SPEED,PASS,NA,1.0422
966,LOT_B002,W002,D0002,0.95,0.9,85,84.37,1.1136,6.783,1.892,ATPG_057,SCAN_AT_SPEED,PASS,NA,1.0222
967,LOT_B002,W002,D0002,0.95,0.92,85,87.993,1.0647,6.62,1.915,ATPG_017,SCAN_AT_SPEED,PASS,NA,1.0022
968,LOT_B002,W002,D0002,0.95,0.94,85,86.01,1.0473,6.333,1.952,ATPG_034,SCAN_AT_SPEED,PASS,NA,0.9822
969,LOT_B002,W002,D0002,0.95,0.96,85,87.847,1.067,6.398,1.793,ATPG_078,SCAN_AT_SPEED,PASS,NA,0.9622
970,LOT_B002,W002,D0002,0.95,0.98,85,89.653,0.9993,6.159,1.787,ATPG_003,SCAN_AT_SPEED,PASS,NA,0.9422
971,LOT_B002,W002,D0002,0.95,1.0,85,88.253,0.984,6.646,1.917,ATPG_017,SCAN_AT_SPEED,PASS,NA,0.9222
972,LOT_B002,W002,D0002,0.95,1.02,85,87.589,0.9863,6.216,1.986,ATPG_009,SCAN_AT_SPEED,PASS,NA,0.9022
973,LOT_B002,W002,D0002,0.95,1.04,85,89.386,0.9512,6.1,1.915,ATPG_003,SCAN_AT_SPEED,PASS,NA,0.8822
974,LOT_B002,W002,D0002,0.95,1.06,85,90.369,0.9533,6.115,1.953,ATPG_035,SCAN_AT_SPEED,PASS,NA,0.8622
975,LOT_B002,W002,D0002,0.95,1.08,85,91.807,0.9359,6.246,1.77,ATPG_027,SCAN_AT_SPEED,PASS,NA,0.8422
976,LOT_B002,W002,D0002,0.95,1.1,85,88.358,0.93,6.281,1.791,ATPG_081,SCAN_AT_SPEED,PASS,NA,0.8222
977,LOT_B002,W002,D0002,0.95,1.12,85,94.08,0.8988,6.516,1.995,ATPG_055,SCAN_AT_SPEED,PASS,NA,0.8022
978,LOT_B002,W002,D0002,0.95,1.14,85,94.683,0.8923,6.234,1.747,ATPG_069,SCAN_AT_SPEED,PASS,NA,0.7822
979,LOT_B002,W002,D0002,0.95,1.16,85,94.479,0.8261,6.827,1.701,ATPG_040,SCAN_AT_SPEED,PASS,NA,0.7622
980,LOT_B002,W002,D0002,0.95,1.18,85,98.423,0.8511,6.494,1.914,ATPG_005,SCAN_AT_SPEED,PASS,NA,0.7422
981,LOT_B002,W002,D0002,0.95,1.2,85,93.04,0.8317,6.071,1.755,ATPG_067,SCAN_AT_SPEED,PASS,NA,0.7222
982,LOT_B002,W002,D0002,0.95,1.22,85,95.46,0.8585,6.495,1.789,ATPG_032,SCAN_AT_SPEED,PASS,NA,0.7022
983,LOT_B002,W002,D0002,0.95,1.24,85,93.246,0.8208,6.545,1.732,ATPG_045,SCAN_AT_SPEED,PASS,NA,0.6822
984,LOT_B002,W002,D0002,0.95,1.26,85,99.089,0.7743,6.404,1.712,ATPG_070,SCAN_AT_SPEED,PASS,NA,0.6622
985,LOT_B002,W002,D0002,0.95,1.28,85,102.686,0.8009,6.836,1.838,ATPG_072,SCAN_AT_SPEED,PASS,NA,0.6422
986,LOT_B002,W002,D0002,0.95,1.3,85,99.593,0.7667,6.399,1.788,ATPG_005,SCAN_AT_SPEED,PASS,NA,0.6222
987,LOT_B002,W002,D0002,0.95,1.32,85,98.55,0.7251,6.37,2.0,ATPG_010,SCAN_AT_SPEED,PASS,NA,0.6022
988,LOT_B002,W002,D0002,0.95,1.34,85,96.177,0.7522,6.873,1.96,ATPG_087,SCAN_AT_SPEED,PASS,NA,0.5822
989,LOT_B002,W002,D0002,0.95,1.36,85,100.127,0.7614,6.618,1.795,ATPG_045,SCAN_AT_SPEED,PASS,NA,0.5622
990,LOT_B002,W002,D0002,0.95,1.38,85,101.862,0.748,6.171,1.991,ATPG_027,SCAN_AT_SPEED,PASS,NA,0.5422
991,LOT_B002,W002,D0002,0.95,1.4,85,102.375,0.7211,6.34,1.921,ATPG_096,SCAN_AT_SPEED,PASS,NA,0.5222
992,LOT_B002,W002,D0002,0.95,1.42,85,103.514,0.6768,6.513,1.937,ATPG_093,SCAN_AT_SPEED,PASS,NA,0.5022
993,LOT_B002,W002,D0002,0.95,1.44,85,99.894,0.7133,6.68,1.951,ATPG_029,SCAN_AT_SPEED,PASS,NA,0.4822
994,LOT_B002,W002,D0002,0.95,1.46,85,106.025,0.6857,6.341,1.862,ATPG_095,SCAN_AT_SPEED,PASS,NA,0.4622
995,LOT_B002,W002,D0002,0.95,1.48,85,108.338,0.6742,6.356,1.809,ATPG_028,SCAN_AT_SPEED,PASS,NA,0.4422
996,LOT_B002,W002,D0002,0.95,1.5,85,107.283,0.672,6.331,1.839,ATPG_082,SCAN_AT_SPEED,PASS,NA,0.4222
997,LOT_B002,W002,D0002,0.95,1.52,85,108.248,0.6547,6.599,1.801,ATPG_061,SCAN_AT_SPEED,PASS,NA,0.4022
998,LOT_B002,W002,D0002,0.95,1.54,85,109.667,0.628,6.61,1.717,ATPG_049,SCAN_AT_SPEED,PASS,NA,0.3822
999,LOT_B002,W002,D0002,0.95,1.56,85,111.485,0.6241,6.534,1.712,ATPG_005,SCAN_AT_SPEED,PASS,NA,0.3622
1000,LOT_B002,W002,D0002,0.95,1.58,85,110.898,0.6549,6.321,1.921,ATPG_037,SCAN_AT_SPEED,PASS,NA,0.3422
1001,LOT_B002,W002,D0002,0.95,1.6,85,110.764,0.5947,6.371,1.952,ATPG_090,SCAN_AT_SPEED,PASS,NA,0.3222
1002,LOT_B002,W002,D0002,0.95,1.62,85,110.091,0.5934,6.06,1.776,ATPG_011,SCAN_AT_SPEED,PASS,NA,0.3022
1003,LOT_B002,W002,D0002,0.95,1.64,85,114.791,0.6163,6.957,1.89,ATPG_063,SCAN_AT_SPEED,PASS,NA,0.2822
1004,LOT_B002,W002,D0002,0.95,1.66,85,111.323,0.612,6.484,1.756,ATPG_093,SCAN_AT_SPEED,PASS,NA,0.2622
1005,LOT_B002,W002,D0002,0.95,1.68,85,116.833,0.5703,6.385,1.984,ATPG_084,SCAN_AT_SPEED,PASS,NA,0.2422
1006,LOT_B002,W002,D0002,0.95,1.7,85,114.791,0.5775,6.346,1.805,ATPG_041,SCAN_AT_SPEED,PASS,NA,0.2222
1007,LOT_B002,W002,D0002,0.95,1.72,85,117.346,0.6094,6.614,1.874,ATPG_091,SCAN_AT_SPEED,PASS,NA,0.2022
1008,LOT_B002,W002,D0002,0.95,1.74,85,117.465,0.5523,6.528,1.908,ATPG_087,SCAN_AT_SPEED,PASS,NA,0.1822
1009,LOT_B002,W002,D0002,0.95,1.76,85,118.841,0.5765,6.634,1.989,ATPG_066,SCAN_AT_SPEED,PASS,NA,0.1622
1010,LOT_B002,W002,D0002,0.95,1.78,85,113.352,0.5814,6.499,1.797,ATPG_074,SCAN_AT_SPEED,PASS,NA,0.1422
1011,LOT_B002,W002,D0002,0.95,1.8,85,115.108,0.5751,6.606,1.95,ATPG_053,SCAN_AT_SPEED,PASS,NA,0.1222
1012,LOT_B002,W002,D0002,0.95,1.82,85,119.094,0.5475,6.876,1.706,ATPG_076,SCAN_AT_SPEED,PASS,NA,0.1022
1013,LOT_B002,W002,D0002,0.95,1.84,85,120.362,0.5308,6.59,1.932,ATPG_001,SCAN_AT_SPEED,PASS,NA,0.0822
1014,LOT_B002,W002,D0002,0.95,1.86,85,120.612,0.546,6.145,1.85,ATPG_088,SCAN_AT_SPEED,PASS,NA,0.0622
1015,LOT_B002,W002,D0002,0.95,1.88,85,120.284,0.5166,6.597,1.776,ATPG_080,SCAN_AT_SPEED,PASS,NA,0.0422
1016,LOT_B002,W002,D0002,0.95,1.9,85,123.144,0.5557,6.288,1.793,ATPG_079,SCAN_AT_SPEED,PASS,NA,0.0222
1017,LOT_B002,W002,D0002,0.95,1.92,85,124.039,0.5459,6.433,1.778,ATPG_043,SCAN_AT_SPEED,PASS,NA,0.0022
1018,LOT_B002,W002,D0002,0.95,1.94,85,124.307,0.5145,6.316,1.984,ATPG_049,SCAN_AT_SPEED,FAIL,TIMING,-0.0178
1019,LOT_B002,W002,D0002,0.95,1.96,85,125.458,0.5463,5.93,1.721,ATPG_028,SCAN_AT_SPEED,FAIL,FREQ_MARGIN,-0.0378
1020,LOT_B002,W002,D0002,0.95,1.98,85,124.884,0.4967,6.282,1.739,ATPG_030,SCAN_AT_SPEED,FAIL,FREQ_MARGIN,-0.0578
1021,LOT_B002,W002,D0002,0.95,2.0,85,126.688,0.4952,6.434,1.749,ATPG_053,SCAN_AT_SPEED,FAIL,TIMING,-0.0778
1022,LOT_B002,W002,D0002,0.95,2.02,85,127.753,0.5187,6.879,1.889,ATPG_080,SCAN_AT_SPEED,FAIL,FREQ_MARGIN,-0.0978
1023,LOT_B002,W002,D0002,0.95,2.04,85,129.809,0.4347,6.549,1.742,ATPG_039,SCAN_AT_SPEED,FAIL,FREQ_MARGIN,-0.1178
1024,LOT_B002,W002,D0002,0.95,2.06,85,129.282,0.5003,6.289,1.732,ATPG_095,SCAN_AT_SPEED,FAIL,TIMING,-0.1378
1025,LOT_B002,W002,D0002,0.95,2.08,85,127.765,0.4872,6.521,1.835,ATPG_083,SCAN_AT_SPEED,FAIL,FREQ_MARGIN,-0.1578
1026,LOT_B002,W002,D0002,0.95,2.1,85,126.355,0.4976,6.078,1.981,ATPG_029,SCAN_AT_SPEED,FAIL,FREQ_MARGIN,-0.1778
1027,LOT_B002,W002,D0002,0.95,2.12,85,129.013,0.4449,6.592,1.842,ATPG_074,SCAN_AT_SPEED,FAIL,FREQ_MARGIN,-0.1978
1028,LOT_B002,W002,D0002,0.95,2.14,85,132.141,0.4952,6.418,1.777,ATPG_018,SCAN_AT_SPEED,FAIL,FREQ_MARGIN,-0.2178
1029,LOT_B002,W002,D0002,0.95,2.16,85,133.759,0.4344,6.754,1.744,ATPG_042,SCAN_AT_SPEED,FAIL,FREQ_MARGIN,-0.2378
1030,LOT_B002,W002,D0002,0.95,2.18,85,132.505,0.4607,6.502,1.974,ATPG_044,SCAN_AT_SPEED,FAIL,TIMING,-0.2578
1031,LOT_B002,W002,D0002,0.95,2.2,85,132.473,0.4377,6.327,1.899,ATPG_020,SCAN_AT_SPEED,FAIL,FREQ_MARGIN,-0.2778
1032,LOT_B002,W002,D0002,0.95,2.22,85,134.556,0.4403,6.434,1.92,ATPG_092,SCAN_AT_SPEED,FAIL,FREQ_MARGIN,-0.2978
1033,LOT_B002,W002,D0002,0.95,2.24,85,134.76,0.4365,6.407,1.945,ATPG_067,SCAN_AT_SPEED,FAIL,FREQ_MARGIN,-0.3178
1034,LOT_B002,W002,D0002,0.95,2.26,85,135.061,0.4133,6.416,1.854,ATPG_057,SCAN_AT_SPEED,FAIL,FREQ_MARGIN,-0.3378
1035,LOT_B002,W002,D0002,0.95,2.28,85,133.017,0.4352,6.397,1.717,ATPG_051,SCAN_AT_SPEED,FAIL,FREQ_MARGIN,-0.3578
1036,LOT_B002,W002,D0002,0.95,2.3,85,139.151,0.4187,6.603,1.845,ATPG_064,SCAN_AT_SPEED,FAIL,FREQ_MARGIN,-0.3778
1037,LOT_B002,W002,D0002,0.95,2.32,85,136.041,0.4641,6.464,1.738,ATPG_044,SCAN_AT_SPEED,FAIL,TIMING,-0.3978
1038,LOT_B002,W002,D0002,0.95,2.34,85,139.116,0.4195,6.397,1.817,ATPG_055,SCAN_AT_SPEED,FAIL,FREQ_MARGIN,-0.4178
1039,LOT_B002,W002,D0002,0.95,2.36,85,141.5,0.3942,6.81,1.889,ATPG_049,SCAN_AT_SPEED,FAIL,TIMING,-0.4378
1040,LOT_B002,W002,D0002,0.95,2.38,85,139.837,0.3934,6.481,1.835,ATPG_090,SCAN_AT_SPEED,FAIL,FREQ_MARGIN,-0.4578
1041,LOT_B002,W002,D0002,0.97,0.8,85,78.533,1.2447,6.599,1.929,ATPG_030,SCAN_AT_SPEED,PASS,NA,1.1961
1042,LOT_B002,W002,D0002,0.97,0.82,85,83.889,1.2223,6.661,1.89,ATPG_072,SCAN_AT_SPEED,PASS,NA,1.1761
1043,LOT_B002,W002,D0002,0.97,0.84,85,84.884,1.1901,6.027,1.915,ATPG_027,SCAN_AT_SPEED,PASS,NA,1.1561
1044,LOT_B002,W002,D0002,0.97,0.86,85,83.156,1.1747,6.522,1.995,ATPG_083,SCAN_AT_SPEED,PASS,NA,1.1361
1045,LOT_B002,W002,D0002,0.97,0.88,85,81.432,1.1492,6.678,1.949,ATPG_007,SCAN_AT_SPEED,PASS,NA,1.1161
1046,LOT_B002,W002,D0002,0.97,0.9,85,82.288,1.1234,6.896,1.709,ATPG_026,SCAN_AT_SPEED,PASS,NA,1.0961
1047,LOT_B002,W002,D0002,0.97,0.92,85,85.926,1.0883,6.544,1.832,ATPG_023,SCAN_AT_SPEED,PASS,NA,1.0761
1048,LOT_B002,W002,D0002,0.97,0.94,85,90.275,1.0558,6.736,1.971,ATPG_038,SCAN_AT_SPEED,PASS,NA,1.0561
1049,LOT_B002,W002,D0002,0.97,0.96,85,90.409,1.0273,6.731,1.765,ATPG_088,SCAN_AT_SPEED,PASS,NA,1.0361
1050,LOT_B002,W002,D0002,0.97,0.98,85,88.432,1.0329,6.545,1.986,ATPG_058,SCAN_AT_SPEED,PASS,NA,1.0161
1051,LOT_B002,W002,D0002,0.97,1.0,85,89.165,0.998,6.711,1.745,ATPG_039,SCAN_AT_SPEED,PASS,NA,0.9961
1052,LOT_B002,W002,D0002,0.97,1.02,85,91.443,1.0225,6.413,1.933,ATPG_089,SCAN_AT_SPEED,PASS,NA,0.9761
1053,LOT_B002,W002,D0002,0.97,1.04,85,89.705,0.9655,6.363,1.826,ATPG_009,SCAN_AT_SPEED,PASS,NA,0.9561
1054,LOT_B002,W002,D0002,0.97,1.06,85,91.929,0.9625,6.348,1.876,ATPG_003,SCAN_AT_SPEED,PASS,NA,0.9361
1055,LOT_B002,W002,D0002,0.97,1.08,85,88.362,0.9224,6.466,1.992,ATPG_067,SCAN_AT_SPEED,PASS,NA,0.9161
1056,LOT_B002,W002,D0002,0.97,1.1,85,88.987,0.9141,6.767,1.724,ATPG_092,SCAN_AT_SPEED,PASS,NA,0.8961
1057,LOT_B002,W002,D0002,0.97,1.12,85,93.319,0.8964,6.525,1.999,ATPG_002,SCAN_AT_SPEED,PASS,NA,0.8761
1058,LOT_B002,W002,D0002,0.97,1.14,85,91.22,0.8623,6.46,1.784,ATPG_058,SCAN_AT_SPEED,PASS,NA,0.8561
1059,LOT_B002,W002,D0002,0.97,1.16,85,93.408,0.841,6.541,1.781,ATPG_060,SCAN_AT_SPEED,PASS,NA,0.8361
1060,LOT_B002,W002,D0002,0.97,1.18,85,97.915,0.858,6.785,1.744,ATPG_066,SCAN_AT_SPEED,PASS,NA,0.8161
1061,LOT_B002,W002,D0002,0.97,1.2,85,99.11,0.8491,6.753,1.887,ATPG_067,SCAN_AT_SPEED,PASS,NA,0.7961
1062,LOT_B002,W002,D0002,0.97,1.22,85,97.862,0.8445,6.515,1.984,ATPG_021,SCAN_AT_SPEED,PASS,NA,0.7761
1063,LOT_B002,W002,D0002,0.97,1.24,85,97.009,0.8112,6.6,1.907,ATPG_070,SCAN_AT_SPEED,PASS,NA,0.7561
1064,LOT_B002,W002,D0002,0.97,1.26,85,97.73,0.8046,6.693,1.76,ATPG_003,SCAN_AT_SPEED,PASS,NA,0.7361
1065,LOT_B002,W002,D0002,0.97,1.28,85,95.71,0.7858,6.812,1.861,ATPG_086,SCAN_AT_SPEED,PASS,NA,0.7161
1066,LOT_B002,W002,D0002,0.97,1.3,85,100.345,0.7715,6.739,1.9,ATPG_011,SCAN_AT_SPEED,PASS,NA,0.6961
1067,LOT_B002,W002,D0002,0.97,1.32,85,101.976,0.7632,6.568,1.945,ATPG_021,SCAN_AT_SPEED,PASS,NA,0.6761
1068,LOT_B002,W002,D0002,0.97,1.34,85,103.06,0.7862,6.602,1.93,ATPG_020,SCAN_AT_SPEED,PASS,NA,0.6561
1069,LOT_B002,W002,D0002,0.97,1.36,85,104.733,0.7579,6.486,1.764,ATPG_070,SCAN_AT_SPEED,PASS,NA,0.6361
1070,LOT_B002,W002,D0002,0.97,1.38,85,103.774,0.7253,6.437,1.888,ATPG_048,SCAN_AT_SPEED,PASS,NA,0.6161
1071,LOT_B002,W002,D0002,0.97,1.4,85,105.552,0.7276,6.63,1.96,ATPG_077,SCAN_AT_SPEED,PASS,NA,0.5961
1072,LOT_B002,W002,D0002,0.97,1.42,85,103.429,0.7448,6.995,1.727,ATPG_088,SCAN_AT_SPEED,PASS,NA,0.5761
1073,LOT_B002,W002,D0002,0.97,1.44,85,105.617,0.6759,6.611,1.705,ATPG_076,SCAN_AT_SPEED,PASS,NA,0.5561
1074,LOT_B002,W002,D0002,0.97,1.46,85,106.403,0.7106,6.295,1.937,ATPG_050,SCAN_AT_SPEED,PASS,NA,0.5361
1075,LOT_B002,W002,D0002,0.97,1.48,85,106.877,0.6978,6.497,1.941,ATPG_036,SCAN_AT_SPEED,PASS,NA,0.5161
1076,LOT_B002,W002,D0002,0.97,1.5,85,106.685,0.6871,6.647,1.738,ATPG_018,SCAN_AT_SPEED,PASS,NA,0.4961
1077,LOT_B002,W002,D0002,0.97,1.52,85,106.959,0.681,6.569,1.874,ATPG_016,SCAN_AT_SPEED,PASS,NA,0.4761
1078,LOT_B002,W002,D0002,0.97,1.54,85,109.447,0.6497,6.724,1.861,ATPG_033,SCAN_AT_SPEED,PASS,NA,0.4561
1079,LOT_B002,W002,D0002,0.97,1.56,85,113.201,0.6627,6.671,1.802,ATPG_020,SCAN_AT_SPEED,PASS,NA,0.4361
1080,LOT_B002,W002,D0002,0.97,1.58,85,110.176,0.6562,6.527,1.8,ATPG_033,SCAN_AT_SPEED,PASS,NA,0.4161
1081,LOT_B002,W002,D0002,0.97,1.6,85,112.877,0.6291,6.638,1.858,ATPG_061,SCAN_AT_SPEED,PASS,NA,0.3961
1082,LOT_B002,W002,D0002,0.97,1.62,85,114.457,0.6093,6.542,1.985,ATPG_025,SCAN_AT_SPEED,PASS,NA,0.3761
1083,LOT_B002,W002,D0002,0.97,1.64,85,112.458,0.5811,6.694,1.907,ATPG_091,SCAN_AT_SPEED,PASS,NA,0.3561
1084,LOT_B002,W002,D0002,0.97,1.66,85,113.887,0.6391,7.025,1.807,ATPG_099,SCAN_AT_SPEED,PASS,NA,0.3361
1085,LOT_B002,W002,D0002,0.97,1.68,85,114.986,0.578,6.67,1.837,ATPG_021,SCAN_AT_SPEED,PASS,NA,0.3161
1086,LOT_B002,W002,D0002,0.97,1.7,85,114.338,0.5919,6.528,1.899,ATPG_020,SCAN_AT_SPEED,PASS,NA,0.2961
1087,LOT_B002,W002,D0002,0.97,1.72,85,119.591,0.5965,6.511,1.761,ATPG_038,SCAN_AT_SPEED,PASS,NA,0.2761
1088,LOT_B002,W002,D0002,0.97,1.74,85,113.684,0.6223,6.382,1.945,ATPG_098,SCAN_AT_SPEED,PASS,NA,0.2561
1089,LOT_B002,W002,D0002,0.97,1.76,85,119.206,0.542,6.504,1.785,ATPG_054,SCAN_AT_SPEED,PASS,NA,0.2361
1090,LOT_B002,W002,D0002,0.97,1.78,85,118.466,0.5352,6.589,1.725,ATPG_096,SCAN_AT_SPEED,PASS,NA,0.2161
1091,LOT_B002,W002,D0002,0.97,1.8,85,121.2,0.5214,6.555,1.911,ATPG_024,SCAN_AT_SPEED,PASS,NA,0.1961
1092,LOT_B002,W002,D0002,0.97,1.82,85,121.281,0.5524,6.519,1.734,ATPG_099,SCAN_AT_SPEED,PASS,NA,0.1761
1093,LOT_B002,W002,D0002,0.97,1.84,85,123.588,0.5492,6.519,1.918,ATPG_099,SCAN_AT_SPEED,PASS,NA,0.1561
1094,LOT_B002,W002,D0002,0.97,1.86,85,124.19,0.5225,6.501,1.813,ATPG_019,SCAN_AT_SPEED,PASS,NA,0.1361
1095,LOT_B002,W002,D0002,0.97,1.88,85,122.544,0.5515,6.645,1.892,ATPG_079,SCAN_AT_SPEED,PASS,NA,0.1161
1096,LOT_B002,W002,D0002,0.97,1.9,85,120.694,0.5381,6.632,1.941,ATPG_086,SCAN_AT_SPEED,PASS,NA,0.0961
1097,LOT_B002,W002,D0002,0.97,1.92,85,125.262,0.51,6.59,1.927,ATPG_075,SCAN_AT_SPEED,PASS,NA,0.0761
1098,LOT_B002,W002,D0002,0.97,1.94,85,125.954,0.508,6.58,1.998,ATPG_050,SCAN_AT_SPEED,PASS,NA,0.0561
1099,LOT_B002,W002,D0002,0.97,1.96,85,128.411,0.5276,7.064,1.741,ATPG_011,SCAN_AT_SPEED,PASS,NA,0.0361
1100,LOT_B002,W002,D0002,0.97,1.98,85,128.722,0.5048,6.758,1.705,ATPG_086,SCAN_AT_SPEED,PASS,NA,0.0161
1101,LOT_B002,W002,D0002,0.97,2.0,85,124.87,0.4485,6.453,1.996,ATPG_023,SCAN_AT_SPEED,FAIL,FREQ_MARGIN,-0.0039
1102,LOT_B002,W002,D0002,0.97,2.02,85,127.762,0.4981,6.488,1.951,ATPG_021,SCAN_AT_SPEED,FAIL,FREQ_MARGIN,-0.0239
1103,LOT_B002,W002,D0002,0.97,2.04,85,125.462,0.4914,6.752,1.85,ATPG_098,SCAN_AT_SPEED,FAIL,TIMING,-0.0439
1104,LOT_B002,W002,D0002,0.97,2.06,85,133.518,0.5048,6.459,1.741,ATPG_094,SCAN_AT_SPEED,FAIL,TIMING,-0.0639
1105,LOT_B002,W002,D0002,0.97,2.08,85,130.811,0.4981,6.789,1.978,ATPG_082,SCAN_AT_SPEED,FAIL,FREQ_MARGIN,-0.0839
1106,LOT_B002,W002,D0002,0.97,2.1,85,129.941,0.463,6.802,1.905,ATPG_082,SCAN_AT_SPEED,FAIL,FREQ_MARGIN,-0.1039
1107,LOT_B002,W002,D0002,0.97,2.12,85,134.674,0.4631,6.463,1.81,ATPG_053,SCAN_AT_SPEED,FAIL,TIMING,-0.1239
1108,LOT_B002,W002,D0002,0.97,2.14,85,133.788,0.4919,6.474,1.822,ATPG_047,SCAN_AT_SPEED,FAIL,FREQ_MARGIN,-0.1439
1109,LOT_B002,W002,D0002,0.97,2.16,85,132.184,0.445,6.54,1.996,ATPG_039,SCAN_AT_SPEED,FAIL,FREQ_MARGIN,-0.1639
1110,LOT_B002,W002,D0002,0.97,2.18,85,135.191,0.4142,6.605,1.848,ATPG_082,SCAN_AT_SPEED,FAIL,FREQ_MARGIN,-0.1839
1111,LOT_B002,W002,D0002,0.97,2.2,85,132.816,0.4758,6.637,1.893,ATPG_069,SCAN_AT_SPEED,FAIL,FREQ_MARGIN,-0.2039
1112,LOT_B002,W002,D0002,0.97,2.22,85,135.385,0.4234,6.227,1.9,ATPG_011,SCAN_AT_SPEED,FAIL,FREQ_MARGIN,-0.2239
1113,LOT_B002,W002,D0002,0.97,2.24,85,137.108,0.4637,6.415,1.882,ATPG_071,SCAN_AT_SPEED,FAIL,FREQ_MARGIN,-0.2439
1114,LOT_B002,W002,D0002,0.97,2.26,85,139.308,0.4453,6.786,1.786,ATPG_048,SCAN_AT_SPEED,FAIL,FREQ_MARGIN,-0.2639
1115,LOT_B002,W002,D0002,0.97,2.28,85,138.362,0.4815,6.545,1.899,ATPG_027,SCAN_AT_SPEED,FAIL,FREQ_MARGIN,-0.2839
1116,LOT_B002,W002,D0002,0.97,2.3,85,141.029,0.4293,6.521,1.955,ATPG_078,SCAN_AT_SPEED,FAIL,FREQ_MARGIN,-0.3039
1117,LOT_B002,W002,D0002,0.97,2.32,85,139.681,0.4233,6.322,1.97,ATPG_003,SCAN_AT_SPEED,FAIL,FREQ_MARGIN,-0.3239
1118,LOT_B002,W002,D0002,0.97,2.34,85,142.554,0.4672,6.48,1.951,ATPG_094,SCAN_AT_SPEED,FAIL,TIMING,-0.3439
1119,LOT_B002,W002,D0002,0.97,2.36,85,144.365,0.4265,6.914,1.941,ATPG_055,SCAN_AT_SPEED,FAIL,TIMING,-0.3639
1120,LOT_B002,W002,D0002,0.97,2.38,85,144.698,0.4336,6.411,1.871,ATPG_096,SCAN_AT_SPEED,FAIL,TIMING,-0.3839
1121,LOT_B002,W002,D0002,0.98,0.8,85,83.48,1.2395,6.611,1.923,ATPG_057,SCAN_AT_SPEED,PASS,NA,1.223
1122,LOT_B002,W002,D0002,0.98,0.82,85,79.99,1.2438,6.868,1.812,ATPG_071,SCAN_AT_SPEED,PASS,NA,1.203
1123,LOT_B002,W002,D0002,0.98,0.84,85,84.991,1.2195,6.602,1.846,ATPG_022,SCAN_AT_SPEED,PASS,NA,1.183
1124,LOT_B002,W002,D0002,0.98,0.86,85,84.183,1.1562,6.42,1.809,ATPG_049,SCAN_AT_SPEED,PASS,NA,1.163
1125,LOT_B002,W002,D0002,0.98,0.88,85,84.501,1.1592,6.559,1.857,ATPG_079,SCAN_AT_SPEED,PASS,NA,1.143
1126,LOT_B002,W002,D0002,0.98,0.9,85,83.449,1.0894,6.889,1.869,ATPG_052,SCAN_AT_SPEED,PASS,NA,1.123
1127,LOT_B002,W002,D0002,0.98,0.92,85,84.941,1.0883,6.617,1.885,ATPG_058,SCAN_AT_SPEED,PASS,NA,1.103
1128,LOT_B002,W002,D0002,0.98,0.94,85,82.649,1.0615,6.798,1.84,ATPG_013,SCAN_AT_SPEED,PASS,NA,1.083
1129,LOT_B002,W002,D0002,0.98,0.96,85,88.766,1.0274,6.37,1.826,ATPG_025,SCAN_AT_SPEED,PASS,NA,1.063
1130,LOT_B002,W002,D0002,0.98,0.98,85,87.002,1.017,6.765,1.786,ATPG_078,SCAN_AT_SPEED,PASS,NA,1.043
1131,LOT_B002,W002,D0002,0.98,1.0,85,86.48,1.0259,6.93,1.947,ATPG_035,SCAN_AT_SPEED,PASS,NA,1.023
1132,LOT_B002,W002,D0002,0.98,1.02,85,90.382,1.014,6.696,1.78,ATPG_068,SCAN_AT_SPEED,PASS,NA,1.003
1133,LOT_B002,W002,D0002,0.98,1.04,85,89.308,0.9568,6.663,1.711,ATPG_064,SCAN_AT_SPEED,PASS,NA,0.983
1134,LOT_B002,W002,D0002,0.98,1.06,85,90.977,0.9552,6.959,1.976,ATPG_055,SCAN_AT_SPEED,PASS,NA,0.963
1135,LOT_B002,W002,D0002,0.98,1.08,85,92.2,0.9297,6.566,1.84,ATPG_077,SCAN_AT_SPEED,PASS,NA,0.943
1136,LOT_B002,W002,D0002,0.98,1.1,85,97.466,0.9249,6.801,1.89,ATPG_017,SCAN_AT_SPEED,PASS,NA,0.923
1137,LOT_B002,W002,D0002,0.98,1.12,85,92.63,0.902,6.418,1.882,ATPG_079,SCAN_AT_SPEED,PASS,NA,0.903
1138,LOT_B002,W002,D0002,0.98,1.14,85,96.15,0.8915,6.769,1.708,ATPG_014,SCAN_AT_SPEED,PASS,NA,0.883
1139,LOT_B002,W002,D0002,0.98,1.16,85,100.261,0.8725,6.723,1.853,ATPG_099,SCAN_AT_SPEED,PASS,NA,0.863
1140,LOT_B002,W002,D0002,0.98,1.18,85,94.508,0.8306,6.854,1.824,ATPG_062,SCAN_AT_SPEED,PASS,NA,0.843
1141,LOT_B002,W002,D0002,0.98,1.2,85,97.306,0.8405,6.468,1.833,ATPG_091,SCAN_AT_SPEED,PASS,NA,0.823
1142,LOT_B002,W002,D0002,0.98,1.22,85,96.496,0.8283,6.28,1.965,ATPG_027,SCAN_AT_SPEED,PASS,NA,0.803
1143,LOT_B002,W002,D0002,0.98,1.24,85,100.271,0.8083,6.763,1.898,ATPG_093,SCAN_AT_SPEED,PASS,NA,0.783
1144,LOT_B002,W002,D0002,0.98,1.26,85,99.651,0.8125,6.264,1.819,ATPG_008,SCAN_AT_SPEED,PASS,NA,0.763
1145,LOT_B002,W002,D0002,0.98,1.28,85,99.397,0.7744,6.801,1.932,ATPG_073,SCAN_AT_SPEED,PASS,NA,0.743
1146,LOT_B002,W002,D0002,0.98,1.3,85,99.653,0.7879,6.83,1.731,ATPG_018,SCAN_AT_SPEED,PASS,NA,0.723
1147,LOT_B002,W002,D0002,0.98,1.32,85,98.222,0.7265,6.783,1.916,ATPG_069,SCAN_AT_SPEED,PASS,NA,0.703
1148,LOT_B002,W002,D0002,0.98,1.34,85,102.611,0.753,6.869,1.866,ATPG_010,SCAN_AT_SPEED,PASS,NA,0.683
1149,LOT_B002,W002,D0002,0.98,1.36,85,106.268,0.7554,6.867,1.776,ATPG_009,SCAN_AT_SPEED,PASS,NA,0.663
1150,LOT_B002,W002,D0002,0.98,1.38,85,104.269,0.7345,6.576,1.845,ATPG_020,SCAN_AT_SPEED,PASS,NA,0.643
1151,LOT_B002,W002,D0002,0.98,1.4,85,104.962,0.6832,6.814,1.715,ATPG_031,SCAN_AT_SPEED,PASS,NA,0.623
1152,LOT_B002,W002,D0002,0.98,1.42,85,110.729,0.7068,6.657,1.769,ATPG_062,SCAN_AT_SPEED,PASS,NA,0.603
1153,LOT_B002,W002,D0002,0.98,1.44,85,105.948,0.6778,6.406,1.906,ATPG_084,SCAN_AT_SPEED,PASS,NA,0.583
1154,LOT_B002,W002,D0002,0.98,1.46,85,107.193,0.7008,6.793,1.807,ATPG_017,SCAN_AT_SPEED,PASS,NA,0.563
1155,LOT_B002,W002,D0002,0.98,1.48,85,108.926,0.6857,6.867,1.894,ATPG_062,SCAN_AT_SPEED,PASS,NA,0.543
1156,LOT_B002,W002,D0002,0.98,1.5,85,111.303,0.6812,6.809,1.925,ATPG_062,SCAN_AT_SPEED,PASS,NA,0.523
1157,LOT_B002,W002,D0002,0.98,1.52,85,114.015,0.7087,6.565,1.887,ATPG_040,SCAN_AT_SPEED,PASS,NA,0.503
1158,LOT_B002,W002,D0002,0.98,1.54,85,110.253,0.6431,6.31,1.783,ATPG_083,SCAN_AT_SPEED,PASS,NA,0.483
1159,LOT_B002,W002,D0002,0.98,1.56,85,111.781,0.6568,6.461,1.817,ATPG_010,SCAN_AT_SPEED,PASS,NA,0.463
1160,LOT_B002,W002,D0002,0.98,1.58,85,111.286,0.6199,6.474,1.724,ATPG_021,SCAN_AT_SPEED,PASS,NA,0.443
1161,LOT_B002,W002,D0002,0.98,1.6,85,113.941,0.6383,6.779,1.975,ATPG_024,SCAN_AT_SPEED,PASS,NA,0.423
1162,LOT_B002,W002,D0002,0.98,1.62,85,114.735,0.6244,6.617,1.709,ATPG_023,SCAN_AT_SPEED,PASS,NA,0.403
1163,LOT_B002,W002,D0002,0.98,1.64,85,113.734,0.6108,6.345,1.954,ATPG_075,SCAN_AT_SPEED,PASS,NA,0.383
1164,LOT_B002,W002,D0002,0.98,1.66,85,115.442,0.6173,6.371,1.842,ATPG_002,SCAN_AT_SPEED,PASS,NA,0.363
1165,LOT_B002,W002,D0002,0.98,1.68,85,118.629,0.6007,6.787,1.919,ATPG_016,SCAN_AT_SPEED,PASS,NA,0.343
1166,LOT_B002,W002,D0002,0.98,1.7,85,116.198,0.5802,6.529,1.735,ATPG_019,SCAN_AT_SPEED,PASS,NA,0.323
1167,LOT_B002,W002,D0002,0.98,1.72,85,118.496,0.5579,6.821,1.966,ATPG_070,SCAN_AT_SPEED,PASS,NA,0.303
1168,LOT_B002,W002,D0002,0.98,1.74,85,115.764,0.5739,6.745,1.726,ATPG_066,SCAN_AT_SPEED,PASS,NA,0.283
1169,LOT_B002,W002,D0002,0.98,1.76,85,115.482,0.5684,6.428,1.833,ATPG_065,SCAN_AT_SPEED,PASS,NA,0.263
1170,LOT_B002,W002,D0002,0.98,1.78,85,119.42,0.5412,6.262,1.708,ATPG_097,SCAN_AT_SPEED,PASS,NA,0.243
1171,LOT_B002,W002,D0002,0.98,1.8,85,118.809,0.5525,6.56,1.926,ATPG_031,SCAN_AT_SPEED,PASS,NA,0.223
1172,LOT_B002,W002,D0002,0.98,1.82,85,119.812,0.5556,6.436,1.746,ATPG_026,SCAN_AT_SPEED,PASS,NA,0.203
1173,LOT_B002,W002,D0002,0.98,1.84,85,119.581,0.5449,6.644,1.897,ATPG_036,SCAN_AT_SPEED,PASS,NA,0.183
1174,LOT_B002,W002,D0002,0.98,1.86,85,123.564,0.5125,6.985,1.891,ATPG_089,SCAN_AT_SPEED,PASS,NA,0.163
1175,LOT_B002,W002,D0002,0.98,1.88,85,123.334,0.5364,6.753,1.781,ATPG_046,SCAN_AT_SPEED,PASS,NA,0.143
1176,LOT_B002,W002,D0002,0.98,1.9,85,124.491,0.5392,6.822,1.962,ATPG_092,SCAN_AT_SPEED,PASS,NA,0.123
1177,LOT_B002,W002,D0002,0.98,1.92,85,125.771,0.5555,6.478,1.841,ATPG_074,SCAN_AT_SPEED,PASS,NA,0.103
1178,LOT_B002,W002,D0002,0.98,1.94,85,124.074,0.4939,6.493,1.909,ATPG_033,SCAN_AT_SPEED,PASS,NA,0.083
1179,LOT_B002,W002,D0002,0.98,1.96,85,125.873,0.5026,6.176,1.973,ATPG_063,SCAN_AT_SPEED,PASS,NA,0.063
1180,LOT_B002,W002,D0002,0.98,1.98,85,128.144,0.5251,6.63,1.879,ATPG_012,SCAN_AT_SPEED,PASS,NA,0.043
1181,LOT_B002,W002,D0002,0.98,2.0,85,133.274,0.4704,6.682,1.842,ATPG_084,SCAN_AT_SPEED,PASS,NA,0.023
1182,LOT_B002,W002,D0002,0.98,2.02,85,129.398,0.4915,6.445,1.961,ATPG_074,SCAN_AT_SPEED,PASS,NA,0.003
1183,LOT_B002,W002,D0002,0.98,2.04,85,130.767,0.493,6.542,1.902,ATPG_058,SCAN_AT_SPEED,FAIL,FREQ_MARGIN,-0.017
1184,LOT_B002,W002,D0002,0.98,2.06,85,129.724,0.5211,6.421,1.734,ATPG_050,SCAN_AT_SPEED,FAIL,TIMING,-0.037
1185,LOT_B002,W002,D0002,0.98,2.08,85,131.563,0.4593,7.248,1.946,ATPG_070,SCAN_AT_SPEED,FAIL,FREQ_MARGIN,-0.057
1186,LOT_B002,W002,D0002,0.98,2.1,85,131.586,0.5013,6.624,1.831,ATPG_036,SCAN_AT_SPEED,FAIL,FREQ_MARGIN,-0.077
1187,LOT_B002,W002,D0002,0.98,2.12,85,131.513,0.4543,6.741,1.857,ATPG_036,SCAN_AT_SPEED,FAIL,FREQ_MARGIN,-0.097
1188,LOT_B002,W002,D0002,0.98,2.14,85,133.735,0.4384,6.51,1.822,ATPG_058,SCAN_AT_SPEED,FAIL,FREQ_MARGIN,-0.117
1189,LOT_B002,W002,D0002,0.98,2.16,85,135.968,0.4761,6.811,1.848,ATPG_002,SCAN_AT_SPEED,FAIL,FREQ_MARGIN,-0.137
1190,LOT_B002,W002,D0002,0.98,2.18,85,135.445,0.4767,6.482,1.757,ATPG_067,SCAN_AT_SPEED,FAIL,FREQ_MARGIN,-0.157
1191,LOT_B002,W002,D0002,0.98,2.2,85,134.343,0.4709,6.581,1.753,ATPG_057,SCAN_AT_SPEED,FAIL,FREQ_MARGIN,-0.177
1192,LOT_B002,W002,D0002,0.98,2.22,85,133.97,0.4341,6.56,1.789,ATPG_084,SCAN_AT_SPEED,FAIL,FREQ_MARGIN,-0.197
1193,LOT_B002,W002,D0002,0.98,2.24,85,137.006,0.4361,6.888,1.816,ATPG_034,SCAN_AT_SPEED,FAIL,FREQ_MARGIN,-0.217
1194,LOT_B002,W002,D0002,0.98,2.26,85,139.137,0.4663,6.745,1.746,ATPG_061,SCAN_AT_SPEED,FAIL,FREQ_MARGIN,-0.237
1195,LOT_B002,W002,D0002,0.98,2.28,85,137.739,0.412,6.837,1.962,ATPG_030,SCAN_AT_SPEED,FAIL,FREQ_MARGIN,-0.257
1196,LOT_B002,W002,D0002,0.98,2.3,85,140.882,0.442,6.855,1.858,ATPG_075,SCAN_AT_SPEED,FAIL,FREQ_MARGIN,-0.277
1197,LOT_B002,W002,D0002,0.98,2.32,85,137.722,0.4235,6.764,1.793,ATPG_065,SCAN_AT_SPEED,FAIL,FREQ_MARGIN,-0.297
1198,LOT_B002,W002,D0002,0.98,2.34,85,136.917,0.4482,6.805,1.762,ATPG_037,SCAN_AT_SPEED,FAIL,FREQ_MARGIN,-0.317
1199,LOT_B002,W002,D0002,0.98,2.36,85,140.19,0.4369,6.533,1.903,ATPG_010,SCAN_AT_SPEED,FAIL,FREQ_MARGIN,-0.337
1200,LOT_B002,W002,D0002,0.98,2.38,85,146.906,0.4451,6.632,1.815,ATPG_094,SCAN_AT_SPEED,FAIL,FREQ_MARGIN,-0.357
1201,LOT_B002,W002,D0002,1.0,0.8,85,85.147,1.2201,6.887,1.838,ATPG_081,SCAN_AT_SPEED,PASS,NA,1.284
1202,LOT_B002,W002,D0002,1.0,0.82,85,80.964,1.2361,6.666,1.773,ATPG_049,SCAN_AT_SPEED,PASS,NA,1.264
1203,LOT_B002,W002,D0002,1.0,0.84,85,83.552,1.1615,6.37,1.739,ATPG_040,SCAN_AT_SPEED,PASS,NA,1.244
1204,LOT_B002,W002,D0002,1.0,0.86,85,83.769,1.1594,6.631,1.831,ATPG_039,SCAN_AT_SPEED,PASS,NA,1.224
1205,LOT_B002,W002,D0002,1.0,0.88,85,90.051,1.1644,6.629,1.705,ATPG_007,SCAN_AT_SPEED,PASS,NA,1.204
1206,LOT_B002,W002,D0002,1.0,0.9,85,86.733,1.1341,6.779,1.701,ATPG_033,SCAN_AT_SPEED,PASS,NA,1.184
1207,LOT_B002,W002,D0002,1.0,0.92,85,84.831,1.1,6.705,1.701,ATPG_074,SCAN_AT_SPEED,PASS,NA,1.164
1208,LOT_B002,W002,D0002,1.0,0.94,85,87.786,1.0445,6.831,1.959,ATPG_088,SCAN_AT_SPEED,PASS,NA,1.144
1209,LOT_B002,W002,D0002,1.0,0.96,85,85.181,1.0054,6.656,1.726,ATPG_010,SCAN_AT_SPEED,PASS,NA,1.124
1210,LOT_B002,W002,D0002,1.0,0.98,85,90.274,1.0193,6.651,1.879,ATPG_023,SCAN_AT_SPEED,PASS,NA,1.104
1211,LOT_B002,W002,D0002,1.0,1.0,85,88.975,0.9931,6.635,1.734,ATPG_060,SCAN_AT_SPEED,PASS,NA,1.084
1212,LOT_B002,W002,D0002,1.0,1.02,85,92.342,0.9888,7.046,1.747,ATPG_028,SCAN_AT_SPEED,PASS,NA,1.064
1213,LOT_B002,W002,D0002,1.0,1.04,85,93.2,0.9571,6.456,1.866,ATPG_029,SCAN_AT_SPEED,PASS,NA,1.044
1214,LOT_B002,W002,D0002,1.0,1.06,85,90.242,0.9251,7.023,1.962,ATPG_015,SCAN_AT_SPEED,PASS,NA,1.024
1215,LOT_B002,W002,D0002,1.0,1.08,85,94.016,0.9514,6.867,1.791,ATPG_034,SCAN_AT_SPEED,PASS,NA,1.004
1216,LOT_B002,W002,D0002,1.0,1.1,85,94.395,0.8958,6.86,1.778,ATPG_065,SCAN_AT_SPEED,PASS,NA,0.984
1217,LOT_B002,W002,D0002,1.0,1.12,85,94.707,0.8941,6.819,1.717,ATPG_028,SCAN_AT_SPEED,PASS,NA,0.964
1218,LOT_B002,W002,D0002,1.0,1.14,85,93.745,0.9046,6.507,1.861,ATPG_011,SCAN_AT_SPEED,PASS,NA,0.944
1219,LOT_B002,W002,D0002,1.0,1.16,85,97.685,0.8253,6.957,1.795,ATPG_064,SCAN_AT_SPEED,PASS,NA,0.924
1220,LOT_B002,W002,D0002,1.0,1.18,85,95.571,0.8588,7.006,1.853,ATPG_069,SCAN_AT_SPEED,PASS,NA,0.904
1221,LOT_B002,W002,D0002,1.0,1.2,85,98.863,0.8848,6.944,1.993,ATPG_001,SCAN_AT_SPEED,PASS,NA,0.884
1222,LOT_B002,W002,D0002,1.0,1.22,85,94.301,0.8351,6.63,1.718,ATPG_094,SCAN_AT_SPEED,PASS,NA,0.864
1223,LOT_B002,W002,D0002,1.0,1.24,85,100.919,0.8202,6.581,1.727,ATPG_032,SCAN_AT_SPEED,PASS,NA,0.844
1224,LOT_B002,W002,D0002,1.0,1.26,85,100.098,0.7899,6.888,1.809,ATPG_053,SCAN_AT_SPEED,PASS,NA,0.824
1225,LOT_B002,W002,D0002,1.0,1.28,85,103.902,0.7546,6.493,1.88,ATPG_019,SCAN_AT_SPEED,PASS,NA,0.804
1226,LOT_B002,W002,D0002,1.0,1.3,85,97.644,0.7916,6.753,1.816,ATPG_078,SCAN_AT_SPEED,PASS,NA,0.784
1227,LOT_B002,W002,D0002,1.0,1.32,85,104.984,0.7667,6.5,1.89,ATPG_019,SCAN_AT_SPEED,PASS,NA,0.764
1228,LOT_B002,W002,D0002,1.0,1.34,85,103.099,0.7397,6.886,1.944,ATPG_026,SCAN_AT_SPEED,PASS,NA,0.744
1229,LOT_B002,W002,D0002,1.0,1.36,85,100.614,0.7115,6.858,1.873,ATPG_042,SCAN_AT_SPEED,PASS,NA,0.724
1230,LOT_B002,W002,D0002,1.0,1.38,85,104.405,0.6925,6.697,1.92,ATPG_028,SCAN_AT_SPEED,PASS,NA,0.704
1231,LOT_B002,W002,D0002,1.0,1.4,85,107.818,0.6876,6.714,1.757,ATPG_032,SCAN_AT_SPEED,PASS,NA,0.684
1232,LOT_B002,W002,D0002,1.0,1.42,85,106.233,0.7066,7.027,1.701,ATPG_040,SCAN_AT_SPEED,PASS,NA,0.664
1233,LOT_B002,W002,D0002,1.0,1.44,85,106.459,0.6951,6.56,1.838,ATPG_014,SCAN_AT_SPEED,PASS,NA,0.644
1234,LOT_B002,W002,D0002,1.0,1.46,85,106.019,0.6832,7.048,1.927,ATPG_067,SCAN_AT_SPEED,PASS,NA,0.624
1235,LOT_B002,W002,D0002,1.0,1.48,85,106.287,0.6494,6.711,1.716,ATPG_049,SCAN_AT_SPEED,PASS,NA,0.604
1236,LOT_B002,W002,D0002,1.0,1.5,85,111.587,0.6539,6.966,1.813,ATPG_081,SCAN_AT_SPEED,PASS,NA,0.584
1237,LOT_B002,W002,D0002,1.0,1.52,85,111.484,0.6459,6.784,1.788,ATPG_094,SCAN_AT_SPEED,PASS,NA,0.564
1238,LOT_B002,W002,D0002,1.0,1.54,85,110.334,0.6724,6.952,1.859,ATPG_075,SCAN_AT_SPEED,PASS,NA,0.544
1239,LOT_B002,W002,D0002,1.0,1.56,85,112.998,0.6469,6.847,1.963,ATPG_047,SCAN_AT_SPEED,PASS,NA,0.524
1240,LOT_B002,W002,D0002,1.0,1.58,85,112.647,0.6233,6.775,1.895,ATPG_011,SCAN_AT_SPEED,PASS,NA,0.504
1241,LOT_B002,W002,D0002,1.0,1.6,85,115.379,0.6283,6.88,1.748,ATPG_077,SCAN_AT_SPEED,PASS,NA,0.484
1242,LOT_B002,W002,D0002,1.0,1.62,85,119.122,0.6305,6.788,1.795,ATPG_088,SCAN_AT_SPEED,PASS,NA,0.464
1243,LOT_B002,W002,D0002,1.0,1.64,85,111.665,0.6156,6.791,1.902,ATPG_066,SCAN_AT_SPEED,PASS,NA,0.444
1244,LOT_B002,W002,D0002,1.0,1.66,85,116.899,0.5945,6.757,1.965,ATPG_084,SCAN_AT_SPEED,PASS,NA,0.424
1245,LOT_B002,W002,D0002,1.0,1.68,85,118.026,0.5429,6.737,1.702,ATPG_062,SCAN_AT_SPEED,PASS,NA,0.404
1246,LOT_B002,W002,D0002,1.0,1.7,85,115.419,0.6047,6.856,1.824,ATPG_012,SCAN_AT_SPEED,PASS,NA,0.384
1247,LOT_B002,W002,D0002,1.0,1.72,85,118.966,0.5337,6.803,1.986,ATPG_049,SCAN_AT_SPEED,PASS,NA,0.364
1248,LOT_B002,W002,D0002,1.0,1.74,85,121.09,0.5953,6.752,1.907,ATPG_015,SCAN_AT_SPEED,PASS,NA,0.344
1249,LOT_B002,W002,D0002,1.0,1.76,85,123.214,0.54,6.554,1.881,ATPG_094,SCAN_AT_SPEED,PASS,NA,0.324
1250,LOT_B002,W002,D0002,1.0,1.78,85,120.926,0.5169,7.037,1.831,ATPG_046,SCAN_AT_SPEED,PASS,NA,0.304
1251,LOT_B002,W002,D0002,1.0,1.8,85,118.966,0.5633,6.545,1.853,ATPG_095,SCAN_AT_SPEED,PASS,NA,0.284
1252,LOT_B002,W002,D0002,1.0,1.82,85,121.146,0.5663,6.699,1.829,ATPG_033,SCAN_AT_SPEED,PASS,NA,0.264
1253,LOT_B002,W002,D0002,1.0,1.84,85,122.589,0.5504,7.031,1.805,ATPG_089,SCAN_AT_SPEED,PASS,NA,0.244
1254,LOT_B002,W002,D0002,1.0,1.86,85,125.209,0.5548,7.156,1.973,ATPG_003,SCAN_AT_SPEED,PASS,NA,0.224
1255,LOT_B002,W002,D0002,1.0,1.88,85,124.106,0.5103,6.929,1.811,ATPG_049,SCAN_AT_SPEED,PASS,NA,0.204
1256,LOT_B002,W002,D0002,1.0,1.9,85,129.233,0.4963,6.548,1.86,ATPG_083,SCAN_AT_SPEED,PASS,NA,0.184
1257,LOT_B002,W002,D0002,1.0,1.92,85,124.509,0.5518,6.956,1.706,ATPG_076,SCAN_AT_SPEED,PASS,NA,0.164
1258,LOT_B002,W002,D0002,1.0,1.94,85,129.18,0.5133,6.76,1.807,ATPG_016,SCAN_AT_SPEED,PASS,NA,0.144
1259,LOT_B002,W002,D0002,1.0,1.96,85,129.901,0.5263,6.626,1.91,ATPG_052,SCAN_AT_SPEED,PASS,NA,0.124
1260,LOT_B002,W002,D0002,1.0,1.98,85,128.345,0.5049,6.68,1.995,ATPG_055,SCAN_AT_SPEED,PASS,NA,0.104
1261,LOT_B002,W002,D0002,1.0,2.0,85,128.784,0.4858,6.952,1.959,ATPG_033,SCAN_AT_SPEED,PASS,NA,0.084
1262,LOT_B002,W002,D0002,1.0,2.02,85,135.034,0.4616,6.723,1.861,ATPG_062,SCAN_AT_SPEED,PASS,NA,0.064
1263,LOT_B002,W002,D0002,1.0,2.04,85,132.802,0.4825,6.486,1.98,ATPG_084,SCAN_AT_SPEED,PASS,NA,0.044
1264,LOT_B002,W002,D0002,1.0,2.06,85,132.409,0.499,7.002,1.939,ATPG_089,SCAN_AT_SPEED,PASS,NA,0.024
1265,LOT_B002,W002,D0002,1.0,2.08,85,135.31,0.4962,6.789,1.845,ATPG_081,SCAN_AT_SPEED,PASS,NA,0.004
1266,LOT_B002,W002,D0002,1.0,2.1,85,134.098,0.4911,6.671,1.97,ATPG_094,SCAN_AT_SPEED,FAIL,FREQ_MARGIN,-0.016
1267,LOT_B002,W002,D0002,1.0,2.12,85,134.14,0.4616,6.79,1.89,ATPG_058,SCAN_AT_SPEED,FAIL,FREQ_MARGIN,-0.036
1268,LOT_B002,W002,D0002,1.0,2.14,85,132.174,0.4552,6.517,1.977,ATPG_055,SCAN_AT_SPEED,FAIL,FREQ_MARGIN,-0.056
1269,LOT_B002,W002,D0002,1.0,2.16,85,134.44,0.4496,6.404,1.851,ATPG_087,SCAN_AT_SPEED,FAIL,FREQ_MARGIN,-0.076
1270,LOT_B002,W002,D0002,1.0,2.18,85,137.587,0.4792,6.835,1.703,ATPG_065,SCAN_AT_SPEED,FAIL,FREQ_MARGIN,-0.096
1271,LOT_B002,W002,D0002,1.0,2.2,85,137.236,0.4983,7.097,1.706,ATPG_064,SCAN_AT_SPEED,FAIL,FREQ_MARGIN,-0.116
1272,LOT_B002,W002,D0002,1.0,2.22,85,138.333,0.4545,6.434,1.711,ATPG_088,SCAN_AT_SPEED,FAIL,FREQ_MARGIN,-0.136
1273,LOT_B002,W002,D0002,1.0,2.24,85,138.092,0.4689,6.872,1.951,ATPG_027,SCAN_AT_SPEED,FAIL,FREQ_MARGIN,-0.156
1274,LOT_B002,W002,D0002,1.0,2.26,85,136.914,0.4601,6.539,1.99,ATPG_082,SCAN_AT_SPEED,FAIL,FREQ_MARGIN,-0.176
1275,LOT_B002,W002,D0002,1.0,2.28,85,138.313,0.4483,6.933,1.825,ATPG_076,SCAN_AT_SPEED,FAIL,FREQ_MARGIN,-0.196
1276,LOT_B002,W002,D0002,1.0,2.3,85,141.349,0.4312,6.747,1.907,ATPG_030,SCAN_AT_SPEED,FAIL,FREQ_MARGIN,-0.216
1277,LOT_B002,W002,D0002,1.0,2.32,85,144.597,0.4442,6.803,1.972,ATPG_085,SCAN_AT_SPEED,FAIL,FREQ_MARGIN,-0.236
1278,LOT_B002,W002,D0002,1.0,2.34,85,147.133,0.4265,7.096,1.875,ATPG_061,SCAN_AT_SPEED,FAIL,FREQ_MARGIN,-0.256
1279,LOT_B002,W002,D0002,1.0,2.36,85,144.063,0.4315,6.731,1.785,ATPG_090,SCAN_AT_SPEED,FAIL,TIMING,-0.276
1280,LOT_B002,W002,D0002,1.0,2.38,85,144.892,0.4234,7.112,1.702,ATPG_090,SCAN_AT_SPEED,FAIL,TIMING,-0.296
1281,LOT_B002,W002,D0002,1.02,0.8,85,84.998,1.2673,6.785,1.98,ATPG_021,SCAN_AT_SPEED,PASS,NA,1.3817
1282,LOT_B002,W002,D0002,1.02,0.82,85,85.141,1.2031,6.987,1.792,ATPG_035,SCAN_AT_SPEED,PASS,NA,1.3617
1283,LOT_B002,W002,D0002,1.02,0.84,85,84.294,1.2013,6.869,1.947,ATPG_083,SCAN_AT_SPEED,PASS,NA,1.3417
1284,LOT_B002,W002,D0002,1.02,0.86,85,83.24,1.1581,7.134,1.959,ATPG_015,SCAN_AT_SPEED,PASS,NA,1.3217
1285,LOT_B002,W002,D0002,1.02,0.88,85,86.165,1.138,6.898,1.958,ATPG_051,SCAN_AT_SPEED,PASS,NA,1.3017
1286,LOT_B002,W002,D0002,1.02,0.9,85,85.087,1.133,7.12,1.807,ATPG_070,SCAN_AT_SPEED,PASS,NA,1.2817
1287,LOT_B002,W002,D0002,1.02,0.92,85,86.443,1.0867,6.983,1.931,ATPG_024,SCAN_AT_SPEED,PASS,NA,1.2617
1288,LOT_B002,W002,D0002,1.02,0.94,85,85.178,1.0915,6.935,1.931,ATPG_100,SCAN_AT_SPEED,PASS,NA,1.2417
1289,LOT_B002,W002,D0002,1.02,0.96,85,88.273,1.0022,6.419,1.753,ATPG_074,SCAN_AT_SPEED,PASS,NA,1.2217
1290,LOT_B002,W002,D0002,1.02,0.98,85,94.979,1.0076,6.942,1.851,ATPG_089,SCAN_AT_SPEED,PASS,NA,1.2017
1291,LOT_B002,W002,D0002,1.02,1.0,85,96.449,1.0024,6.963,1.779,ATPG_061,SCAN_AT_SPEED,PASS,NA,1.1817
1292,LOT_B002,W002,D0002,1.02,1.02,85,91.318,0.9815,7.035,1.734,ATPG_037,SCAN_AT_SPEED,PASS,NA,1.1617
1293,LOT_B002,W002,D0002,1.02,1.04,85,90.19,0.924,6.916,1.832,ATPG_041,SCAN_AT_SPEED,PASS,NA,1.1417
1294,LOT_B002,W002,D0002,1.02,1.06,85,95.758,0.918,6.833,1.78,ATPG_083,SCAN_AT_SPEED,PASS,NA,1.1217
1295,LOT_B002,W002,D0002,1.02,1.08,85,93.727,0.9358,7.012,1.731,ATPG_040,SCAN_AT_SPEED,PASS,NA,1.1017
1296,LOT_B002,W002,D0002,1.02,1.1,85,95.451,0.8982,6.961,1.791,ATPG_069,SCAN_AT_SPEED,PASS,NA,1.0817
1297,LOT_B002,W002,D0002,1.02,1.12,85,94.943,0.8844,7.057,1.864,ATPG_086,SCAN_AT_SPEED,PASS,NA,1.0617
1298,LOT_B002,W002,D0002,1.02,1.14,85,98.037,0.8893,6.545,1.81,ATPG_046,SCAN_AT_SPEED,PASS,NA,1.0417
1299,LOT_B002,W002,D0002,1.02,1.16,85,96.655,0.8722,6.759,1.926,ATPG_003,SCAN_AT_SPEED,PASS,NA,1.0217
1300,LOT_B002,W002,D0002,1.02,1.18,85,98.318,0.8646,6.726,1.749,ATPG_002,SCAN_AT_SPEED,PASS,NA,1.0017
1301,LOT_B002,W002,D0002,1.02,1.2,85,99.756,0.8281,7.023,1.796,ATPG_004,SCAN_AT_SPEED,PASS,NA,0.9817
1302,LOT_B002,W002,D0002,1.02,1.22,85,98.456,0.8125,7.149,1.798,ATPG_062,SCAN_AT_SPEED,PASS,NA,0.9617
1303,LOT_B002,W002,D0002,1.02,1.24,85,103.071,0.7584,6.869,1.806,ATPG_031,SCAN_AT_SPEED,PASS,NA,0.9417
1304,LOT_B002,W002,D0002,1.02,1.26,85,101.827,0.8238,6.821,1.998,ATPG_069,SCAN_AT_SPEED,PASS,NA,0.9217
1305,LOT_B002,W002,D0002,1.02,1.28,85,101.441,0.7832,6.807,1.742,ATPG_033,SCAN_AT_SPEED,PASS,NA,0.9017
1306,LOT_B002,W002,D0002,1.02,1.3,85,105.647,0.7707,6.955,1.802,ATPG_033,SCAN_AT_SPEED,PASS,NA,0.8817
1307,LOT_B002,W002,D0002,1.02,1.32,85,105.101,0.757,6.684,1.993,ATPG_088,SCAN_AT_SPEED,PASS,NA,0.8617
1308,LOT_B002,W002,D0002,1.02,1.34,85,102.093,0.7177,7.195,1.812,ATPG_049,SCAN_AT_SPEED,PASS,NA,0.8417
1309,LOT_B002,W002,D0002,1.02,1.36,85,107.29,0.7524,6.829,1.937,ATPG_049,SCAN_AT_SPEED,PASS,NA,0.8217
1310,LOT_B002,W002,D0002,1.02,1.38,85,105.916,0.7095,6.701,1.702,ATPG_050,SCAN_AT_SPEED,PASS,NA,0.8017
1311,LOT_B002,W002,D0002,1.02,1.4,85,108.855,0.7538,6.787,1.985,ATPG_024,SCAN_AT_SPEED,PASS,NA,0.7817
1312,LOT_B002,W002,D0002,1.02,1.42,85,109.045,0.6778,6.658,1.944,ATPG_086,SCAN_AT_SPEED,PASS,NA,0.7617
1313,LOT_B002,W002,D0002,1.02,1.44,85,107.872,0.6777,7.073,1.757,ATPG_086,SCAN_AT_SPEED,PASS,NA,0.7417
1314,LOT_B002,W002,D0002,1.02,1.46,85,112.555,0.6855,7.357,1.949,ATPG_046,SCAN_AT_SPEED,PASS,NA,0.7217
1315,LOT_B002,W002,D0002,1.02,1.48,85,108.068,0.6776,6.584,1.836,ATPG_017,SCAN_AT_SPEED,PASS,NA,0.7017
1316,LOT_B002,W002,D0002,1.02,1.5,85,113.393,0.7069,7.072,1.704,ATPG_022,SCAN_AT_SPEED,PASS,NA,0.6817
1317,LOT_B002,W002,D0002,1.02,1.52,85,113.579,0.6613,6.682,1.928,ATPG_080,SCAN_AT_SPEED,PASS,NA,0.6617
1318,LOT_B002,W002,D0002,1.02,1.54,85,113.59,0.6876,7.072,1.955,ATPG_081,SCAN_AT_SPEED,PASS,NA,0.6417
1319,LOT_B002,W002,D0002,1.02,1.56,85,109.3,0.6506,6.791,1.957,ATPG_017,SCAN_AT_SPEED,PASS,NA,0.6217
1320,LOT_B002,W002,D0002,1.02,1.58,85,116.67,0.6373,7.221,1.736,ATPG_075,SCAN_AT_SPEED,PASS,NA,0.6017
1321,LOT_B002,W002,D0002,1.02,1.6,85,113.596,0.6387,6.446,1.877,ATPG_088,SCAN_AT_SPEED,PASS,NA,0.5817
1322,LOT_B002,W002,D0002,1.02,1.62,85,116.136,0.6284,7.333,1.874,ATPG_009,SCAN_AT_SPEED,PASS,NA,0.5617
1323,LOT_B002,W002,D0002,1.02,1.64,85,117.814,0.6035,7.046,1.707,ATPG_075,SCAN_AT_SPEED,PASS,NA,0.5417
1324,LOT_B002,W002,D0002,1.02,1.66,85,117.51,0.6056,6.94,1.783,ATPG_007,SCAN_AT_SPEED,PASS,NA,0.5217
1325,LOT_B002,W002,D0002,1.02,1.68,85,121.268,0.6116,6.712,1.72,ATPG_080,SCAN_AT_SPEED,PASS,NA,0.5017
1326,LOT_B002,W002,D0002,1.02,1.7,85,119.15,0.6414,6.696,1.854,ATPG_095,SCAN_AT_SPEED,PASS,NA,0.4817
1327,LOT_B002,W002,D0002,1.02,1.72,85,120.452,0.6187,6.642,1.834,ATPG_003,SCAN_AT_SPEED,PASS,NA,0.4617
1328,LOT_B002,W002,D0002,1.02,1.74,85,117.132,0.5906,6.965,1.79,ATPG_076,SCAN_AT_SPEED,PASS,NA,0.4417
1329,LOT_B002,W002,D0002,1.02,1.76,85,122.627,0.5502,6.987,1.833,ATPG_044,SCAN_AT_SPEED,PASS,NA,0.4217
1330,LOT_B002,W002,D0002,1.02,1.78,85,119.861,0.5173,6.573,1.73,ATPG_068,SCAN_AT_SPEED,PASS,NA,0.4017
1331,LOT_B002,W002,D0002,1.02,1.8,85,122.404,0.5695,6.738,1.755,ATPG_067,SCAN_AT_SPEED,PASS,NA,0.3817
1332,LOT_B002,W002,D0002,1.02,1.82,85,123.939,0.5345,6.977,1.738,ATPG_058,SCAN_AT_SPEED,PASS,NA,0.3617
1333,LOT_B002,W002,D0002,1.02,1.84,85,123.218,0.568,6.661,1.912,ATPG_090,SCAN_AT_SPEED,PASS,NA,0.3417
1334,LOT_B002,W002,D0002,1.02,1.86,85,124.592,0.5291,7.035,1.968,ATPG_085,SCAN_AT_SPEED,PASS,NA,0.3217
1335,LOT_B002,W002,D0002,1.02,1.88,85,127.643,0.5727,6.927,1.728,ATPG_099,SCAN_AT_SPEED,PASS,NA,0.3017
1336,LOT_B002,W002,D0002,1.02,1.9,85,128.212,0.5477,7.149,1.95,ATPG_060,SCAN_AT_SPEED,PASS,NA,0.2817
1337,LOT_B002,W002,D0002,1.02,1.92,85,128.67,0.5425,6.619,1.945,ATPG_051,SCAN_AT_SPEED,PASS,NA,0.2617
1338,LOT_B002,W002,D0002,1.02,1.94,85,132.543,0.5111,7.074,1.729,ATPG_070,SCAN_AT_SPEED,PASS,NA,0.2417
1339,LOT_B002,W002,D0002,1.02,1.96,85,130.007,0.4882,6.896,1.849,ATPG_052,SCAN_AT_SPEED,PASS,NA,0.2217
1340,LOT_B002,W002,D0002,1.02,1.98,85,131.83,0.5136,6.864,1.751,ATPG_096,SCAN_AT_SPEED,PASS,NA,0.2017
1341,LOT_B002,W002,D0002,1.02,2.0,85,133.192,0.478,7.062,1.863,ATPG_060,SCAN_AT_SPEED,PASS,NA,0.1817
1342,LOT_B002,W002,D0002,1.02,2.02,85,131.131,0.4725,7.07,1.965,ATPG_034,SCAN_AT_SPEED,PASS,NA,0.1617
1343,LOT_B002,W002,D0002,1.02,2.04,85,134.894,0.4723,6.984,1.946,ATPG_033,SCAN_AT_SPEED,PASS,NA,0.1417
1344,LOT_B002,W002,D0002,1.02,2.06,85,135.54,0.4823,6.797,1.852,ATPG_042,SCAN_AT_SPEED,PASS,NA,0.1217
1345,LOT_B002,W002,D0002,1.02,2.08,85,133.792,0.4985,7.07,1.782,ATPG_051,SCAN_AT_SPEED,PASS,NA,0.1017
1346,LOT_B002,W002,D0002,1.02,2.1,85,133.038,0.4762,7.087,1.952,ATPG_073,SCAN_AT_SPEED,PASS,NA,0.0817
1347,LOT_B002,W002,D0002,1.02,2.12,85,133.407,0.495,6.813,1.821,ATPG_085,SCAN_AT_SPEED,PASS,NA,0.0617
1348,LOT_B002,W002,D0002,1.02,2.14,85,138.686,0.4586,6.857,1.925,ATPG_009,SCAN_AT_SPEED,PASS,NA,0.0417
1349,LOT_B002,W002,D0002,1.02,2.16,85,141.009,0.4524,7.074,1.911,ATPG_093,SCAN_AT_SPEED,PASS,NA,0.0217
1350,LOT_B002,W002,D0002,1.02,2.18,85,138.988,0.4607,7.488,1.777,ATPG_051,SCAN_AT_SPEED,PASS,NA,0.0017
1351,LOT_B002,W002,D0002,1.02,2.2,85,142.074,0.4249,7.015,1.946,ATPG_097,SCAN_AT_SPEED,FAIL,TIMING,-0.0183
1352,LOT_B002,W002,D0002,1.02,2.22,85,137.928,0.418,6.741,1.95,ATPG_099,SCAN_AT_SPEED,FAIL,TIMING,-0.0383
1353,LOT_B002,W002,D0002,1.02,2.24,85,139.186,0.4034,7.07,1.744,ATPG_057,SCAN_AT_SPEED,FAIL,FREQ_MARGIN,-0.0583
1354,LOT_B002,W002,D0002,1.02,2.26,85,140.763,0.4886,6.601,1.92,ATPG_010,SCAN_AT_SPEED,FAIL,FREQ_MARGIN,-0.0783
1355,LOT_B002,W002,D0002,1.02,2.28,85,142.604,0.4179,6.952,1.903,ATPG_019,SCAN_AT_SPEED,FAIL,FREQ_MARGIN,-0.0983
1356,LOT_B002,W002,D0002,1.02,2.3,85,145.044,0.4131,6.83,1.983,ATPG_008,SCAN_AT_SPEED,FAIL,FREQ_MARGIN,-0.1183
1357,LOT_B002,W002,D0002,1.02,2.32,85,148.884,0.4372,7.041,1.735,ATPG_005,SCAN_AT_SPEED,FAIL,FREQ_MARGIN,-0.1383
1358,LOT_B002,W002,D0002,1.02,2.34,85,144.522,0.4426,7.168,1.791,ATPG_083,SCAN_AT_SPEED,FAIL,FREQ_MARGIN,-0.1583
1359,LOT_B002,W002,D0002,1.02,2.36,85,144.539,0.399,6.994,1.971,ATPG_083,SCAN_AT_SPEED,FAIL,FREQ_MARGIN,-0.1783
1360,LOT_B002,W002,D0002,1.02,2.38,85,147.573,0.4286,6.979,1.942,ATPG_018,SCAN_AT_SPEED,FAIL,FREQ_MARGIN,-0.1983
1361,LOT_B002,W002,D0002,1.03,0.8,85,81.076,1.2457,6.893,1.774,ATPG_078,SCAN_AT_SPEED,PASS,NA,1.4155
1362,LOT_B002,W002,D0002,1.03,0.82,85,85.458,1.2224,6.908,1.978,ATPG_052,SCAN_AT_SPEED,PASS,NA,1.3955
1363,LOT_B002,W002,D0002,1.03,0.84,85,86.807,1.1669,6.965,1.907,ATPG_091,SCAN_AT_SPEED,PASS,NA,1.3755
1364,LOT_B002,W002,D0002,1.03,0.86,85,85.885,1.1689,7.161,1.832,ATPG_086,SCAN_AT_SPEED,PASS,NA,1.3555
1365,LOT_B002,W002,D0002,1.03,0.88,85,86.634,1.1371,6.812,1.966,ATPG_050,SCAN_AT_SPEED,PASS,NA,1.3355
1366,LOT_B002,W002,D0002,1.03,0.9,85,85.925,1.1134,6.939,1.798,ATPG_069,SCAN_AT_SPEED,PASS,NA,1.3155
1367,LOT_B002,W002,D0002,1.03,0.92,85,83.973,1.0543,6.885,1.749,ATPG_061,SCAN_AT_SPEED,PASS,NA,1.2955
1368,LOT_B002,W002,D0002,1.03,0.94,85,87.878,1.0652,6.717,1.796,ATPG_081,SCAN_AT_SPEED,PASS,NA,1.2755
1369,LOT_B002,W002,D0002,1.03,0.96,85,89.888,1.0519,7.192,1.757,ATPG_002,SCAN_AT_SPEED,PASS,NA,1.2555
1370,LOT_B002,W002,D0002,1.03,0.98,85,91.409,1.0301,6.852,1.955,ATPG_077,SCAN_AT_SPEED,PASS,NA,1.2355
1371,LOT_B002,W002,D0002,1.03,1.0,85,93.792,0.9552,7.116,1.783,ATPG_087,SCAN_AT_SPEED,PASS,NA,1.2155
1372,LOT_B002,W002,D0002,1.03,1.02,85,92.035,0.9907,7.155,1.825,ATPG_080,SCAN_AT_SPEED,PASS,NA,1.1955
1373,LOT_B002,W002,D0002,1.03,1.04,85,93.53,0.963,7.303,1.855,ATPG_077,SCAN_AT_SPEED,PASS,NA,1.1755
1374,LOT_B002,W002,D0002,1.03,1.06,85,95.723,0.9583,7.01,1.787,ATPG_026,SCAN_AT_SPEED,PASS,NA,1.1555
1375,LOT_B002,W002,D0002,1.03,1.08,85,99.138,0.9078,7.123,1.93,ATPG_001,SCAN_AT_SPEED,PASS,NA,1.1355
1376,LOT_B002,W002,D0002,1.03,1.1,85,95.241,0.8868,7.084,1.916,ATPG_075,SCAN_AT_SPEED,PASS,NA,1.1155
1377,LOT_B002,W002,D0002,1.03,1.12,85,97.297,0.8966,6.701,1.824,ATPG_029,SCAN_AT_SPEED,PASS,NA,1.0955
1378,LOT_B002,W002,D0002,1.03,1.14,85,97.874,0.8869,6.945,1.913,ATPG_090,SCAN_AT_SPEED,PASS,NA,1.0755
1379,LOT_B002,W002,D0002,1.03,1.16,85,99.27,0.8532,7.259,1.709,ATPG_005,SCAN_AT_SPEED,PASS,NA,1.0555
1380,LOT_B002,W002,D0002,1.03,1.18,85,98.331,0.843,7.001,1.705,ATPG_047,SCAN_AT_SPEED,PASS,NA,1.0355
1381,LOT_B002,W002,D0002,1.03,1.2,85,99.25,0.8271,6.936,1.722,ATPG_009,SCAN_AT_SPEED,PASS,NA,1.0155
1382,LOT_B002,W002,D0002,1.03,1.22,85,97.168,0.8036,7.091,1.743,ATPG_037,SCAN_AT_SPEED,PASS,NA,0.9955
1383,LOT_B002,W002,D0002,1.03,1.24,85,101.155,0.8144,7.063,1.742,ATPG_061,SCAN_AT_SPEED,PASS,NA,0.9755
1384,LOT_B002,W002,D0002,1.03,1.26,85,102.403,0.7809,7.34,1.839,ATPG_048,SCAN_AT_SPEED,PASS,NA,0.9555
1385,LOT_B002,W002,D0002,1.03,1.28,85,100.449,0.7859,7.02,1.974,ATPG_060,SCAN_AT_SPEED,PASS,NA,0.9355
1386,LOT_B002,W002,D0002,1.03,1.3,85,102.124,0.8015,7.116,1.749,ATPG_059,SCAN_AT_SPEED,PASS,NA,0.9155
1387,LOT_B002,W002,D0002,1.03,1.32,85,105.404,0.7507,6.857,1.88,ATPG_044,SCAN_AT_SPEED,PASS,NA,0.8955
1388,LOT_B002,W002,D0002,1.03,1.34,85,101.464,0.7417,7.266,1.967,ATPG_025,SCAN_AT_SPEED,PASS,NA,0.8755
1389,LOT_B002,W002,D0002,1.03,1.36,85,107.677,0.7463,6.835,1.968,ATPG_038,SCAN_AT_SPEED,PASS,NA,0.8555
1390,LOT_B002,W002,D0002,1.03,1.38,85,106.168,0.7288,6.85,1.817,ATPG_080,SCAN_AT_SPEED,PASS,NA,0.8355
1391,LOT_B002,W002,D0002,1.03,1.4,85,110.625,0.723,7.031,1.802,ATPG_060,SCAN_AT_SPEED,PASS,NA,0.8155
1392,LOT_B002,W002,D0002,1.03,1.42,85,110.506,0.7209,6.802,1.797,ATPG_054,SCAN_AT_SPEED,PASS,NA,0.7955
1393,LOT_B002,W002,D0002,1.03,1.44,85,109.385,0.6378,7.007,1.709,ATPG_035,SCAN_AT_SPEED,PASS,NA,0.7755
1394,LOT_B002,W002,D0002,1.03,1.46,85,112.471,0.7029,6.727,1.788,ATPG_025,SCAN_AT_SPEED,PASS,NA,0.7555
1395,LOT_B002,W002,D0002,1.03,1.48,85,112.157,0.6769,6.959,1.865,ATPG_023,SCAN_AT_SPEED,PASS,NA,0.7355
1396,LOT_B002,W002,D0002,1.03,1.5,85,111.056,0.677,7.026,1.98,ATPG_060,SCAN_AT_SPEED,PASS,NA,0.7155
1397,LOT_B002,W002,D0002,1.03,1.52,85,110.654,0.6746,7.116,1.836,ATPG_099,SCAN_AT_SPEED,PASS,NA,0.6955
1398,LOT_B002,W002,D0002,1.03,1.54,85,112.166,0.6188,6.803,1.997,ATPG_077,SCAN_AT_SPEED,PASS,NA,0.6755
1399,LOT_B002,W002,D0002,1.03,1.56,85,113.393,0.6114,7.131,1.855,ATPG_092,SCAN_AT_SPEED,PASS,NA,0.6555
1400,LOT_B002,W002,D0002,1.03,1.58,85,114.344,0.6507,6.615,1.814,ATPG_002,SCAN_AT_SPEED,PASS,NA,0.6355
1401,LOT_B002,W002,D0002,1.03,1.6,85,116.837,0.6198,7.351,1.818,ATPG_039,SCAN_AT_SPEED,PASS,NA,0.6155
1402,LOT_B002,W002,D0002,1.03,1.62,85,114.142,0.5909,6.926,1.762,ATPG_048,SCAN_AT_SPEED,PASS,NA,0.5955
1403,LOT_B002,W002,D0002,1.03,1.64,85,121.725,0.6076,7.075,1.823,ATPG_038,SCAN_AT_SPEED,PASS,NA,0.5755
1404,LOT_B002,W002,D0002,1.03,1.66,85,120.869,0.6004,6.857,1.839,ATPG_035,SCAN_AT_SPEED,PASS,NA,0.5555
1405,LOT_B002,W002,D0002,1.03,1.68,85,121.462,0.5744,7.08,1.704,ATPG_077,SCAN_AT_SPEED,PASS,NA,0.5355
1406,LOT_B002,W002,D0002,1.03,1.7,85,120.007,0.6031,6.747,1.951,ATPG_094,SCAN_AT_SPEED,PASS,NA,0.5155
1407,LOT_B002,W002,D0002,1.03,1.72,85,115.439,0.5528,6.973,1.741,ATPG_083,SCAN_AT_SPEED,PASS,NA,0.4955
1408,LOT_B002,W002,D0002,1.03,1.74,85,120.735,0.5952,6.708,1.992,ATPG_095,SCAN_AT_SPEED,PASS,NA,0.4755
1409,LOT_B002,W002,D0002,1.03,1.76,85,123.09,0.584,6.994,1.933,ATPG_074,SCAN_AT_SPEED,PASS,NA,0.4555
1410,LOT_B002,W002,D0002,1.03,1.78,85,120.134,0.5991,7.461,1.896,ATPG_007,SCAN_AT_SPEED,PASS,NA,0.4355
1411,LOT_B002,W002,D0002,1.03,1.8,85,123.08,0.5861,6.735,1.728,ATPG_052,SCAN_AT_SPEED,PASS,NA,0.4155
1412,LOT_B002,W002,D0002,1.03,1.82,85,123.943,0.5607,6.902,1.818,ATPG_088,SCAN_AT_SPEED,PASS,NA,0.3955
1413,LOT_B002,W002,D0002,1.03,1.84,85,125.832,0.5382,6.763,1.847,ATPG_062,SCAN_AT_SPEED,PASS,NA,0.3755
1414,LOT_B002,W002,D0002,1.03,1.86,85,129.372,0.5022,6.706,1.822,ATPG_028,SCAN_AT_SPEED,PASS,NA,0.3555
1415,LOT_B002,W002,D0002,1.03,1.88,85,126.006,0.5228,6.828,1.848,ATPG_097,SCAN_AT_SPEED,PASS,NA,0.3355
1416,LOT_B002,W002,D0002,1.03,1.9,85,130.849,0.4789,7.207,1.715,ATPG_056,SCAN_AT_SPEED,PASS,NA,0.3155
1417,LOT_B002,W002,D0002,1.03,1.92,85,131.838,0.4943,7.113,1.893,ATPG_001,SCAN_AT_SPEED,PASS,NA,0.2955
1418,LOT_B002,W002,D0002,1.03,1.94,85,124.736,0.5143,7.09,1.711,ATPG_097,SCAN_AT_SPEED,PASS,NA,0.2755
1419,LOT_B002,W002,D0002,1.03,1.96,85,132.814,0.5156,6.715,1.729,ATPG_051,SCAN_AT_SPEED,PASS,NA,0.2555
1420,LOT_B002,W002,D0002,1.03,1.98,85,129.93,0.5179,7.11,1.879,ATPG_084,SCAN_AT_SPEED,PASS,NA,0.2355
1421,LOT_B002,W002,D0002,1.03,2.0,85,131.261,0.5528,6.931,1.808,ATPG_079,SCAN_AT_SPEED,PASS,NA,0.2155
1422,LOT_B002,W002,D0002,1.03,2.02,85,133.828,0.483,7.019,1.894,ATPG_080,SCAN_AT_SPEED,PASS,NA,0.1955
1423,LOT_B002,W002,D0002,1.03,2.04,85,133.274,0.4971,6.783,1.919,ATPG_041,SCAN_AT_SPEED,PASS,NA,0.1755
1424,LOT_B002,W002,D0002,1.03,2.06,85,132.895,0.5114,6.757,1.751,ATPG_055,SCAN_AT_SPEED,PASS,NA,0.1555
1425,LOT_B002,W002,D0002,1.03,2.08,85,134.495,0.4822,7.031,1.901,ATPG_026,SCAN_AT_SPEED,PASS,NA,0.1355
1426,LOT_B002,W002,D0002,1.03,2.1,85,138.458,0.5054,7.099,1.778,ATPG_092,SCAN_AT_SPEED,PASS,NA,0.1155
1427,LOT_B002,W002,D0002,1.03,2.12,85,142.128,0.4701,6.849,1.969,ATPG_039,SCAN_AT_SPEED,PASS,NA,0.0955
1428,LOT_B002,W002,D0002,1.03,2.14,85,137.256,0.4604,6.962,1.706,ATPG_091,SCAN_AT_SPEED,PASS,NA,0.0755
1429,LOT_B002,W002,D0002,1.03,2.16,85,138.513,0.4573,7.137,1.781,ATPG_043,SCAN_AT_SPEED,PASS,NA,0.0555
1430,LOT_B002,W002,D0002,1.03,2.18,85,139.712,0.4464,6.884,1.906,ATPG_054,SCAN_AT_SPEED,PASS,NA,0.0355
1431,LOT_B002,W002,D0002,1.03,2.2,85,140.287,0.4729,6.612,1.789,ATPG_008,SCAN_AT_SPEED,PASS,NA,0.0155
1432,LOT_B002,W002,D0002,1.03,2.22,85,140.505,0.4702,7.093,1.769,ATPG_008,SCAN_AT_SPEED,FAIL,FREQ_MARGIN,-0.0045
1433,LOT_B002,W002,D0002,1.03,2.24,85,144.568,0.4487,7.416,1.778,ATPG_076,SCAN_AT_SPEED,FAIL,FREQ_MARGIN,-0.0245
1434,LOT_B002,W002,D0002,1.03,2.26,85,143.922,0.465,7.194,1.729,ATPG_087,SCAN_AT_SPEED,FAIL,FREQ_MARGIN,-0.0445
1435,LOT_B002,W002,D0002,1.03,2.28,85,143.519,0.444,6.829,1.717,ATPG_026,SCAN_AT_SPEED,FAIL,FREQ_MARGIN,-0.0645
1436,LOT_B002,W002,D0002,1.03,2.3,85,143.483,0.4191,7.417,1.766,ATPG_078,SCAN_AT_SPEED,FAIL,FREQ_MARGIN,-0.0845
1437,LOT_B002,W002,D0002,1.03,2.32,85,150.233,0.4502,6.897,1.849,ATPG_072,SCAN_AT_SPEED,FAIL,FREQ_MARGIN,-0.1045
1438,LOT_B002,W002,D0002,1.03,2.34,85,146.196,0.3925,7.193,1.836,ATPG_003,SCAN_AT_SPEED,FAIL,FREQ_MARGIN,-0.1245
1439,LOT_B002,W002,D0002,1.03,2.36,85,144.116,0.4307,7.286,1.955,ATPG_046,SCAN_AT_SPEED,FAIL,FREQ_MARGIN,-0.1445
1440,LOT_B002,W002,D0002,1.03,2.38,85,148.604,0.4113,7.141,1.804,ATPG_003,SCAN_AT_SPEED,FAIL,FREQ_MARGIN,-0.1645
1441,LOT_B002,W002,D0002,1.05,0.8,85,87.215,1.2666,7.02,1.841,ATPG_062,SCAN_AT_SPEED,PASS,NA,1.4832
1442,LOT_B002,W002,D0002,1.05,0.82,85,86.387,1.1864,7.269,1.77,ATPG_076,SCAN_AT_SPEED,PASS,NA,1.4632
1443,LOT_B002,W002,D0002,1.05,0.84,85,83.211,1.1823,7.315,1.737,ATPG_089,SCAN_AT_SPEED,PASS,NA,1.4432
1444,LOT_B002,W002,D0002,1.05,0.86,85,81.966,1.2057,7.097,1.831,ATPG_004,SCAN_AT_SPEED,PASS,NA,1.4232
1445,LOT_B002,W002,D0002,1.05,0.88,85,83.87,1.1398,7.075,1.799,ATPG_034,SCAN_AT_SPEED,PASS,NA,1.4032
1446,LOT_B002,W002,D0002,1.05,0.9,85,89.049,1.0749,6.859,1.846,ATPG_041,SCAN_AT_SPEED,PASS,NA,1.3832
1447,LOT_B002,W002,D0002,1.05,0.92,85,91.005,1.0746,7.391,1.922,ATPG_087,SCAN_AT_SPEED,PASS,NA,1.3632
1448,LOT_B002,W002,D0002,1.05,0.94,85,91.718,1.0604,7.399,1.876,ATPG_073,SCAN_AT_SPEED,PASS,NA,1.3432
1449,LOT_B002,W002,D0002,1.05,0.96,85,92.517,1.0254,7.064,1.974,ATPG_006,SCAN_AT_SPEED,PASS,NA,1.3232
1450,LOT_B002,W002,D0002,1.05,0.98,85,90.647,1.0456,6.877,1.996,ATPG_074,SCAN_AT_SPEED,PASS,NA,1.3032
1451,LOT_B002,W002,D0002,1.05,1.0,85,92.674,0.9975,7.243,1.973,ATPG_014,SCAN_AT_SPEED,PASS,NA,1.2832
1452,LOT_B002,W002,D0002,1.05,1.02,85,92.791,0.9972,6.86,1.85,ATPG_010,SCAN_AT_SPEED,PASS,NA,1.2632
1453,LOT_B002,W002,D0002,1.05,1.04,85,95.19,0.9573,6.731,1.922,ATPG_016,SCAN_AT_SPEED,PASS,NA,1.2432
1454,LOT_B002,W002,D0002,1.05,1.06,85,93.183,0.9067,7.039,1.889,ATPG_073,SCAN_AT_SPEED,PASS,NA,1.2232
1455,LOT_B002,W002,D0002,1.05,1.08,85,95.881,0.9197,6.994,1.779,ATPG_011,SCAN_AT_SPEED,PASS,NA,1.2032
1456,LOT_B002,W002,D0002,1.05,1.1,85,96.244,0.9443,7.042,1.843,ATPG_061,SCAN_AT_SPEED,PASS,NA,1.1832
1457,LOT_B002,W002,D0002,1.05,1.12,85,100.902,0.8965,7.057,1.819,ATPG_052,SCAN_AT_SPEED,PASS,NA,1.1632
1458,LOT_B002,W002,D0002,1.05,1.14,85,96.225,0.8727,7.474,1.821,ATPG_009,SCAN_AT_SPEED,PASS,NA,1.1432
1459,LOT_B002,W002,D0002,1.05,1.16,85,100.717,0.8593,7.243,1.707,ATPG_010,SCAN_AT_SPEED,PASS,NA,1.1232
1460,LOT_B002,W002,D0002,1.05,1.18,85,101.587,0.8213,7.004,1.902,ATPG_063,SCAN_AT_SPEED,PASS,NA,1.1032
1461,LOT_B002,W002,D0002,1.05,1.2,85,99.045,0.8435,7.034,1.914,ATPG_004,SCAN_AT_SPEED,PASS,NA,1.0832
1462,LOT_B002,W002,D0002,1.05,1.22,85,101.987,0.805,6.987,1.847,ATPG_036,SCAN_AT_SPEED,PASS,NA,1.0632
1463,LOT_B002,W002,D0002,1.05,1.24,85,107.395,0.8307,7.451,1.76,ATPG_041,SCAN_AT_SPEED,PASS,NA,1.0432
1464,LOT_B002,W002,D0002,1.05,1.26,85,104.833,0.7742,6.865,1.919,ATPG_019,SCAN_AT_SPEED,PASS,NA,1.0232
1465,LOT_B002,W002,D0002,1.05,1.28,85,102.196,0.758,7.01,1.997,ATPG_085,SCAN_AT_SPEED,PASS,NA,1.0032
1466,LOT_B002,W002,D0002,1.05,1.3,85,103.38,0.7774,6.926,1.736,ATPG_071,SCAN_AT_SPEED,PASS,NA,0.9832
1467,LOT_B002,W002,D0002,1.05,1.32,85,103.905,0.7375,6.843,1.903,ATPG_090,SCAN_AT_SPEED,PASS,NA,0.9632
1468,LOT_B002,W002,D0002,1.05,1.34,85,107.558,0.7745,7.504,1.831,ATPG_029,SCAN_AT_SPEED,PASS,NA,0.9432
1469,LOT_B002,W002,D0002,1.05,1.36,85,106.145,0.7284,7.114,1.747,ATPG_001,SCAN_AT_SPEED,PASS,NA,0.9232
1470,LOT_B002,W002,D0002,1.05,1.38,85,108.536,0.7084,7.243,1.907,ATPG_084,SCAN_AT_SPEED,PASS,NA,0.9032
1471,LOT_B002,W002,D0002,1.05,1.4,85,108.25,0.7176,7.206,1.941,ATPG_012,SCAN_AT_SPEED,PASS,NA,0.8832
1472,LOT_B002,W002,D0002,1.05,1.42,85,111.026,0.6865,6.739,1.877,ATPG_034,SCAN_AT_SPEED,PASS,NA,0.8632
1473,LOT_B002,W002,D0002,1.05,1.44,85,109.815,0.7006,6.742,1.733,ATPG_006,SCAN_AT_SPEED,PASS,NA,0.8432
1474,LOT_B002,W002,D0002,1.05,1.46,85,114.962,0.6957,7.23,1.746,ATPG_096,SCAN_AT_SPEED,PASS,NA,0.8232
1475,LOT_B002,W002,D0002,1.05,1.48,85,114.606,0.6503,7.381,1.919,ATPG_081,SCAN_AT_SPEED,PASS,NA,0.8032
1476,LOT_B002,W002,D0002,1.05,1.5,85,115.455,0.6754,6.902,1.974,ATPG_062,SCAN_AT_SPEED,PASS,NA,0.7832
1477,LOT_B002,W002,D0002,1.05,1.52,85,111.1,0.6695,7.265,1.915,ATPG_052,SCAN_AT_SPEED,PASS,NA,0.7632
1478,LOT_B002,W002,D0002,1.05,1.54,85,116.811,0.6747,7.093,1.726,ATPG_036,SCAN_AT_SPEED,PASS,NA,0.7432
1479,LOT_B002,W002,D0002,1.05,1.56,85,116.503,0.6399,7.33,1.71,ATPG_031,SCAN_AT_SPEED,PASS,NA,0.7232
1480,LOT_B002,W002,D0002,1.05,1.58,85,118.971,0.6121,6.828,1.732,ATPG_083,SCAN_AT_SPEED,PASS,NA,0.7032
1481,LOT_B002,W002,D0002,1.05,1.6,85,119.785,0.634,6.942,1.71,ATPG_071,SCAN_AT_SPEED,PASS,NA,0.6832
1482,LOT_B002,W002,D0002,1.05,1.62,85,117.344,0.6099,7.129,1.876,ATPG_017,SCAN_AT_SPEED,PASS,NA,0.6632
1483,LOT_B002,W002,D0002,1.05,1.64,85,120.494,0.6158,7.283,1.834,ATPG_011,SCAN_AT_SPEED,PASS,NA,0.6432
1484,LOT_B002,W002,D0002,1.05,1.66,85,118.822,0.614,7.185,1.952,ATPG_020,SCAN_AT_SPEED,PASS,NA,0.6232
1485,LOT_B002,W002,D0002,1.05,1.68,85,119.238,0.5979,7.156,1.762,ATPG_099,SCAN_AT_SPEED,PASS,NA,0.6032
1486,LOT_B002,W002,D0002,1.05,1.7,85,120.029,0.5692,7.308,1.712,ATPG_045,SCAN_AT_SPEED,PASS,NA,0.5832
1487,LOT_B002,W002,D0002,1.05,1.72,85,123.632,0.5945,7.293,1.885,ATPG_044,SCAN_AT_SPEED,PASS,NA,0.5632
1488,LOT_B002,W002,D0002,1.05,1.74,85,124.972,0.5607,7.218,1.752,ATPG_082,SCAN_AT_SPEED,PASS,NA,0.5432
1489,LOT_B002,W002,D0002,1.05,1.76,85,123.525,0.5679,6.924,1.909,ATPG_063,SCAN_AT_SPEED,PASS,NA,0.5232
1490,LOT_B002,W002,D0002,1.05,1.78,85,128.348,0.5747,7.218,1.911,ATPG_072,SCAN_AT_SPEED,PASS,NA,0.5032
1491,LOT_B002,W002,D0002,1.05,1.8,85,123.44,0.5778,7.122,1.923,ATPG_021,SCAN_AT_SPEED,PASS,NA,0.4832
1492,LOT_B002,W002,D0002,1.05,1.82,85,124.382,0.5096,7.105,1.785,ATPG_070,SCAN_AT_SPEED,PASS,NA,0.4632
1493,LOT_B002,W002,D0002,1.05,1.84,85,129.881,0.5217,6.546,1.936,ATPG_088,SCAN_AT_SPEED,PASS,NA,0.4432
1494,LOT_B002,W002,D0002,1.05,1.86,85,125.53,0.5477,7.188,1.926,ATPG_048,SCAN_AT_SPEED,PASS,NA,0.4232
1495,LOT_B002,W002,D0002,1.05,1.88,85,128.891,0.5396,7.268,1.729,ATPG_047,SCAN_AT_SPEED,PASS,NA,0.4032
1496,LOT_B002,W002,D0002,1.05,1.9,85,130.118,0.5141,7.375,1.785,ATPG_053,SCAN_AT_SPEED,PASS,NA,0.3832
1497,LOT_B002,W002,D0002,1.05,1.92,85,128.624,0.4747,7.579,2.0,ATPG_053,SCAN_AT_SPEED,PASS,NA,0.3632
1498,LOT_B002,W002,D0002,1.05,1.94,85,130.75,0.5364,7.043,1.929,ATPG_024,SCAN_AT_SPEED,PASS,NA,0.3432
1499,LOT_B002,W002,D0002,1.05,1.96,85,126.614,0.5085,7.002,1.843,ATPG_038,SCAN_AT_SPEED,PASS,NA,0.3232
1500,LOT_B002,W002,D0002,1.05,1.98,85,136.1,0.4682,7.02,1.751,ATPG_095,SCAN_AT_SPEED,PASS,NA,0.3032
1501,LOT_B002,W002,D0002,1.05,2.0,85,136.656,0.5,6.895,1.802,ATPG_027,SCAN_AT_SPEED,PASS,NA,0.2832
1502,LOT_B002,W002,D0002,1.05,2.02,85,135.824,0.4861,6.945,1.847,ATPG_077,SCAN_AT_SPEED,PASS,NA,0.2632
1503,LOT_B002,W002,D0002,1.05,2.04,85,136.984,0.5107,6.933,1.841,ATPG_044,SCAN_AT_SPEED,PASS,NA,0.2432
1504,LOT_B002,W002,D0002,1.05,2.06,85,135.077,0.4879,7.254,1.807,ATPG_007,SCAN_AT_SPEED,PASS,NA,0.2232
1505,LOT_B002,W002,D0002,1.05,2.08,85,135.982,0.4807,7.298,1.875,ATPG_093,SCAN_AT_SPEED,PASS,NA,0.2032
1506,LOT_B002,W002,D0002,1.05,2.1,85,140.285,0.4713,7.054,1.72,ATPG_090,SCAN_AT_SPEED,PASS,NA,0.1832
1507,LOT_B002,W002,D0002,1.05,2.12,85,141.291,0.478,6.719,1.999,ATPG_038,SCAN_AT_SPEED,PASS,NA,0.1632
1508,LOT_B002,W002,D0002,1.05,2.14,85,137.7,0.4976,7.116,1.745,ATPG_035,SCAN_AT_SPEED,PASS,NA,0.1432
1509,LOT_B002,W002,D0002,1.05,2.16,85,141.541,0.4537,7.595,1.972,ATPG_069,SCAN_AT_SPEED,PASS,NA,0.1232
1510,LOT_B002,W002,D0002,1.05,2.18,85,140.773,0.4435,6.992,1.76,ATPG_070,SCAN_AT_SPEED,PASS,NA,0.1032
1511,LOT_B002,W002,D0002,1.05,2.2,85,141.613,0.4527,6.603,1.758,ATPG_011,SCAN_AT_SPEED,PASS,NA,0.0832
1512,LOT_B002,W002,D0002,1.05,2.22,85,143.309,0.4189,7.121,1.762,ATPG_100,SCAN_AT_SPEED,PASS,NA,0.0632
1513,LOT_B002,W002,D0002,1.05,2.24,85,142.897,0.4399,6.896,1.907,ATPG_092,SCAN_AT_SPEED,PASS,NA,0.0432
1514,LOT_B002,W002,D0002,1.05,2.26,85,143.302,0.4479,6.956,1.919,ATPG_046,SCAN_AT_SPEED,PASS,NA,0.0232
1515,LOT_B002,W002,D0002,1.05,2.28,85,147.348,0.4693,6.89,1.987,ATPG_013,SCAN_AT_SPEED,PASS,NA,0.0032
1516,LOT_B002,W002,D0002,1.05,2.3,85,148.304,0.4388,7.367,1.892,ATPG_008,SCAN_AT_SPEED,FAIL,FREQ_MARGIN,-0.0168
1517,LOT_B002,W002,D0002,1.05,2.32,85,150.64,0.3998,7.326,1.989,ATPG_094,SCAN_AT_SPEED,FAIL,FREQ_MARGIN,-0.0368
1518,LOT_B002,W002,D0002,1.05,2.34,85,147.386,0.4295,6.798,1.911,ATPG_055,SCAN_AT_SPEED,FAIL,FREQ_MARGIN,-0.0568
1519,LOT_B002,W002,D0002,1.05,2.36,85,148.932,0.4324,7.039,1.818,ATPG_090,SCAN_AT_SPEED,FAIL,TIMING,-0.0768
1520,LOT_B002,W002,D0002,1.05,2.38,85,151.832,0.4208,7.3,1.769,ATPG_045,SCAN_AT_SPEED,FAIL,FREQ_MARGIN,-0.0968
1521,LOT_B002,W002,D0002,1.07,0.8,85,83.43,1.2338,7.429,1.742,ATPG_076,SCAN_AT_SPEED,PASS,NA,1.5535
1522,LOT_B002,W002,D0002,1.07,0.82,85,81.419,1.184,7.143,1.793,ATPG_065,SCAN_AT_SPEED,PASS,NA,1.5335
1523,LOT_B002,W002,D0002,1.07,0.84,85,86.38,1.2108,7.399,1.735,ATPG_054,SCAN_AT_SPEED,PASS,NA,1.5135
1524,LOT_B002,W002,D0002,1.07,0.86,85,88.159,1.1721,7.241,1.756,ATPG_060,SCAN_AT_SPEED,PASS,NA,1.4935
1525,LOT_B002,W002,D0002,1.07,0.88,85,89.932,1.1264,7.258,1.779,ATPG_050,SCAN_AT_SPEED,PASS,NA,1.4735
1526,LOT_B002,W002,D0002,1.07,0.9,85,83.337,1.1348,7.256,1.827,ATPG_015,SCAN_AT_SPEED,PASS,NA,1.4535
1527,LOT_B002,W002,D0002,1.07,0.92,85,87.875,1.1254,7.35,1.859,ATPG_085,SCAN_AT_SPEED,PASS,NA,1.4335
1528,LOT_B002,W002,D0002,1.07,0.94,85,89.991,1.0924,7.503,1.973,ATPG_021,SCAN_AT_SPEED,PASS,NA,1.4135
1529,LOT_B002,W002,D0002,1.07,0.96,85,93.957,1.0024,7.345,1.741,ATPG_035,SCAN_AT_SPEED,PASS,NA,1.3935
1530,LOT_B002,W002,D0002,1.07,0.98,85,92.866,1.031,7.496,1.738,ATPG_068,SCAN_AT_SPEED,PASS,NA,1.3735
1531,LOT_B002,W002,D0002,1.07,1.0,85,90.672,1.0282,7.621,1.812,ATPG_088,SCAN_AT_SPEED,PASS,NA,1.3535
1532,LOT_B002,W002,D0002,1.07,1.02,85,93.783,0.9879,7.265,1.72,ATPG_012,SCAN_AT_SPEED,PASS,NA,1.3335
1533,LOT_B002,W002,D0002,1.07,1.04,85,97.875,0.9645,7.112,1.932,ATPG_015,SCAN_AT_SPEED,PASS,NA,1.3135
1534,LOT_B002,W002,D0002,1.07,1.06,85,94.007,0.9794,7.112,1.99,ATPG_093,SCAN_AT_SPEED,PASS,NA,1.2935
1535,LOT_B002,W002,D0002,1.07,1.08,85,96.144,0.9424,7.496,1.97,ATPG_057,SCAN_AT_SPEED,PASS,NA,1.2735
1536,LOT_B002,W002,D0002,1.07,1.1,85,97.245,0.9047,7.034,1.76,ATPG_075,SCAN_AT_SPEED,PASS,NA,1.2535
1537,LOT_B002,W002,D0002,1.07,1.12,85,100.311,0.8736,7.033,1.748,ATPG_067,SCAN_AT_SPEED,PASS,NA,1.2335
1538,LOT_B002,W002,D0002,1.07,1.14,85,97.396,0.8845,7.236,1.839,ATPG_003,SCAN_AT_SPEED,PASS,NA,1.2135
1539,LOT_B002,W002,D0002,1.07,1.16,85,100.39,0.8657,7.191,1.793,ATPG_063,SCAN_AT_SPEED,PASS,NA,1.1935
1540,LOT_B002,W002,D0002,1.07,1.18,85,103.34,0.8472,7.288,1.972,ATPG_028,SCAN_AT_SPEED,PASS,NA,1.1735
1541,LOT_B002,W002,D0002,1.07,1.2,85,100.994,0.8664,7.169,1.947,ATPG_059,SCAN_AT_SPEED,PASS,NA,1.1535
1542,LOT_B002,W002,D0002,1.07,1.22,85,102.178,0.7963,6.845,1.906,ATPG_072,SCAN_AT_SPEED,PASS,NA,1.1335
1543,LOT_B002,W002,D0002,1.07,1.24,85,104.816,0.8229,7.353,1.998,ATPG_056,SCAN_AT_SPEED,PASS,NA,1.1135
1544,LOT_B002,W002,D0002,1.07,1.26,85,103.6,0.8102,7.245,1.994,ATPG_058,SCAN_AT_SPEED,PASS,NA,1.0935
1545,LOT_B002,W002,D0002,1.07,1.28,85,104.805,0.7508,7.021,1.959,ATPG_026,SCAN_AT_SPEED,PASS,NA,1.0735
1546,LOT_B002,W002,D0002,1.07,1.3,85,107.068,0.7932,7.512,1.766,ATPG_072,SCAN_AT_SPEED,PASS,NA,1.0535
1547,LOT_B002,W002,D0002,1.07,1.32,85,107.294,0.7624,7.296,1.984,ATPG_033,SCAN_AT_SPEED,PASS,NA,1.0335
1548,LOT_B002,W002,D0002,1.07,1.34,85,110.028,0.7777,7.596,1.948,ATPG_091,SCAN_AT_SPEED,PASS,NA,1.0135
1549,LOT_B002,W002,D0002,1.07,1.36,85,110.765,0.7313,6.839,1.792,ATPG_077,SCAN_AT_SPEED,PASS,NA,0.9935
1550,LOT_B002,W002,D0002,1.07,1.38,85,115.028,0.7149,7.34,1.764,ATPG_048,SCAN_AT_SPEED,PASS,NA,0.9735
1551,LOT_B002,W002,D0002,1.07,1.4,85,107.905,0.695,7.288,1.969,ATPG_011,SCAN_AT_SPEED,PASS,NA,0.9535
1552,LOT_B002,W002,D0002,1.07,1.42,85,105.348,0.6746,6.896,1.711,ATPG_090,SCAN_AT_SPEED,PASS,NA,0.9335
1553,LOT_B002,W002,D0002,1.07,1.44,85,112.594,0.6958,7.083,1.864,ATPG_008,SCAN_AT_SPEED,PASS,NA,0.9135
1554,LOT_B002,W002,D0002,1.07,1.46,85,109.438,0.6762,7.254,1.743,ATPG_067,SCAN_AT_SPEED,PASS,NA,0.8935
1555,LOT_B002,W002,D0002,1.07,1.48,85,112.726,0.7077,7.074,1.825,ATPG_028,SCAN_AT_SPEED,PASS,NA,0.8735
1556,LOT_B002,W002,D0002,1.07,1.5,85,112.39,0.6643,7.272,1.756,ATPG_022,SCAN_AT_SPEED,PASS,NA,0.8535
1557,LOT_B002,W002,D0002,1.07,1.52,85,112.814,0.6829,6.822,1.935,ATPG_044,SCAN_AT_SPEED,PASS,NA,0.8335
1558,LOT_B002,W002,D0002,1.07,1.54,85,112.969,0.6148,7.295,1.923,ATPG_097,SCAN_AT_SPEED,PASS,NA,0.8135
1559,LOT_B002,W002,D0002,1.07,1.56,85,114.601,0.643,7.421,1.915,ATPG_079,SCAN_AT_SPEED,PASS,NA,0.7935
1560,LOT_B002,W002,D0002,1.07,1.58,85,122.16,0.6293,7.478,1.954,ATPG_048,SCAN_AT_SPEED,PASS,NA,0.7735
1561,LOT_B002,W002,D0002,1.07,1.6,85,120.792,0.6276,7.499,1.95,ATPG_033,SCAN_AT_SPEED,PASS,NA,0.7535
1562,LOT_B002,W002,D0002,1.07,1.62,85,119.471,0.6082,7.018,1.807,ATPG_051,SCAN_AT_SPEED,PASS,NA,0.7335
1563,LOT_B002,W002,D0002,1.07,1.64,85,117.905,0.6107,7.239,1.993,ATPG_060,SCAN_AT_SPEED,PASS,NA,0.7135
1564,LOT_B002,W002,D0002,1.07,1.66,85,123.844,0.6066,7.279,1.724,ATPG_073,SCAN_AT_SPEED,PASS,NA,0.6935
1565,LOT_B002,W002,D0002,1.07,1.68,85,118.527,0.5852,7.171,1.77,ATPG_008,SCAN_AT_SPEED,PASS,NA,0.6735
1566,LOT_B002,W002,D0002,1.07,1.7,85,121.201,0.6588,7.491,1.745,ATPG_061,SCAN_AT_SPEED,PASS,NA,0.6535
1567,LOT_B002,W002,D0002,1.07,1.72,85,125.144,0.6016,7.282,1.759,ATPG_067,SCAN_AT_SPEED,PASS,NA,0.6335
1568,LOT_B002,W002,D0002,1.07,1.74,85,126.168,0.5855,7.206,1.798,ATPG_081,SCAN_AT_SPEED,PASS,NA,0.6135
1569,LOT_B002,W002,D0002,1.07,1.76,85,128.468,0.5711,7.179,1.776,ATPG_025,SCAN_AT_SPEED,PASS,NA,0.5935
1570,LOT_B002,W002,D0002,1.07,1.78,85,125.81,0.5648,7.148,1.708,ATPG_026,SCAN_AT_SPEED,PASS,NA,0.5735
1571,LOT_B002,W002,D0002,1.07,1.8,85,124.712,0.5384,7.217,1.867,ATPG_085,SCAN_AT_SPEED,PASS,NA,0.5535
1572,LOT_B002,W002,D0002,1.07,1.82,85,126.115,0.5558,7.658,1.802,ATPG_012,SCAN_AT_SPEED,PASS,NA,0.5335
1573,LOT_B002,W002,D0002,1.07,1.84,85,130.219,0.5255,7.144,1.957,ATPG_005,SCAN_AT_SPEED,PASS,NA,0.5135
1574,LOT_B002,W002,D0002,1.07,1.86,85,128.795,0.5135,7.242,1.836,ATPG_026,SCAN_AT_SPEED,PASS,NA,0.4935
1575,LOT_B002,W002,D0002,1.07,1.88,85,133.966,0.5371,7.282,1.969,ATPG_023,SCAN_AT_SPEED,PASS,NA,0.4735
1576,LOT_B002,W002,D0002,1.07,1.9,85,130.058,0.5297,7.754,1.807,ATPG_017,SCAN_AT_SPEED,PASS,NA,0.4535
1577,LOT_B002,W002,D0002,1.07,1.92,85,130.109,0.4992,7.234,1.843,ATPG_020,SCAN_AT_SPEED,PASS,NA,0.4335
1578,LOT_B002,W002,D0002,1.07,1.94,85,133.071,0.5135,6.863,1.744,ATPG_083,SCAN_AT_SPEED,PASS,NA,0.4135
1579,LOT_B002,W002,D0002,1.07,1.96,85,133.314,0.5052,7.519,1.821,ATPG_072,SCAN_AT_SPEED,PASS,NA,0.3935
1580,LOT_B002,W002,D0002,1.07,1.98,85,134.108,0.497,7.309,1.788,ATPG_027,SCAN_AT_SPEED,PASS,NA,0.3735
1581,LOT_B002,W002,D0002,1.07,2.0,85,132.012,0.4632,7.505,1.725,ATPG_020,SCAN_AT_SPEED,PASS,NA,0.3535
1582,LOT_B002,W002,D0002,1.07,2.02,85,138.252,0.5034,7.139,1.825,ATPG_086,SCAN_AT_SPEED,PASS,NA,0.3335
1583,LOT_B002,W002,D0002,1.07,2.04,85,135.274,0.4737,6.967,1.823,ATPG_032,SCAN_AT_SPEED,PASS,NA,0.3135
1584,LOT_B002,W002,D0002,1.07,2.06,85,135.665,0.5071,7.04,1.788,ATPG_027,SCAN_AT_SPEED,PASS,NA,0.2935
1585,LOT_B002,W002,D0002,1.07,2.08,85,137.787,0.4914,7.526,1.703,ATPG_030,SCAN_AT_SPEED,PASS,NA,0.2735
1586,LOT_B002,W002,D0002,1.07,2.1,85,136.307,0.4869,7.327,1.832,ATPG_066,SCAN_AT_SPEED,PASS,NA,0.2535
1587,LOT_B002,W002,D0002,1.07,2.12,85,140.82,0.4484,7.145,1.976,ATPG_021,SCAN_AT_SPEED,PASS,NA,0.2335
1588,LOT_B002,W002,D0002,1.07,2.14,85,141.57,0.4596,7.23,1.719,ATPG_078,SCAN_AT_SPEED,PASS,NA,0.2135
1589,LOT_B002,W002,D0002,1.07,2.16,85,142.228,0.4757,7.099,1.935,ATPG_092,SCAN_AT_SPEED,PASS,NA,0.1935
1590,LOT_B002,W002,D0002,1.07,2.18,85,142.315,0.4692,7.445,1.76,ATPG_046,SCAN_AT_SPEED,PASS,NA,0.1735
1591,LOT_B002,W002,D0002,1.07,2.2,85,141.529,0.449,7.55,1.812,ATPG_028,SCAN_AT_SPEED,PASS,NA,0.1535
1592,LOT_B002,W002,D0002,1.07,2.22,85,143.673,0.4639,6.872,1.702,ATPG_013,SCAN_AT_SPEED,PASS,NA,0.1335
1593,LOT_B002,W002,D0002,1.07,2.24,85,143.729,0.4408,7.513,1.95,ATPG_006,SCAN_AT_SPEED,PASS,NA,0.1135
1594,LOT_B002,W002,D0002,1.07,2.26,85,145.73,0.4586,7.195,1.88,ATPG_095,SCAN_AT_SPEED,PASS,NA,0.0935
1595,LOT_B002,W002,D0002,1.07,2.28,85,149.154,0.4529,6.933,1.934,ATPG_063,SCAN_AT_SPEED,PASS,NA,0.0735
1596,LOT_B002,W002,D0002,1.07,2.3,85,147.973,0.3908,7.39,1.962,ATPG_084,SCAN_AT_SPEED,PASS,NA,0.0535
1597,LOT_B002,W002,D0002,1.07,2.32,85,151.037,0.4398,7.706,1.765,ATPG_029,SCAN_AT_SPEED,PASS,NA,0.0335
1598,LOT_B002,W002,D0002,1.07,2.34,85,150.803,0.4405,7.587,1.733,ATPG_095,SCAN_AT_SPEED,PASS,NA,0.0135
1599,LOT_B002,W002,D0002,1.07,2.36,85,151.223,0.4171,7.202,1.878,ATPG_089,SCAN_AT_SPEED,FAIL,FREQ_MARGIN,-0.0065
1600,LOT_B002,W002,D0002,1.07,2.38,85,152.5,0.4261,7.51,1.807,ATPG_087,SCAN_AT_SPEED,FAIL,FREQ_MARGIN,-0.0265
1601,LOT_B002,W002,D0002,1.08,0.8,85,82.704,1.2456,7.329,1.744,ATPG_098,SCAN_AT_SPEED,PASS,NA,1.5981
1602,LOT_B002,W002,D0002,1.08,0.82,85,82.281,1.1738,7.175,1.959,ATPG_052,SCAN_AT_SPEED,PASS,NA,1.5781
1603,LOT_B002,W002,D0002,1.08,0.84,85,84.723,1.2065,7.241,1.765,ATPG_022,SCAN_AT_SPEED,PASS,NA,1.5581
1604,LOT_B002,W002,D0002,1.08,0.86,85,83.893,1.1246,7.473,1.797,ATPG_005,SCAN_AT_SPEED,PASS,NA,1.5381
1605,LOT_B002,W002,D0002,1.08,0.88,85,89.555,1.1426,7.075,1.802,ATPG_042,SCAN_AT_SPEED,PASS,NA,1.5181
1606,LOT_B002,W002,D0002,1.08,0.9,85,83.309,1.1117,7.581,1.898,ATPG_015,SCAN_AT_SPEED,PASS,NA,1.4981
1607,LOT_B002,W002,D0002,1.08,0.92,85,89.228,1.0897,7.091,1.828,ATPG_085,SCAN_AT_SPEED,PASS,NA,1.4781
1608,LOT_B002,W002,D0002,1.08,0.94,85,91.08,1.0561,7.174,1.829,ATPG_087,SCAN_AT_SPEED,PASS,NA,1.4581
1609,LOT_B002,W002,D0002,1.08,0.96,85,91.06,1.0628,7.635,1.812,ATPG_100,SCAN_AT_SPEED,PASS,NA,1.4381
1610,LOT_B002,W002,D0002,1.08,0.98,85,93.8,1.0364,7.613,1.703,ATPG_045,SCAN_AT_SPEED,PASS,NA,1.4181
1611,LOT_B002,W002,D0002,1.08,1.0,85,97.32,0.9969,7.473,1.945,ATPG_095,SCAN_AT_SPEED,PASS,NA,1.3981
1612,LOT_B002,W002,D0002,1.08,1.02,85,98.3,0.9926,7.239,1.887,ATPG_017,SCAN_AT_SPEED,PASS,NA,1.3781
1613,LOT_B002,W002,D0002,1.08,1.04,85,98.677,0.9627,7.109,1.993,ATPG_063,SCAN_AT_SPEED,PASS,NA,1.3581
1614,LOT_B002,W002,D0002,1.08,1.06,85,94.604,0.96,7.378,1.868,ATPG_013,SCAN_AT_SPEED,PASS,NA,1.3381
1615,LOT_B002,W002,D0002,1.08,1.08,85,97.552,0.9153,7.769,1.974,ATPG_020,SCAN_AT_SPEED,PASS,NA,1.3181
1616,LOT_B002,W002,D0002,1.08,1.1,85,98.673,0.8772,7.629,1.905,ATPG_027,SCAN_AT_SPEED,PASS,NA,1.2981
1617,LOT_B002,W002,D0002,1.08,1.12,85,99.899,0.9146,7.353,1.792,ATPG_019,SCAN_AT_SPEED,PASS,NA,1.2781
1618,LOT_B002,W002,D0002,1.08,1.14,85,99.292,0.8672,7.579,1.738,ATPG_042,SCAN_AT_SPEED,PASS,NA,1.2581
1619,LOT_B002,W002,D0002,1.08,1.16,85,102.439,0.8431,7.625,1.809,ATPG_071,SCAN_AT_SPEED,PASS,NA,1.2381
1620,LOT_B002,W002,D0002,1.08,1.18,85,101.012,0.8742,7.278,1.911,ATPG_009,SCAN_AT_SPEED,PASS,NA,1.2181
1621,LOT_B002,W002,D0002,1.08,1.2,85,98.09,0.8258,7.269,1.795,ATPG_012,SCAN_AT_SPEED,PASS,NA,1.1981
1622,LOT_B002,W002,D0002,1.08,1.22,85,99.078,0.8171,7.033,1.855,ATPG_022,SCAN_AT_SPEED,PASS,NA,1.1781
1623,LOT_B002,W002,D0002,1.08,1.24,85,107.782,0.8189,7.366,1.946,ATPG_092,SCAN_AT_SPEED,PASS,NA,1.1581
1624,LOT_B002,W002,D0002,1.08,1.26,85,105.473,0.7734,7.328,1.874,ATPG_055,SCAN_AT_SPEED,PASS,NA,1.1381
1625,LOT_B002,W002,D0002,1.08,1.28,85,107.392,0.7918,7.444,1.818,ATPG_015,SCAN_AT_SPEED,PASS,NA,1.1181
1626,LOT_B002,W002,D0002,1.08,1.3,85,107.009,0.7754,7.278,1.809,ATPG_016,SCAN_AT_SPEED,PASS,NA,1.0981
1627,LOT_B002,W002,D0002,1.08,1.32,85,106.703,0.7671,7.424,1.827,ATPG_063,SCAN_AT_SPEED,PASS,NA,1.0781
1628,LOT_B002,W002,D0002,1.08,1.34,85,109.849,0.7501,7.455,1.714,ATPG_086,SCAN_AT_SPEED,PASS,NA,1.0581
1629,LOT_B002,W002,D0002,1.08,1.36,85,112.359,0.7133,7.241,1.841,ATPG_097,SCAN_AT_SPEED,PASS,NA,1.0381
1630,LOT_B002,W002,D0002,1.08,1.38,85,108.061,0.7189,7.594,1.994,ATPG_099,SCAN_AT_SPEED,PASS,NA,1.0181
1631,LOT_B002,W002,D0002,1.08,1.4,85,108.419,0.7054,7.338,1.71,ATPG_096,SCAN_AT_SPEED,PASS,NA,0.9981
1632,LOT_B002,W002,D0002,1.08,1.42,85,115.14,0.7259,7.339,1.787,ATPG_021,SCAN_AT_SPEED,PASS,NA,0.9781
1633,LOT_B002,W002,D0002,1.08,1.44,85,112.285,0.6967,7.673,1.857,ATPG_023,SCAN_AT_SPEED,PASS,NA,0.9581
1634,LOT_B002,W002,D0002,1.08,1.46,85,115.446,0.6766,7.169,1.743,ATPG_095,SCAN_AT_SPEED,PASS,NA,0.9381
1635,LOT_B002,W002,D0002,1.08,1.48,85,112.487,0.6194,7.304,1.78,ATPG_065,SCAN_AT_SPEED,PASS,NA,0.9181
1636,LOT_B002,W002,D0002,1.08,1.5,85,119.815,0.627,7.71,1.843,ATPG_050,SCAN_AT_SPEED,PASS,NA,0.8981
1637,LOT_B002,W002,D0002,1.08,1.52,85,114.777,0.6348,7.701,1.865,ATPG_062,SCAN_AT_SPEED,PASS,NA,0.8781
1638,LOT_B002,W002,D0002,1.08,1.54,85,116.364,0.6643,7.56,1.818,ATPG_047,SCAN_AT_SPEED,PASS,NA,0.8581
1639,LOT_B002,W002,D0002,1.08,1.56,85,117.988,0.6734,7.487,1.907,ATPG_077,SCAN_AT_SPEED,PASS,NA,0.8381
1640,LOT_B002,W002,D0002,1.08,1.58,85,118.539,0.6504,7.696,1.866,ATPG_055,SCAN_AT_SPEED,PASS,NA,0.8181
1641,LOT_B002,W002,D0002,1.08,1.6,85,117.653,0.6225,7.652,1.808,ATPG_026,SCAN_AT_SPEED,PASS,NA,0.7981
1642,LOT_B002,W002,D0002,1.08,1.62,85,124.742,0.5949,7.53,1.852,ATPG_060,SCAN_AT_SPEED,PASS,NA,0.7781
1643,LOT_B002,W002,D0002,1.08,1.64,85,124.553,0.651,7.767,1.849,ATPG_002,SCAN_AT_SPEED,PASS,NA,0.7581
1644,LOT_B002,W002,D0002,1.08,1.66,85,122.686,0.6238,7.582,1.763,ATPG_042,SCAN_AT_SPEED,PASS,NA,0.7381
1645,LOT_B002,W002,D0002,1.08,1.68,85,119.972,0.629,7.154,1.973,ATPG_089,SCAN_AT_SPEED,PASS,NA,0.7181
1646,LOT_B002,W002,D0002,1.08,1.7,85,123.049,0.5879,7.463,1.783,ATPG_018,SCAN_AT_SPEED,PASS,NA,0.6981
1647,LOT_B002,W002,D0002,1.08,1.72,85,121.268,0.5615,7.175,1.781,ATPG_072,SCAN_AT_SPEED,PASS,NA,0.6781
1648,LOT_B002,W002,D0002,1.08,1.74,85,127.91,0.6197,7.691,1.98,ATPG_005,SCAN_AT_SPEED,PASS,NA,0.6581
1649,LOT_B002,W002,D0002,1.08,1.76,85,128.327,0.5667,7.36,1.822,ATPG_013,SCAN_AT_SPEED,PASS,NA,0.6381
1650,LOT_B002,W002,D0002,1.08,1.78,85,129.277,0.5812,7.569,1.7,ATPG_026,SCAN_AT_SPEED,PASS,NA,0.6181
1651,LOT_B002,W002,D0002,1.08,1.8,85,129.632,0.5276,7.867,1.953,ATPG_077,SCAN_AT_SPEED,PASS,NA,0.5981
1652,LOT_B002,W002,D0002,1.08,1.82,85,129.114,0.5511,7.278,1.871,ATPG_006,SCAN_AT_SPEED,PASS,NA,0.5781
1653,LOT_B002,W002,D0002,1.08,1.84,85,129.919,0.5649,7.369,1.821,ATPG_095,SCAN_AT_SPEED,PASS,NA,0.5581
1654,LOT_B002,W002,D0002,1.08,1.86,85,132.391,0.5543,7.492,1.983,ATPG_067,SCAN_AT_SPEED,PASS,NA,0.5381
1655,LOT_B002,W002,D0002,1.08,1.88,85,131.554,0.5496,7.029,1.835,ATPG_013,SCAN_AT_SPEED,PASS,NA,0.5181
1656,LOT_B002,W002,D0002,1.08,1.9,85,132.446,0.492,7.195,1.97,ATPG_070,SCAN_AT_SPEED,PASS,NA,0.4981
1657,LOT_B002,W002,D0002,1.08,1.92,85,133.416,0.5258,8.073,1.835,ATPG_019,SCAN_AT_SPEED,PASS,NA,0.4781
1658,LOT_B002,W002,D0002,1.08,1.94,85,133.46,0.5492,7.705,1.81,ATPG_091,SCAN_AT_SPEED,PASS,NA,0.4581
1659,LOT_B002,W002,D0002,1.08,1.96,85,134.012,0.5334,7.063,1.738,ATPG_006,SCAN_AT_SPEED,PASS,NA,0.4381
1660,LOT_B002,W002,D0002,1.08,1.98,85,135.634,0.4971,7.609,1.834,ATPG_013,SCAN_AT_SPEED,PASS,NA,0.4181
1661,LOT_B002,W002,D0002,1.08,2.0,85,135.313,0.4804,7.237,1.713,ATPG_037,SCAN_AT_SPEED,PASS,NA,0.3981
1662,LOT_B002,W002,D0002,1.08,2.02,85,135.615,0.4807,7.15,1.773,ATPG_023,SCAN_AT_SPEED,PASS,NA,0.3781
1663,LOT_B002,W002,D0002,1.08,2.04,85,140.371,0.4753,7.527,1.83,ATPG_083,SCAN_AT_SPEED,PASS,NA,0.3581
1664,LOT_B002,W002,D0002,1.08,2.06,85,141.291,0.4846,7.46,1.784,ATPG_010,SCAN_AT_SPEED,PASS,NA,0.3381
1665,LOT_B002,W002,D0002,1.08,2.08,85,139.669,0.467,7.149,1.903,ATPG_064,SCAN_AT_SPEED,PASS,NA,0.3181
1666,LOT_B002,W002,D0002,1.08,2.1,85,138.484,0.4576,7.67,1.787,ATPG_007,SCAN_AT_SPEED,PASS,NA,0.2981
1667,LOT_B002,W002,D0002,1.08,2.12,85,144.071,0.4693,7.489,1.916,ATPG_017,SCAN_AT_SPEED,PASS,NA,0.2781
1668,LOT_B002,W002,D0002,1.08,2.14,85,143.397,0.4909,7.503,1.821,ATPG_048,SCAN_AT_SPEED,PASS,NA,0.2581
1669,LOT_B002,W002,D0002,1.08,2.16,85,144.128,0.441,7.856,1.833,ATPG_100,SCAN_AT_SPEED,PASS,NA,0.2381
1670,LOT_B002,W002,D0002,1.08,2.18,85,144.038,0.4414,7.365,1.708,ATPG_057,SCAN_AT_SPEED,PASS,NA,0.2181
1671,LOT_B002,W002,D0002,1.08,2.2,85,145.213,0.4542,7.604,1.852,ATPG_033,SCAN_AT_SPEED,PASS,NA,0.1981
1672,LOT_B002,W002,D0002,1.08,2.22,85,145.079,0.4356,7.241,1.805,ATPG_062,SCAN_AT_SPEED,PASS,NA,0.1781
1673,LOT_B002,W002,D0002,1.08,2.24,85,147.796,0.4273,7.627,1.81,ATPG_037,SCAN_AT_SPEED,PASS,NA,0.1581
1674,LOT_B002,W002,D0002,1.08,2.26,85,147.289,0.4168,7.864,1.885,ATPG_052,SCAN_AT_SPEED,PASS,NA,0.1381
1675,LOT_B002,W002,D0002,1.08,2.28,85,147.016,0.4775,7.123,1.755,ATPG_016,SCAN_AT_SPEED,PASS,NA,0.1181
1676,LOT_B002,W002,D0002,1.08,2.3,85,147.029,0.4361,7.06,1.741,ATPG_081,SCAN_AT_SPEED,PASS,NA,0.0981
1677,LOT_B002,W002,D0002,1.08,2.32,85,152.028,0.442,7.201,1.877,ATPG_005,SCAN_AT_SPEED,PASS,NA,0.0781
1678,LOT_B002,W002,D0002,1.08,2.34,85,155.051,0.4515,7.273,1.929,ATPG_070,SCAN_AT_SPEED,PASS,NA,0.0581
1679,LOT_B002,W002,D0002,1.08,2.36,85,152.243,0.3947,7.483,1.964,ATPG_090,SCAN_AT_SPEED,PASS,NA,0.0381
1680,LOT_B002,W002,D0002,1.08,2.38,85,154.679,0.4139,7.441,1.963,ATPG_057,SCAN_AT_SPEED,PASS,NA,0.0181
1681,LOT_B002,W002,D0002,1.1,0.8,85,87.294,1.3023,7.302,1.754,ATPG_001,SCAN_AT_SPEED,PASS,NA,1.667
1682,LOT_B002,W002,D0002,1.1,0.82,85,86.885,1.2174,7.484,1.864,ATPG_049,SCAN_AT_SPEED,PASS,NA,1.647
1683,LOT_B002,W002,D0002,1.1,0.84,85,85.721,1.256,7.334,1.942,ATPG_085,SCAN_AT_SPEED,PASS,NA,1.627
1684,LOT_B002,W002,D0002,1.1,0.86,85,88.92,1.2046,7.304,1.89,ATPG_032,SCAN_AT_SPEED,PASS,NA,1.607
1685,LOT_B002,W002,D0002,1.1,0.88,85,88.5,1.1209,7.474,1.963,ATPG_042,SCAN_AT_SPEED,PASS,NA,1.587
1686,LOT_B002,W002,D0002,1.1,0.9,85,92.931,1.1137,7.409,1.964,ATPG_100,SCAN_AT_SPEED,PASS,NA,1.567
1687,LOT_B002,W002,D0002,1.1,0.92,85,89.928,1.0996,7.169,2.0,ATPG_080,SCAN_AT_SPEED,PASS,NA,1.547
1688,LOT_B002,W002,D0002,1.1,0.94,85,91.499,1.0488,7.56,1.786,ATPG_087,SCAN_AT_SPEED,PASS,NA,1.527
1689,LOT_B002,W002,D0002,1.1,0.96,85,90.088,0.9936,7.533,1.754,ATPG_027,SCAN_AT_SPEED,PASS,NA,1.507
1690,LOT_B002,W002,D0002,1.1,0.98,85,94.342,1.0312,7.152,1.75,ATPG_003,SCAN_AT_SPEED,PASS,NA,1.487
1691,LOT_B002,W002,D0002,1.1,1.0,85,93.43,1.0026,7.397,1.726,ATPG_086,SCAN_AT_SPEED,PASS,NA,1.467
1692,LOT_B002,W002,D0002,1.1,1.02,85,93.695,0.996,7.743,1.733,ATPG_054,SCAN_AT_SPEED,PASS,NA,1.447
1693,LOT_B002,W002,D0002,1.1,1.04,85,96.317,0.951,7.667,1.95,ATPG_029,SCAN_AT_SPEED,PASS,NA,1.427
1694,LOT_B002,W002,D0002,1.1,1.06,85,97.431,0.9592,7.529,1.875,ATPG_071,SCAN_AT_SPEED,PASS,NA,1.407
1695,LOT_B002,W002,D0002,1.1,1.08,85,96.158,0.9328,7.529,1.806,ATPG_049,SCAN_AT_SPEED,PASS,NA,1.387
1696,LOT_B002,W002,D0002,1.1,1.1,85,98.033,0.888,7.306,1.789,ATPG_057,SCAN_AT_SPEED,PASS,NA,1.367
1697,LOT_B002,W002,D0002,1.1,1.12,85,97.548,0.89,7.612,1.816,ATPG_037,SCAN_AT_SPEED,PASS,NA,1.347
1698,LOT_B002,W002,D0002,1.1,1.14,85,97.828,0.8502,7.387,1.843,ATPG_063,SCAN_AT_SPEED,PASS,NA,1.327
1699,LOT_B002,W002,D0002,1.1,1.16,85,103.559,0.8675,7.918,1.785,ATPG_047,SCAN_AT_SPEED,PASS,NA,1.307
1700,LOT_B002,W002,D0002,1.1,1.18,85,102.331,0.8416,7.578,1.777,ATPG_016,SCAN_AT_SPEED,PASS,NA,1.287
1701,LOT_B002,W002,D0002,1.1,1.2,85,101.718,0.8207,7.691,1.834,ATPG_025,SCAN_AT_SPEED,PASS,NA,1.267
1702,LOT_B002,W002,D0002,1.1,1.22,85,107.638,0.8236,7.061,1.84,ATPG_090,SCAN_AT_SPEED,PASS,NA,1.247
1703,LOT_B002,W002,D0002,1.1,1.24,85,106.267,0.7829,7.175,1.723,ATPG_072,SCAN_AT_SPEED,PASS,NA,1.227
1704,LOT_B002,W002,D0002,1.1,1.26,85,108.745,0.7634,7.676,1.941,ATPG_082,SCAN_AT_SPEED,PASS,NA,1.207
1705,LOT_B002,W002,D0002,1.1,1.28,85,110.861,0.8022,7.521,1.751,ATPG_035,SCAN_AT_SPEED,PASS,NA,1.187
1706,LOT_B002,W002,D0002,1.1,1.3,85,105.165,0.8117,7.407,1.849,ATPG_092,SCAN_AT_SPEED,PASS,NA,1.167
1707,LOT_B002,W002,D0002,1.1,1.32,85,107.949,0.7416,7.352,1.985,ATPG_002,SCAN_AT_SPEED,PASS,NA,1.147
1708,LOT_B002,W002,D0002,1.1,1.34,85,109.415,0.7475,7.636,1.754,ATPG_012,SCAN_AT_SPEED,PASS,NA,1.127
1709,LOT_B002,W002,D0002,1.1,1.36,85,106.777,0.7385,7.668,1.86,ATPG_078,SCAN_AT_SPEED,PASS,NA,1.107
1710,LOT_B002,W002,D0002,1.1,1.38,85,108.281,0.7542,7.695,1.757,ATPG_082,SCAN_AT_SPEED,PASS,NA,1.087
1711,LOT_B002,W002,D0002,1.1,1.4,85,108.913,0.7002,7.681,1.847,ATPG_010,SCAN_AT_SPEED,PASS,NA,1.067
1712,LOT_B002,W002,D0002,1.1,1.42,85,110.858,0.7132,7.546,1.722,ATPG_047,SCAN_AT_SPEED,PASS,NA,1.047
1713,LOT_B002,W002,D0002,1.1,1.44,85,114.161,0.6852,7.504,1.919,ATPG_092,SCAN_AT_SPEED,PASS,NA,1.027
1714,LOT_B002,W002,D0002,1.1,1.46,85,112.113,0.6967,7.473,1.953,ATPG_058,SCAN_AT_SPEED,PASS,NA,1.007
1715,LOT_B002,W002,D0002,1.1,1.48,85,115.239,0.6954,7.456,1.721,ATPG_048,SCAN_AT_SPEED,PASS,NA,0.987
1716,LOT_B002,W002,D0002,1.1,1.5,85,119.29,0.6452,7.405,1.804,ATPG_093,SCAN_AT_SPEED,PASS,NA,0.967
1717,LOT_B002,W002,D0002,1.1,1.52,85,114.046,0.6833,7.151,1.729,ATPG_044,SCAN_AT_SPEED,PASS,NA,0.947
1718,LOT_B002,W002,D0002,1.1,1.54,85,117.378,0.6757,7.788,1.948,ATPG_065,SCAN_AT_SPEED,PASS,NA,0.927
1719,LOT_B002,W002,D0002,1.1,1.56,85,118.754,0.6479,7.153,1.952,ATPG_042,SCAN_AT_SPEED,PASS,NA,0.907
1720,LOT_B002,W002,D0002,1.1,1.58,85,120.039,0.6087,7.666,1.913,ATPG_031,SCAN_AT_SPEED,PASS,NA,0.887
1721,LOT_B002,W002,D0002,1.1,1.6,85,122.11,0.6513,7.563,1.821,ATPG_090,SCAN_AT_SPEED,PASS,NA,0.867
1722,LOT_B002,W002,D0002,1.1,1.62,85,121.249,0.6077,7.428,1.906,ATPG_011,SCAN_AT_SPEED,PASS,NA,0.847
1723,LOT_B002,W002,D0002,1.1,1.64,85,120.584,0.5965,7.608,1.986,ATPG_022,SCAN_AT_SPEED,PASS,NA,0.827
1724,LOT_B002,W002,D0002,1.1,1.66,85,122.086,0.6055,7.282,1.74,ATPG_080,SCAN_AT_SPEED,PASS,NA,0.807
1725,LOT_B002,W002,D0002,1.1,1.68,85,122.496,0.5352,7.484,1.93,ATPG_018,SCAN_AT_SPEED,PASS,NA,0.787
1726,LOT_B002,W002,D0002,1.1,1.7,85,126.233,0.5824,7.212,1.918,ATPG_074,SCAN_AT_SPEED,PASS,NA,0.767
1727,LOT_B002,W002,D0002,1.1,1.72,85,125.595,0.5571,7.039,1.82,ATPG_087,SCAN_AT_SPEED,PASS,NA,0.747
1728,LOT_B002,W002,D0002,1.1,1.74,85,125.085,0.5768,7.806,1.768,ATPG_009,SCAN_AT_SPEED,PASS,NA,0.727
1729,LOT_B002,W002,D0002,1.1,1.76,85,129.57,0.5689,7.418,1.84,ATPG_061,SCAN_AT_SPEED,PASS,NA,0.707
1730,LOT_B002,W002,D0002,1.1,1.78,85,128.254,0.5608,7.601,1.955,ATPG_028,SCAN_AT_SPEED,PASS,NA,0.687
1731,LOT_B002,W002,D0002,1.1,1.8,85,127.554,0.5527,7.407,1.784,ATPG_062,SCAN_AT_SPEED,PASS,NA,0.667
1732,LOT_B002,W002,D0002,1.1,1.82,85,131.627,0.5641,7.471,1.869,ATPG_048,SCAN_AT_SPEED,PASS,NA,0.647
1733,LOT_B002,W002,D0002,1.1,1.84,85,132.949,0.5409,7.561,1.747,ATPG_019,SCAN_AT_SPEED,PASS,NA,0.627
1734,LOT_B002,W002,D0002,1.1,1.86,85,130.822,0.523,7.572,1.786,ATPG_066,SCAN_AT_SPEED,PASS,NA,0.607
1735,LOT_B002,W002,D0002,1.1,1.88,85,135.249,0.5201,7.596,1.9,ATPG_067,SCAN_AT_SPEED,PASS,NA,0.587
1736,LOT_B002,W002,D0002,1.1,1.9,85,134.724,0.5072,7.446,1.902,ATPG_066,SCAN_AT_SPEED,PASS,NA,0.567
1737,LOT_B002,W002,D0002,1.1,1.92,85,139.358,0.508,7.677,1.749,ATPG_035,SCAN_AT_SPEED,PASS,NA,0.547
1738,LOT_B002,W002,D0002,1.1,1.94,85,133.548,0.4847,7.532,1.869,ATPG_048,SCAN_AT_SPEED,PASS,NA,0.527
1739,LOT_B002,W002,D0002,1.1,1.96,85,137.305,0.5151,7.282,1.777,ATPG_053,SCAN_AT_SPEED,PASS,NA,0.507
1740,LOT_B002,W002,D0002,1.1,1.98,85,139.718,0.4857,7.653,1.935,ATPG_003,SCAN_AT_SPEED,PASS,NA,0.487
1741,LOT_B002,W002,D0002,1.1,2.0,85,141.961,0.4811,7.543,1.827,ATPG_083,SCAN_AT_SPEED,PASS,NA,0.467
1742,LOT_B002,W002,D0002,1.1,2.02,85,142.61,0.4968,7.097,1.852,ATPG_002,SCAN_AT_SPEED,PASS,NA,0.447
1743,LOT_B002,W002,D0002,1.1,2.04,85,135.028,0.4791,7.306,1.898,ATPG_081,SCAN_AT_SPEED,PASS,NA,0.427
1744,LOT_B002,W002,D0002,1.1,2.06,85,139.997,0.5084,7.462,1.866,ATPG_047,SCAN_AT_SPEED,PASS,NA,0.407
1745,LOT_B002,W002,D0002,1.1,2.08,85,139.491,0.4545,7.523,1.76,ATPG_040,SCAN_AT_SPEED,PASS,NA,0.387
1746,LOT_B002,W002,D0002,1.1,2.1,85,141.513,0.4814,7.635,1.851,ATPG_052,SCAN_AT_SPEED,PASS,NA,0.367
1747,LOT_B002,W002,D0002,1.1,2.12,85,143.272,0.4867,7.502,1.756,ATPG_080,SCAN_AT_SPEED,PASS,NA,0.347
1748,LOT_B002,W002,D0002,1.1,2.14,85,140.13,0.5043,7.314,1.744,ATPG_009,SCAN_AT_SPEED,PASS,NA,0.327
1749,LOT_B002,W002,D0002,1.1,2.16,85,142.04,0.4475,7.509,1.916,ATPG_050,SCAN_AT_SPEED,PASS,NA,0.307
1750,LOT_B002,W002,D0002,1.1,2.18,85,144.855,0.4366,7.522,1.934,ATPG_014,SCAN_AT_SPEED,PASS,NA,0.287
1751,LOT_B002,W002,D0002,1.1,2.2,85,145.8,0.4499,7.619,1.742,ATPG_072,SCAN_AT_SPEED,PASS,NA,0.267
1752,LOT_B002,W002,D0002,1.1,2.22,85,147.288,0.468,7.415,1.952,ATPG_003,SCAN_AT_SPEED,PASS,NA,0.247
1753,LOT_B002,W002,D0002,1.1,2.24,85,151.776,0.4238,7.691,1.906,ATPG_019,SCAN_AT_SPEED,PASS,NA,0.227
1754,LOT_B002,W002,D0002,1.1,2.26,85,151.215,0.4701,7.742,1.979,ATPG_054,SCAN_AT_SPEED,PASS,NA,0.207
1755,LOT_B002,W002,D0002,1.1,2.28,85,148.796,0.4701,7.45,1.766,ATPG_076,SCAN_AT_SPEED,PASS,NA,0.187
1756,LOT_B002,W002,D0002,1.1,2.3,85,151.104,0.4319,7.463,1.721,ATPG_076,SCAN_AT_SPEED,PASS,NA,0.167
1757,LOT_B002,W002,D0002,1.1,2.32,85,153.587,0.4426,7.537,1.928,ATPG_009,SCAN_AT_SPEED,PASS,NA,0.147
1758,LOT_B002,W002,D0002,1.1,2.34,85,150.502,0.3927,7.476,1.947,ATPG_020,SCAN_AT_SPEED,PASS,NA,0.127
1759,LOT_B002,W002,D0002,1.1,2.36,85,153.241,0.4203,7.263,1.861,ATPG_034,SCAN_AT_SPEED,PASS,NA,0.107
1760,LOT_B002,W002,D0002,1.1,2.38,85,157.596,0.3879,7.253,1.909,ATPG_100,SCAN_AT_SPEED,PASS,NA,0.087
1761,LOT_B002,W002,D0002,1.12,0.8,85,87.264,1.2768,7.911,1.71,ATPG_020,SCAN_AT_SPEED,PASS,NA,1.7507
1762,LOT_B002,W002,D0002,1.12,0.82,85,86.047,1.2216,7.665,1.872,ATPG_001,SCAN_AT_SPEED,PASS,NA,1.7307
1763,LOT_B002,W002,D0002,1.12,0.84,85,84.171,1.2002,7.624,1.741,ATPG_001,SCAN_AT_SPEED,PASS,NA,1.7107
1764,LOT_B002,W002,D0002,1.12,0.86,85,87.266,1.1705,7.782,1.868,ATPG_065,SCAN_AT_SPEED,PASS,NA,1.6907
1765,LOT_B002,W002,D0002,1.12,0.88,85,87.804,1.1192,7.448,1.878,ATPG_074,SCAN_AT_SPEED,PASS,NA,1.6707
1766,LOT_B002,W002,D0002,1.12,0.9,85,91.967,1.1247,7.417,1.929,ATPG_043,SCAN_AT_SPEED,PASS,NA,1.6507
1767,LOT_B002,W002,D0002,1.12,0.92,85,90.474,1.0743,7.23,1.806,ATPG_025,SCAN_AT_SPEED,PASS,NA,1.6307
1768,LOT_B002,W002,D0002,1.12,0.94,85,93.487,1.0678,7.746,1.994,ATPG_096,SCAN_AT_SPEED,PASS,NA,1.6107
1769,LOT_B002,W002,D0002,1.12,0.96,85,92.988,1.0072,8.182,1.931,ATPG_051,SCAN_AT_SPEED,PASS,NA,1.5907
1770,LOT_B002,W002,D0002,1.12,0.98,85,95.687,1.0146,7.621,1.919,ATPG_002,SCAN_AT_SPEED,PASS,NA,1.5707
1771,LOT_B002,W002,D0002,1.12,1.0,85,95.688,0.9931,7.905,1.904,ATPG_032,SCAN_AT_SPEED,PASS,NA,1.5507
1772,LOT_B002,W002,D0002,1.12,1.02,85,97.908,1.0046,7.603,1.851,ATPG_060,SCAN_AT_SPEED,PASS,NA,1.5307
1773,LOT_B002,W002,D0002,1.12,1.04,85,93.081,0.9799,7.675,1.921,ATPG_071,SCAN_AT_SPEED,PASS,NA,1.5107
1774,LOT_B002,W002,D0002,1.12,1.06,85,97.372,0.9457,7.888,1.8,ATPG_046,SCAN_AT_SPEED,PASS,NA,1.4907
1775,LOT_B002,W002,D0002,1.12,1.08,85,96.797,0.9008,7.326,1.868,ATPG_070,SCAN_AT_SPEED,PASS,NA,1.4707
1776,LOT_B002,W002,D0002,1.12,1.1,85,100.494,0.8981,7.855,1.855,ATPG_006,SCAN_AT_SPEED,PASS,NA,1.4507
1777,LOT_B002,W002,D0002,1.12,1.12,85,98.505,0.8988,7.419,1.778,ATPG_083,SCAN_AT_SPEED,PASS,NA,1.4307
1778,LOT_B002,W002,D0002,1.12,1.14,85,100.751,0.8858,7.551,1.827,ATPG_087,SCAN_AT_SPEED,PASS,NA,1.4107
1779,LOT_B002,W002,D0002,1.12,1.16,85,105.414,0.8634,7.763,1.765,ATPG_034,SCAN_AT_SPEED,PASS,NA,1.3907
1780,LOT_B002,W002,D0002,1.12,1.18,85,104.306,0.837,7.726,1.789,ATPG_051,SCAN_AT_SPEED,PASS,NA,1.3707
1781,LOT_B002,W002,D0002,1.12,1.2,85,104.766,0.8487,7.788,1.938,ATPG_061,SCAN_AT_SPEED,PASS,NA,1.3507
1782,LOT_B002,W002,D0002,1.12,1.22,85,106.581,0.8185,7.895,1.745,ATPG_077,SCAN_AT_SPEED,PASS,NA,1.3307
1783,LOT_B002,W002,D0002,1.12,1.24,85,105.11,0.8046,7.718,1.973,ATPG_057,SCAN_AT_SPEED,PASS,NA,1.3107
1784,LOT_B002,W002,D0002,1.12,1.26,85,102.734,0.79,7.89,1.745,ATPG_016,SCAN_AT_SPEED,PASS,NA,1.2907
1785,LOT_B002,W002,D0002,1.12,1.28,85,110.598,0.774,7.607,1.709,ATPG_078,SCAN_AT_SPEED,PASS,NA,1.2707
1786,LOT_B002,W002,D0002,1.12,1.3,85,109.556,0.8011,7.583,1.86,ATPG_048,SCAN_AT_SPEED,PASS,NA,1.2507
1787,LOT_B002,W002,D0002,1.12,1.32,85,112.066,0.7774,8.031,1.906,ATPG_099,SCAN_AT_SPEED,PASS,NA,1.2307
1788,LOT_B002,W002,D0002,1.12,1.34,85,109.593,0.7449,7.598,1.903,ATPG_048,SCAN_AT_SPEED,PASS,NA,1.2107
1789,LOT_B002,W002,D0002,1.12,1.36,85,108.963,0.7546,7.768,1.76,ATPG_039,SCAN_AT_SPEED,PASS,NA,1.1907
1790,LOT_B002,W002,D0002,1.12,1.38,85,109.823,0.7005,7.491,1.853,ATPG_032,SCAN_AT_SPEED,PASS,NA,1.1707
1791,LOT_B002,W002,D0002,1.12,1.4,85,110.948,0.7167,7.811,1.859,ATPG_002,SCAN_AT_SPEED,PASS,NA,1.1507
1792,LOT_B002,W002,D0002,1.12,1.42,85,112.243,0.7297,7.56,1.927,ATPG_026,SCAN_AT_SPEED,PASS,NA,1.1307
1793,LOT_B002,W002,D0002,1.12,1.44,85,112.926,0.7087,7.796,1.957,ATPG_037,SCAN_AT_SPEED,PASS,NA,1.1107
1794,LOT_B002,W002,D0002,1.12,1.46,85,121.056,0.6731,7.591,1.925,ATPG_024,SCAN_AT_SPEED,PASS,NA,1.0907
1795,LOT_B002,W002,D0002,1.12,1.48,85,116.958,0.638,7.819,1.949,ATPG_069,SCAN_AT_SPEED,PASS,NA,1.0707
1796,LOT_B002,W002,D0002,1.12,1.5,85,117.022,0.6654,7.524,1.949,ATPG_015,SCAN_AT_SPEED,PASS,NA,1.0507
1797,LOT_B002,W002,D0002,1.12,1.52,85,115.372,0.6637,7.475,1.874,ATPG_031,SCAN_AT_SPEED,PASS,NA,1.0307
1798,LOT_B002,W002,D0002,1.12,1.54,85,120.161,0.6527,7.609,1.797,ATPG_039,SCAN_AT_SPEED,PASS,NA,1.0107
1799,LOT_B002,W002,D0002,1.12,1.56,85,122.008,0.63,7.275,1.841,ATPG_047,SCAN_AT_SPEED,PASS,NA,0.9907
1800,LOT_B002,W002,D0002,1.12,1.58,85,121.693,0.6014,7.508,1.906,ATPG_029,SCAN_AT_SPEED,PASS,NA,0.9707
1801,LOT_B002,W002,D0002,1.12,1.6,85,120.866,0.6147,7.462,1.882,ATPG_096,SCAN_AT_SPEED,PASS,NA,0.9507
1802,LOT_B002,W002,D0002,1.12,1.62,85,125.086,0.6262,7.799,1.919,ATPG_083,SCAN_AT_SPEED,PASS,NA,0.9307
1803,LOT_B002,W002,D0002,1.12,1.64,85,124.072,0.6095,7.559,1.887,ATPG_072,SCAN_AT_SPEED,PASS,NA,0.9107
1804,LOT_B002,W002,D0002,1.12,1.66,85,123.63,0.5874,7.614,1.709,ATPG_056,SCAN_AT_SPEED,PASS,NA,0.8907
1805,LOT_B002,W002,D0002,1.12,1.68,85,124.152,0.5959,7.629,1.71,ATPG_008,SCAN_AT_SPEED,PASS,NA,0.8707
1806,LOT_B002,W002,D0002,1.12,1.7,85,128.781,0.5631,7.896,1.968,ATPG_016,SCAN_AT_SPEED,PASS,NA,0.8507
1807,LOT_B002,W002,D0002,1.12,1.72,85,129.634,0.5886,7.761,1.856,ATPG_097,SCAN_AT_SPEED,PASS,NA,0.8307
1808,LOT_B002,W002,D0002,1.12,1.74,85,127.183,0.6053,7.562,1.886,ATPG_081,SCAN_AT_SPEED,PASS,NA,0.8107
1809,LOT_B002,W002,D0002,1.12,1.76,85,129.522,0.5669,7.615,1.893,ATPG_072,SCAN_AT_SPEED,PASS,NA,0.7907
1810,LOT_B002,W002,D0002,1.12,1.78,85,130.439,0.5833,7.796,1.741,ATPG_080,SCAN_AT_SPEED,PASS,NA,0.7707
1811,LOT_B002,W002,D0002,1.12,1.8,85,124.528,0.5613,7.268,1.777,ATPG_054,SCAN_AT_SPEED,PASS,NA,0.7507
1812,LOT_B002,W002,D0002,1.12,1.82,85,128.648,0.5577,7.751,1.904,ATPG_055,SCAN_AT_SPEED,PASS,NA,0.7307
1813,LOT_B002,W002,D0002,1.12,1.84,85,130.549,0.5488,7.75,1.946,ATPG_013,SCAN_AT_SPEED,PASS,NA,0.7107
1814,LOT_B002,W002,D0002,1.12,1.86,85,134.346,0.5204,7.893,1.833,ATPG_045,SCAN_AT_SPEED,PASS,NA,0.6907
1815,LOT_B002,W002,D0002,1.12,1.88,85,132.917,0.5273,7.741,1.706,ATPG_003,SCAN_AT_SPEED,PASS,NA,0.6707
1816,LOT_B002,W002,D0002,1.12,1.9,85,135.038,0.5281,8.094,1.915,ATPG_060,SCAN_AT_SPEED,PASS,NA,0.6507
1817,LOT_B002,W002,D0002,1.12,1.92,85,135.255,0.5422,7.395,1.804,ATPG_018,SCAN_AT_SPEED,PASS,NA,0.6307
1818,LOT_B002,W002,D0002,1.12,1.94,85,133.767,0.494,7.55,1.86,ATPG_073,SCAN_AT_SPEED,PASS,NA,0.6107
1819,LOT_B002,W002,D0002,1.12,1.96,85,135.976,0.5111,7.699,1.801,ATPG_023,SCAN_AT_SPEED,PASS,NA,0.5907
1820,LOT_B002,W002,D0002,1.12,1.98,85,134.458,0.5444,7.615,1.89,ATPG_054,SCAN_AT_SPEED,PASS,NA,0.5707
1821,LOT_B002,W002,D0002,1.12,2.0,85,140.534,0.5378,7.648,1.728,ATPG_046,SCAN_AT_SPEED,PASS,NA,0.5507
1822,LOT_B002,W002,D0002,1.12,2.02,85,142.861,0.5166,7.824,1.705,ATPG_039,SCAN_AT_SPEED,PASS,NA,0.5307
1823,LOT_B002,W002,D0002,1.12,2.04,85,144.146,0.4859,7.703,1.705,ATPG_013,SCAN_AT_SPEED,PASS,NA,0.5107
1824,LOT_B002,W002,D0002,1.12,2.06,85,139.552,0.4825,7.603,1.737,ATPG_028,SCAN_AT_SPEED,PASS,NA,0.4907
1825,LOT_B002,W002,D0002,1.12,2.08,85,141.285,0.4893,7.885,1.904,ATPG_004,SCAN_AT_SPEED,PASS,NA,0.4707
1826,LOT_B002,W002,D0002,1.12,2.1,85,143.112,0.4922,7.673,1.819,ATPG_031,SCAN_AT_SPEED,PASS,NA,0.4507
1827,LOT_B002,W002,D0002,1.12,2.12,85,144.86,0.496,7.648,1.753,ATPG_093,SCAN_AT_SPEED,PASS,NA,0.4307
1828,LOT_B002,W002,D0002,1.12,2.14,85,145.645,0.4597,7.651,1.769,ATPG_053,SCAN_AT_SPEED,PASS,NA,0.4107
1829,LOT_B002,W002,D0002,1.12,2.16,85,149.458,0.4592,7.451,1.837,ATPG_016,SCAN_AT_SPEED,PASS,NA,0.3907
1830,LOT_B002,W002,D0002,1.12,2.18,85,146.629,0.4738,8.13,1.738,ATPG_093,SCAN_AT_SPEED,PASS,NA,0.3707
1831,LOT_B002,W002,D0002,1.12,2.2,85,148.166,0.4118,7.418,1.962,ATPG_052,SCAN_AT_SPEED,PASS,NA,0.3507
1832,LOT_B002,W002,D0002,1.12,2.22,85,147.172,0.4179,7.674,1.755,ATPG_025,SCAN_AT_SPEED,PASS,NA,0.3307
1833,LOT_B002,W002,D0002,1.12,2.24,85,150.518,0.4549,8.042,1.841,ATPG_053,SCAN_AT_SPEED,PASS,NA,0.3107
1834,LOT_B002,W002,D0002,1.12,2.26,85,153.077,0.3957,7.894,1.813,ATPG_038,SCAN_AT_SPEED,PASS,NA,0.2907
1835,LOT_B002,W002,D0002,1.12,2.28,85,150.913,0.4382,7.902,1.962,ATPG_039,SCAN_AT_SPEED,PASS,NA,0.2707
1836,LOT_B002,W002,D0002,1.12,2.3,85,150.462,0.4351,7.598,1.904,ATPG_095,SCAN_AT_SPEED,PASS,NA,0.2507
1837,LOT_B002,W002,D0002,1.12,2.32,85,153.104,0.4257,7.994,1.996,ATPG_048,SCAN_AT_SPEED,PASS,NA,0.2307
1838,LOT_B002,W002,D0002,1.12,2.34,85,153.574,0.4015,7.521,1.792,ATPG_027,SCAN_AT_SPEED,PASS,NA,0.2107
1839,LOT_B002,W002,D0002,1.12,2.36,85,155.896,0.4405,7.927,1.843,ATPG_069,SCAN_AT_SPEED,PASS,NA,0.1907
1840,LOT_B002,W002,D0002,1.12,2.38,85,156.99,0.4223,7.464,1.887,ATPG_052,SCAN_AT_SPEED,PASS,NA,0.1707
1841,LOT_B002,W002,D0002,1.13,0.8,85,84.397,1.2733,7.757,1.99,ATPG_084,SCAN_AT_SPEED,PASS,NA,1.789
1842,LOT_B002,W002,D0002,1.13,0.82,85,88.915,1.2382,7.806,1.842,ATPG_045,SCAN_AT_SPEED,PASS,NA,1.769
1843,LOT_B002,W002,D0002,1.13,0.84,85,86.731,1.149,7.58,1.958,ATPG_050,SCAN_AT_SPEED,PASS,NA,1.749
1844,LOT_B002,W002,D0002,1.13,0.86,85,89.18,1.1895,7.811,1.932,ATPG_099,SCAN_AT_SPEED,PASS,NA,1.729
1845,LOT_B002,W002,D0002,1.13,0.88,85,89.21,1.1089,7.73,1.852,ATPG_018,SCAN_AT_SPEED,PASS,NA,1.709
1846,LOT_B002,W002,D0002,1.13,0.9,85,89.04,1.1467,7.755,1.739,ATPG_036,SCAN_AT_SPEED,PASS,NA,1.689
1847,LOT_B002,W002,D0002,1.13,0.92,85,92.905,1.0876,7.71,1.85,ATPG_074,SCAN_AT_SPEED,PASS,NA,1.669
1848,LOT_B002,W002,D0002,1.13,0.94,85,92.139,1.0464,7.6,1.791,ATPG_075,SCAN_AT_SPEED,PASS,NA,1.649
1849,LOT_B002,W002,D0002,1.13,0.96,85,94.263,0.9937,7.772,1.793,ATPG_016,SCAN_AT_SPEED,PASS,NA,1.629
1850,LOT_B002,W002,D0002,1.13,0.98,85,92.938,1.0445,7.825,1.934,ATPG_062,SCAN_AT_SPEED,PASS,NA,1.609
1851,LOT_B002,W002,D0002,1.13,1.0,85,99.847,0.991,7.665,1.829,ATPG_058,SCAN_AT_SPEED,PASS,NA,1.589
1852,LOT_B002,W002,D0002,1.13,1.02,85,98.23,0.9765,7.872,1.949,ATPG_058,SCAN_AT_SPEED,PASS,NA,1.569
1853,LOT_B002,W002,D0002,1.13,1.04,85,96.103,0.9776,7.774,1.873,ATPG_077,SCAN_AT_SPEED,PASS,NA,1.549
1854,LOT_B002,W002,D0002,1.13,1.06,85,98.572,0.9553,7.844,1.863,ATPG_066,SCAN_AT_SPEED,PASS,NA,1.529
1855,LOT_B002,W002,D0002,1.13,1.08,85,100.574,0.9223,7.55,1.972,ATPG_092,SCAN_AT_SPEED,PASS,NA,1.509
1856,LOT_B002,W002,D0002,1.13,1.1,85,100.282,0.8953,7.402,1.974,ATPG_090,SCAN_AT_SPEED,PASS,NA,1.489
1857,LOT_B002,W002,D0002,1.13,1.12,85,100.825,0.8566,7.696,1.767,ATPG_048,SCAN_AT_SPEED,PASS,NA,1.469
1858,LOT_B002,W002,D0002,1.13,1.14,85,106.789,0.8503,7.785,1.776,ATPG_033,SCAN_AT_SPEED,PASS,NA,1.449
1859,LOT_B002,W002,D0002,1.13,1.16,85,105.22,0.8503,7.664,1.865,ATPG_078,SCAN_AT_SPEED,PASS,NA,1.429
1860,LOT_B002,W002,D0002,1.13,1.18,85,105.181,0.8808,7.865,1.727,ATPG_018,SCAN_AT_SPEED,PASS,NA,1.409
1861,LOT_B002,W002,D0002,1.13,1.2,85,102.808,0.8634,7.928,1.991,ATPG_002,SCAN_AT_SPEED,PASS,NA,1.389
1862,LOT_B002,W002,D0002,1.13,1.22,85,103.919,0.8253,7.85,1.83,ATPG_057,SCAN_AT_SPEED,PASS,NA,1.369
1863,LOT_B002,W002,D0002,1.13,1.24,85,112.466,0.7935,7.577,1.93,ATPG_088,SCAN_AT_SPEED,PASS,NA,1.349
1864,LOT_B002,W002,D0002,1.13,1.26,85,105.158,0.7914,7.589,1.936,ATPG_025,SCAN_AT_SPEED,PASS,NA,1.329
1865,LOT_B002,W002,D0002,1.13,1.28,85,106.695,0.7935,7.83,1.717,ATPG_026,SCAN_AT_SPEED,PASS,NA,1.309
1866,LOT_B002,W002,D0002,1.13,1.3,85,111.741,0.7605,7.971,1.81,ATPG_035,SCAN_AT_SPEED,PASS,NA,1.289
1867,LOT_B002,W002,D0002,1.13,1.32,85,109.137,0.7587,7.782,1.755,ATPG_038,SCAN_AT_SPEED,PASS,NA,1.269
1868,LOT_B002,W002,D0002,1.13,1.34,85,111.49,0.7704,8.09,1.716,ATPG_003,SCAN_AT_SPEED,PASS,NA,1.249
1869,LOT_B002,W002,D0002,1.13,1.36,85,112.587,0.7489,7.866,1.776,ATPG_004,SCAN_AT_SPEED,PASS,NA,1.229
1870,LOT_B002,W002,D0002,1.13,1.38,85,114.269,0.7265,7.725,1.739,ATPG_043,SCAN_AT_SPEED,PASS,NA,1.209
1871,LOT_B002,W002,D0002,1.13,1.4,85,114.577,0.7139,7.382,1.943,ATPG_085,SCAN_AT_SPEED,PASS,NA,1.189
1872,LOT_B002,W002,D0002,1.13,1.42,85,110.893,0.7055,7.611,1.924,ATPG_021,SCAN_AT_SPEED,PASS,NA,1.169
1873,LOT_B002,W002,D0002,1.13,1.44,85,112.232,0.6656,7.366,1.991,ATPG_041,SCAN_AT_SPEED,PASS,NA,1.149
1874,LOT_B002,W002,D0002,1.13,1.46,85,117.699,0.676,7.659,1.992,ATPG_057,SCAN_AT_SPEED,PASS,NA,1.129
1875,LOT_B002,W002,D0002,1.13,1.48,85,117.444,0.6794,7.996,1.985,ATPG_095,SCAN_AT_SPEED,PASS,NA,1.109
1876,LOT_B002,W002,D0002,1.13,1.5,85,119.959,0.6638,7.799,1.948,ATPG_065,SCAN_AT_SPEED,PASS,NA,1.089
1877,LOT_B002,W002,D0002,1.13,1.52,85,116.555,0.6688,7.666,1.782,ATPG_002,SCAN_AT_SPEED,PASS,NA,1.069
1878,LOT_B002,W002,D0002,1.13,1.54,85,123.894,0.6687,7.409,1.934,ATPG_035,SCAN_AT_SPEED,PASS,NA,1.049
1879,LOT_B002,W002,D0002,1.13,1.56,85,123.011,0.6336,7.583,1.789,ATPG_038,SCAN_AT_SPEED,PASS,NA,1.029
1880,LOT_B002,W002,D0002,1.13,1.58,85,123.499,0.6622,7.599,1.83,ATPG_045,SCAN_AT_SPEED,PASS,NA,1.009
1881,LOT_B002,W002,D0002,1.13,1.6,85,124.928,0.6367,7.53,1.992,ATPG_036,SCAN_AT_SPEED,PASS,NA,0.989
1882,LOT_B002,W002,D0002,1.13,1.62,85,124.085,0.6,7.559,1.884,ATPG_008,SCAN_AT_SPEED,PASS,NA,0.969
1883,LOT_B002,W002,D0002,1.13,1.64,85,124.554,0.6063,7.737,1.776,ATPG_046,SCAN_AT_SPEED,PASS,NA,0.949
1884,LOT_B002,W002,D0002,1.13,1.66,85,127.709,0.6083,7.499,1.827,ATPG_029,SCAN_AT_SPEED,PASS,NA,0.929
1885,LOT_B002,W002,D0002,1.13,1.68,85,126.846,0.5733,7.744,1.808,ATPG_037,SCAN_AT_SPEED,PASS,NA,0.909
1886,LOT_B002,W002,D0002,1.13,1.7,85,123.06,0.5757,7.721,1.887,ATPG_071,SCAN_AT_SPEED,PASS,NA,0.889
1887,LOT_B002,W002,D0002,1.13,1.72,85,127.098,0.571,7.793,1.788,ATPG_046,SCAN_AT_SPEED,PASS,NA,0.869
1888,LOT_B002,W002,D0002,1.13,1.74,85,132.085,0.5747,7.857,1.92,ATPG_028,SCAN_AT_SPEED,PASS,NA,0.849
1889,LOT_B002,W002,D0002,1.13,1.76,85,131.623,0.5716,7.889,1.797,ATPG_097,SCAN_AT_SPEED,PASS,NA,0.829
1890,LOT_B002,W002,D0002,1.13,1.78,85,131.63,0.5768,8.054,1.791,ATPG_042,SCAN_AT_SPEED,PASS,NA,0.809
1891,LOT_B002,W002,D0002,1.13,1.8,85,128.061,0.5761,7.886,1.83,ATPG_098,SCAN_AT_SPEED,PASS,NA,0.789
1892,LOT_B002,W002,D0002,1.13,1.82,85,131.002,0.5532,7.622,1.776,ATPG_055,SCAN_AT_SPEED,PASS,NA,0.769
1893,LOT_B002,W002,D0002,1.13,1.84,85,129.341,0.5835,7.863,1.848,ATPG_025,SCAN_AT_SPEED,PASS,NA,0.749
1894,LOT_B002,W002,D0002,1.13,1.86,85,132.506,0.5412,7.96,1.767,ATPG_056,SCAN_AT_SPEED,PASS,NA,0.729
1895,LOT_B002,W002,D0002,1.13,1.88,85,138.924,0.5282,7.815,1.824,ATPG_028,SCAN_AT_SPEED,PASS,NA,0.709
1896,LOT_B002,W002,D0002,1.13,1.9,85,137.945,0.5481,7.707,1.914,ATPG_082,SCAN_AT_SPEED,PASS,NA,0.689
1897,LOT_B002,W002,D0002,1.13,1.92,85,137.041,0.484,7.621,1.727,ATPG_030,SCAN_AT_SPEED,PASS,NA,0.669
1898,LOT_B002,W002,D0002,1.13,1.94,85,136.121,0.5225,7.985,1.948,ATPG_057,SCAN_AT_SPEED,PASS,NA,0.649
1899,LOT_B002,W002,D0002,1.13,1.96,85,136.368,0.5336,7.505,1.848,ATPG_084,SCAN_AT_SPEED,PASS,NA,0.629
1900,LOT_B002,W002,D0002,1.13,1.98,85,142.514,0.4813,7.694,1.821,ATPG_083,SCAN_AT_SPEED,PASS,NA,0.609
1901,LOT_B002,W002,D0002,1.13,2.0,85,141.097,0.4962,7.565,1.913,ATPG_062,SCAN_AT_SPEED,PASS,NA,0.589
1902,LOT_B002,W002,D0002,1.13,2.02,85,139.978,0.4902,7.707,1.714,ATPG_033,SCAN_AT_SPEED,PASS,NA,0.569
1903,LOT_B002,W002,D0002,1.13,2.04,85,147.482,0.4586,8.037,1.775,ATPG_009,SCAN_AT_SPEED,PASS,NA,0.549
1904,LOT_B002,W002,D0002,1.13,2.06,85,141.312,0.5017,7.644,1.806,ATPG_090,SCAN_AT_SPEED,PASS,NA,0.529
1905,LOT_B002,W002,D0002,1.13,2.08,85,143.26,0.4993,7.399,1.786,ATPG_021,SCAN_AT_SPEED,PASS,NA,0.509
1906,LOT_B002,W002,D0002,1.13,2.1,85,145.716,0.4759,7.757,1.842,ATPG_031,SCAN_AT_SPEED,PASS,NA,0.489
1907,LOT_B002,W002,D0002,1.13,2.12,85,145.308,0.4621,8.141,1.767,ATPG_017,SCAN_AT_SPEED,PASS,NA,0.469
1908,LOT_B002,W002,D0002,1.13,2.14,85,144.904,0.493,7.856,1.823,ATPG_094,SCAN_AT_SPEED,PASS,NA,0.449
1909,LOT_B002,W002,D0002,1.13,2.16,85,146.869,0.4424,7.738,1.904,ATPG_057,SCAN_AT_SPEED,PASS,NA,0.429
1910,LOT_B002,W002,D0002,1.13,2.18,85,147.459,0.4563,7.461,1.763,ATPG_058,SCAN_AT_SPEED,PASS,NA,0.409
1911,LOT_B002,W002,D0002,1.13,2.2,85,149.066,0.4663,7.899,1.961,ATPG_065,SCAN_AT_SPEED,PASS,NA,0.389
1912,LOT_B002,W002,D0002,1.13,2.22,85,148.029,0.4256,7.953,1.967,ATPG_047,SCAN_AT_SPEED,PASS,NA,0.369
1913,LOT_B002,W002,D0002,1.13,2.24,85,150.476,0.4514,7.556,1.979,ATPG_019,SCAN_AT_SPEED,PASS,NA,0.349
1914,LOT_B002,W002,D0002,1.13,2.26,85,147.271,0.4425,7.693,1.733,ATPG_036,SCAN_AT_SPEED,PASS,NA,0.329
1915,LOT_B002,W002,D0002,1.13,2.28,85,155.042,0.4094,7.829,1.857,ATPG_088,SCAN_AT_SPEED,PASS,NA,0.309
1916,LOT_B002,W002,D0002,1.13,2.3,85,154.212,0.4688,7.464,1.791,ATPG_046,SCAN_AT_SPEED,PASS,NA,0.289
1917,LOT_B002,W002,D0002,1.13,2.32,85,155.656,0.4625,7.716,1.925,ATPG_002,SCAN_AT_SPEED,PASS,NA,0.269
1918,LOT_B002,W002,D0002,1.13,2.34,85,155.076,0.4034,7.681,1.846,ATPG_047,SCAN_AT_SPEED,PASS,NA,0.249
1919,LOT_B002,W002,D0002,1.13,2.36,85,157.559,0.4303,7.776,1.871,ATPG_057,SCAN_AT_SPEED,PASS,NA,0.229
1920,LOT_B002,W002,D0002,1.13,2.38,85,158.201,0.3938,7.773,1.782,ATPG_052,SCAN_AT_SPEED,PASS,NA,0.209
1921,LOT_B002,W002,D0002,1.15,0.8,85,87.848,1.2851,7.915,1.914,ATPG_010,SCAN_AT_SPEED,PASS,NA,1.8701
1922,LOT_B002,W002,D0002,1.15,0.82,85,89.354,1.2067,7.692,1.754,ATPG_027,SCAN_AT_SPEED,PASS,NA,1.8501
1923,LOT_B002,W002,D0002,1.15,0.84,85,87.406,1.2222,7.815,1.912,ATPG_043,SCAN_AT_SPEED,PASS,NA,1.8301
1924,LOT_B002,W002,D0002,1.15,0.86,85,88.363,1.1751,7.722,1.774,ATPG_044,SCAN_AT_SPEED,PASS,NA,1.8101
1925,LOT_B002,W002,D0002,1.15,0.88,85,90.415,1.1254,7.628,1.954,ATPG_086,SCAN_AT_SPEED,PASS,NA,1.7901
1926,LOT_B002,W002,D0002,1.15,0.9,85,93.029,1.1154,7.71,1.943,ATPG_088,SCAN_AT_SPEED,PASS,NA,1.7701
1927,LOT_B002,W002,D0002,1.15,0.92,85,91.976,1.0851,7.86,1.811,ATPG_012,SCAN_AT_SPEED,PASS,NA,1.7501
1928,LOT_B002,W002,D0002,1.15,0.94,85,94.571,1.0481,8.337,1.867,ATPG_019,SCAN_AT_SPEED,PASS,NA,1.7301
1929,LOT_B002,W002,D0002,1.15,0.96,85,94.825,1.0497,7.779,1.969,ATPG_091,SCAN_AT_SPEED,PASS,NA,1.7101
1930,LOT_B002,W002,D0002,1.15,0.98,85,96.637,1.0215,7.671,1.966,ATPG_056,SCAN_AT_SPEED,PASS,NA,1.6901
1931,LOT_B002,W002,D0002,1.15,1.0,85,92.853,0.9732,7.571,1.837,ATPG_088,SCAN_AT_SPEED,PASS,NA,1.6701
1932,LOT_B002,W002,D0002,1.15,1.02,85,94.125,0.9891,8.171,1.883,ATPG_033,SCAN_AT_SPEED,PASS,NA,1.6501
1933,LOT_B002,W002,D0002,1.15,1.04,85,99.038,0.9847,7.884,1.935,ATPG_089,SCAN_AT_SPEED,PASS,NA,1.6301
1934,LOT_B002,W002,D0002,1.15,1.06,85,97.443,0.953,7.777,1.769,ATPG_052,SCAN_AT_SPEED,PASS,NA,1.6101
1935,LOT_B002,W002,D0002,1.15,1.08,85,98.526,0.9136,7.941,1.706,ATPG_008,SCAN_AT_SPEED,PASS,NA,1.5901
1936,LOT_B002,W002,D0002,1.15,1.1,85,100.312,0.9082,8.112,1.882,ATPG_060,SCAN_AT_SPEED,PASS,NA,1.5701
1937,LOT_B002,W002,D0002,1.15,1.12,85,100.963,0.9128,7.705,1.926,ATPG_074,SCAN_AT_SPEED,PASS,NA,1.5501
1938,LOT_B002,W002,D0002,1.15,1.14,85,103.582,0.9025,7.751,1.714,ATPG_026,SCAN_AT_SPEED,PASS,NA,1.5301
1939,LOT_B002,W002,D0002,1.15,1.16,85,101.418,0.8445,7.726,1.894,ATPG_053,SCAN_AT_SPEED,PASS,NA,1.5101
1940,LOT_B002,W002,D0002,1.15,1.18,85,103.754,0.8337,7.457,1.909,ATPG_037,SCAN_AT_SPEED,PASS,NA,1.4901
1941,LOT_B002,W002,D0002,1.15,1.2,85,110.065,0.8091,8.072,1.942,ATPG_037,SCAN_AT_SPEED,PASS,NA,1.4701
1942,LOT_B002,W002,D0002,1.15,1.22,85,104.919,0.8197,8.014,1.975,ATPG_020,SCAN_AT_SPEED,PASS,NA,1.4501
1943,LOT_B002,W002,D0002,1.15,1.24,85,108.209,0.7834,8.176,1.89,ATPG_075,SCAN_AT_SPEED,PASS,NA,1.4301
1944,LOT_B002,W002,D0002,1.15,1.26,85,110.258,0.8143,7.771,1.739,ATPG_073,SCAN_AT_SPEED,PASS,NA,1.4101
1945,LOT_B002,W002,D0002,1.15,1.28,85,107.837,0.7975,7.661,1.706,ATPG_065,SCAN_AT_SPEED,PASS,NA,1.3901
1946,LOT_B002,W002,D0002,1.15,1.3,85,109.261,0.7641,7.749,1.812,ATPG_005,SCAN_AT_SPEED,PASS,NA,1.3701
1947,LOT_B002,W002,D0002,1.15,1.32,85,109.708,0.7619,8.198,1.796,ATPG_038,SCAN_AT_SPEED,PASS,NA,1.3501
1948,LOT_B002,W002,D0002,1.15,1.34,85,112.917,0.7529,8.235,1.761,ATPG_025,SCAN_AT_SPEED,PASS,NA,1.3301
1949,LOT_B002,W002,D0002,1.15,1.36,85,113.852,0.7431,7.725,1.822,ATPG_020,SCAN_AT_SPEED,PASS,NA,1.3101
1950,LOT_B002,W002,D0002,1.15,1.38,85,114.261,0.7155,7.749,1.977,ATPG_020,SCAN_AT_SPEED,PASS,NA,1.2901
1951,LOT_B002,W002,D0002,1.15,1.4,85,114.412,0.7251,7.907,1.939,ATPG_041,SCAN_AT_SPEED,PASS,NA,1.2701
1952,LOT_B002,W002,D0002,1.15,1.42,85,117.206,0.6972,7.932,1.956,ATPG_009,SCAN_AT_SPEED,PASS,NA,1.2501
1953,LOT_B002,W002,D0002,1.15,1.44,85,120.537,0.723,7.917,1.865,ATPG_001,SCAN_AT_SPEED,PASS,NA,1.2301
1954,LOT_B002,W002,D0002,1.15,1.46,85,117.694,0.685,8.113,1.812,ATPG_086,SCAN_AT_SPEED,PASS,NA,1.2101
1955,LOT_B002,W002,D0002,1.15,1.48,85,116.733,0.6568,7.871,1.786,ATPG_005,SCAN_AT_SPEED,PASS,NA,1.1901
1956,LOT_B002,W002,D0002,1.15,1.5,85,117.559,0.6749,7.978,1.985,ATPG_005,SCAN_AT_SPEED,PASS,NA,1.1701
1957,LOT_B002,W002,D0002,1.15,1.52,85,122.349,0.6428,7.964,1.83,ATPG_017,SCAN_AT_SPEED,PASS,NA,1.1501
1958,LOT_B002,W002,D0002,1.15,1.54,85,116.328,0.6528,7.982,1.876,ATPG_082,SCAN_AT_SPEED,PASS,NA,1.1301
1959,LOT_B002,W002,D0002,1.15,1.56,85,120.524,0.6586,8.068,1.774,ATPG_076,SCAN_AT_SPEED,PASS,NA,1.1101
1960,LOT_B002,W002,D0002,1.15,1.58,85,123.627,0.6304,7.876,1.867,ATPG_044,SCAN_AT_SPEED,PASS,NA,1.0901
1961,LOT_B002,W002,D0002,1.15,1.6,85,121.988,0.6751,7.964,1.908,ATPG_038,SCAN_AT_SPEED,PASS,NA,1.0701
1962,LOT_B002,W002,D0002,1.15,1.62,85,122.03,0.599,8.031,1.753,ATPG_019,SCAN_AT_SPEED,PASS,NA,1.0501
1963,LOT_B002,W002,D0002,1.15,1.64,85,127.181,0.6307,7.808,1.884,ATPG_098,SCAN_AT_SPEED,PASS,NA,1.0301
1964,LOT_B002,W002,D0002,1.15,1.66,85,126.255,0.6143,7.51,1.861,ATPG_033,SCAN_AT_SPEED,PASS,NA,1.0101
1965,LOT_B002,W002,D0002,1.15,1.68,85,129.414,0.6275,8.12,1.824,ATPG_052,SCAN_AT_SPEED,PASS,NA,0.9901
1966,LOT_B002,W002,D0002,1.15,1.7,85,130.493,0.5656,7.838,1.967,ATPG_087,SCAN_AT_SPEED,PASS,NA,0.9701
1967,LOT_B002,W002,D0002,1.15,1.72,85,130.273,0.6265,8.029,1.718,ATPG_082,SCAN_AT_SPEED,PASS,NA,0.9501
1968,LOT_B002,W002,D0002,1.15,1.74,85,128.992,0.5745,8.325,1.824,ATPG_050,SCAN_AT_SPEED,PASS,NA,0.9301
1969,LOT_B002,W002,D0002,1.15,1.76,85,130.4,0.5515,7.744,1.71,ATPG_035,SCAN_AT_SPEED,PASS,NA,0.9101
1970,LOT_B002,W002,D0002,1.15,1.78,85,133.174,0.5352,7.759,1.971,ATPG_067,SCAN_AT_SPEED,PASS,NA,0.8901
1971,LOT_B002,W002,D0002,1.15,1.8,85,132.223,0.5786,7.883,1.701,ATPG_092,SCAN_AT_SPEED,PASS,NA,0.8701
1972,LOT_B002,W002,D0002,1.15,1.82,85,131.18,0.5267,8.113,1.904,ATPG_053,SCAN_AT_SPEED,PASS,NA,0.8501
1973,LOT_B002,W002,D0002,1.15,1.84,85,132.091,0.5382,8.039,1.995,ATPG_050,SCAN_AT_SPEED,PASS,NA,0.8301
1974,LOT_B002,W002,D0002,1.15,1.86,85,136.579,0.57,7.772,1.867,ATPG_031,SCAN_AT_SPEED,PASS,NA,0.8101
1975,LOT_B002,W002,D0002,1.15,1.88,85,134.939,0.5646,7.682,1.923,ATPG_100,SCAN_AT_SPEED,PASS,NA,0.7901
1976,LOT_B002,W002,D0002,1.15,1.9,85,138.988,0.5211,7.836,1.873,ATPG_066,SCAN_AT_SPEED,PASS,NA,0.7701
1977,LOT_B002,W002,D0002,1.15,1.92,85,137.826,0.5295,7.756,1.817,ATPG_055,SCAN_AT_SPEED,PASS,NA,0.7501
1978,LOT_B002,W002,D0002,1.15,1.94,85,140.8,0.5083,7.661,1.981,ATPG_043,SCAN_AT_SPEED,PASS,NA,0.7301
1979,LOT_B002,W002,D0002,1.15,1.96,85,143.456,0.4895,8.126,1.776,ATPG_052,SCAN_AT_SPEED,PASS,NA,0.7101
1980,LOT_B002,W002,D0002,1.15,1.98,85,137.507,0.5376,8.005,1.972,ATPG_009,SCAN_AT_SPEED,PASS,NA,0.6901
1981,LOT_B002,W002,D0002,1.15,2.0,85,140.289,0.5255,8.125,1.884,ATPG_031,SCAN_AT_SPEED,PASS,NA,0.6701
1982,LOT_B002,W002,D0002,1.15,2.02,85,143.629,0.505,7.656,1.926,ATPG_009,SCAN_AT_SPEED,PASS,NA,0.6501
1983,LOT_B002,W002,D0002,1.15,2.04,85,145.155,0.4581,7.98,1.86,ATPG_037,SCAN_AT_SPEED,PASS,NA,0.6301
1984,LOT_B002,W002,D0002,1.15,2.06,85,145.543,0.4903,8.506,1.742,ATPG_092,SCAN_AT_SPEED,PASS,NA,0.6101
1985,LOT_B002,W002,D0002,1.15,2.08,85,142.684,0.4963,7.968,1.807,ATPG_087,SCAN_AT_SPEED,PASS,NA,0.5901
1986,LOT_B002,W002,D0002,1.15,2.1,85,147.58,0.4611,7.828,1.958,ATPG_020,SCAN_AT_SPEED,PASS,NA,0.5701
1987,LOT_B002,W002,D0002,1.15,2.12,85,142.835,0.4852,7.863,1.986,ATPG_029,SCAN_AT_SPEED,PASS,NA,0.5501
1988,LOT_B002,W002,D0002,1.15,2.14,85,148.726,0.4712,7.818,1.71,ATPG_050,SCAN_AT_SPEED,PASS,NA,0.5301
1989,LOT_B002,W002,D0002,1.15,2.16,85,148.55,0.4394,7.875,1.949,ATPG_068,SCAN_AT_SPEED,PASS,NA,0.5101
1990,LOT_B002,W002,D0002,1.15,2.18,85,147.509,0.4578,7.886,1.726,ATPG_019,SCAN_AT_SPEED,PASS,NA,0.4901
1991,LOT_B002,W002,D0002,1.15,2.2,85,150.675,0.466,7.923,1.776,ATPG_077,SCAN_AT_SPEED,PASS,NA,0.4701
1992,LOT_B002,W002,D0002,1.15,2.22,85,151.478,0.4122,7.999,1.847,ATPG_084,SCAN_AT_SPEED,PASS,NA,0.4501
1993,LOT_B002,W002,D0002,1.15,2.24,85,152.253,0.434,7.996,1.925,ATPG_079,SCAN_AT_SPEED,PASS,NA,0.4301
1994,LOT_B002,W002,D0002,1.15,2.26,85,156.175,0.4554,8.009,1.75,ATPG_096,SCAN_AT_SPEED,PASS,NA,0.4101
1995,LOT_B002,W002,D0002,1.15,2.28,85,155.173,0.4294,7.837,1.782,ATPG_024,SCAN_AT_SPEED,PASS,NA,0.3901
1996,LOT_B002,W002,D0002,1.15,2.3,85,156.081,0.4147,7.812,1.866,ATPG_022,SCAN_AT_SPEED,PASS,NA,0.3701
1997,LOT_B002,W002,D0002,1.15,2.32,85,155.265,0.4456,7.849,1.714,ATPG_021,SCAN_AT_SPEED,PASS,NA,0.3501
1998,LOT_B002,W002,D0002,1.15,2.34,85,160.927,0.4234,7.96,1.852,ATPG_014,SCAN_AT_SPEED,PASS,NA,0.3301
1999,LOT_B002,W002,D0002,1.15,2.36,85,156.195,0.3729,7.644,1.931,ATPG_087,SCAN_AT_SPEED,PASS,NA,0.3101
2000,LOT_B002,W002,D0002,1.15,2.38,85,163.582,0.4182,7.757,1.841,ATPG_019,SCAN_AT_SPEED,PASS,NA,0.2901
